strain	virus	assention	date	region	country
HCoV_229E/Seattle/USA/SC1073/2016	seasonal_corona	KY369913	2016-XX-XX	?	usa
1060_Yamagata_2010	seasonal_corona	LC005741	2010-XX-XX	?	japan
J0304	seasonal_corona	JX503061	2009-XX-XX	?	italy
SWE_10724/04	seasonal_corona	FJ235174	2004-03-XX	?	sweden
PUMCH8425	seasonal_corona	HM130814	2009-04-29	?	china
HCoV_229E/Seattle/USA/SC1143/2016	seasonal_corona	KY369910	2016-XX-XX	?	usa
SWE_10697/04	seasonal_corona	FJ235173	2004-03-XX	?	sweden
PUMCH8373	seasonal_corona	HM130812	2009-04-15	?	china
HCOV/KENYA/006/2009	seasonal_corona	KP112148	2014-07-01	?	kenya
PUMCH7980	seasonal_corona	HM130809	2009-01-06	?	china
PUMCH8348	seasonal_corona	HM130811	2009-04-10	?	china
12MYKL0367	seasonal_corona	KT359758	2012-XX-XX	?	malaysia
HCoV_229E/Seattle/USA/SC579/2016	seasonal_corona	KY369908	2016-XX-XX	?	usa
HCoV_229E/human/GER/1812/2010	seasonal_corona	KT253307	2010-XX-XX	?	germany
PUMCH902	seasonal_corona	HM130805	2005-10-12	?	china
12MYKL0126	seasonal_corona	KT359756	2012-XX-XX	?	malaysia
PUMCH898	seasonal_corona	HM130804	2005-10-12	?	china
HCoV_229E/human/GHA/860/2008	seasonal_corona	KT253314	2008-XX-XX	?	ghana
HCoV_229E/human/GER/645/2010	seasonal_corona	KT253312	2010-XX-XX	?	germany
HCoV_229E/human/HKG/HK_2_26B/2002	seasonal_corona	KT253319	2002-XX-XX	?	hong_kong
Arbial_2019	seasonal_corona	MN086824	2019-02-24	?	iraq
PUMCH746	seasonal_corona	HM130800	2005-09-24	?	china
HCoV_229E/human/GBR/KI/1975	seasonal_corona	KT253300	1975-XX-XX	?	united_kingdom
2981A_2011	seasonal_corona	KM055550	2011-XX-XX	?	china
2861A_2011	seasonal_corona	KM055548	2011-XX-XX	?	china
HCoV_229E/human/GER/373/2011	seasonal_corona	KT253308	2011-XX-XX	?	germany
12MYKL0106	seasonal_corona	KT359755	2012-XX-XX	?	malaysia
12MYKL0335	seasonal_corona	KT359757	2012-XX-XX	?	malaysia
229E	seasonal_corona	KF293666	2011-12-13	?	thailand
HCoV_229E/Seattle/USA/SC9731/2016	seasonal_corona	KY369912	2016-XX-XX	?	usa
TN93_3_40	seasonal_corona	KM077070	?	?	usa
PUMCH857	seasonal_corona	HM130802	2005-10-07	?	china
1827A_2010	seasonal_corona	KM055541	2010-XX-XX	?	china
12MYKL1586	seasonal_corona	KT359765	2012-XX-XX	?	malaysia
693A_2008	seasonal_corona	KM055556	2008-XX-XX	?	china
HCoV_229E/human/GER/1551/2010	seasonal_corona	KT253306	2010-XX-XX	?	germany
8339_2009	seasonal_corona	KM055545	2009-XX-XX	?	china
SWE_37253/06	seasonal_corona	FJ235177	2006-03-XX	?	sweden
8348_2009	seasonal_corona	KM055558	2009-XX-XX	?	china
12MYKL0052	seasonal_corona	KT359754	2012-XX-XX	?	malaysia
HCoV_229E/human/GBR/LP/1963	seasonal_corona	KT253301	1963-XX-XX	?	united_kingdom
hCoV/229E/VFC408/BRA/2007	seasonal_corona	JN251802	2007-XX-XX	?	brazil
1658A_2009	seasonal_corona	KM055536	2009-XX-XX	?	china
HCoV_229E/Seattle/USA/SC1212/2016	seasonal_corona	KY369911	2016-XX-XX	?	usa
SH_8	seasonal_corona	KC294434	2012-XX-XX	?	china
229E/human/USA/933_40/1993	seasonal_corona	KF514433	1993-03-11	?	usa
13MYKL1978	seasonal_corona	KT359751	2013-XX-XX	?	malaysia
2961A_2011	seasonal_corona	KM055549	2011-XX-XX	?	china
HCoV_229E/Seattle/USA/SC379/2016	seasonal_corona	KY621348	2016-XX-XX	?	usa
HCoV_229E/human/GER/1337/2010	seasonal_corona	KT253305	2010-XX-XX	?	germany
HCoV_229E/human/HKG/HK_7_6/2004	seasonal_corona	KT253322	2004-XX-XX	?	hong_kong
HCOV/KENYA/002/2012	seasonal_corona	KP112147	2014-07-01	?	kenya
HCoV_229E/Seattle/USA/SC677/2016	seasonal_corona	KY369909	2016-XX-XX	?	usa
HCoV_229E/human/GHA/997/2008	seasonal_corona	KT253317	2008-XX-XX	?	ghana
423A_2007	seasonal_corona	KM055552	2007-XX-XX	?	china
QPID04_0033	seasonal_corona	JQ732182	2004-07-17	?	australia
12MYKL1616	seasonal_corona	KT359766	2012-XX-XX	?	malaysia
PUMCH873	seasonal_corona	HM130803	2005-10-09	?	china
229E/human/USA/932_72/1993	seasonal_corona	KF514432	1993-02-22	?	usa
1781A_2010	seasonal_corona	KM055539	2010-XX-XX	?	china
HCoV_229E/Seattle/USA/SC2872/2015	seasonal_corona	KY967357	2015-XX-XX	?	usa
756_Yamagata_2010	seasonal_corona	LC005737	2010-XX-XX	?	japan
CU_H2896/2011	seasonal_corona	JX513211	2011-01-13	?	thailand
SH_5	seasonal_corona	KC294431	2012-XX-XX	?	china
8425_2009	seasonal_corona	KM055547	2009-XX-XX	?	china
1667A_2009	seasonal_corona	KM055537	2009-XX-XX	?	china
HCoV_229E/human/GER/53/2008	seasonal_corona	KT253310	2008-XX-XX	?	germany
HCoV_229E/Seattle/USA/SC3112/2015	seasonal_corona	KY983587	2015-XX-XX	?	usa
HCoV_229E/Seattle/USA/SC2282/2017	seasonal_corona	KY684760	2016-XX-XX	?	usa
BJ298	seasonal_corona	KM676092	2014-05-XX	?	china
775_Yamagata_2010	seasonal_corona	LC005738	2010-XX-XX	?	japan
1649A_2009	seasonal_corona	KM055535	2009-XX-XX	?	china
HCoV_229E/Seattle/USA/SC9724/2018	seasonal_corona	MN369046	2018-XX-XX	?	usa
1482A_2009	seasonal_corona	KM055553	2009-XX-XX	?	china
229E/human/USA/892_11/1989	seasonal_corona	KF514429	1989-02-07	?	usa
229E/human/USA/933_50/1993	seasonal_corona	KF514430	1993-03-18	?	usa
12MYKL0051	seasonal_corona	KT359753	2012-XX-XX	?	malaysia
TN93_3_50	seasonal_corona	KM077071	?	?	usa
432A_2007	seasonal_corona	KM055515	2007-XX-XX	?	china
12MYKL0784	seasonal_corona	KT359780	2012-XX-XX	?	malaysia
HCoV_229E/human/HKG/HK_5_10/2002	seasonal_corona	KT253321	2002-XX-XX	?	hong_kong
359A_2007	seasonal_corona	KM055551	2007-XX-XX	?	china
HCoV_229E/human/GER/629/2010	seasonal_corona	KT253311	2010-XX-XX	?	germany
13MYKL1719	seasonal_corona	KT359767	2013-XX-XX	?	malaysia
452_Yamagata_2008	seasonal_corona	LC005736	2008-XX-XX	?	japan
1518A_2009	seasonal_corona	KM055533	2009-XX-XX	?	china
HCoV_229E/human/GER/1334/2010	seasonal_corona	KT253304	2010-XX-XX	?	germany
12MYKL0667	seasonal_corona	KT359761	2012-XX-XX	?	malaysia
HCoV_229E/human/GHA/83/2008	seasonal_corona	KT253313	2008-XX-XX	?	ghana
HCoV_229E/human/GER/100/2008	seasonal_corona	KT253302	2008-XX-XX	?	germany
HCoV_229E/Seattle/USA/SC9773/2016	seasonal_corona	KY369914	2016-XX-XX	?	usa
13MYKL1950	seasonal_corona	KT359750	2013-XX-XX	?	malaysia
HCoV_229E/human/GER/101/2008	seasonal_corona	KT253303	2008-XX-XX	?	germany
SWE_10652/04	seasonal_corona	FJ235172	2004-02-XX	?	sweden
HCoV_229E/human/GHA/939/2008	seasonal_corona	KT253316	2008-XX-XX	?	ghana
857_2005	seasonal_corona	KM055559	2005-XX-XX	?	china
494A_2008	seasonal_corona	KM055554	2008-XX-XX	?	china
HCoV_229E/BN1/GER/2015	seasonal_corona	KU291448	2015-XX-XX	?	germany
2764A_2011	seasonal_corona	KM055544	2011-XX-XX	?	china
HCoV/229E/N04	seasonal_corona	GU068549	2008-02-21	?	china
HCoV/229E/N02	seasonal_corona	GU068547	2008-01-17	?	china
SWE_bla_gas_110051	seasonal_corona	FJ235178	2006-01-XX	?	sweden
1512A_2009	seasonal_corona	KM055532	2009-XX-XX	?	china
12MYKL1102	seasonal_corona	KT359763	2012-XX-XX	?	malaysia
1546A_2009	seasonal_corona	KM055534	2009-XX-XX	?	china
SWE_36478/05	seasonal_corona	FJ235175	2005-04-XX	?	sweden
N08_434B	seasonal_corona	KY674919	2016-XX-XX	?	usa
229E/human/USA/953_49/1995	seasonal_corona	KF514431	1995-03-23	?	usa
PUMCH6389	seasonal_corona	HM130808	2007-11-20	?	china
507A_2008	seasonal_corona	KM055555	2008-XX-XX	?	china
V349	seasonal_corona	JX503060	2010-XX-XX	?	netherlands
748_2005	seasonal_corona	KM055557	2005-XX-XX	?	china
1761A_2010	seasonal_corona	KM055538	2010-XX-XX	?	china
229E/SLO/15756/2010	seasonal_corona	KX059697	2010-04-06	?	slovenia
HCoV/229E/N01	seasonal_corona	GU068546	2007-12-17	?	china
12MYKL0415	seasonal_corona	KT359759	2012-XX-XX	?	malaysia
HCoV_229E/human/GHA/938/2008	seasonal_corona	KT253315	2008-XX-XX	?	ghana
777_Yamagata_2010	seasonal_corona	LC005739	2010-XX-XX	?	japan
PUMCH8387	seasonal_corona	HM130813	2009-04-20	?	china
13MYKL1883	seasonal_corona	KT359769	2013-XX-XX	?	malaysia
12MYKL0929	seasonal_corona	KT359742	2012-XX-XX	?	malaysia
13MYKL1847	seasonal_corona	KT359768	2013-XX-XX	?	malaysia
HCOV/KENYA/009/2010	seasonal_corona	KP112149	2014-07-01	?	kenya
HCoV_229E/human/NED/21050349/2010	seasonal_corona	KT253323	2010-XX-XX	?	netherlands
12MYKL1076	seasonal_corona	KT359762	2012-XX-XX	?	malaysia
12MYKL0543	seasonal_corona	KT359760	2012-XX-XX	?	malaysia
1829A_2010	seasonal_corona	KM055542	2010-XX-XX	?	china
229E/Haiti_1/2016	seasonal_corona	MF542265	2016-03-XX	?	haiti
TN95_2_39	seasonal_corona	KM077069	?	?	usa
12MYKL0011	seasonal_corona	KT359752	2012-XX-XX	?	malaysia
HCoV/229E/N03	seasonal_corona	GU068548	2008-01-24	?	china
CU_H2869/2011	seasonal_corona	JX513245	2011-01-06	?	thailand
12MYKL0424	seasonal_corona	KT359777	2012-XX-XX	?	malaysia
PUMCH6273	seasonal_corona	HM130806	2007-10-23	?	china
India/Puducherry/JIM_159/2012	seasonal_corona	KX255651	2012-05-XX	?	india
PUMCH748	seasonal_corona	HM130801	2005-09-24	?	china
HCoV_229E/human/GER/499/2010	seasonal_corona	KT253309	2010-XX-XX	?	germany
PUMCH8339	seasonal_corona	HM130810	2009-04-08	?	china
HCoV_229E/Seattle/USA/SC0865/2019	seasonal_corona	MN306046	2019-XX-XX	?	usa
11949_2011	seasonal_corona	KM055531	2011-XX-XX	?	china
HCoV_229E/Seattle/USA/SC399/2016	seasonal_corona	KY674914	2016-XX-XX	?	usa
HCoV_229E/human/HKG/HK_2_26/2002	seasonal_corona	KT253318	2002-XX-XX	?	hong_kong
1990A_2010	seasonal_corona	KM055543	2010-XX-XX	?	china
8373_2009	seasonal_corona	KM055546	2009-XX-XX	?	china
1424A_2009	seasonal_corona	KM055560	2009-XX-XX	?	china
12MYKL1271	seasonal_corona	KT359764	2012-XX-XX	?	malaysia
SWE_37174/06	seasonal_corona	FJ235176	2006-02-XX	?	sweden
India/Pondicherry/POM_309/2014	seasonal_corona	KX268229	2014-02-XX	?	india
PUMCH6375	seasonal_corona	HM130807	2007-11-17	?	china
HCoV_229E/human/HKG/HK_4_27/2006	seasonal_corona	KT253320	2006-XX-XX	?	hong_kong
SH_6	seasonal_corona	KC294432	2012-XX-XX	?	china
882_Yamagata_2010	seasonal_corona	LC005740	2010-XX-XX	?	japan
1782A_2010	seasonal_corona	KM055540	2010-XX-XX	?	china
