strain	virus	assention	date	region	country
Hu/UAE_023_2014	mers	KY581691	2014-04-14	west_asia	united_arab_emirates
MERS-CoV/KOR/Seoul/080-3-2015	mers	KX034097	2015-06-17	japan_korea	south_korea
camel/UAE_B13_2015	mers	MF598605	2015-03-XX	west_asia	united_arab_emirates
Tunisia-Qatar_2013	mers	KF811035	2013-05-08	africa	tunisia
MERS-CoV/camel/Egypt/NRCE-NC748/2015	mers	KU942363	2015-04-01	africa	egypt
camel/Jeddah/S99/2014	mers	KT368857	2014-09-XX	west_asia	saudi_arabia
camel/UAE_B71_2015	mers	MF598661	2015-03-XX	west_asia	united_arab_emirates
Jeddah_C7319/KSA/2014	mers	KM027267	2014-XX-XX	west_asia	saudi_arabia
15	mers	MF133450	2015-07-11	africa	sudan
camel/UAE_414492_W3_2015	mers	MF598708	2015-04-XX	west_asia	united_arab_emirates
MERS-CoV/KOR/CNUH_SNU/024_06_2015	mers	KT717698	2015-06-08	japan_korea	south_korea
camel/Taif/T91(b)/2015	mers	KT368886	2015-04-XX	west_asia	saudi_arabia
Jordan/camel/33/2016	mers	KX443674	2016-05-19	west_asia	jordan
MERS-CoV/Egypt-NC2610/2015	mers	KX710313	2015-12-XX	africa	egypt
camel/Jeddah/401/2014	mers	KT368827	2014-09-XX	west_asia	saudi_arabia
KSA_Riyadh-6	mers	KX960120	2015-08-01	west_asia	saudi_arabia
Hu/Jeddah-KSA-RS15/2015	mers	KT805999	2015-04-01	west_asia	saudi_arabia
UAE-17-2014	mers	KP202200	2014-XX-XX	west_asia	united_arab_emirates
MERS-CoV/camel/Egypt/NRCE-NC752/2015	mers	KU942364	2015-04-01	africa	egypt
Hu/Riyadh-KSA-16098/2015	mers	KU851864	2015-08-24	west_asia	saudi_arabia
Jordan/camel/14/2016	mers	KX443665	2016-05-18	west_asia	jordan
Hafr-Al-Batin_4c_2013	mers	KJ156864	2013-08-25	west_asia	saudi_arabia
Al-Ahsa_KSA_Camel_C8	mers	KP405225	2013-12-XX	west_asia	saudi_arabia
Al-Ahsa_KSA_Camel_C9	mers	KP405227	2013-12-XX	west_asia	saudi_arabia
MERS-CoV_camel/Nigeria/NV1657/2016	mers	MG923475	2016-02-03	africa	nigeria
Al-Ahsa_KSA_Camel_C7	mers	KP405226	2013-11-XX	west_asia	saudi_arabia
camel/Jeddah/Jd4/2015	mers	KT368859	2015-01-XX	west_asia	saudi_arabia
Al-Hasa_22d_2013	mers	KF600619	2013-05-09	west_asia	saudi_arabia
Hu-France_-_FRA2_130569-2013_IS_HTS	mers	KJ361501	2013-05-07	europe	france
Riyadh_2014KSA_695/KSA/2014	mers	KM027292	2014-XX-XX	west_asia	saudi_arabia
camel/UAE_B64_2015	mers	MF598654	2015-03-XX	west_asia	united_arab_emirates
camel/UAE_B111_2015	mers	MF598698	2015-03-XX	west_asia	united_arab_emirates
Hu/Riyadh-KSA-13984/2016	mers	MG011342	2016-03-07	west_asia	saudi_arabia
Al-Hasa_22e_2013	mers	KF600631	2013-05-09	west_asia	saudi_arabia
Hu/Riyadh-KSA-031D1N/2015	mers	MG757603	2015-09-18	west_asia	saudi_arabia
Hu/Riyadh-KSA-K37029157/2016	mers	MG011362	2016-12-25	west_asia	saudi_arabia
Jeddah-air-1-2014	mers	KJ740998	2013-11-08	west_asia	saudi_arabia
Jordan/camel/29/2016	mers	KX443670	2016-05-19	west_asia	jordan
Hafr-Al-Batin_4a_2013	mers	KJ156931	2013-08-25	west_asia	saudi_arabia
camel/Jeddah/F13A/2014	mers	KT368824	2014-05-XX	west_asia	saudi_arabia
MERS-CoV/KOR/CNUH_SNU/082_06_2015	mers	KT868872	2015-06-10	japan_korea	south_korea
Qatar4	mers	KF961222	2013-10-17	west_asia	qatar
Hu/Rass-KSA-3318/2015	mers	KT806003	2015-02-13	west_asia	saudi_arabia
Hu/Taif/KSA-7032/2014/S530del	mers	KU710265	2014-11-04	west_asia	saudi_arabia
camel/UAE_414486_W4_2015	mers	MF598716	2015-04-XX	west_asia	united_arab_emirates
Hafr-Al-Batin_6_2013	mers	KJ156874	2013-08-28	west_asia	saudi_arabia
Al-Hasa_23e_2013	mers	KJ156862	2013-05-13	west_asia	saudi_arabia
KSA_Riyadh-4	mers	KX960119	2015-08-01	west_asia	saudi_arabia
Al-Hasa_2_2013	mers	KF186566	2013-04-21	west_asia	saudi_arabia
Riyadh_15b_2013	mers	KJ156877	2013-08-19	west_asia	saudi_arabia
Hu/Riyadh-KSA-11740/2016	mers	KX154685	2016-02-XX	west_asia	saudi_arabia
Riyadh_1162/KSA/2014	mers	KT357807	2014-XX-XX	west_asia	saudi_arabia
camel/UAE_B74_2015	mers	MF598664	2015-03-XX	west_asia	united_arab_emirates
Jeddah_C10306/KSA/2014-04-20	mers	KM027260	2014-04-21	west_asia	saudi_arabia
KSA_Riyadh-9	mers	KX960121	2015-08-01	west_asia	saudi_arabia
Hu/Riyadh-KSA-3160/2015	mers	KT805968	2015-02-15	west_asia	saudi_arabia
Camel/UAE_1H-D_2014	mers	KY581697	2014-02-18	west_asia	united_arab_emirates
Camel/Qatar_2_2014	mers	KJ650098	2014-02-16	west_asia	qatar
KOREA/Seoul/163-1-2015	mers	KT374051	2015-06-19	japan_korea	south_korea
Hu/Quwaiyah-KSA-3405/2015	mers	KT805966	2015-02-20	west_asia	saudi_arabia
D1189.1/15	mers	KX108946	2015-05-18	west_asia	united_arab_emirates
UAE-6-2014	mers	KP202204	2014-XX-XX	west_asia	united_arab_emirates
MERS-CoV_camel/Kenya/C1215/2018	mers	MH734114	2018-03-13	africa	kenya
camel/Riyadh/Ry23N/2014	mers	KT368825	2014-07-XX	west_asia	saudi_arabia
Camel/UAE_3B-C_2014	mers	KY581700	2014-02-18	west_asia	united_arab_emirates
UT-IVO-Mers2	mers	MK905767	2014-11-08	west_asia	iran
Hu/Riyadh-KSA-9614/2017	mers	MG912602	2017-06-12	west_asia	saudi_arabia
Madinah_3a_2013	mers	KJ156950	2013-09-11	west_asia	saudi_arabia
MERS-CoV/KOR/CNUH_SNU/030_06_2015	mers	KT717699	2015-06-08	japan_korea	south_korea
camel/UAE_B93_2015	mers	MF598682	2015-03-XX	west_asia	united_arab_emirates
Hu/Riyadh-KSA-21155/2016	mers	MG011355	2016-07-01	west_asia	saudi_arabia
Hafr-Al-Batin_4b_2013	mers	KJ156895	2013-08-25	west_asia	saudi_arabia
camel/Riyadh/Ry64/2015	mers	KT368877	2015-03-XX	west_asia	saudi_arabia
Hu/Khobar-KSA-6736/2015	mers	KT806048	2015-02-07	west_asia	saudi_arabia
camel/UAE_B41_2015	mers	MF598633	2015-03-XX	west_asia	united_arab_emirates
Hu/Amman-Jordan-12918/2015	mers	MF000459	2015-09-07	west_asia	jordan
camel/UAE_B89_2015	mers	MF679171	2015-03-XX	west_asia	united_arab_emirates
Al-Hasa_24f_2013	mers	KJ156892	2013-05-01	west_asia	saudi_arabia
Hu/Duba-KSA-313/2015	mers	KT806016	2015-04-16	west_asia	saudi_arabia
Hu/Najran-KSA-C20915/2015	mers	KT806054	2015-02-13	west_asia	saudi_arabia
Hu/Riyadh-KSA-K17000405/2017	mers	MG011361	2017-01-10	west_asia	saudi_arabia
Hu/Qaseem-KSA-18013897/2018	mers	MK462254	2018-08-31	west_asia	saudi_arabia
Hu/Hufuf-KSA-11869/2015	mers	KT806029	2015-05-28	west_asia	saudi_arabia
Hu/Riyadh-KSA-14670/2016	mers	MG011347	2016-03-13	west_asia	saudi_arabia
Riyadh_10a_2013	mers	KJ156891	2013-08-05	west_asia	saudi_arabia
camel/Jeddah/O47(b)/2014	mers	KT368852	2014-10-XX	west_asia	saudi_arabia
camel/UAE_B52_2015	mers	MF598643	2015-03-XX	west_asia	united_arab_emirates
Hu/Riyadh-KSA-2317/2015	mers	KT805963	2015-01-20	west_asia	saudi_arabia
Jeddah_C7770/KSA/2014-04-07	mers	KM027257	2014-04-07	west_asia	saudi_arabia
MERS-CoV/THA/CU/17_06_2015	mers	KT225476	2015-06-17	southeast_asia	thailand
Riyadh_13a_2013	mers	KJ156888	2013-08-13	west_asia	saudi_arabia
MERS-CoV/camel/Egypt/NRCE-NC699/2015	mers	KU942355	2015-04-01	africa	egypt
Riyadh_2014KSA_158/KSA/2014	mers	KM027281	2014-XX-XX	west_asia	saudi_arabia
KOREA/Seoul/014-2-2015	mers	KT374053	2015-06-13	japan_korea	south_korea
Hu/Riyadh-KSA-9852/2017	mers	MG912606	2017-06-14	west_asia	saudi_arabia
camel/UAE_B86_2015	mers	MF598676	2015-03-XX	west_asia	united_arab_emirates
camel/UAE_B10_2015	mers	MF598602	2015-03-XX	west_asia	united_arab_emirates
Hu/Riyadh-KSA-3929/2015	mers	KT805976	2015-02-26	west_asia	saudi_arabia
camel/UAE_B29_2015	mers	MF598621	2015-03-XX	west_asia	united_arab_emirates
Hu/Riyadh-KSA-006D1S/2015	mers	MG757596	2015-08-24	west_asia	saudi_arabia
MERS-CoV/KOR/KNIH/002_05_2015	mers	KT001383	2015-05-20	japan_korea	south_korea
33	mers	MF133454	2015-07-14	africa	sudan
Taif_3g_2013	mers	KJ156906	2013-06-13	west_asia	saudi_arabia
30	mers	MK858159	2016-12-19	west_asia	saudi_arabia
37	mers	MK858160	2017-05-31	west_asia	saudi_arabia
36	mers	KY794400	2015-XX-XX	africa	sudan
Hu/Taif-KSA-15167/2015	mers	KT806017	2015-05-09	west_asia	saudi_arabia
34	mers	MF133455	2015-11-08	africa	sudan
Asir_2f_2013	mers	KJ156945	2013-08-05	west_asia	saudi_arabia
camel/Riyadh/Ry136/2015	mers	KT368868	2015-03-XX	west_asia	saudi_arabia
Camel/Saudi_Arabia/KFU-HKU_F2-33/2014	mers	KY706246	2014-11-29	west_asia	saudi_arabia
KFU-HKU_13	mers	KJ650295	2013-12-30	west_asia	saudi_arabia
MERS_IQ.11	mers	KX150506	2016-02-20	west_asia	iraq
MERS_IQ.10	mers	KX150505	2016-02-20	west_asia	iraq
Riyadh_3_2013	mers	KF600613	2013-02-05	west_asia	saudi_arabia
Hu/UAE_025_2014	mers	KY581692	2014-04-15	west_asia	united_arab_emirates
MERS-CoV/Egypt-NC2093/2015	mers	KX710312	2015-11-11	africa	egypt
camel/Riyadh/Ry84N/2014	mers	KT368826	2014-07-XX	west_asia	saudi_arabia
Florida/USA-2_Saudi_Arabia_2014	mers	KJ829365	2014-05-10	north_america	usa
UAE-8-2014	mers	KP202206	2014-XX-XX	west_asia	united_arab_emirates
Riyadh_2014KSA_359/KSA/2014	mers	KM027287	2014-XX-XX	west_asia	saudi_arabia
Jordan_7_2015	mers	KU233371	2015-XX-XX	west_asia	jordan
Riyadh_692/KSA/2014	mers	KT357797	2014-XX-XX	west_asia	saudi_arabia
MERS-CoV/camel/Egypt/NRCE-NC2380/2015	mers	KU942375	2015-12-08	africa	egypt
MERSCoV/camel/Egypt/NC3978/2016	mers	MF318503	2016-05-30	africa	egypt
camel/UAE_414481_W4_2015	mers	MF598711	2015-04-XX	west_asia	united_arab_emirates
Hu/Riyadh-KSA-18013832/2018	mers	MK462253	2018-08-30	west_asia	saudi_arabia
Al-Hasa_1_2013	mers	KF186567	2013-05-09	west_asia	saudi_arabia
Jordan/camel/32/2016	mers	KX443673	2016-05-19	west_asia	jordan
camel/Jeddah/O24/2014	mers	KT368850	2014-10-XX	west_asia	saudi_arabia
ADFCA-HKU6	mers	KT275312	2015-05-09	west_asia	united_arab_emirates
Madinah_4/2014	mers	KT624238	2008-12-15	west_asia	saudi_arabia
MERS-CoV/Egypt-NC2594/2015	mers	KX710317	2015-12-XX	africa	egypt
MERS-CoV/camel/Egypt/NRCE-NC744/2015	mers	KU942361	2015-04-01	africa	egypt
England/2/2013	mers	KM015348	2013-02-10	europe	united_kingdom
MERS-CoV_England-KSA/1/2018	mers	MH822886	2018-08-22	europe	united_kingdom
MERS-CoV/KOR/KCDC/001_2018-TSVi	mers	MK129253	2018-09-12	japan_korea	south_korea
camel/UAE_B102_2015	mers	MF598689	2015-03-XX	west_asia	united_arab_emirates
D1157/15	mers	KX108944	2015-05-12	west_asia	united_arab_emirates
Riyadh_2014KSA_057/KSA/2014	mers	KM027278	2014-XX-XX	west_asia	saudi_arabia
camel/UAE_B109_2015	mers	MF598696	2015-03-XX	west_asia	united_arab_emirates
KSA_1723	mers	MH259486	2014-07-15	west_asia	saudi_arabia
MERS-CoV/KOR/KNIH/009_05_2015	mers	KT182953	2015-05-28	japan_korea	south_korea
camel/UAE_B91_2015	mers	MF598680	2015-03-XX	west_asia	united_arab_emirates
42	mers	MK858163	2017-06-03	west_asia	saudi_arabia
Camel/Oman_1_2015	mers	KY673149	2015-01-XX	west_asia	oman
UT-IVO-Mers3	mers	MK905766	2014-11-08	west_asia	iran
Nigeria-HKU012	mers	KU201957	2015-01-14	africa	nigeria
Riyadh_15d_2013	mers	KJ156859	2013-08-19	west_asia	saudi_arabia
Dammam_2/2014	mers	KT624245	2008-12-15	west_asia	saudi_arabia
Jordan_12_2015	mers	KU233376	2015-XX-XX	west_asia	jordan
Riyadh_111/KSA/2014	mers	KT357802	2014-XX-XX	west_asia	saudi_arabia
camel/UAE_B27_2015	mers	MF598619	2015-03-XX	west_asia	united_arab_emirates
Hu/Unayzah-KSA-3249/2015	mers	KT806000	2015-02-10	west_asia	saudi_arabia
camel/UAE_B67_2015	mers	MF598657	2015-03-XX	west_asia	united_arab_emirates
Hu/Riyadh-KSA-3331/2015	mers	KT805967	2015-02-18	west_asia	saudi_arabia
camel/UAE_B8_2015	mers	MF598600	2015-03-XX	west_asia	united_arab_emirates
Hu/Riyadh-KSA-3550/2015	mers	KT805978	2015-02-23	west_asia	saudi_arabia
Hu/Jeddah-KSA-3RS2702/2015	mers	KU851859	2015-07-12	west_asia	saudi_arabia
camel/Taif/T7/2015	mers	KT368881	2015-04-XX	west_asia	saudi_arabia
Jeddah_C7058/KSA/2014	mers	KM027263	2014-XX-XX	west_asia	saudi_arabia
camel/UAE_B30_2015	mers	MF598622	2015-03-XX	west_asia	united_arab_emirates
camel/UAE_B33_2015	mers	MF598625	2015-03-XX	west_asia	united_arab_emirates
Wadi-Ad-Dawasir_1_2013	mers	KJ156881	2013-06-12	west_asia	saudi_arabia
Al-Hasa_14b_2013	mers	KF600643	2013-05-08	west_asia	saudi_arabia
Hu/Jeddah-KSA-C20843/2015	mers	KT806044	2015-02-09	west_asia	saudi_arabia
MERS-CoV_camel/Nigeria/NV1787/2016	mers	MG923480	2016-02-07	africa	nigeria
camel/UAE_B16_2015	mers	MF598608	2015-03-XX	west_asia	united_arab_emirates
Jordan_5_2015	mers	KU233369	2015-XX-XX	west_asia	jordan
40	mers	MK858161	2017-06-03	west_asia	saudi_arabia
camel/UAE_B87_2015	mers	MF598677	2015-03-XX	west_asia	united_arab_emirates
Riyadh_2_2012	mers	KF600652	2012-10-30	west_asia	saudi_arabia
Riyadh_4_2013	mers	KJ156952	2013-03-01	west_asia	saudi_arabia
UAE-9-2014	mers	KP202195	2014-XX-XX	west_asia	united_arab_emirates
Hu/Riyadh-KSA-16120/2015	mers	KU851861	2015-08-24	west_asia	saudi_arabia
Hu/Riyadh-KSA-7344/2017	mers	MH310912	2017-05-15	west_asia	saudi_arabia
MERS-CoV/KOR/CNUH_SNU/122_06_2015	mers	KT717706	2015-06-10	japan_korea	south_korea
Hu/Hufuf-KSA-12354/2015	mers	KT806039	2015-06-07	west_asia	saudi_arabia
KSA_1725	mers	KT877350	2014-09-XX	west_asia	saudi_arabia
Al-Hasa_23a_2013	mers	KJ156860	2013-05-13	west_asia	saudi_arabia
MERS-CoV/camel/Egypt/NRCE-NC277/2015	mers	KU942369	2015-01-06	africa	egypt
KSA_1722	mers	MH259485	2014-07-15	west_asia	saudi_arabia
Hu/Jordan-13025/2015	mers	MF741833	2015-09-17	west_asia	jordan
MERS-CoV/KOR/KCDC/001_2018-TS	mers	MH978887	2018-09-08	japan_korea	south_korea
Asir_1b_2013	mers	KJ156925	2013-07-02	west_asia	saudi_arabia
Dammam_1/2014	mers	KT624244	2008-12-15	west_asia	saudi_arabia
Hu/Jordan-12856/2015	mers	MF741831	2015-09-03	west_asia	jordan
Hu/Riyadh-KSA-16121/2015	mers	KU851860	2015-08-24	west_asia	saudi_arabia
camel/UAE_B31_2015	mers	MF598623	2015-03-XX	west_asia	united_arab_emirates
EMC_P7	mers	KT966879	2014-03-11	europe	netherlands
camel/UAE_415915_W3_2015	mers	MF598707	2015-04-XX	west_asia	united_arab_emirates
KSA_Riyadh-12	mers	KX960122	2015-08-01	west_asia	saudi_arabia
Al-Hasa_10d_2013	mers	KF600641	2013-05-02	west_asia	saudi_arabia
camel/UAE_B25_2015	mers	MF598617	2015-03-XX	west_asia	united_arab_emirates
camel/UAE_B92_2015	mers	MF598681	2015-03-XX	west_asia	united_arab_emirates
Hu/Taif,KSA-1521/2014	mers	KR912196	2014-11-22	west_asia	saudi_arabia
KOREA/Seoul/168-1-2015	mers	KT374056	2015-06-21	japan_korea	south_korea
Camel/UAE_1H-B_2014	mers	KY581696	2014-03-12	west_asia	united_arab_emirates
Hu/Buraydah-KSA-3334/2015	mers	KT806004	2015-02-14	west_asia	saudi_arabia
Hu/Taif,KSA-1488/2014	mers	KR912195	2014-11-12	west_asia	saudi_arabia
MERS-CoV/KOR/KNIH/015_05_2015	mers	KT182956	2015-05-30	japan_korea	south_korea
Munich	mers	KF192507	2013-XX-XX	west_asia	united_arab_emirates
1	mers	KF933385	2013-10-17	west_asia	qatar
Hu/Aflaj-KSA-10802/2015	mers	KT806023	2015-05-17	west_asia	saudi_arabia
camel/UAE_414372_W4_2015	mers	MF679174	2015-04-XX	west_asia	united_arab_emirates
Hu/Riyadh-KSA-005D1S/2015	mers	MG757595	2015-08-24	west_asia	saudi_arabia
Hu/Najran-KSA-Rs1207/2015	mers	KT805991	2015-05-08	west_asia	saudi_arabia
Taif_3b_2013	mers	KJ156897	2013-06-13	west_asia	saudi_arabia
camel/UAE_B26_2015	mers	MF598618	2015-03-XX	west_asia	united_arab_emirates
Al-Hasa_10b_2013	mers	KF600642	2013-05-02	west_asia	saudi_arabia
MERSCoV/goat/Egypt/2284/2015	mers	MF318498	2015-11-19	africa	egypt
Hu/UAE_011_2013	mers	KY581687	2013-12-23	west_asia	united_arab_emirates
Al-Hasa_28h_2013	mers	KJ156909	2013-06-22	west_asia	saudi_arabia
MERS-CoV/camel/Egypt/NRCE-NC726/2015	mers	KU942357	2015-04-01	africa	egypt
Jeddah_C7569/KSA/2014-04-03	mers	KM027256	2014-XX-XX	west_asia	saudi_arabia
camel/UAE_414485_W3_2015	mers	MF598699	2015-04-XX	west_asia	united_arab_emirates
camel/Jeddah/Jd7/2015	mers	KT368861	2015-01-XX	west_asia	saudi_arabia
Hu/Riyadh-KSA-3098/2015	mers	KT805969	2015-02-14	west_asia	saudi_arabia
Hu/Hufuf-KSA-11002/2015	mers	KT806046	2015-05-10	west_asia	saudi_arabia
Hu/Riyadh-KSA-17382/2016	mers	MG011349	2016-04-13	west_asia	saudi_arabia
Jordan_4_2015	mers	KU233368	2015-XX-XX	west_asia	jordan
D2597.2/14	mers	KX108938	2014-12-13	west_asia	united_arab_emirates
MERS-CoV_camel/Nigeria/NV1673/2016	mers	MG923478	2016-02-03	africa	nigeria
Camel/UAE/D511-14	mers	KU242423	2014-03-12	west_asia	united_arab_emirates
D998/15	mers	KX108943	2015-04-23	west_asia	united_arab_emirates
camel/Jeddah/Jd175/2015	mers	KT368866	2015-02-XX	west_asia	saudi_arabia
camel/UAE_B1_2015	mers	MF598594	2015-03-XX	west_asia	united_arab_emirates
Abu_Dhabi/Oman_UAE_7_2013	mers	KP236092	2013-10-29	west_asia	united_arab_emirates
camel/UAE_416452_W5_2015	mers	MF598720	2015-04-XX	west_asia	united_arab_emirates
Buraidah_1_2013	mers	KF600630	2013-05-13	west_asia	saudi_arabia
Riyadh_1147/KSA/2014	mers	KT357804	2014-XX-XX	west_asia	saudi_arabia
camel/UAE_B62_2015	mers	MF598652	2015-03-XX	west_asia	united_arab_emirates
camel/UAE_B81_2015	mers	MF598671	2015-03-XX	west_asia	united_arab_emirates
Hu/Riyadh-KSA-4606/2015	mers	KT806007	2015-03-04	west_asia	saudi_arabia
Hu/Taif,KSA-5920/2014	mers	KR912191	2014-09-10	west_asia	saudi_arabia
MERSCoV/camel/Egypt/NC2217/2015	mers	MF318500	2015-11-12	africa	egypt
Riyadh_7a_2013	mers	KJ156937	2013-07-15	west_asia	saudi_arabia
Riyadh_6e_2013	mers	KJ156927	2013-07-02	west_asia	saudi_arabia
Egypt-NC1552/2015	mers	KX425840	2015-XX-XX	africa	egypt
camel/Jeddah/N51/2014	mers	KT368846	2014-11-XX	west_asia	saudi_arabia
Hu/Taif/KSA-7032/2014	mers	KU710264	2014-11-04	west_asia	saudi_arabia
MERSCoV/KE293	mers	MG591490	2015-02-15	africa	kenya
Oman30_2013	mers	KJ573792	2013-XX-XX	west_asia	oman
Hu/Jordan-12641/2015	mers	MF741825	2015-08-25	west_asia	jordan
MERS-CoV/KOR/Seoul/162-1-2015	mers	KX034098	2015-06-22	japan_korea	south_korea
Hu/Jordan-12688/2015	mers	MF741828	2015-08-27	west_asia	jordan
MERS-CoV-Jeddah-human-1	mers	KF958702	2013-11-05	west_asia	saudi_arabia
Jeddah_C7720/KSA/2014	mers	KM027269	2014-XX-XX	west_asia	saudi_arabia
Hu/Jordan-12964/2015	mers	MF741832	2015-09-09	west_asia	jordan
Hu/Jordan-201440011123/2014	mers	KT861628	2014-04-21	west_asia	jordan
126	mers	KY794402	2015-XX-XX	africa	sudan
Hu/Riyadh-KSA-10024/2017	mers	MG366883	2015-06-15	west_asia	saudi_arabia
Hu/Riyadh-KSA-7275/2017	mers	MG912609	2017-05-31	west_asia	saudi_arabia
Riyadh_1337/KSA/2014	mers	KT357811	2014-XX-XX	west_asia	saudi_arabia
Hu/Riyadh-KSA-5390/2015	mers	KT806009	2015-03-08	west_asia	saudi_arabia
Hu/Riyadh-KSA-7680/2017	mers	MG912598	2017-06-03	west_asia	saudi_arabia
MERS-CoV-Jeddah-Camel-1	mers	KF917527	2013-11-08	west_asia	saudi_arabia
Hafr-Al-Batin_2_2013	mers	KJ156910	2013-08-05	west_asia	saudi_arabia
camel/Jeddah/D88/2014	mers	KT368843	2014-12-XX	west_asia	saudi_arabia
FRA/UAE	mers	KF745068	2013-05-07	europe	france
Riyadh_11b_2013	mers	KJ156911	2013-08-06	west_asia	saudi_arabia
Hu/Najran-KSA-18011240/2018	mers	MK462257	2018-06-01	west_asia	saudi_arabia
MERS-CoV/KOR/CNUH_SNU/023_06_2015	mers	KT717697	2015-06-11	japan_korea	south_korea
camel/UAE_414379_W3_2015	mers	MF598700	2015-04-XX	west_asia	united_arab_emirates
camel/UAE_B55_2015	mers	MF598646	2015-03-XX	west_asia	united_arab_emirates
Hu/Jeddah-KSA-C21864/2015	mers	KT805994	2015-03-09	west_asia	saudi_arabia
Qatar15	mers	MK280984	2015-05-21	west_asia	qatar
camel/UAE_B105_2015	mers	MF598692	2015-03-XX	west_asia	united_arab_emirates
MERS-CoV/KOR/CNUH_SNU/148_06_2015	mers	KT717707	2015-06-15	japan_korea	south_korea
KSA_1724	mers	KT877351	2014-09-XX	west_asia	saudi_arabia
26	mers	MK858158	2016-11-28	west_asia	saudi_arabia
Hu/Riyadh-KSA-2276/2015	mers	KT805962	2015-01-18	west_asia	saudi_arabia
Al-Hasa_26c_2013	mers	KJ156872	2013-06-18	west_asia	saudi_arabia
23	mers	MF133453	2015-07-13	africa	sudan
MERS-CoV/KOR/KNIH/012_05_2015	mers	KT182954	2015-05-28	japan_korea	south_korea
Hu/Riyadh-KSA-2049/2015	mers	KR011266	2015-01-06	west_asia	saudi_arabia
camel/UAE_B22_2015	mers	MF598614	2015-03-XX	west_asia	united_arab_emirates
UAE-14-2014	mers	KP202211	2014-XX-XX	west_asia	united_arab_emirates
camel/Jeddah/D100/2014	mers	KT368828	2014-12-XX	west_asia	saudi_arabia
camel/UAE_B11_2015	mers	MF598603	2015-03-XX	west_asia	united_arab_emirates
Hu/Artawiyah-KSA-13328/2016	mers	KX154694	2016-02-29	west_asia	saudi_arabia
KSA_349	mers	KJ396757	2013-11-XX	west_asia	saudi_arabia
camel/Taif/T16/2015	mers	KT368882	2015-04-XX	west_asia	saudi_arabia
Qatar3	mers	KF961221	2013-10-13	west_asia	qatar
Al-Hasa_8c_2013	mers	KF600626	2013-05-01	west_asia	saudi_arabia
Jeddah_C7554/KSA/2014	mers	KM027268	2014-XX-XX	west_asia	saudi_arabia
Riyadh_1251/KSA/2014	mers	KT357801	2014-XX-XX	west_asia	saudi_arabia
Al-Hasa_26b_2013	mers	KJ156941	2013-06-18	west_asia	saudi_arabia
camel/UAE_B48_2015	mers	MF598639	2015-03-XX	west_asia	united_arab_emirates
Hu/Riyadh-KSA-7373/2017	mers	MG912596	2017-06-02	west_asia	saudi_arabia
Hu/Riyadh-KSA-14675/2016	mers	MG011344	2016-03-13	west_asia	saudi_arabia
camel/UAE_B66_2015	mers	MF598656	2015-03-XX	west_asia	united_arab_emirates
Neoromicia/PML-PHE1/RSA/2011	mers	KC869678	2011-XX-XX	africa	south_africa
Hu/Hufuf-KSA-11003/2015	mers	KT805990	2015-05-10	west_asia	saudi_arabia
KFU-HKU_19Dam	mers	KJ650296	2013-12-30	west_asia	saudi_arabia
Hu/UAE_009_2014	mers	KY581686	2014-04-10	west_asia	united_arab_emirates
camel/UAE_B95_2015	mers	MF598683	2015-03-XX	west_asia	united_arab_emirates
Riyadh_6c_2013	mers	KJ156890	2013-07-02	west_asia	saudi_arabia
MERS-CoV_camel/Nigeria/NV1405/2016	mers	MG923474	2016-01-24	africa	nigeria
Riyadh_11/2014	mers	KT624239	2008-12-15	west_asia	saudi_arabia
Hu/Najran-KSA-183RS279/2018	mers	MK462250	2018-07-12	west_asia	saudi_arabia
Jeddah_C9313/KSA/2014	mers	KM027276	2014-XX-XX	west_asia	saudi_arabia
PAK150	mers	MH102354	2017-02-15	west_asia	pakistan
Hu/Dhahran-KSA-6740/2015	mers	KT805984	2015-02-08	west_asia	saudi_arabia
MERS-CoV/camel/Egypt/NRCE-NC804/2015	mers	KU942370	2015-04-01	africa	egypt
Hu/Riyadh-KSA-7696/2017	mers	MH310910	2017-06-03	west_asia	saudi_arabia
camel/UAE_B63_2015	mers	MF598653	2015-03-XX	west_asia	united_arab_emirates
camel/UAE_B65_2015	mers	MF598655	2015-03-XX	west_asia	united_arab_emirates
MERS-CoV_camel/Ethiopia/AAU-EPHI-HKU4448/2017	mers	MG923467	2017-03-15	africa	ethiopia
Al-Hasa_14a_2013	mers	KF600615	2013-05-08	west_asia	saudi_arabia
MERS-CoV/camel/Egypt/NRCE-NC741/2015	mers	KU942360	2015-04-01	africa	egypt
camel/UAE_414485_W4_2015	mers	MF598709	2015-04-XX	west_asia	united_arab_emirates
MERS-CoV/KOR/CNUH_SNU/085_06_2015	mers	KT717704	2015-06-10	japan_korea	south_korea
Al-Hasa_28a_2013	mers	KJ156887	2013-06-22	west_asia	saudi_arabia
Hu/Riyadh-KSA-008D3N/2015	mers	MG757598	2015-08-26	west_asia	saudi_arabia
England/3/2013	mers	KM210278	2013-02-10	europe	united_kingdom
camel/Riyadh/Ry159(b)/2015	mers	KT368870	2015-03-XX	west_asia	saudi_arabia
camel/Jeddah/D42/2014	mers	KT368835	2014-12-XX	west_asia	saudi_arabia
MERS-CoV/camel/Egypt/NRCE-NC737/2015	mers	KU942358	2015-04-01	africa	egypt
Hu/Riyadh-KSA-10182/2015	mers	KT806020	2015-05-10	west_asia	saudi_arabia
Riyadh_15a_2013	mers	KJ156914	2013-08-19	west_asia	saudi_arabia
Neoromicia/5038	mers	MF593268	2015-04-20	africa	south_africa
MERS-CoV_camel/Morocco/CIRAD-HKU213/2015	mers	MG923469	2015-03-03	africa	morocco
Al-Hasa_9d_2013	mers	KF600622	2013-05-01	west_asia	saudi_arabia
MyH010414	mers	KP769415	2014-04-13	southeast_asia	malaysia
Hu/Riyadh-KSA-3123/2015	mers	KT805971	2015-02-14	west_asia	saudi_arabia
Hu/Amman-Jordan-12641/2015	mers	MF000457	2015-08-25	west_asia	jordan
Al-Hasa_11a_2013	mers	KF600629	2013-05-03	west_asia	saudi_arabia
camel/UAE_B61_2015	mers	MF598651	2015-03-XX	west_asia	united_arab_emirates
NRCE-HKU205	mers	KJ477102	2013-XX-XX	africa	egypt
MERS-CoV/Egypt-NC2606/2015	mers	KX710318	2015-12-XX	africa	egypt
Egypt/Giza-9/2018	mers	MH184778	2018-XX-XX	africa	egypt
Hu/Jeddah-KSA-C21271/2015	mers	KT806045	2015-02-22	west_asia	saudi_arabia
Hu/Hufuf-KSA-12055/2015	mers	KT806035	2015-06-01	west_asia	saudi_arabia
camel/Jeddah/O23(b)/2014	mers	KT368849	2014-10-XX	west_asia	saudi_arabia
Camel/UAE_1H-F_2014	mers	KY581698	2014-06-01	west_asia	united_arab_emirates
Hu/Riyadh-KSA-9730/2017	mers	MG912608	2017-06-14	west_asia	saudi_arabia
Hu/Riyadh-KSA-24241/2016	mers	MG011358	2016-09-21	west_asia	saudi_arabia
MERS-CoV/camel/Egypt/NRCE-NC957/2015	mers	KU942368	2015-04-21	africa	egypt
D1164.1/14	mers	KX108937	2014-06-02	west_asia	united_arab_emirates
MERS-CoV_camel/Ethiopia/CIRAD-HKU1288/2015	mers	MG923465	2015-03-01	africa	ethiopia
camel/UAE_415915_W6_2015	mers	MF598722	2015-04-XX	west_asia	united_arab_emirates
camel/UAE_B51_2015	mers	MF598642	2015-03-XX	west_asia	united_arab_emirates
Hu/Aseer-KSA-Rs924/2015	mers	KT805992	2015-05-01	west_asia	saudi_arabia
MERS-CoV/KOR/KNIH/006_05_2015	mers	KT001393	2015-05-27	japan_korea	south_korea
camel/UAE_B54_2015	mers	MF598645	2015-03-XX	west_asia	united_arab_emirates
93-03-176	mers	KM874455	2014-06-18	west_asia	iran
20	mers	MF133452	2015-07-12	africa	sudan
Hu/Jeddah-KSA-182RS2449/2018	mers	MK462247	2018-06-08	west_asia	saudi_arabia
Hu/UAE_002_2013	mers	KY581684	2013-07-10	west_asia	united_arab_emirates
Hu/Jordan-201440011200/2014	mers	KT861630	2014-04-30	west_asia	jordan
Jordan_2_2015	mers	KU233366	2015-XX-XX	west_asia	jordan
Taif_3c_2013	mers	KJ156922	2013-06-13	west_asia	saudi_arabia
Hu/Najran-KSA-182RS2567/2018	mers	MK462248	2018-06-13	west_asia	saudi_arabia
camel/Jeddah/D90/2014	mers	KT368844	2014-12-XX	west_asia	saudi_arabia
unnamed	mers	JE974349	?	china	china
Hu/Qasim-KSA-13922/2016	mers	MG011341	2016-03-06	west_asia	saudi_arabia
MERS-CoV_camel/Nigeria/NV1989/2016	mers	MG923476	2016-02-15	africa	nigeria
Al-Hasa_13a_2013	mers	KF600650	2013-05-07	west_asia	saudi_arabia
camel/Taif/T3/2015	mers	KT368880	2015-04-XX	west_asia	saudi_arabia
MERS-CoV/KOR/KNIH/013_05_2015	mers	KT182955	2015-05-28	japan_korea	south_korea
Camel/UAE_2B-E_2014	mers	KY581699	2014-06-01	west_asia	united_arab_emirates
Qatar_1_2013-4	mers	KJ598494	2013-10-17	west_asia	qatar
Asir_2c_2013	mers	KJ156912	2013-08-05	west_asia	saudi_arabia
Jeddah_C9055/KSA/2014-04-14	mers	KM027259	2014-04-14	west_asia	saudi_arabia
Qatar_1_2013-1	mers	KJ598493	2013-10-17	west_asia	qatar
Qatar_1_2013-3	mers	KJ598496	2013-10-17	west_asia	qatar
Qatar_1_2013-2	mers	KJ598495	2013-10-17	west_asia	qatar
Riyadh_12a_2013	mers	KJ156926	2013-08-08	west_asia	saudi_arabia
Hu/Riyadh-KSA-004D1S/2015	mers	MG757594	2015-08-24	west_asia	saudi_arabia
Riyadh_2014KSA_351/KSA/2014	mers	KM027286	2014-XX-XX	west_asia	saudi_arabia
MERS-CoV_camel/Ethiopia/AAU-EPHI-HKU4412/2017	mers	MG923466	2017-03-15	africa	ethiopia
Hu/UAE_017_2014	mers	KY581690	2014-04-12	west_asia	united_arab_emirates
44	mers	MK858164	2017-06-05	west_asia	saudi_arabia
ADFCA-HKU2	mers	KT275307	2015-05-09	west_asia	united_arab_emirates
Al-Hasa_12_2013	mers	KF600627	2013-05-07	west_asia	saudi_arabia
Hu/Hufuf-KSA-10357/2015	mers	KT806033	2015-04-25	west_asia	saudi_arabia
KASCTIGB1	mers	MG280944	2015-10-15	west_asia	saudi_arabia
Hu/Oman_50_2015	mers	KY673148	2015-01-06	west_asia	oman
Jeddah_C8978/KSA/2014	mers	KM027274	2014-XX-XX	west_asia	saudi_arabia
D389/15	mers	KX108942	2015-02-15	west_asia	united_arab_emirates
Asir_2e_2013	mers	KJ156898	2013-08-05	west_asia	saudi_arabia
MERS-CoV/KOR/CNUH_SNU/016_06_2015	mers	KT868865	2015-06-11	japan_korea	south_korea
Hu/Riyadh-KSA-24244/2016	mers	MG011357	2016-09-21	west_asia	saudi_arabia
camel/Jeddah/Jd199/2015	mers	KT368867	2015-02-XX	west_asia	saudi_arabia
camel/UAE_B77_2015	mers	MF598667	2015-03-XX	west_asia	united_arab_emirates
camel/UAE_B45_2015	mers	MF598636	2015-03-XX	west_asia	united_arab_emirates
Al-Hasa_8b_2013	mers	KF600638	2013-05-01	west_asia	saudi_arabia
Camel/UAE/D1164.10/2014	mers	KP719928	2014-06-XX	west_asia	united_arab_emirates
Hu/UAE_045_2014	mers	KY673147	2014-04-25	west_asia	united_arab_emirates
MERS-CoV/KOR/KNIH/004_05_2015	mers	KT001385	2015-05-25	japan_korea	south_korea
Riyadh_15e_2013	mers	KJ156933	2013-08-19	west_asia	saudi_arabia
Jeddah_C9282/KSA/2014	mers	KM027275	2014-XX-XX	west_asia	saudi_arabia
camel/UAE_417162_W4_2015	mers	MF598710	2015-04-XX	west_asia	united_arab_emirates
camel/UAE_B96_2015	mers	MF598684	2015-03-XX	west_asia	united_arab_emirates
camel/UAE_416452_W6_2015	mers	MF598721	2015-04-XX	west_asia	united_arab_emirates
ChinaGD01	mers	KT002193	2015-05-27	china	china
AD-UAE-25451	mers	KM609329	2014-02-06	west_asia	united_arab_emirates
camel/Jeddah/Jd90/2015	mers	KT368865	2015-01-XX	west_asia	saudi_arabia
Camel/Saudi_Arabia/KFU-HKU_F2-51/2014	mers	KY706247	2014-11-29	west_asia	saudi_arabia
Al-Hasa_13d_2013	mers	KF600656	2013-05-07	west_asia	saudi_arabia
Hu/Jordan-201440010988/2014	mers	KT861629	2014-04-07	west_asia	jordan
MERS-CoV/KOR/CNUH_SNU/110_06_2015	mers	KT868874	2015-06-11	japan_korea	south_korea
Netherlands_1_2014	mers	KJ858497	2014-05-13	europe	netherlands
Hu/Taif,KSA-1416/2014	mers	KR912193	2014-10-27	west_asia	saudi_arabia
Hu/Jordan-12764/2015	mers	MF741830	2015-08-31	west_asia	jordan
Hu/Riyadh-KSA-12832/2016	mers	KX154691	2016-02-25	west_asia	saudi_arabia
camel/UAE_B2_2015	mers	MF598595	2015-03-XX	west_asia	united_arab_emirates
MERS-CoV/KOR/CNUH_SNU/031_06_2015	mers	KT717700	2015-06-08	japan_korea	south_korea
KOREA/Seoul/014-1-2015	mers	KT374052	2015-05-31	japan_korea	south_korea
Hu/Hufuf-KSA-12597/2015	mers	KT806040	2015-06-13	west_asia	saudi_arabia
Jordan_11_2015	mers	KU233375	2015-XX-XX	west_asia	jordan
Taif_2a_2013	mers	KJ156896	2013-06-12	west_asia	saudi_arabia
Camel/UAE/D1164.9/2014	mers	KP719927	2014-06-XX	west_asia	united_arab_emirates
Hu/Jeddah-KSA-C20934/2015	mers	KT805972	2015-02-14	west_asia	saudi_arabia
MERS-CoV/KOR/Seoul/066-2015	mers	KX034095	2015-06-04	japan_korea	south_korea
Hu/Riyadh-KSA-16559/2016	mers	MG011359	2016-03-29	west_asia	saudi_arabia
Egypt-NC2378/2015	mers	KX425842	2015-XX-XX	africa	egypt
MERS-CoV/Egypt-NC2354/2015	mers	KX710311	2015-12-08	africa	egypt
camel/Jeddah/S100/2014	mers	KT368853	2014-09-XX	west_asia	saudi_arabia
Hu/Riyadh-KSA-11958/2016	mers	KX154687	2016-02-XX	west_asia	saudi_arabia
KOREA/Seoul/168-2-2015	mers	KT374057	2015-06-24	japan_korea	south_korea
19	mers	MK858156	2016-10-17	west_asia	saudi_arabia
Riyadh_1116/KSA/2014	mers	KT357799	2014-XX-XX	west_asia	saudi_arabia
camel/UAE_B82_2015	mers	MF598672	2015-03-XX	west_asia	united_arab_emirates
Hu/Riyadh-KSA-3486/2015	mers	KT805979	2015-02-21	west_asia	saudi_arabia
KSA_376	mers	KJ396770	2013-11-XX	west_asia	saudi_arabia
Hu/Jordan-13030/2015	mers	MF741834	2015-09-19	west_asia	jordan
camel/Taif/T68/2015	mers	KT368884	2015-04-XX	west_asia	saudi_arabia
KSA_371	mers	KJ396761	2013-11-XX	west_asia	saudi_arabia
Al-Hasa_27a_2013	mers	KJ156943	2013-06-19	west_asia	saudi_arabia
Jeddah_C7312/KSA/2014	mers	KM027266	2014-XX-XX	west_asia	saudi_arabia
KSA_378	mers	KJ396766	2013-11-XX	west_asia	saudi_arabia
Hu/Oman_2874_2013	mers	KT156561	2013-12-28	west_asia	oman
camel/UAE_B99_2015	mers	MF598686	2015-03-XX	west_asia	united_arab_emirates
Hu/Riyadh-KSA-4067/2015	mers	KT805975	2015-02-28	west_asia	saudi_arabia
Korea/Seoul/SNU1-035/2015	mers	KU308549	2015-06-08	japan_korea	south_korea
Hu/Hufuf-KSA-12177/2015	mers	KT806037	2015-06-03	west_asia	saudi_arabia
camel/Jeddah/S73/2014	mers	KT368854	2014-09-XX	west_asia	saudi_arabia
camel/UAE_416452_W3_2015	mers	MF679173	2015-04-XX	west_asia	united_arab_emirates
MERS-CoV/KOR/Seoul/077-2-2015	mers	KX034096	2015-06-17	japan_korea	south_korea
Hu/Jordan-201440011858/2014	mers	MK039553	2014-05-23	west_asia	jordan
Egypt/Giza-6/2018	mers	MH184777	2018-XX-XX	africa	egypt
MERS-CoV/KOR/KNIH/042_05_2015	mers	KT182957	2015-05-30	japan_korea	south_korea
Al-Hasa_24b_2013	mers	KJ156919	2013-05-01	west_asia	saudi_arabia
Hu/Hufuf-KSA-8527/2015	mers	KT805986	2015-03-12	west_asia	saudi_arabia
Hu/Jeddah-KSA-C22744/2015	mers	KT805997	2015-03-29	west_asia	saudi_arabia
Abu_Dhabi_UAE_9_2013	mers	KP209312	2013-11-15	west_asia	united_arab_emirates
Hu/Aseer-KSA-173RS1288/2017	mers	MK462244	2017-08-07	west_asia	saudi_arabia
Riyadh_15c_2013	mers	KJ156878	2013-08-19	west_asia	saudi_arabia
Hu/UAE_008_2013	mers	KY673144	2013-11-24	west_asia	united_arab_emirates
camel/UAE_414377_W3_2015	mers	MF598702	2015-04-XX	west_asia	united_arab_emirates
Hu/Riyadh-KSA-7436/2017	mers	MG366880	2015-06-02	west_asia	saudi_arabia
Jordan/camel/30/2016	mers	KX443671	2016-05-19	west_asia	jordan
Asir_2a_2013	mers	KJ156863	2013-08-05	west_asia	saudi_arabia
Hu/Jeddah-KSA-C20860/2015	mers	KT806055	2015-02-10	west_asia	saudi_arabia
Hu/Jordan-12918/2015	mers	MF741837	2015-09-07	west_asia	jordan
Hu/Riyadh-KSA-18014506/2018	mers	MK462256	2018-09-15	west_asia	saudi_arabia
camel/UAE_B28_2015	mers	MF598620	2015-03-XX	west_asia	united_arab_emirates
Al-Hasa_24c_2013	mers	KJ156875	2013-05-01	west_asia	saudi_arabia
camel/UAE_B90_2015	mers	MF598679	2015-03-XX	west_asia	united_arab_emirates
Hu/Riyadh-KSA-2345/2015	mers	KR011263	2015-01-21	west_asia	saudi_arabia
Hu/Shaqra-KSA-4699/2015	mers	KT806008	2015-03-04	west_asia	saudi_arabia
Riyadh_17b_2013	mers	KJ156920	2013-08-26	west_asia	saudi_arabia
camel/UAE_B42_2015	mers	MF598634	2015-03-XX	west_asia	united_arab_emirates
Hu-France_-_FRA2_130569-2013_Isolate_Sanger	mers	KJ361503	2013-05-07	europe	france
England/4/2013	mers	KM210277	2013-02-13	europe	united_kingdom
PHL-0846	mers	KP984457	2015-02-11	southeast_asia	philippines
Hu/Riyadh-KSA-11898/2016	mers	KX154686	2016-02-XX	west_asia	saudi_arabia
camel/UAE_B97_2015	mers	MF598685	2015-03-XX	west_asia	united_arab_emirates
Al-Hasa_11b_2013	mers	KF600646	2013-05-03	west_asia	saudi_arabia
camel/UAE_B38_2015	mers	MF598630	2015-03-XX	west_asia	united_arab_emirates
Indiana/USA-1_Saudi_Arabia_2014	mers	KJ813439	2014-04-30	north_america	usa
MERS-CoV/KOR/CNUH_SNU/172_06_2015	mers	KT717708	2015-06-XX	japan_korea	south_korea
Taif_3a_2013	mers	KJ156938	2013-06-13	west_asia	saudi_arabia
Nigeria-HKU079	mers	KU201955	2015-01-17	africa	nigeria
Hu/Riyadh-KSA-2716/2015	mers	KT806051	2015-02-05	west_asia	saudi_arabia
Hu/Jeddah-KSA-173RS1512/2017	mers	MK462245	2017-08-15	west_asia	saudi_arabia
Al-Hasa_24e_2013	mers	KJ156870	2013-05-01	west_asia	saudi_arabia
Hu/Hufuf-KSA-11765/2015	mers	KT806032	2015-05-27	west_asia	saudi_arabia
camel/UAE_B7_2015	mers	MF598599	2015-03-XX	west_asia	united_arab_emirates
KSA_Riyadh-21	mers	KX960123	2015-08-01	west_asia	saudi_arabia
Al-Hasa_18_2013	mers	KF600651	2013-05-23	west_asia	saudi_arabia
MERSCoV/camel/Egypt/NC3986/2016	mers	MF318504	2016-05-30	africa	egypt
Hu/Hufuf-KSA-11882/2015	mers	KT806027	2015-05-29	west_asia	saudi_arabia
Riyadh_6b_2013	mers	KJ156947	2013-07-02	west_asia	saudi_arabia
Jordan_1_cultured_2015	mers	KU233364	2015-XX-XX	west_asia	jordan
Hu/Hufuf-KSA-11476/2015	mers	KT806026	2015-05-23	west_asia	saudi_arabia
camel/Jeddah/D35/2014	mers	KT368831	2014-12-XX	west_asia	saudi_arabia
camel/Taif/T22/2015	mers	KT368883	2015-04-XX	west_asia	saudi_arabia
AD-UAE-11146	mers	KM609328	2014-03-19	west_asia	united_arab_emirates
D2731.3/14	mers	KT751244	?	west_asia	united_arab_emirates
camel/UAE_414480_W3_2015	mers	MF598703	2015-04-XX	west_asia	united_arab_emirates
Jeddah_C8493/KSA/2014	mers	KM027272	2014-XX-XX	west_asia	saudi_arabia
Riyadh_2014KSA_551/KSA/2014	mers	KM027288	2014-XX-XX	west_asia	saudi_arabia
Hu/Jeddah-KSA-C22748/2015	mers	KT805998	2015-03-29	west_asia	saudi_arabia
Riyadh_1182/KSA/2014	mers	KT357800	2014-XX-XX	west_asia	saudi_arabia
Hu/Taif,KSA-7032/2014	mers	KR912188	2014-11-04	west_asia	saudi_arabia
Hu/Riyadh-KSA-13798/2016	mers	MG011340	2016-03-05	west_asia	saudi_arabia
camel/UAE_B69_2015	mers	MF598659	2015-03-XX	west_asia	united_arab_emirates
Hu/Hufuf-KSA-11078/2015	mers	KT806041	2015-05-12	west_asia	saudi_arabia
KSA-CAMEL-363	mers	KJ713298	2013-11-XX	west_asia	saudi_arabia
Al-Hasa_4_2013	mers	KF186564	2013-05-01	west_asia	saudi_arabia
Hu/Jeddah-KSA-161RS1146/2016	mers	KX154690	2016-01-XX	west_asia	saudi_arabia
camel/UAE_B104_2015	mers	MF598691	2015-03-XX	west_asia	united_arab_emirates
Riyadh_6d_2013	mers	KJ156908	2013-07-02	west_asia	saudi_arabia
Hu/Kharj-KSA-2599/2015	mers	KT806052	2015-02-02	west_asia	saudi_arabia
KOREA/Seoul/035-1-2015	mers	KT374054	2015-06-03	japan_korea	south_korea
camel/UAE_B5_2015	mers	MF598597	2015-03-XX	west_asia	united_arab_emirates
Hu/Tabuk-KSA-153/2018	mers	MK462252	2018-08-03	west_asia	saudi_arabia
Hu/Hufuf-KSA-12225/2015	mers	KT806038	2015-06-04	west_asia	saudi_arabia
Hu/Jeddah-KSA-173RS1570/2017	mers	MK462246	2017-08-17	west_asia	saudi_arabia
camel/UAE_B19_2015	mers	MF598611	2015-03-XX	west_asia	united_arab_emirates
camel/Jeddah/Jd1(b)/2015	mers	KT368858	2015-01-XX	west_asia	saudi_arabia
camel/UAE_B15_2015	mers	MF598607	2015-03-XX	west_asia	united_arab_emirates
Hu/Riyadh-KSA-3487/2015	mers	KT805980	2015-02-21	west_asia	saudi_arabia
D383/15	mers	KX108941	2015-02-14	west_asia	united_arab_emirates
MERS-CoV/KOR/Seoul/177-3-2015	mers	KX034100	2015-07-03	japan_korea	south_korea
Riyadh_378/KSA/2014	mers	KT357794	2014-XX-XX	west_asia	saudi_arabia
Camel/UAE/D1243.12/2014	mers	KP719932	2014-06-XX	west_asia	united_arab_emirates
Hu/Hufuf-KSA-11401/2015	mers	KT806024	2015-05-20	west_asia	saudi_arabia
Asir_2g_2013	mers	KJ156932	2013-08-05	west_asia	saudi_arabia
Hu/Oman_2285_2013	mers	KT156560	2013-10-28	west_asia	oman
Hu/Riyadh-KSA-036D1N/2016	mers	MG757605	2016-04-14	west_asia	saudi_arabia
Hu/Riyadh-KSA-2622A/2015	mers	KT805965	2015-02-03	west_asia	saudi_arabia
camel/UAE_B70_2015	mers	MF598660	2015-03-XX	west_asia	united_arab_emirates
Hu/Taif,KSA-1445/2014	mers	KR912194	2014-10-27	west_asia	saudi_arabia
camel/Jeddah/D38(b)/2014	mers	KT368833	2014-12-XX	west_asia	saudi_arabia
KSA_459	mers	KJ396768	2013-11-XX	west_asia	saudi_arabia
Hu/Amman-Jordan-12716/2015	mers	MF000460	2015-08-30	west_asia	jordan
UAE-11-2014	mers	KP202197	2014-XX-XX	west_asia	united_arab_emirates
KSA-CAMEL-503	mers	KJ713297	2013-11-XX	west_asia	saudi_arabia
KSA-CAMEL-505	mers	KJ713295	2013-11-XX	west_asia	saudi_arabia
MERS-Cov/Riyadh-KSA/NGHA__KAMC_2016	mers	KY689142	2016-01-XX	west_asia	saudi_arabia
C57BL/6	mers	NM_001173550	?	?	?
MERSCoV/donkey/Egypt/2213/2015	mers	MF318497	2015-11-11	africa	egypt
UT-IVO-Mers4	mers	MK905765	2014-11-08	west_asia	iran
UT-IVO-Mers5	mers	MK905764	2014-11-08	west_asia	iran
MERS-CoV/KOR/Seoul/050-1-2015	mers	KX034094	2015-06-11	japan_korea	south_korea
Camel/Saudi_Arabia/KFU-HKU_F2-3/2014	mers	KY706245	2014-11-29	west_asia	saudi_arabia
MERS-CoV/KOR/KNIH/007_05_2015	mers	KT001388	2015-05-27	japan_korea	south_korea
UT-IVO-Mers1	mers	MK905768	2014-11-08	west_asia	iran
Al-Hasa_19_2013	mers	KF600632	2013-05-23	west_asia	saudi_arabia
Hu/Buraydah-KSA-3049/2015	mers	KT805970	2015-02-12	west_asia	saudi_arabia
camel/UAE_417163_W4_2015	mers	MF598717	2015-04-XX	west_asia	united_arab_emirates
camel/UAE_B75_2015	mers	MF598665	2015-03-XX	west_asia	united_arab_emirates
Riyadh_1_2012	mers	KF600612	2012-10-23	west_asia	saudi_arabia
Hu/Riyadh-KSA-5767/2017	mers	MH310909	2017-05-05	west_asia	saudi_arabia
Jeddah_Camel1	mers	KJ607976	2013-XX-XX	west_asia	saudi_arabia
Hu/Riyadh-KSA-9522/2017	mers	MG912607	2017-06-11	west_asia	saudi_arabia
KFMC-5	mers	KT121572	2014-05-12	west_asia	saudi_arabia
011/DAB/C8/F<1	mers	MK357908	2017-04-21	africa	kenya
Hu/Riyadh-KSA-12969/2016	mers	KX154692	2016-02-27	west_asia	saudi_arabia
Hu/UAE_015_2014	mers	KY581689	2014-04-10	west_asia	united_arab_emirates
Jordan/camel/09/2016	mers	KX443664	2016-05-18	west_asia	jordan
Hafr-Al-Batin_5a_2013	mers	KJ156951	2013-08-25	west_asia	saudi_arabia
camel/Jeddah/S93/2014	mers	KT368855	2014-09-XX	west_asia	saudi_arabia
ANK/1079/2014	mers	KP143231	2014-XX-XX	west_asia	turkey
2	mers	MF133449	2015-07-10	africa	sudan
Jordan_13_2015	mers	KU233377	2015-XX-XX	west_asia	jordan
Hu/Jordan-12662/2015	mers	MF741827	2015-08-26	west_asia	jordan
Egypt-NC2663/2015	mers	KX425844	2015-XX-XX	africa	egypt
Hu/Hufuf-KSA-9158/2015	mers	KT806047	2015-03-27	west_asia	saudi_arabia
Al-Hasa_24d_2013	mers	KJ156885	2013-05-01	west_asia	saudi_arabia
MERS-CoV/camel/Egypt/NRCE-NC2352/2015	mers	KU942374	2015-12-08	africa	egypt
Riyadh_2014KSA_167/KSA/2014	mers	KM027283	2014-XX-XX	west_asia	saudi_arabia
camel/UAE_415911_W3_2015	mers	MF598706	2015-04-XX	west_asia	united_arab_emirates
camel/UAE_B32_2015	mers	MF598624	2015-03-XX	west_asia	united_arab_emirates
16	mers	MF133451	2015-07-11	africa	sudan
Hu/Riyadh-KSA-3782/2015	mers	KT806005	2015-02-25	west_asia	saudi_arabia
Hu/Hufuf-KSA-11853/2015	mers	KT806030	2015-05-28	west_asia	saudi_arabia
Abu_Dhabi_UAE_18_2014	mers	KP209307	2014-04-10	west_asia	united_arab_emirates
Hu/Jeddah-KSA-C21760/2015	mers	KT805993	2015-03-05	west_asia	saudi_arabia
Hafr-Al-Batin_5d_2013	mers	KJ156913	2013-08-25	west_asia	saudi_arabia
Hafr-Al-Batin_5b_2013	mers	KJ156924	2013-08-25	west_asia	saudi_arabia
Hu/Riyadh-KSA-15385/2016	mers	MG011345	2016-03-18	west_asia	saudi_arabia
MERS-CoV_camel/Burkina_Faso/CIRAD-HKU697/2015	mers	MG923473	2015-03-16	africa	burkina_faso
Al-Hasa_24a_2013	mers	KJ156867	2013-05-01	west_asia	saudi_arabia
Hu/Riyadh-KSA-2343/2015	mers	KR011264	2015-01-21	west_asia	saudi_arabia
camel/Jeddah/N68(b)/2014	mers	KT368848	2014-11-XX	west_asia	saudi_arabia
camel/UAE_B79_2015	mers	MF598669	2015-03-XX	west_asia	united_arab_emirates
Jeddah_C7311/KSA/2014	mers	KM027265	2014-XX-XX	west_asia	saudi_arabia
MERS-CoV/camel/Egypt/NRCE-NC702/2015	mers	KU942356	2015-04-01	africa	egypt
Asir_2d_2013	mers	KJ156900	2013-08-05	west_asia	saudi_arabia
camel/UAE_414492_W4_2015	mers	MF598712	2015-04-XX	west_asia	united_arab_emirates
Riyadh_7b_2013	mers	KJ156905	2013-07-15	west_asia	saudi_arabia
Hu-France_(UAE)_-_FRA1_1627-2013_BAL_HTS	mers	KJ361499	2013-04-26	europe	france
camel/Taif/T157(b)/2015	mers	KT368890	2015-03-XX	west_asia	saudi_arabia
Hu/Riyadh-KSA-4071/2015	mers	KT805974	2015-02-28	west_asia	saudi_arabia
EMC_camel5_6dpi	mers	KT966880	2014-12-04	europe	spain
camel/UAE_414500_W3_2015	mers	MF598704	2015-04-XX	west_asia	united_arab_emirates
camel/UAE_B20_2015	mers	MF598612	2015-03-XX	west_asia	united_arab_emirates
Al-Hasa_28f_2013	mers	KJ156930	2013-06-22	west_asia	saudi_arabia
Riyadh_1104/KSA/2014	mers	KT357796	2014-XX-XX	west_asia	saudi_arabia
camel/UAE_B6_2015	mers	MF598598	2015-03-XX	west_asia	united_arab_emirates
UAE-1-2014	mers	KP202202	2014-XX-XX	west_asia	united_arab_emirates
Hu/Riyadh-KSA-14949/2016	mers	MG011346	2016-03-14	west_asia	saudi_arabia
Hu/Riyadh-KSA-10131/2015	mers	KT806018	2015-05-09	west_asia	saudi_arabia
MERS-CoV_camel/Nigeria/NV1712/2016	mers	MG923479	2016-02-05	africa	nigeria
Riyadh_2014KSA_042/KSA/2014	mers	KM027277	2014-XX-XX	west_asia	saudi_arabia
Hu/Riyadh-KSA-7178/2017	mers	MG912595	2017-05-31	west_asia	saudi_arabia
MERS-CoV/camel/Egypt/NRCE-NC795/2015	mers	KU942366	2015-04-01	africa	egypt
Hu/Riyadh-KSA-13127/2016	mers	KX154693	2016-02-29	west_asia	saudi_arabia
Jordan_8_2015	mers	KU233372	2015-XX-XX	west_asia	jordan
Hu/Riyadh-KSA-023D3N/2015	mers	MG546331	2015-10-15	west_asia	saudi_arabia
KFMC-2	mers	KT121577	2014-05-11	west_asia	saudi_arabia
KFMC-3	mers	KT121573	2014-05-09	west_asia	saudi_arabia
Hu/Riyadh-KSA-14607/2016	mers	MG011343	2016-03-12	west_asia	saudi_arabia
KFMC-1	mers	KT121580	2014-04-28	west_asia	saudi_arabia
KFMC-6	mers	KT121576	2014-05-18	west_asia	saudi_arabia
KFMC-7	mers	KT121581	2014-05-03	west_asia	saudi_arabia
KFMC-4	mers	KT121575	2014-05-12	west_asia	saudi_arabia
Riyadh_11a_2013	mers	KJ156946	2013-08-06	west_asia	saudi_arabia
Hu/Albaha-KSA-0800H/2018	mers	MK483839	2018-08-16	west_asia	saudi_arabia
KFMC-8	mers	KT121579	2014-04-30	west_asia	saudi_arabia
KFMC-9	mers	KT121574	2014-05-07	west_asia	saudi_arabia
Hu/Jordan-20140013526/2014	mers	KT861632	2014-12-24	west_asia	jordan
KOREA/Seoul/163-2-2015	mers	KT374050	2015-06-29	japan_korea	south_korea
24	mers	MK858157	2016-11-17	west_asia	saudi_arabia
Al-Hasa_24g_2013	mers	KJ156902	2013-05-01	west_asia	saudi_arabia
Hu/Hufuf-KSA-6648/2015	mers	KT805982	2015-01-30	west_asia	saudi_arabia
camel/Riyadh/Ry179/2015	mers	KT368875	2015-03-XX	west_asia	saudi_arabia
Hu/Qasim-KSA-893/2016	mers	MG011352	2016-07-20	west_asia	saudi_arabia
Hu/Riyadh-KSA-16077/2015	mers	KU851863	2015-08-27	west_asia	saudi_arabia
KSA_370	mers	KJ396758	2013-11-XX	west_asia	saudi_arabia
Jordan/camel/26/2016	mers	KX443668	2016-05-19	west_asia	jordan
Al-Hasa_8a_2013	mers	KF600618	2013-05-01	west_asia	saudi_arabia
Riyadh_10c_2013	mers	KJ156907	2013-08-05	west_asia	saudi_arabia
MERSCoV/KE552	mers	MG591491	2015-02-15	africa	kenya
KOREA/Seoul/035-2-2015	mers	KT374055	2015-06-18	japan_korea	south_korea
camel/UAE_415911_W4_2015	mers	MF598719	2015-04-XX	west_asia	united_arab_emirates
Egypt-NC2093/2015	mers	KX425839	2015-XX-XX	africa	egypt
Al-Hasa_11c_2013	mers	KF600636	2013-05-03	west_asia	saudi_arabia
camel/UAE_B50_2015	mers	MF598641	2015-03-XX	west_asia	united_arab_emirates
Madinah_3b_2013	mers	KJ156916	2013-09-11	west_asia	saudi_arabia
Hu/Riyadh-KSA-12160/2016	mers	KX154688	2016-02-XX	west_asia	saudi_arabia
Hu/Riyadh-KSA-9835/2017	mers	MG912605	2017-06-17	west_asia	saudi_arabia
Hu/Oman_110_2015	mers	KY688115	2015-01-11	west_asia	oman
Hu/Riyadh-KSA-014D1N/2015	mers	MG757601	2015-09-01	west_asia	saudi_arabia
Hu-France_(UAE)_-_FRA1_1627-2013_BAL_Sanger	mers	KJ361500	2013-04-26	europe	france
Camel/UAE/D1209/2014	mers	KP719933	?	west_asia	united_arab_emirates
Al-Hasa_9a_2013	mers	KF600648	2013-05-01	west_asia	saudi_arabia
Riyadh_17a_2013	mers	KJ156918	2013-08-26	west_asia	saudi_arabia
Hu/Hufuf-KSA-11905/2015	mers	KT806028	2015-05-29	west_asia	saudi_arabia
Taif_2b_2013	mers	KJ156876	2013-06-12	west_asia	saudi_arabia
camel/Jeddah/D36/2014	mers	KT368832	2014-12-XX	west_asia	saudi_arabia
camel/UAE_B94_2015	mers	MF679172	2015-03-XX	west_asia	united_arab_emirates
Hu/Taif,KSA-2083/2014	mers	KR912192	2014-10-24	west_asia	saudi_arabia
Hu/Qaseem-KSA-18012872/2018	mers	MK462258	2018-07-24	west_asia	saudi_arabia
Riyadh_2014KSA_564/KSA/2014	mers	KM027289	2014-XX-XX	west_asia	saudi_arabia
80946-Kerman	mers	KM044033	2014-06-17	west_asia	iran
camel/UAE_B101_2015	mers	MF598688	2015-03-XX	west_asia	united_arab_emirates
Hu/Riyadh-KSA-10717/2017	mers	MH310911	2017-06-06	west_asia	saudi_arabia
Hu/Jordan-13068/2015	mers	MF741835	2015-09-17	west_asia	jordan
Hu/Hufuf-KSA-11442/2015	mers	KT806025	2015-05-22	west_asia	saudi_arabia
camel/Jeddah/D49/2014	mers	KT368841	2014-12-XX	west_asia	saudi_arabia
Hu/Oman_3311_2015	mers	KY688117	2015-05-30	west_asia	oman
MERS-CoV_camel/Nigeria/NV2020/2016	mers	MG923481	2016-02-16	africa	nigeria
camel/UAE_B47_2015	mers	MF598638	2015-03-XX	west_asia	united_arab_emirates
Abu_Dhabi_UAE_33_2014	mers	KP209311	2014-04-17	west_asia	united_arab_emirates
Hu/Jeddah-KSA-C22351/2015	mers	KT805995	2015-03-20	west_asia	saudi_arabia
Hu/Madinah-KSA-390/2016	mers	MG011351	2016-04-10	west_asia	saudi_arabia
Riyadh_1172/KSA/2014	mers	KT357809	2014-XX-XX	west_asia	saudi_arabia
camel/UAE_B85_2015	mers	MF598675	2015-03-XX	west_asia	united_arab_emirates
Riyadh_1164/KSA/2014	mers	KT357808	2014-XX-XX	west_asia	saudi_arabia
Hu/Qunfidhah-KSA-Rs1338/2015	mers	KT806022	2015-05-12	west_asia	saudi_arabia
KASCTIGB2	mers	MG280945	2015-10-15	west_asia	saudi_arabia
D252/15	mers	KX108939	2015-01-30	west_asia	united_arab_emirates
Hu/Riyadh-KSA-002D1N/2015	mers	MG757593	2015-08-22	west_asia	saudi_arabia
011/LOM/C20/F<1	mers	MK357909	2017-04-21	africa	kenya
camel/UAE_B84_2015	mers	MF598674	2015-03-XX	west_asia	united_arab_emirates
Jordan/camel/45/2016	mers	KX443678	2016-05-19	west_asia	jordan
D374/15	mers	KX108940	2015-02-12	west_asia	united_arab_emirates
Hu/Riyadh-KSA-19949/2016	mers	MG011353	2016-06-01	west_asia	saudi_arabia
2366	mers	MH432120	2017-02-28	west_asia	saudi_arabia
Taif_1_2013	mers	KJ156949	2013-06-12	west_asia	saudi_arabia
camel/UAE_B56_2015	mers	MF598647	2015-03-XX	west_asia	united_arab_emirates
Hu/Riyadh-KSA-17756/2016	mers	MG011348	2016-04-18	west_asia	saudi_arabia
2362	mers	MG470650	2016-11-18	west_asia	saudi_arabia
camel/UAE_B9_2015	mers	MF598601	2015-03-XX	west_asia	united_arab_emirates
Hu/Riyadh-KSA-K17000887/2017	mers	MG011360	2017-01-23	west_asia	saudi_arabia
Hu/Riyadh-KSA-10208/2016	mers	KX154689	2016-01-XX	west_asia	saudi_arabia
MERSCoV/goat/Egypt/3850/2016	mers	MF318501	2016-05-23	africa	egypt
MERS-CoV/KOR/KCDC/001_2018-SP	mers	MH978886	2018-09-08	japan_korea	south_korea
Al-Hasa_22c_2013	mers	KF600633	2013-05-09	west_asia	saudi_arabia
camel/UAE_B12_2015	mers	MF598604	2015-03-XX	west_asia	united_arab_emirates
MERS-CoV_camel/Nigeria/NV2040/2016	mers	MG923477	2016-02-17	africa	nigeria
Hu/Riyadh-KSA-10308/2017	mers	MG912601	2017-06-10	west_asia	saudi_arabia
Jordan/camel/27/2016	mers	KX443669	2016-05-19	west_asia	jordan
Riyadh_14_2013	mers	KJ156934	2013-08-15	west_asia	saudi_arabia
Hu/Riyadh-KSA-7423/2017	mers	MG912597	2017-06-02	west_asia	saudi_arabia
camel/UAE_416452_W4_2015	mers	MF598715	2015-04-XX	west_asia	united_arab_emirates
camel/UAE_B46_2015	mers	MF598637	2015-03-XX	west_asia	united_arab_emirates
camel/UAE_B60_2015	mers	MF598650	2015-03-XX	west_asia	united_arab_emirates
camel/UAE_B58_2015	mers	MF598648	2015-03-XX	west_asia	united_arab_emirates
KFMC-10	mers	KT121578	2014-05-01	west_asia	saudi_arabia
KFMC-11	mers	KT202801	2014-04-28	west_asia	saudi_arabia
Jordan/camel/37/2016	mers	KX443675	2016-05-19	west_asia	jordan
Abu_Dhabi_UAE_8_2014	mers	KP209306	2014-04-07	west_asia	united_arab_emirates
Jordan/camel/25/2016	mers	KX443667	2016-05-19	west_asia	jordan
Madinah_1c_2013	mers	KJ156917	2013-09-01	west_asia	saudi_arabia
Hu/Riyadh-KSA-007D1N/2015	mers	MG757597	2015-08-24	west_asia	saudi_arabia
Hu-France_-_FRA2_130569-2013_InSpu_Sanger	mers	KJ361502	2013-05-07	europe	france
Al-Hasa_10a_2013	mers	KF600653	2013-05-02	west_asia	saudi_arabia
Hu/Riyadh-KSA-2466/2015	mers	KR011265	2015-01-26	west_asia	saudi_arabia
82772-Kerman	mers	KM044032	2014-05-17	west_asia	iran
Al-Hasa_28c_2013	mers	KJ156889	2013-06-22	west_asia	saudi_arabia
KSA_464	mers	KJ396765	2013-11-XX	west_asia	saudi_arabia
Hu/UAE_X_2014	mers	KY581694	2014-XX-XX	west_asia	united_arab_emirates
MERS-CoV/camel/Egypt/NRCE-NC2093/2015	mers	KU942372	2015-11-11	africa	egypt
Riyadh_2014KSA_349/KSA/2014	mers	KM027285	2014-XX-XX	west_asia	saudi_arabia
Hu/Riyadh-KSA-7413/2017	mers	MG366483	2017-06-02	west_asia	saudi_arabia
camel/UAE_B35_2015	mers	MF598627	2015-03-XX	west_asia	united_arab_emirates
Hu/UAE_032_2014	mers	KY581693	2014-04-20	west_asia	united_arab_emirates
camel/Riyadh/Ry137/2015	mers	KT368869	2015-03-XX	west_asia	saudi_arabia
Abu_Dhabi_UAE_26_2014	mers	KP209313	2014-04-13	west_asia	united_arab_emirates
ChinaGD01_variant_2	mers	KT036374	2015-05-28	china	china
Al-Hasa_9b_2013	mers	KF600654	2013-05-01	west_asia	saudi_arabia
MERS-CoV/camel/Egypt/NRCE-NC808/2015	mers	KU942367	2015-04-01	africa	egypt
Jordan_1_2015	mers	KU233365	2015-XX-XX	west_asia	jordan
Hafr-Al-Batin_5c_2013	mers	KJ156954	2013-08-25	west_asia	saudi_arabia
Hu/UAE_004_2013	mers	KY581685	2013-07-12	west_asia	united_arab_emirates
Riyadh_12b_2013	mers	KJ156901	2013-08-08	west_asia	saudi_arabia
Hafr-Al-Batin_1_2013	mers	KF600628	2013-06-04	west_asia	saudi_arabia
KNIH/002_05_2015	mers	MK796425	2015-05-20	japan_korea	south_korea
Al-Hasa_26a_2013	mers	KJ156882	2013-06-18	west_asia	saudi_arabia
Hu/Riyadh-KSA-3562/2015	mers	KT805977	2015-02-23	west_asia	saudi_arabia
camel/UAE_B23_2015	mers	MF598615	2015-03-XX	west_asia	united_arab_emirates
camel/Jeddah/Jd85/2015	mers	KT368862	2015-01-XX	west_asia	saudi_arabia
Al-Hasa_28e_2013	mers	KJ156884	2013-06-22	west_asia	saudi_arabia
camel/UAE_B36_2015	mers	MF598628	2015-03-XX	west_asia	united_arab_emirates
camel/Jeddah/Jd6(b)/2015	mers	KT368860	2015-01-XX	west_asia	saudi_arabia
Riyadh_17c_2013	mers	KJ156865	2013-08-26	west_asia	saudi_arabia
Jordan/camel/40/2016	mers	KX443676	2016-05-19	west_asia	jordan
Asir_1a_2013	mers	KJ156948	2013-07-02	west_asia	saudi_arabia
Hu/Taif,KSA-1486/2014	mers	KR912189	2014-11-11	west_asia	saudi_arabia
KSA_364	mers	KJ396769	2013-11-XX	west_asia	saudi_arabia
NL140422	mers	MG021452	2014-05-08	china	china
MERS_CoV/camel/Egypt/NRCE-NC163/2014	mers	KU740200	2014-12-17	africa	egypt
Hu/Riyadh-KSA-2264/2015	mers	KT805961	2015-01-14	west_asia	saudi_arabia
KSA_363	mers	KJ396756	2013-11-XX	west_asia	saudi_arabia
Jordan_9_2015	mers	KU233373	2015-XX-XX	west_asia	jordan
camel/Taif/T92/2015	mers	KT368887	2015-04-XX	west_asia	saudi_arabia
Hu/UAE_011_2014	mers	KY581688	2014-04-10	west_asia	united_arab_emirates
Egypt-NC2889/2016	mers	KX425841	2016-XX-XX	africa	egypt
camel/Riyadh/Ry79/2015	mers	KT368878	2015-03-XX	west_asia	saudi_arabia
NRCE-HKU270	mers	KJ477103	2013-XX-XX	africa	egypt
Hu/Riyadh-KSA-2600/2015	mers	KT805964	2015-02-02	west_asia	saudi_arabia
Hu/Taif,KSA-2164/2014	mers	KR912190	2014-10-27	west_asia	saudi_arabia
Hu/Riyadh-KSA-20570/2016	mers	MG011354	2016-06-16	west_asia	saudi_arabia
Jeddah_C8237/KSA/2014	mers	KM027271	2014-XX-XX	west_asia	saudi_arabia
Al-Hasa_7b_2013	mers	KF600623	2013-05-01	west_asia	saudi_arabia
England/Qatar/2012	mers	KC667074	2012-09-19	europe	united_kingdom
Al-Hasa_9e_2013	mers	KF600639	2013-05-01	west_asia	saudi_arabia
MERS_IQ.1	mers	KX150500	2016-02-20	west_asia	iraq
Al-Hasa_28g_2013	mers	KJ156928	2013-06-22	west_asia	saudi_arabia
Jeddah_Camel1_2013	mers	KJ556337	2013-11-09	west_asia	saudi_arabia
Hu/Riyadh-KSA-3181/2015	mers	KT806049	2015-02-15	west_asia	saudi_arabia
MERS-CoV/KOR/Seoul/169-2015	mers	KX034099	2015-06-26	japan_korea	south_korea
Hu/Kharj-KSA-2598/2015	mers	KT806053	2015-02-02	west_asia	saudi_arabia
Hu/Riyadh-KSA-7179/2015	mers	KT806010	2015-03-24	west_asia	saudi_arabia
Taif_3d_2013	mers	KJ156868	2013-06-13	west_asia	saudi_arabia
Asir_1c_2013	mers	KJ156903	2013-07-02	west_asia	saudi_arabia
Hu/Buraydah-KSA-3317/2015	mers	KT806002	2015-02-13	west_asia	saudi_arabia
Makkah_C9355/KSA/Makkah/2014-04-15	mers	KM027261	2014-04-15	west_asia	saudi_arabia
Al-Hasa_13b_2013	mers	KF600616	2013-05-07	west_asia	saudi_arabia
Hu/Riyadh_KSA_2959_2015	mers	KT026453	2015-02-10	west_asia	saudi_arabia
camel/UAE_B73_2015	mers	MF598663	2015-03-XX	west_asia	united_arab_emirates
Hu/Riyadh-KSA-6966/2015	mers	KT806021	2015-03-21	west_asia	saudi_arabia
Bisha_1_2012	mers	KF600620	2012-06-19	west_asia	saudi_arabia
Hu/Jordan-13076/2015	mers	MF741836	2015-09-22	west_asia	jordan
Hu/Riyadh-KSA-11739/2016	mers	KX154684	2016-02-XX	west_asia	saudi_arabia
Egypt-NC2682/2016	mers	KX425845	2016-XX-XX	africa	egypt
camel/Riyadh/Ry162/2015	mers	KT368871	2015-03-XX	west_asia	saudi_arabia
Al-Hasa_25_2013	mers	KJ156866	2013-05-02	west_asia	saudi_arabia
Hu/Hufuf-KSA-6674/2015	mers	KT805983	2015-02-01	west_asia	saudi_arabia
camel/Jeddah/D48/2014	mers	KT368840	2014-12-XX	west_asia	saudi_arabia
Al-Hasa_16_2013	mers	KF600644	2013-05-12	west_asia	saudi_arabia
UAE-18-2014	mers	KP202213	2014-XX-XX	west_asia	united_arab_emirates
41	mers	MK858162	2017-06-03	west_asia	saudi_arabia
Al-Hasa_15_2013	mers	KF600645	2013-05-11	west_asia	saudi_arabia
Hu/Riyadh-KSA-7867/2015	mers	KT806014	2015-04-04	west_asia	saudi_arabia
Riyadh_9_2013	mers	KJ156869	2013-07-17	west_asia	saudi_arabia
camel/Jeddah/D43(b)/2014	mers	KT368836	2014-12-XX	west_asia	saudi_arabia
camel/Taif/T150/2015	mers	KT368889	2015-03-XX	west_asia	saudi_arabia
Camel/UAE/D1339.2/2014	mers	KP719931	2014-06-XX	west_asia	united_arab_emirates
Hu/Najran-KSA-C22374/2015	mers	KT805996	2015-03-21	west_asia	saudi_arabia
Hu/Riyadh-KSA-9689/2017	mers	MG912604	2017-06-15	west_asia	saudi_arabia
Nigeria-HKU061	mers	KU201958	2015-01-16	africa	nigeria
Jeddah_C7149/KSA/2014-04-05	mers	KM027255	2014-XX-XX	west_asia	saudi_arabia
Abu_Dhabi_UAE_30_2014	mers	KP209309	2014-04-19	west_asia	united_arab_emirates
KSA-CAMEL-376	mers	KJ713299	2013-11-XX	west_asia	saudi_arabia
MERS-CoV_camel/Ethiopia/AAU-EPHI-HKU4458/2017	mers	MG923468	2017-03-15	africa	ethiopia
camel/UAE_B106_2015	mers	MF598693	2015-03-XX	west_asia	united_arab_emirates
camel/UAE_B100_2015	mers	MF598687	2015-03-XX	west_asia	united_arab_emirates
camel/UAE_B24_2015	mers	MF598616	2015-03-XX	west_asia	united_arab_emirates
camel/UAE_B80_2015	mers	MF598670	2015-03-XX	west_asia	united_arab_emirates
Riyadh_13b_2013	mers	KJ156873	2013-08-13	west_asia	saudi_arabia
Hu/Amman-Jordan-13030/2015	mers	MF000458	2015-09-19	west_asia	jordan
Hu/Riyadh-KSA-009D1N/2015	mers	MG757599	2015-08-26	west_asia	saudi_arabia
KSA-CAMEL-378	mers	KJ713296	2013-11-XX	west_asia	saudi_arabia
Hu/Riyadh_KSA_4050_2015	mers	KT026456	2015-03-01	west_asia	saudi_arabia
camel/Jeddah/Jd86/2015	mers	KT368863	2015-01-XX	west_asia	saudi_arabia
Camel/UAE/D469-14	mers	KU242424	2014-03-04	west_asia	united_arab_emirates
camel/UAE_B34_2015	mers	MF598626	2015-03-XX	west_asia	united_arab_emirates
Al-Hasa_9c_2013	mers	KF600649	2013-05-01	west_asia	saudi_arabia
camel/Jeddah/D46(b)/2014	mers	KT368838	2014-12-XX	west_asia	saudi_arabia
Hu/Riyadh-KSA-7591/2015	mers	KT806012	2015-03-30	west_asia	saudi_arabia
Jeddah_C8965/KSA/2014	mers	KM027273	2014-XX-XX	west_asia	saudi_arabia
Al-Hasa_27b_2013	mers	KJ156939	2013-06-19	west_asia	saudi_arabia
camel/Riyadh/Ry63/2015	mers	KT368876	2015-03-XX	west_asia	saudi_arabia
camel/UAE_414377_W4_2015	mers	MF598713	2015-04-XX	west_asia	united_arab_emirates
MERS-CoV/Egypt-NC2613/2015	mers	KX710314	2015-12-XX	africa	egypt
MERS-CoV/KOR/Seoul/014-2015	mers	KX034093	2015-05-30	japan_korea	south_korea
UAE-10-2014	mers	KP202220	2014-XX-XX	west_asia	united_arab_emirates
Hu/Riyadh-KSA-015D1P/2015	mers	MG757602	2015-09-01	west_asia	saudi_arabia
camel/Jeddah/D47/2014	mers	KT368839	2014-12-XX	west_asia	saudi_arabia
Hu/Jordan-201440011365/2014	mers	KT861631	2014-05-10	west_asia	jordan
56	mers	MF133456	2015-11-11	africa	sudan
Taif_4b_2013	mers	KJ156871	2013-06-13	west_asia	saudi_arabia
camel/UAE_B4_2015	mers	MF598596	2015-03-XX	west_asia	united_arab_emirates
camel/Riyadh/Ry178/2015	mers	KT368874	2015-03-XX	west_asia	saudi_arabia
camel/Jeddah/N62(b)/2014	mers	KT368847	2014-11-XX	west_asia	saudi_arabia
camel/UAE_B39_2015	mers	MF598631	2015-03-XX	west_asia	united_arab_emirates
Madinah_1a_2013	mers	KJ156935	2013-09-01	west_asia	saudi_arabia
PREDICT-EHA-156-12-ZG13675	mers	KX285223	2013-06-23	china	china
Al-Hasa_22a_2013	mers	KF600617	2013-05-09	west_asia	saudi_arabia
Riyadh_1340/KSA/2014	mers	KT357812	2014-XX-XX	west_asia	saudi_arabia
MERSCoV/KE290	mers	MG591489	2015-02-15	africa	kenya
Al-Hasa_3_2013	mers	KF186565	2013-04-22	west_asia	saudi_arabia
camel/Jeddah/S94/2014	mers	KT368856	2014-09-XX	west_asia	saudi_arabia
Hu/Riyadh-KSA-039D3T/2016	mers	MG757604	2016-01-31	west_asia	saudi_arabia
MERS-CoV_camel/Burkina_Faso/CIRAD-HKU434/2015	mers	MG923470	2015-02-23	africa	burkina_faso
Hu/Riyadh-KSA-18012493/2018	mers	MK462249	2018-07-09	west_asia	saudi_arabia
Asir_1d_2013	mers	KJ156883	2013-07-02	west_asia	saudi_arabia
Hu/Hufuf-KSA-12124/2015	mers	KT806036	2015-06-02	west_asia	saudi_arabia
Hu/Riyadh-KSA-8683/2017	mers	MG366882	2015-06-07	west_asia	saudi_arabia
Riyadh_2014KSA_683/KSA/2014	mers	KM027262	2014-04-22	west_asia	saudi_arabia
England_1	mers	KC164505	2012-09-11	europe	united_kingdom
Al-Hasa_23d_2013	mers	KJ156923	2013-05-13	west_asia	saudi_arabia
118	mers	MF133457	2015-11-14	africa	sudan
camel/Jeddah/D40/2014	mers	KT368834	2014-12-XX	west_asia	saudi_arabia
camel/UAE_B107_2015	mers	MF598694	2015-03-XX	west_asia	united_arab_emirates
Riyadh_2014KSA_150/KSA/2014	mers	KM027280	2014-XX-XX	west_asia	saudi_arabia
camel/UAE_B49_2015	mers	MF598640	2015-03-XX	west_asia	united_arab_emirates
MERS-CoV/KOR/CNUH_SNU/016_05_2015	mers	KT717696	2015-06-11	japan_korea	south_korea
Al-Hasa_21_2013	mers	KF600634	2013-05-30	west_asia	saudi_arabia
Riyadh_8b_2013	mers	KJ156942	2013-07-17	west_asia	saudi_arabia
Riyadh_2014KSA_693/KSA/2014	mers	KM027291	2014-XX-XX	west_asia	saudi_arabia
Jordan_10_2015	mers	KU233362	2015-XX-XX	west_asia	jordan
Camel/UAE_1B-A_2014	mers	KY581695	2014-06-01	west_asia	united_arab_emirates
HCoV-EMC	mers	JX869059	2012-06-13	west_asia	saudi_arabia
Al-Hasa_22f_2013	mers	KF600621	2013-05-09	west_asia	saudi_arabia
Hu/Jordan-20140010168/2014	mers	KT861627	2014-01-22	west_asia	jordan
Al-Hasa_8d_2013	mers	KF600635	2013-05-01	west_asia	saudi_arabia
UAE-7-2014	mers	KP202193	2014-XX-XX	west_asia	united_arab_emirates
Nigeria-HKU107	mers	KU201956	2015-01-18	africa	nigeria
Al-Hasa_28b_2013	mers	KJ156940	2013-06-22	west_asia	saudi_arabia
Riyadh_15f_2013	mers	KJ156953	2013-08-19	west_asia	saudi_arabia
Al-Hasa_10c_2013	mers	KF600624	2013-05-02	west_asia	saudi_arabia
Jeddah_1_2013	mers	KJ556336	2013-11-06	west_asia	saudi_arabia
Hu/Jeddah-KSA-173RS1101/2017	mers	MK462243	2017-08-01	west_asia	saudi_arabia
MERSCoV/goat/Egypt/3893/2016	mers	MF318502	2016-05-24	africa	egypt
camel/Riyadh/Ry177/2015	mers	KT368873	2015-03-XX	west_asia	saudi_arabia
camel/UAE_B18_2015	mers	MF598610	2015-03-XX	west_asia	united_arab_emirates
Taif_4a_2013	mers	KJ156886	2013-06-13	west_asia	saudi_arabia
camel/Riyadh/Ry86/2015	mers	KT368879	2015-03-XX	west_asia	saudi_arabia
MERS-CoV/camel/Egypt/NRCE-NC1552/2015	mers	KU942371	2015-08-23	africa	egypt
Al-Ahsa_KSA_Camel_C23	mers	KP966104	2014-05-XX	west_asia	saudi_arabia
ADFCA-HKU7	mers	KT275313	2015-05-09	west_asia	united_arab_emirates
ADFCA-HKU4	mers	KT275309	2015-05-09	west_asia	united_arab_emirates
ADFCA-HKU5	mers	KT275310	2015-05-09	west_asia	united_arab_emirates
Taif_3e_2013	mers	KJ156921	2013-06-13	west_asia	saudi_arabia
ADFCA-HKU3	mers	KT275308	2015-05-09	west_asia	united_arab_emirates
ADFCA-HKU1	mers	KT275306	2015-05-09	west_asia	united_arab_emirates
Hu/Hufuf-KSA-11876/2015	mers	KT806034	2015-05-29	west_asia	saudi_arabia
Al-Hasa_28d_2013	mers	KJ156893	2013-06-22	west_asia	saudi_arabia
Riyadh_2014KSA_345/KSA/2014	mers	KM027284	2014-XX-XX	west_asia	saudi_arabia
camel/UAE_415915_W4_2015	mers	MF598718	2015-04-XX	west_asia	united_arab_emirates
camel/UAE_B108_2015	mers	MF598695	2015-03-XX	west_asia	united_arab_emirates
Hu/Makkah-KSA-907/2015	mers	KT806015	2015-04-13	west_asia	saudi_arabia
Hu/Buraydah-KSA-3319/2015	mers	KT806001	2015-02-13	west_asia	saudi_arabia
camel/UAE_B14_2015	mers	MF598606	2015-03-XX	west_asia	united_arab_emirates
Hu/UAE_003_2013	mers	KY673143	2013-07-12	west_asia	united_arab_emirates
Nigeria-HKU004	mers	KU201953	2015-01-13	africa	nigeria
Nigeria-HKU006	mers	KU201954	2015-01-13	africa	nigeria
camel/UAE_414486_W3_2015	mers	MF598705	2015-04-XX	west_asia	united_arab_emirates
Hu/Jordan-12642/2015	mers	MF741826	2015-08-25	west_asia	jordan
Egypt-NC2603/2015	mers	KX425843	2015-XX-XX	africa	egypt
Essen	mers	KC875821	2012-XX-XX	west_asia	qatar
camel/Jeddah/D45/2014	mers	KT368837	2014-12-XX	west_asia	saudi_arabia
MERSCoV/cattle/Egypt/2257/2015	mers	MF318499	2015-11-17	africa	egypt
Al-Hasa_7a_2013	mers	KF600655	2013-05-01	west_asia	saudi_arabia
Netherlands_2_2014	mers	KJ858495	2014-05-14	europe	netherlands
Abu_Dhabi_UAE_16_2014	mers	KP209308	2014-04-10	west_asia	united_arab_emirates
Hafr-Al-Batin_4d_2013	mers	KJ156861	2013-08-25	west_asia	saudi_arabia
MERS-CoV/KOR/KNIH/001_05_2015	mers	KT001382	2015-05-19	japan_korea	south_korea
camel/Jeddah/Jd87/2015	mers	KT368864	2015-01-XX	west_asia	saudi_arabia
camel/UAE_B68_2015	mers	MF598658	2015-03-XX	west_asia	united_arab_emirates
Hu/Riyadh-KSA-10150/2015	mers	KT806019	2015-05-09	west_asia	saudi_arabia
KSA_Riyadh-24	mers	KX960124	2015-08-01	west_asia	saudi_arabia
camel/UAE_B59_2015	mers	MF598649	2015-03-XX	west_asia	united_arab_emirates
Jeddah_C7773/KSA/2014	mers	KM027270	2014-XX-XX	west_asia	saudi_arabia
camel/MERS/Amibara/126/2017	mers	MK564475	2017-08-24	africa	ethiopia
Hu/Buraydah-KSA-3818/2015	mers	KT806006	2015-02-28	west_asia	saudi_arabia
camel/UAE_B103_2015	mers	MF598690	2015-03-XX	west_asia	united_arab_emirates
MERS-CoV/KOR/CNUH_SNU/054_06_2015	mers	KT868871	2015-06-09	japan_korea	south_korea
PREDICT-OTBA03-20130220	mers	KX285225	2013-02-19	africa	uganda
Riyadh_8a_2013	mers	KJ156880	2013-07-17	west_asia	saudi_arabia
Riyadh_1175/KSA/2014	mers	KT357810	2014-XX-XX	west_asia	saudi_arabia
Hu/Hufuf-KSA-11080/2015	mers	KT805987	2015-05-12	west_asia	saudi_arabia
Riyadh_2014KSA_059/KSA/2014	mers	KM027279	2014-XX-XX	west_asia	saudi_arabia
Hu/Oman_261_2015	mers	KY688116	2015-01-16	west_asia	oman
Hu/Riyadh-KSA-3065/2015	mers	KT806050	2015-02-12	west_asia	saudi_arabia
Hu/Riyadh-KSA-18014504/2018	mers	MK462255	2018-09-15	west_asia	saudi_arabia
Hu/Makkah-KSA-728/2015	mers	KT806013	2015-04-04	west_asia	saudi_arabia
MERS-CoV_camel/Kenya/C1272/2018	mers	MH734115	2018-03-13	africa	kenya
Hu/Riyadh-KSA-9693/2017	mers	MG912603	2017-06-12	west_asia	saudi_arabia
camel/Jeddah/D92/2014	mers	KT368845	2014-12-XX	west_asia	saudi_arabia
Riyadh_688/KSA/2014	mers	KT357803	2014-XX-XX	west_asia	saudi_arabia
Al-Hasa_17_2013	mers	KF600647	2013-05-15	west_asia	saudi_arabia
Camel/UAE/D1164.14/2014	mers	KP719930	2014-06-XX	west_asia	united_arab_emirates
Abudhabi-9	mers	KT828669	2014-06-XX	west_asia	united_arab_emirates
MERS-CoV/Egypt-NC2380/2015	mers	KX710315	2015-12-XX	africa	egypt
camel/Taif/T89/2015	mers	KT368885	2015-04-XX	west_asia	saudi_arabia
camel/UAE_B72_2015	mers	MF598662	2015-03-XX	west_asia	united_arab_emirates
Hu/Riyadh-KSA-16117/2015	mers	KU851862	2015-08-24	west_asia	saudi_arabia
camel/UAE_B40_2015	mers	MF598632	2015-03-XX	west_asia	united_arab_emirates
Abudhabi-3	mers	KT828666	2014-06-XX	west_asia	united_arab_emirates
Abudhabi-5	mers	KT828667	2014-06-XX	west_asia	united_arab_emirates
Al-Hasa_23b_2013	mers	KJ156894	2013-05-13	west_asia	saudi_arabia
Abudhabi-6	mers	KT828668	2014-06-XX	west_asia	united_arab_emirates
camel/Jeddah/D50(b)/2014	mers	KT368842	2014-12-XX	west_asia	saudi_arabia
Jeddah_C8826/KSA/2014-04-12	mers	KM027258	2014-04-12	west_asia	saudi_arabia
Greece-Saudi_Arabia_2014	mers	KJ782550	2014-04-18	europe	greece
Asir_2b_2013	mers	KJ156899	2013-08-05	west_asia	saudi_arabia
Hu/Jordan-201440011246/2014	mers	KT861633	2014-05-04	west_asia	jordan
Egypt/Giza-3/2018	mers	MH184776	2018-XX-XX	africa	egypt
Jordan/camel/08/2016	mers	KX443663	2016-05-18	west_asia	jordan
Al-Hasa_13e_2013	mers	KF600640	2013-05-07	west_asia	saudi_arabia
Riyadh_2014KSA_166/KSA/2014	mers	KM027282	2014-XX-XX	west_asia	saudi_arabia
Jordan/camel/17/2016	mers	KX443666	2016-05-18	west_asia	jordan
Hu/Riyadh-KSA-8667/2017	mers	MG912599	2017-06-07	west_asia	saudi_arabia
Hu/Northern-KSA-1847784/2018	mers	MK462251	2018-07-18	west_asia	saudi_arabia
Jordan/camel/44/2016	mers	KX443677	2016-05-19	west_asia	jordan
MERS-CoV/camel/Egypt/NRCE-NC747/2015	mers	KU942362	2015-04-01	africa	egypt
Riyadh_5_2013	mers	KJ156944	2013-07-02	west_asia	saudi_arabia
MERS-CoV/camel/Egypt/NRCE-NC755/2015	mers	KU942365	2015-04-01	africa	egypt
NL13845	mers	MG021451	2013-07-17	china	china
camel/UAE_B76_2015	mers	MF598666	2015-03-XX	west_asia	united_arab_emirates
UAE-12-2014	mers	KP202210	2014-XX-XX	west_asia	united_arab_emirates
Jeddah_C7209/KSA/2014	mers	KM027264	2014-XX-XX	west_asia	saudi_arabia
MERS-CoV/KOR/KNIH/005_05_2015	mers	KT001386	2015-05-26	japan_korea	south_korea
2363	mers	MH395139	2016-12-04	west_asia	saudi_arabia
Hu/Jordan-12716/2015	mers	MF741829	2015-08-30	west_asia	jordan
Al-Hasa_13c_2013	mers	KF600637	2013-05-07	west_asia	saudi_arabia
Hu/Riyadh-KSA-21891/2016	mers	MG011356	2016-07-12	west_asia	saudi_arabia
Hu/Riyadh-KSA-16849/2016	mers	MG011350	2016-04-04	west_asia	saudi_arabia
Al-Hasa_23c_2013	mers	KJ156929	2013-05-13	west_asia	saudi_arabia
camel/Riyadh/Ry173/2015	mers	KT368872	2015-03-XX	west_asia	saudi_arabia
Riyadh_578/KSA/2014	mers	KT357795	2014-XX-XX	west_asia	saudi_arabia
Madinah_1b_2013	mers	KJ156904	2013-09-01	west_asia	saudi_arabia
Riyadh_2014KSA_686/KSA/2014	mers	KM027290	2014-XX-XX	west_asia	saudi_arabia
Al-Hasa_10e_2013	mers	KF600614	2013-05-02	west_asia	saudi_arabia
MERS-CoV/camel/Egypt/NRCE-NC739/2015	mers	KU942359	2015-04-01	africa	egypt
camel/UAE_414498_W3_2015	mers	MF598701	2015-04-XX	west_asia	united_arab_emirates
156	mers	KY794403	2015-XX-XX	africa	sudan
Riyadh_1158/KSA/2014	mers	KT357806	2014-XX-XX	west_asia	saudi_arabia
Jordan/camel/31/2016	mers	KX443672	2016-05-19	west_asia	jordan
camel/UAE_B21_2015	mers	MF598613	2015-03-XX	west_asia	united_arab_emirates
Hu/Riyadh-KSA-8882/2017	mers	MG912600	2017-06-08	west_asia	saudi_arabia
Bat-CoV/P.khulii/Italy/206645-63/2011	mers	MG596803	2011-XX-XX	europe	italy
Hu/Riyadh-KSA-C20807/2015	mers	KT805973	2015-02-06	west_asia	saudi_arabia
camel/Jeddah/D33(b)/2014	mers	KT368829	2014-12-XX	west_asia	saudi_arabia
ChinaGD01_variant_1	mers	KT036373	2015-05-28	china	china
MERS-CoV/camel/Egypt/NRCE-NC1162/2015	mers	KU942373	2015-05-14	africa	egypt
camel/Jeddah/O30/2014	mers	KT368851	2014-10-XX	west_asia	saudi_arabia
Hu/Riyadh-KSA-8677/2017	mers	MG366881	2015-06-07	west_asia	saudi_arabia
Riyadh_6a_2013	mers	KJ156879	2013-07-02	west_asia	saudi_arabia
Hu/Taif,KSA-6047/2014	mers	KR912187	2014-11-28	west_asia	saudi_arabia
Hu/Hufuf-KSA-11150/2015	mers	KT805989	2015-05-13	west_asia	saudi_arabia
MERS_IQ.7	mers	KX150499	2016-02-20	west_asia	iraq
MERS_IQ.6	mers	KX150498	2016-02-20	west_asia	iraq
MERS_IQ.5	mers	KX150497	2016-02-20	west_asia	iraq
MERS_IQ.4	mers	KX150496	2016-02-20	west_asia	iraq
MERS_IQ.3	mers	KX150502	2016-02-20	west_asia	iraq
MERS_IQ.2	mers	KX150501	2016-02-20	west_asia	iraq
KFU-HKU_1	mers	KJ650297	2013-11-30	west_asia	saudi_arabia
D1271/15	mers	KX108945	2015-05-29	west_asia	united_arab_emirates
camel/UAE_B44_2015	mers	MF598635	2015-03-XX	west_asia	united_arab_emirates
MERS_IQ.9	mers	KX150504	2016-02-20	west_asia	iraq
MERS_IQ.8	mers	KX150503	2016-02-20	west_asia	iraq
HafrAlBatin_696/KSA/2014	mers	KT357805	2014-XX-XX	west_asia	saudi_arabia
Camel/UAE/D1164.11/2014	mers	KP719929	2014-06-XX	west_asia	united_arab_emirates
camel/UAE_B37_2015	mers	MF598629	2015-03-XX	west_asia	united_arab_emirates
camel/MERS/Amibara/118/2017	mers	MK564474	2017-08-24	africa	ethiopia
camel/UAE_B17_2015	mers	MF598609	2015-03-XX	west_asia	united_arab_emirates
Riyadh_1168/KSA/2014	mers	KT357798	2014-XX-XX	west_asia	saudi_arabia
Hu/Buraydah-KSA-2937/2015	mers	KT805981	2015-02-10	west_asia	saudi_arabia
Al-Hasa_22b_2013	mers	KF600625	2013-05-09	west_asia	saudi_arabia
Hu/Buqayq-KSA-11012/2015	mers	KT805988	2015-05-10	west_asia	saudi_arabia
Abu_Dhabi/Gayathi_UAE_2_2014	mers	KP209310	2014-03-07	west_asia	united_arab_emirates
Hu/Hufuf-KSA-8271/2015	mers	KT805985	2015-03-07	west_asia	saudi_arabia
camel/Taif/T98/2015	mers	KT368888	2015-04-XX	west_asia	saudi_arabia
Jordan_3_2015	mers	KU233367	2015-XX-XX	west_asia	jordan
Jordan-N3/2012	mers	KC776174	2012-04-XX	west_asia	jordan
camel/UAE_B53_2015	mers	MF598644	2015-03-XX	west_asia	united_arab_emirates
camel/UAE_B78_2015	mers	MF598668	2015-03-XX	west_asia	united_arab_emirates
camel/UAE_B88_2015	mers	MF598678	2015-03-XX	west_asia	united_arab_emirates
UAE-4-2014	mers	KP202215	2014-XX-XX	west_asia	united_arab_emirates
MERS-CoV/KOR/KNIH/003_05_2015	mers	KT001391	2015-05-20	japan_korea	south_korea
Bat-CoV/H.savii/Italy/206645-40/2011	mers	MG596802	2011-XX-XX	europe	italy
camel/UAE_B83_2015	mers	MF598673	2015-03-XX	west_asia	united_arab_emirates
125	mers	KY794401	2015-XX-XX	africa	sudan
82769-Kerman	mers	KM044034	2014-05-17	west_asia	iran
MERS-CoV/Egypt-NC2586/2015	mers	KX710316	2015-12-XX	africa	egypt
Riyadh_10b_2013	mers	KJ156936	2013-08-05	west_asia	saudi_arabia
MERS-CoV/KOR/CNUH_SNU/038_06_2015	mers	KT717701	2015-06-10	japan_korea	south_korea
Jordan_6_2015	mers	KU233370	2015-XX-XX	west_asia	jordan
Hu/Riyadh-KSA-023D1N/2015	mers	MG520075	2015-10-13	west_asia	saudi_arabia
MERS-CoV_camel/Burkina_Faso/CIRAD-HKU785/2015	mers	MG923471	2015-03-18	africa	burkina_faso
camel/Jeddah/D34/2014	mers	KT368830	2014-12-XX	west_asia	saudi_arabia
MERS-CoV_camel/Nigeria/NS004/2015	mers	MG923472	2015-01-13	africa	nigeria
Hu/Riyadh-KSA-7244/2015	mers	KT806011	2015-03-25	west_asia	saudi_arabia
Hu/Riyadh-KSA-012D1S/2015	mers	MG757600	2015-09-01	west_asia	saudi_arabia
KSA_356	mers	KJ396762	2013-11-XX	west_asia	saudi_arabia
Hu/Hufuf-KSA-11767/2015	mers	KT806031	2015-05-27	west_asia	saudi_arabia
camel/UAE_414500_W4_2015	mers	MF598714	2015-04-XX	west_asia	united_arab_emirates
Taif_3f_2013	mers	KJ156915	2013-06-13	west_asia	saudi_arabia
camel/UAE_B110_2015	mers	MF598697	2015-03-XX	west_asia	united_arab_emirates
