{
  "title": "Real-time tracking of influenza A/H7N9 evolution",
  "maintainers": [
    {"name": "Louise Moncla", "url": "http://bedford.io/team/louise-moncla/"}
  ],
  "build_url": "https://github.com/nextstrain/avian-flu",  
  "colorings": [
    {
      "key": "gt",
      "title": "Genotype",
      "type": "categorical"
    },
    {
      "key": "num_date",
      "title": "Date",
      "type": "continuous"
    },
    {
      "key": "country",
      "title": "Country",
      "type": "categorical"
    },
    {
      "key": "division",
      "title": "Division",
      "type": "categorical"
    },
    {
      "key": "host",
      "title": "Host",
      "type": "categorical"
    },
    {
      "key": "submitting_lab",
      "title": "Submitting lab",
      "type": "categorical"
    },
    {
      "key": "originating_lab",
      "title": "Originating lab",
      "type": "categorical"
    }
  ],
  "geo_resolutions": [
    "country",
    "division"
  ],
  "display_defaults": {
    "map_triplicate": true,
    "color_by": "division",
    "geo_resolution": "division"
  },
  "filters": [
    "host",
    "country",
    "division",
    "submitting_lab"
  ]
}
