{
  "colorings": [
    {
      "key": "location",
      "title": "Location",
      "type": "categorical"
    },
    {
      "key": "division",
      "title": "Admin Division",
      "type": "categorical"
    },
    {
      "key": "country",
      "title": "Country",
      "type": "categorical"
    },
    {
      "key": "region",
      "title": "Region",
      "type": "categorical"
    },
    {
      "key": "host",
      "title": "Host",
      "type": "categorical"
    },
    {
      "key": "age",
      "title": "Age",
      "type": "continuous"
    },
    {
      "key": "sex",
      "title": "Sex",
      "type": "categorical"
    },
    {
      "key": "author",
      "title": "Authors",
      "type": "categorical"
    },
    {
      "key": "originating_lab",
      "title": "Originating Lab",
      "type": "categorical"
    },
    {
      "key": "submitting_lab",
      "title": "Submitting Lab",
      "type": "categorical"
    },
    {
      "key": "recency",
      "title": "Submission Date",
      "type": "categorical"
    },
    {
      "key": "gisaid_epi_isl",
      "type": "categorical"
    },
    {
      "key": "genbank_accession",
      "type": "categorical"
    },
    {
      "key": "country_exposure",
      "title": "Exposure History",
      "type": "categorical"
    }
  ],
  "geo_resolutions": [
    "location",
    "division",
    "country"
  ],
  "display_defaults": {
    "color_by": "country",
    "distance_measure": "num_date",
    "geo_resolution": "country",
    "map_triplicate": true,
    "branch_label": "none"
  },
  "filters": [
    "recency",
    "location",
    "division",
    "country",
    "region",
    "host",
    "author",
    "originating_lab",
    "submitting_lab"
  ],
  "panels": [
    "tree",
    "map",
    "entropy"
  ]
}
