{
  "annotations": {
    "nuc": {
      "end": 234,
      "seqid": "config/nl63_envelope_reference.gb",
      "start": 1,
      "strand": "+",
      "type": "source"
    }
  },
  "generated_by": {
    "program": "augur",
    "version": "6.4.1"
  },
  "nodes": {
    "CBJ123": {
      "aa_muts": {}
    },
    "CBJ_037": {
      "aa_muts": {}
    },
    "CN0601/14": {
      "aa_muts": {}
    },
    "ChinaGD02": {
      "aa_muts": {}
    },
    "ChinaGD03": {
      "aa_muts": {}
    },
    "ChinaGD04": {
      "aa_muts": {}
    },
    "ChinaGD05": {
      "aa_muts": {}
    },
    "HCoV_NL63/Haiti_1/2015": {
      "aa_muts": {}
    },
    "HCoV_NL63/Seattle/USA/SC0179/2018": {
      "aa_muts": {}
    },
    "HCoV_NL63/Seattle/USA/SC0768/2019": {
      "aa_muts": {}
    },
    "HCoV_NL63/Seattle/USA/SC2940/2015": {
      "aa_muts": {}
    },
    "Kilifi_HH_0511_01_Jun_2010": {
      "aa_muts": {}
    },
    "Kilifi_HH_0512_04_Jun_2010": {
      "aa_muts": {}
    },
    "Kilifi_HH_0522_21_May_2010": {
      "aa_muts": {}
    },
    "Kilifi_HH_1602_01_Jun_2010": {
      "aa_muts": {}
    },
    "Kilifi_HH_3807_11_May_2010": {
      "aa_muts": {}
    },
    "Kilifi_HH_3808_24_May_2010": {
      "aa_muts": {}
    },
    "Kilifi_HH_5401_20_May_2010": {
      "aa_muts": {}
    },
    "Kilifi_HH_5402_20_May_2010": {
      "aa_muts": {}
    },
    "Kilifi_HH_5709_19_May_2010": {
      "aa_muts": {}
    },
    "N06_1144B": {
      "aa_muts": {}
    },
    "N07_185B": {
      "aa_muts": {}
    },
    "N07_196B": {
      "aa_muts": {}
    },
    "N07_262B": {
      "aa_muts": {}
    },
    "N07_324B_182X": {
      "aa_muts": {}
    },
    "N07_468B_176X": {
      "aa_muts": {}
    },
    "N07_64B": {
      "aa_muts": {}
    },
    "N07_6B": {
      "aa_muts": {}
    },
    "NL63/DEN/2005/1062": {
      "aa_muts": {}
    },
    "NL63/DEN/2005/1120": {
      "aa_muts": {}
    },
    "NL63/DEN/2005/1862": {
      "aa_muts": {}
    },
    "NL63/DEN/2005/1876": {
      "aa_muts": {}
    },
    "NL63/DEN/2005/193": {
      "aa_muts": {}
    },
    "NL63/DEN/2005/232": {
      "aa_muts": {}
    },
    "NL63/DEN/2005/235": {
      "aa_muts": {}
    },
    "NL63/DEN/2005/271": {
      "aa_muts": {}
    },
    "NL63/DEN/2005/291": {
      "aa_muts": {}
    },
    "NL63/DEN/2005/347": {
      "aa_muts": {}
    },
    "NL63/DEN/2005/449": {
      "aa_muts": {}
    },
    "NL63/DEN/2008/16": {
      "aa_muts": {}
    },
    "NL63/DEN/2009/14": {
      "aa_muts": {}
    },
    "NL63/DEN/2009/15": {
      "aa_muts": {}
    },
    "NL63/DEN/2009/20": {
      "aa_muts": {}
    },
    "NL63/DEN/2009/22": {
      "aa_muts": {}
    },
    "NL63/DEN/2009/31": {
      "aa_muts": {}
    },
    "NL63/DEN/2009/6": {
      "aa_muts": {}
    },
    "NL63/DEN/2009/9": {
      "aa_muts": {}
    },
    "NL63/RPTEC/2004": {
      "aa_muts": {}
    },
    "NL63/UF_1/2015": {
      "aa_muts": {}
    },
    "NL63/UF_2/2015": {
      "aa_muts": {}
    },
    "NL63/human/USA/0111_25/2001": {
      "aa_muts": {}
    },
    "NL63/human/USA/012_31/2001": {
      "aa_muts": {}
    },
    "NL63/human/USA/838_9/1983": {
      "aa_muts": {}
    },
    "NL63/human/USA/8712_17/1987": {
      "aa_muts": {}
    },
    "NL63/human/USA/891_4/1989": {
      "aa_muts": {}
    },
    "NL63/human/USA/891_6/1989": {
      "aa_muts": {}
    },
    "NL63/human/USA/901_24/1990": {
      "aa_muts": {}
    },
    "NL63/human/USA/903_28/1990": {
      "aa_muts": {}
    },
    "NL63/human/USA/904_20/1990": {
      "aa_muts": {}
    },
    "NL63/human/USA/905_25/1990": {
      "aa_muts": {}
    },
    "NL63/human/USA/911_56/1991": {
      "aa_muts": {}
    },
    "NL63_KLF_01_2018": {
      "aa_muts": {}
    },
    "NODE_0000000": {
      "aa_muts": {},
      "aa_sequences": {}
    },
    "NODE_0000003": {
      "aa_muts": {}
    },
    "NODE_0000004": {
      "aa_muts": {}
    },
    "NODE_0000005": {
      "aa_muts": {}
    },
    "NODE_0000006": {
      "aa_muts": {}
    },
    "NODE_0000007": {
      "aa_muts": {}
    },
    "NODE_0000008": {
      "aa_muts": {}
    },
    "NODE_0000009": {
      "aa_muts": {}
    },
    "NODE_0000010": {
      "aa_muts": {}
    },
    "NODE_0000011": {
      "aa_muts": {}
    },
    "NODE_0000012": {
      "aa_muts": {}
    },
    "NODE_0000013": {
      "aa_muts": {}
    },
    "NODE_0000014": {
      "aa_muts": {}
    },
    "NODE_0000015": {
      "aa_muts": {}
    },
    "NODE_0000016": {
      "aa_muts": {}
    },
    "NODE_0000017": {
      "aa_muts": {}
    },
    "NODE_0000018": {
      "aa_muts": {}
    },
    "NODE_0000019": {
      "aa_muts": {}
    },
    "NODE_0000022": {
      "aa_muts": {}
    },
    "NODE_0000023": {
      "aa_muts": {}
    },
    "NODE_0000024": {
      "aa_muts": {}
    },
    "NODE_0000025": {
      "aa_muts": {}
    },
    "NODE_0000026": {
      "aa_muts": {}
    },
    "NODE_0000027": {
      "aa_muts": {}
    },
    "NODE_0000028": {
      "aa_muts": {}
    },
    "NODE_0000029": {
      "aa_muts": {}
    },
    "NODE_0000030": {
      "aa_muts": {}
    },
    "NODE_0000031": {
      "aa_muts": {}
    },
    "NODE_0000032": {
      "aa_muts": {}
    },
    "NODE_0000033": {
      "aa_muts": {}
    },
    "NODE_0000034": {
      "aa_muts": {}
    },
    "NODE_0000035": {
      "aa_muts": {}
    },
    "NODE_0000036": {
      "aa_muts": {}
    },
    "NODE_0000037": {
      "aa_muts": {}
    },
    "NODE_0000038": {
      "aa_muts": {}
    },
    "NODE_0000039": {
      "aa_muts": {}
    },
    "NODE_0000040": {
      "aa_muts": {}
    },
    "NODE_0000041": {
      "aa_muts": {}
    },
    "NODE_0000042": {
      "aa_muts": {}
    },
    "NODE_0000043": {
      "aa_muts": {}
    },
    "NODE_0000044": {
      "aa_muts": {}
    },
    "NODE_0000045": {
      "aa_muts": {}
    },
    "NODE_0000046": {
      "aa_muts": {}
    },
    "NODE_0000047": {
      "aa_muts": {}
    },
    "NODE_0000048": {
      "aa_muts": {}
    },
    "NODE_0000049": {
      "aa_muts": {}
    },
    "NODE_0000050": {
      "aa_muts": {}
    },
    "NODE_0000051": {
      "aa_muts": {}
    },
    "NODE_0000052": {
      "aa_muts": {}
    },
    "NODE_0000053": {
      "aa_muts": {}
    },
    "NODE_0000054": {
      "aa_muts": {}
    },
    "NODE_0000055": {
      "aa_muts": {}
    },
    "NODE_0000056": {
      "aa_muts": {}
    },
    "NODE_0000057": {
      "aa_muts": {}
    },
    "NODE_0000058": {
      "aa_muts": {}
    },
    "NODE_0000059": {
      "aa_muts": {}
    },
    "NODE_0000061": {
      "aa_muts": {}
    }
  },
  "reference": {}
}