{
  "annotations": {
    "nuc": {
      "end": 4071,
      "seqid": "config/nl63_spike_reference.gb",
      "start": 1,
      "strand": "+",
      "type": "source"
    }
  },
  "generated_by": {
    "program": "augur",
    "version": "6.4.1"
  },
  "nodes": {
    "1014A_2008": {
      "aa_muts": {}
    },
    "1023A_2008": {
      "aa_muts": {}
    },
    "1093A_2008": {
      "aa_muts": {}
    },
    "180A_2007": {
      "aa_muts": {}
    },
    "188A_2007": {
      "aa_muts": {}
    },
    "197A_2007": {
      "aa_muts": {}
    },
    "2093A_2010": {
      "aa_muts": {}
    },
    "225A_2007": {
      "aa_muts": {}
    },
    "236A_2007": {
      "aa_muts": {}
    },
    "277A_2007": {
      "aa_muts": {}
    },
    "374A_2007": {
      "aa_muts": {}
    },
    "909A_2008": {
      "aa_muts": {}
    },
    "930A_2008": {
      "aa_muts": {}
    },
    "940A_2008": {
      "aa_muts": {}
    },
    "945A_2008": {
      "aa_muts": {}
    },
    "954A_2008": {
      "aa_muts": {}
    },
    "971A_2008": {
      "aa_muts": {}
    },
    "990A_2008": {
      "aa_muts": {}
    },
    "996A_2008": {
      "aa_muts": {}
    },
    "CBJ123": {
      "aa_muts": {}
    },
    "CBJ_037": {
      "aa_muts": {}
    },
    "CN0601/14": {
      "aa_muts": {}
    },
    "ChinaGD01": {
      "aa_muts": {}
    },
    "ChinaGD02": {
      "aa_muts": {}
    },
    "ChinaGD03": {
      "aa_muts": {}
    },
    "ChinaGD04": {
      "aa_muts": {}
    },
    "ChinaGD05": {
      "aa_muts": {}
    },
    "HCoVNL63/Tokyo/SGH_15/2017": {
      "aa_muts": {}
    },
    "HCoVNL63/Tokyo/SGH_18/2018": {
      "aa_muts": {}
    },
    "HCoVNL63/Tokyo/SGH_24/2018": {
      "aa_muts": {}
    },
    "HCoV_NL63/Haiti_1/2015": {
      "aa_muts": {}
    },
    "HCoV_NL63/Seattle/USA/SC0179/2018": {
      "aa_muts": {}
    },
    "HCoV_NL63/Seattle/USA/SC0768/2019": {
      "aa_muts": {}
    },
    "HCoV_NL63/Seattle/USA/SC2940/2015": {
      "aa_muts": {}
    },
    "Kilifi/HH/0503/04_Jun_2010": {
      "aa_muts": {}
    },
    "Kilifi/HH/0511/01_Jun_2010": {
      "aa_muts": {}
    },
    "Kilifi/HH/0512/04_Jun_2010": {
      "aa_muts": {}
    },
    "Kilifi/HH/0522/21_May_2010": {
      "aa_muts": {}
    },
    "Kilifi/HH/1612/18_May_2010": {
      "aa_muts": {}
    },
    "Kilifi/HH/3807/11_May_2010": {
      "aa_muts": {}
    },
    "Kilifi/HH/3808/24_May_2010": {
      "aa_muts": {}
    },
    "Kilifi/HH/5401/20_May_2010": {
      "aa_muts": {}
    },
    "Kilifi/HH/5402/20_May_2010": {
      "aa_muts": {}
    },
    "Kilifi/HH/5405/15_May_2010": {
      "aa_muts": {}
    },
    "Kilifi/HH/5709/19_May_2010": {
      "aa_muts": {}
    },
    "Kilifi/IP/001/18_Mar_2008": {
      "aa_muts": {}
    },
    "Kilifi/IP/002/14_May_2010": {
      "aa_muts": {}
    },
    "Kilifi/IP/003/20_May_2010": {
      "aa_muts": {}
    },
    "Kilifi/IP/004/20_Jun_2010": {
      "aa_muts": {}
    },
    "Kilifi/IP/005/09_Aug_2010": {
      "aa_muts": {}
    },
    "Kilifi/IP/006/28_Mar_2011": {
      "aa_muts": {}
    },
    "Kilifi/IP/007/30_Mar_2011": {
      "aa_muts": {}
    },
    "Kilifi/IP/008/12_May_2011": {
      "aa_muts": {}
    },
    "Kilifi/IP/009/20_May_2011": {
      "aa_muts": {}
    },
    "Kilifi/IP/010/06_Jun_2011": {
      "aa_muts": {}
    },
    "Kilifi/IP/011/26_Jul_2011": {
      "aa_muts": {}
    },
    "Kilifi/IP/012/15_Jun_2012": {
      "aa_muts": {}
    },
    "Kilifi/IP/013/27_Jul_2012": {
      "aa_muts": {}
    },
    "Kilifi/IP/014/21_Aug_2012": {
      "aa_muts": {}
    },
    "Kilifi/IP/015/19_Nov_2012": {
      "aa_muts": {}
    },
    "Kilifi/IP/016/08_Apr_2013": {
      "aa_muts": {}
    },
    "Kilifi/IP/017/12_Apr_2013": {
      "aa_muts": {}
    },
    "Kilifi/IP/018/03_May_2013": {
      "aa_muts": {}
    },
    "Kilifi/IP/019/04_May_2013": {
      "aa_muts": {}
    },
    "Kilifi/IP/020/25_May_2013": {
      "aa_muts": {}
    },
    "Kilifi/IP/021/26_May_2013": {
      "aa_muts": {}
    },
    "Kilifi/IP/022/17_Jun_2013": {
      "aa_muts": {}
    },
    "Kilifi/IP/023/18_Jun_2013": {
      "aa_muts": {}
    },
    "Kilifi/IP/024/09_Dec_2013": {
      "aa_muts": {}
    },
    "Kilifi/IP/025/21_Jan_2014": {
      "aa_muts": {}
    },
    "Kilifi/IP/026/24_Jan_2014": {
      "aa_muts": {}
    },
    "Kilifi/IP/027/26_Jan_2014": {
      "aa_muts": {}
    },
    "Kilifi/IP/028/21_Feb_2014": {
      "aa_muts": {}
    },
    "Kilifi/IP/029/27_May_2014": {
      "aa_muts": {}
    },
    "Kilifi_HH_0511_01_Jun_2010": {
      "aa_muts": {}
    },
    "Kilifi_HH_0512_04_Jun_2010": {
      "aa_muts": {}
    },
    "Kilifi_HH_0522_21_May_2010": {
      "aa_muts": {}
    },
    "Kilifi_HH_1602_01_Jun_2010": {
      "aa_muts": {}
    },
    "Kilifi_HH_3807_11_May_2010": {
      "aa_muts": {}
    },
    "Kilifi_HH_3808_24_May_2010": {
      "aa_muts": {}
    },
    "Kilifi_HH_5401_20_May_2010": {
      "aa_muts": {}
    },
    "Kilifi_HH_5402_20_May_2010": {
      "aa_muts": {}
    },
    "Kilifi_HH_5709_19_May_2010": {
      "aa_muts": {}
    },
    "N06_1144B": {
      "aa_muts": {}
    },
    "N07_185B": {
      "aa_muts": {}
    },
    "N07_196B": {
      "aa_muts": {}
    },
    "N07_262B": {
      "aa_muts": {}
    },
    "N07_324B_182X": {
      "aa_muts": {}
    },
    "N07_468B_176X": {
      "aa_muts": {}
    },
    "N07_64B": {
      "aa_muts": {}
    },
    "N07_6B": {
      "aa_muts": {}
    },
    "NL63": {
      "aa_muts": {}
    },
    "NL63/DEN/2005/1062": {
      "aa_muts": {}
    },
    "NL63/DEN/2005/1120": {
      "aa_muts": {}
    },
    "NL63/DEN/2005/1862": {
      "aa_muts": {}
    },
    "NL63/DEN/2005/1876": {
      "aa_muts": {}
    },
    "NL63/DEN/2005/193": {
      "aa_muts": {}
    },
    "NL63/DEN/2005/232": {
      "aa_muts": {}
    },
    "NL63/DEN/2005/235": {
      "aa_muts": {}
    },
    "NL63/DEN/2005/271": {
      "aa_muts": {}
    },
    "NL63/DEN/2005/291": {
      "aa_muts": {}
    },
    "NL63/DEN/2005/347": {
      "aa_muts": {}
    },
    "NL63/DEN/2005/449": {
      "aa_muts": {}
    },
    "NL63/DEN/2008/16": {
      "aa_muts": {}
    },
    "NL63/DEN/2009/14": {
      "aa_muts": {}
    },
    "NL63/DEN/2009/15": {
      "aa_muts": {}
    },
    "NL63/DEN/2009/20": {
      "aa_muts": {}
    },
    "NL63/DEN/2009/22": {
      "aa_muts": {}
    },
    "NL63/DEN/2009/31": {
      "aa_muts": {}
    },
    "NL63/DEN/2009/6": {
      "aa_muts": {}
    },
    "NL63/DEN/2009/9": {
      "aa_muts": {}
    },
    "NL63/DEN/2010/20": {
      "aa_muts": {}
    },
    "NL63/DEN/2010/25": {
      "aa_muts": {}
    },
    "NL63/DEN/2010/28": {
      "aa_muts": {}
    },
    "NL63/DEN/2010/31": {
      "aa_muts": {}
    },
    "NL63/DEN/2010/35": {
      "aa_muts": {}
    },
    "NL63/DEN/2010/36": {
      "aa_muts": {}
    },
    "NL63/FRA_EPI/Caen/2004/01": {
      "aa_muts": {}
    },
    "NL63/FRA_EPI/Caen/2004/02": {
      "aa_muts": {}
    },
    "NL63/FRA_EPI/Caen/2005/03": {
      "aa_muts": {}
    },
    "NL63/FRA_EPI/Caen/2005/04": {
      "aa_muts": {}
    },
    "NL63/FRA_EPI/Caen/2008/05": {
      "aa_muts": {}
    },
    "NL63/FRA_EPI/Caen/2008/06": {
      "aa_muts": {}
    },
    "NL63/FRA_EPI/Caen/2009/07": {
      "aa_muts": {}
    },
    "NL63/FRA_EPI/Caen/2009/08": {
      "aa_muts": {}
    },
    "NL63/FRA_EPI/Caen/2010/09": {
      "aa_muts": {}
    },
    "NL63/FRA_EPI/Caen/2010/10": {
      "aa_muts": {}
    },
    "NL63/FRA_EPI/Caen/2011/11": {
      "aa_muts": {}
    },
    "NL63/FRA_EPI/Caen/2011/12": {
      "aa_muts": {}
    },
    "NL63/FRA_EPI/Caen/2012/13": {
      "aa_muts": {}
    },
    "NL63/FRA_EPI/Caen/2012/14": {
      "aa_muts": {}
    },
    "NL63/FRA_EPI/Caen/2013/15": {
      "aa_muts": {}
    },
    "NL63/FRA_EPI/Caen/2013/16": {
      "aa_muts": {}
    },
    "NL63/FRA_EPI/Caen/2014/17": {
      "aa_muts": {}
    },
    "NL63/FRA_EPI/Caen/2014/18": {
      "aa_muts": {}
    },
    "NL63/FRA_EPI/Caen/2015/19": {
      "aa_muts": {}
    },
    "NL63/FRA_EPI/Caen/2015/20": {
      "aa_muts": {}
    },
    "NL63/Haiti_2/2015": {
      "aa_muts": {}
    },
    "NL63/Haiti_3/2015": {
      "aa_muts": {}
    },
    "NL63/Haiti_4/2015": {
      "aa_muts": {}
    },
    "NL63/RPTEC/2004": {
      "aa_muts": {}
    },
    "NL63/UF_1/2015": {
      "aa_muts": {}
    },
    "NL63/UF_2/2015": {
      "aa_muts": {}
    },
    "NL63/human/USA/0111_25/2001": {
      "aa_muts": {}
    },
    "NL63/human/USA/012_31/2001": {
      "aa_muts": {}
    },
    "NL63/human/USA/838_9/1983": {
      "aa_muts": {}
    },
    "NL63/human/USA/8712_17/1987": {
      "aa_muts": {}
    },
    "NL63/human/USA/891_4/1989": {
      "aa_muts": {}
    },
    "NL63/human/USA/891_6/1989": {
      "aa_muts": {}
    },
    "NL63/human/USA/901_24/1990": {
      "aa_muts": {}
    },
    "NL63/human/USA/903_28/1990": {
      "aa_muts": {}
    },
    "NL63/human/USA/904_20/1990": {
      "aa_muts": {}
    },
    "NL63/human/USA/905_25/1990": {
      "aa_muts": {}
    },
    "NL63/human/USA/911_56/1991": {
      "aa_muts": {}
    },
    "NL63_KLF_01_2018": {
      "aa_muts": {}
    },
    "NODE_0000000": {
      "aa_muts": {}
    },
    "NODE_0000001": {
      "aa_muts": {}
    },
    "NODE_0000002": {
      "aa_muts": {}
    },
    "NODE_0000003": {
      "aa_muts": {}
    },
    "NODE_0000004": {
      "aa_muts": {}
    },
    "NODE_0000005": {
      "aa_muts": {}
    },
    "NODE_0000006": {
      "aa_muts": {}
    },
    "NODE_0000007": {
      "aa_muts": {}
    },
    "NODE_0000008": {
      "aa_muts": {}
    },
    "NODE_0000010": {
      "aa_muts": {}
    },
    "NODE_0000011": {
      "aa_muts": {}
    },
    "NODE_0000012": {
      "aa_muts": {}
    },
    "NODE_0000014": {
      "aa_muts": {}
    },
    "NODE_0000015": {
      "aa_muts": {}
    },
    "NODE_0000016": {
      "aa_muts": {}
    },
    "NODE_0000020": {
      "aa_muts": {}
    },
    "NODE_0000021": {
      "aa_muts": {}
    },
    "NODE_0000023": {
      "aa_muts": {}
    },
    "NODE_0000024": {
      "aa_muts": {}
    },
    "NODE_0000025": {
      "aa_muts": {}
    },
    "NODE_0000026": {
      "aa_muts": {}
    },
    "NODE_0000027": {
      "aa_muts": {}
    },
    "NODE_0000028": {
      "aa_muts": {}
    },
    "NODE_0000029": {
      "aa_muts": {}
    },
    "NODE_0000032": {
      "aa_muts": {}
    },
    "NODE_0000033": {
      "aa_muts": {}
    },
    "NODE_0000034": {
      "aa_muts": {}
    },
    "NODE_0000035": {
      "aa_muts": {}
    },
    "NODE_0000036": {
      "aa_muts": {}
    },
    "NODE_0000037": {
      "aa_muts": {}
    },
    "NODE_0000038": {
      "aa_muts": {}
    },
    "NODE_0000039": {
      "aa_muts": {}
    },
    "NODE_0000040": {
      "aa_muts": {}
    },
    "NODE_0000041": {
      "aa_muts": {}
    },
    "NODE_0000044": {
      "aa_muts": {}
    },
    "NODE_0000045": {
      "aa_muts": {}
    },
    "NODE_0000046": {
      "aa_muts": {}
    },
    "NODE_0000047": {
      "aa_muts": {}
    },
    "NODE_0000048": {
      "aa_muts": {}
    },
    "NODE_0000049": {
      "aa_muts": {}
    },
    "NODE_0000050": {
      "aa_muts": {}
    },
    "NODE_0000051": {
      "aa_muts": {}
    },
    "NODE_0000052": {
      "aa_muts": {}
    },
    "NODE_0000053": {
      "aa_muts": {}
    },
    "NODE_0000054": {
      "aa_muts": {}
    },
    "NODE_0000055": {
      "aa_muts": {}
    },
    "NODE_0000056": {
      "aa_muts": {}
    },
    "NODE_0000057": {
      "aa_muts": {}
    },
    "NODE_0000058": {
      "aa_muts": {}
    },
    "NODE_0000061": {
      "aa_muts": {}
    },
    "NODE_0000062": {
      "aa_muts": {}
    },
    "NODE_0000064": {
      "aa_muts": {}
    },
    "NODE_0000065": {
      "aa_muts": {}
    },
    "NODE_0000066": {
      "aa_muts": {}
    },
    "NODE_0000067": {
      "aa_muts": {}
    },
    "NODE_0000068": {
      "aa_muts": {}
    },
    "NODE_0000069": {
      "aa_muts": {}
    },
    "NODE_0000070": {
      "aa_muts": {}
    },
    "NODE_0000071": {
      "aa_muts": {}
    },
    "NODE_0000072": {
      "aa_muts": {}
    },
    "NODE_0000073": {
      "aa_muts": {}
    },
    "NODE_0000074": {
      "aa_muts": {}
    },
    "NODE_0000075": {
      "aa_muts": {}
    },
    "NODE_0000076": {
      "aa_muts": {}
    },
    "NODE_0000077": {
      "aa_muts": {}
    },
    "NODE_0000078": {
      "aa_muts": {}
    },
    "NODE_0000081": {
      "aa_muts": {}
    },
    "NODE_0000082": {
      "aa_muts": {}
    },
    "NODE_0000083": {
      "aa_muts": {}
    },
    "NODE_0000084": {
      "aa_muts": {}
    },
    "NODE_0000085": {
      "aa_muts": {}
    },
    "NODE_0000086": {
      "aa_muts": {}
    },
    "NODE_0000087": {
      "aa_muts": {}
    },
    "NODE_0000088": {
      "aa_muts": {}
    },
    "NODE_0000089": {
      "aa_muts": {}
    },
    "NODE_0000090": {
      "aa_muts": {}
    },
    "NODE_0000091": {
      "aa_muts": {}
    },
    "NODE_0000092": {
      "aa_muts": {}
    },
    "NODE_0000093": {
      "aa_muts": {}
    },
    "NODE_0000094": {
      "aa_muts": {}
    },
    "NODE_0000095": {
      "aa_muts": {}
    },
    "NODE_0000096": {
      "aa_muts": {}
    },
    "NODE_0000097": {
      "aa_muts": {}
    },
    "NODE_0000098": {
      "aa_muts": {}
    },
    "NODE_0000099": {
      "aa_muts": {}
    },
    "NODE_0000100": {
      "aa_muts": {}
    },
    "NODE_0000101": {
      "aa_muts": {}
    },
    "NODE_0000102": {
      "aa_muts": {}
    },
    "NODE_0000103": {
      "aa_muts": {}
    },
    "NODE_0000104": {
      "aa_muts": {}
    },
    "NODE_0000105": {
      "aa_muts": {}
    },
    "NODE_0000106": {
      "aa_muts": {}
    },
    "NODE_0000107": {
      "aa_muts": {}
    },
    "NODE_0000108": {
      "aa_muts": {}
    },
    "NODE_0000109": {
      "aa_muts": {}
    },
    "NODE_0000110": {
      "aa_muts": {}
    },
    "NODE_0000112": {
      "aa_muts": {}
    },
    "NODE_0000115": {
      "aa_muts": {}
    },
    "NODE_0000116": {
      "aa_muts": {}
    },
    "NODE_0000117": {
      "aa_muts": {},
      "aa_sequences": {}
    },
    "NODE_0000118": {
      "aa_muts": {}
    },
    "NODE_0000119": {
      "aa_muts": {}
    },
    "NODE_0000120": {
      "aa_muts": {}
    },
    "NODE_0000121": {
      "aa_muts": {}
    },
    "NODE_0000122": {
      "aa_muts": {}
    },
    "NODE_0000123": {
      "aa_muts": {}
    },
    "NODE_0000124": {
      "aa_muts": {}
    },
    "NODE_0000125": {
      "aa_muts": {}
    },
    "NODE_0000126": {
      "aa_muts": {}
    },
    "NODE_0000127": {
      "aa_muts": {}
    },
    "NODE_0000128": {
      "aa_muts": {}
    },
    "NODE_0000129": {
      "aa_muts": {}
    },
    "NODE_0000130": {
      "aa_muts": {}
    },
    "NODE_0000131": {
      "aa_muts": {}
    },
    "NODE_0000132": {
      "aa_muts": {}
    },
    "NODE_0000134": {
      "aa_muts": {}
    },
    "NODE_0000135": {
      "aa_muts": {}
    },
    "NODE_0000136": {
      "aa_muts": {}
    },
    "NODE_0000137": {
      "aa_muts": {}
    },
    "NODE_0000138": {
      "aa_muts": {}
    },
    "NODE_0000139": {
      "aa_muts": {}
    },
    "NODE_0000141": {
      "aa_muts": {}
    },
    "NODE_0000142": {
      "aa_muts": {}
    },
    "NODE_0000143": {
      "aa_muts": {}
    },
    "NODE_0000144": {
      "aa_muts": {}
    },
    "NODE_0000145": {
      "aa_muts": {}
    },
    "NODE_0000146": {
      "aa_muts": {}
    },
    "NODE_0000147": {
      "aa_muts": {}
    },
    "NODE_0000148": {
      "aa_muts": {}
    },
    "NODE_0000149": {
      "aa_muts": {}
    },
    "NODE_0000150": {
      "aa_muts": {}
    },
    "NODE_0000151": {
      "aa_muts": {}
    },
    "NODE_0000152": {
      "aa_muts": {}
    },
    "NODE_0000153": {
      "aa_muts": {}
    },
    "NODE_0000154": {
      "aa_muts": {}
    },
    "NODE_0000155": {
      "aa_muts": {}
    },
    "NODE_0000156": {
      "aa_muts": {}
    },
    "NODE_0000157": {
      "aa_muts": {}
    },
    "NODE_0000158": {
      "aa_muts": {}
    },
    "NODE_0000162": {
      "aa_muts": {}
    },
    "NODE_0000163": {
      "aa_muts": {}
    },
    "NODE_0000164": {
      "aa_muts": {}
    },
    "NODE_0000179": {
      "aa_muts": {}
    },
    "NODE_0000196": {
      "aa_muts": {}
    }
  },
  "reference": {}
}