{
  "alignment": "results/aligned_nl63_protein3.fasta",
  "clock": {
    "intercept": 0.2954422507703641,
    "rate": 7.998869444792276e-05,
    "rtt_Tmrca": -3693.5501049178147
  },
  "generated_by": {
    "program": "augur",
    "version": "6.4.1"
  },
  "input_tree": "results/tree_raw_nl63_protein3.nwk",
  "nodes": {
    "CBJ123": {
      "branch_length": 0.00011894566561994476,
      "clock_length": 0.00011894566561994476,
      "date": "2009-01-24",
      "mutation_length": 0.0,
      "num_date_confidence": [
        2009.0643835616438,
        2009.0643835616438
      ],
      "numdate": 2009.0643835616438,
      "raw_date": "2009-01-24"
    },
    "CBJ_037": {
      "branch_length": 0.0,
      "clock_length": 0.0,
      "date": "2008-11-04",
      "mutation_length": 0.0,
      "num_date_confidence": [
        2008.8428961748634,
        2008.8428961748634
      ],
      "numdate": 2008.8428961748634,
      "raw_date": "2008-11-04"
    },
    "CN0601/14": {
      "branch_length": 0.0013449053404460364,
      "clock_length": 0.0013449053404460364,
      "date": "2014-11-25",
      "mutation_length": 0.00295281,
      "num_date_confidence": [
        2014.9,
        2014.9
      ],
      "numdate": 2014.9,
      "raw_date": "2014-11-25"
    },
    "ChinaGD01": {
      "branch_length": 0.41438843478145665,
      "clock_length": 0.41438843478145665,
      "date": "2018-09-01",
      "mutation_length": 0.4568532276554377,
      "num_date_confidence": [
        2018.6671232876713,
        2018.6671232876713
      ],
      "numdate": 2018.6671232876713,
      "raw_date": "2018-09-01"
    },
    "ChinaGD02": {
      "branch_length": 0.0002897769815922578,
      "clock_length": 0.0002897769815922578,
      "date": "2018-08-15",
      "mutation_length": 2.44e-06,
      "num_date_confidence": [
        2018.6205479452055,
        2018.6205479452055
      ],
      "numdate": 2018.6205479452055,
      "raw_date": "2018-08-15"
    },
    "ChinaGD03": {
      "branch_length": 0.0008760989240242582,
      "clock_length": 0.0008760989240242582,
      "date": "2018-07-13",
      "mutation_length": 0.0,
      "num_date_confidence": [
        2018.5301369863014,
        2018.5301369863014
      ],
      "numdate": 2018.5301369863014,
      "raw_date": "2018-07-13"
    },
    "ChinaGD04": {
      "branch_length": 0.0007136739937196688,
      "clock_length": 0.0007136739937196688,
      "date": "2018-07-25",
      "mutation_length": 2.52e-06,
      "num_date_confidence": [
        2018.5630136986301,
        2018.5630136986301
      ],
      "numdate": 2018.5630136986301,
      "raw_date": "2018-07-25"
    },
    "ChinaGD05": {
      "branch_length": 0.0025714209521040775,
      "clock_length": 0.0025714209521040775,
      "date": "2018-08-14",
      "mutation_length": 0.00295438,
      "num_date_confidence": [
        2018.6178082191782,
        2018.6178082191782
      ],
      "numdate": 2018.6178082191782,
      "raw_date": "2018-08-14"
    },
    "HCoVNL63/Tokyo/SGH_15/2017": {
      "branch_length": 0.00015812178390004015,
      "clock_length": 0.00015812178390004015,
      "date": "2017-01-01",
      "mutation_length": 2.39e-06,
      "num_date_confidence": [
        2017.0013698630137,
        2017.897328529925
      ],
      "numdate": 2017.0013698630137,
      "raw_date": "2017-XX-XX"
    },
    "HCoVNL63/Tokyo/SGH_24/2018": {
      "branch_length": 0.0007485183839038346,
      "clock_length": 0.0007485183839038346,
      "date": "2018-12-31",
      "mutation_length": 0.00147981,
      "num_date_confidence": [
        2018.1024141321068,
        2018.9986301369863
      ],
      "numdate": 2018.9986301369863,
      "raw_date": "2018-XX-XX"
    },
    "HCoV_NL63/Haiti_1/2015": {
      "branch_length": 0.000881794562322024,
      "clock_length": 0.000881794562322024,
      "date": "2015-01-16",
      "mutation_length": 2.56e-06,
      "num_date_confidence": [
        2015.0424657534247,
        2015.0424657534247
      ],
      "numdate": 2015.0424657534247,
      "raw_date": "2015-01-16"
    },
    "HCoV_NL63/Seattle/USA/SC0179/2018": {
      "branch_length": 0.0006878238465947889,
      "clock_length": 0.0006878238465947889,
      "date": "2018-01-01",
      "mutation_length": 2.44e-06,
      "num_date_confidence": [
        2018.0013698630137,
        2018.8963855576944
      ],
      "numdate": 2018.0013698630137,
      "raw_date": "2018-XX-XX"
    },
    "HCoV_NL63/Seattle/USA/SC0768/2019": {
      "branch_length": 0.0003202384296148846,
      "clock_length": 0.0003202384296148846,
      "date": "2019-01-01",
      "mutation_length": 2.56e-06,
      "num_date_confidence": [
        2019.0013698630137,
        2019.8972717146935
      ],
      "numdate": 2019.0013698630137,
      "raw_date": "2019-XX-XX"
    },
    "HCoV_NL63/Seattle/USA/SC2940/2015": {
      "branch_length": 7.791394234404409e-05,
      "clock_length": 7.791394234404409e-05,
      "date": "2015-12-31",
      "mutation_length": 2.44e-06,
      "num_date_confidence": [
        2015.0013698630137,
        2015.9986301369863
      ],
      "numdate": 2015.9986301369863,
      "raw_date": "2015-XX-XX"
    },
    "Kilifi_HH_0511_01_Jun_2010": {
      "branch_length": 8.78174059750148e-05,
      "clock_length": 8.78174059750148e-05,
      "date": "2010-06-01",
      "mutation_length": 0.0,
      "num_date_confidence": [
        2010.4150684931508,
        2010.4150684931508
      ],
      "numdate": 2010.4150684931508,
      "raw_date": "2010-06-01"
    },
    "Kilifi_HH_0512_04_Jun_2010": {
      "branch_length": 0.00011894566561994476,
      "clock_length": 0.00011894566561994476,
      "date": "2010-06-04",
      "mutation_length": 0.0,
      "num_date_confidence": [
        2010.4232876712329,
        2010.4232876712329
      ],
      "numdate": 2010.4232876712329,
      "raw_date": "2010-06-04"
    },
    "Kilifi_HH_0522_21_May_2010": {
      "branch_length": 0.00011587760610688193,
      "clock_length": 0.00011587760610688193,
      "date": "2010-05-21",
      "mutation_length": 0.0,
      "num_date_confidence": [
        2010.3849315068494,
        2010.3849315068494
      ],
      "numdate": 2010.3849315068494,
      "raw_date": "2010-05-21"
    },
    "Kilifi_HH_1602_01_Jun_2010": {
      "branch_length": 7.893368431015769e-05,
      "clock_length": 7.893368431015769e-05,
      "date": "2010-06-01",
      "mutation_length": 0.0,
      "num_date_confidence": [
        2010.4150684931508,
        2010.4150684931508
      ],
      "numdate": 2010.4150684931508,
      "raw_date": "2010-06-01"
    },
    "Kilifi_HH_3807_11_May_2010": {
      "branch_length": 7.640341506135568e-05,
      "clock_length": 7.640341506135568e-05,
      "date": "2010-05-11",
      "mutation_length": 0.0,
      "num_date_confidence": [
        2010.3575342465754,
        2010.3575342465754
      ],
      "numdate": 2010.3575342465754,
      "raw_date": "2010-05-11"
    },
    "Kilifi_HH_3808_24_May_2010": {
      "branch_length": 7.718050744553475e-05,
      "clock_length": 7.718050744553475e-05,
      "date": "2010-05-24",
      "mutation_length": 0.0,
      "num_date_confidence": [
        2010.3931506849315,
        2010.3931506849315
      ],
      "numdate": 2010.3931506849315,
      "raw_date": "2010-05-24"
    },
    "Kilifi_HH_5401_20_May_2010": {
      "branch_length": 0.00011894566561994476,
      "clock_length": 0.00011894566561994476,
      "date": "2010-05-20",
      "mutation_length": 0.0,
      "num_date_confidence": [
        2010.3821917808218,
        2010.3821917808218
      ],
      "numdate": 2010.3821917808218,
      "raw_date": "2010-05-20"
    },
    "Kilifi_HH_5402_20_May_2010": {
      "branch_length": 0.00011894566561994476,
      "clock_length": 0.00011894566561994476,
      "date": "2010-05-20",
      "mutation_length": 0.0,
      "num_date_confidence": [
        2010.3821917808218,
        2010.3821917808218
      ],
      "numdate": 2010.3821917808218,
      "raw_date": "2010-05-20"
    },
    "Kilifi_HH_5709_19_May_2010": {
      "branch_length": 0.00012290709878196222,
      "clock_length": 0.00012290709878196222,
      "date": "2010-05-19",
      "mutation_length": 0.0,
      "num_date_confidence": [
        2010.3794520547945,
        2010.3794520547945
      ],
      "numdate": 2010.3794520547945,
      "raw_date": "2010-05-19"
    },
    "N06_1144B": {
      "branch_length": 0.00013125595543249505,
      "clock_length": 0.00013125595543249505,
      "date": "2016-11-03",
      "mutation_length": 0.0,
      "num_date_confidence": [
        2016.0013661202186,
        2016.9986338797814
      ],
      "numdate": 2016.839274905607,
      "raw_date": "2016-XX-XX"
    },
    "N07_185B": {
      "branch_length": 2.382786175312722e-06,
      "clock_length": 2.382786175312722e-06,
      "date": "2016-01-01",
      "mutation_length": 1e-06,
      "num_date_confidence": [
        2016.0013661202186,
        2016.890315987283
      ],
      "numdate": 2016.0013661202186,
      "raw_date": "2016-XX-XX"
    },
    "N07_196B": {
      "branch_length": 0.0008273679426330685,
      "clock_length": 0.0008273679426330685,
      "date": "2016-01-01",
      "mutation_length": 0.0,
      "num_date_confidence": [
        2016.0013661202186,
        2016.897216058232
      ],
      "numdate": 2016.0013661202186,
      "raw_date": "2016-XX-XX"
    },
    "N07_262B": {
      "branch_length": 0.0004771444924600946,
      "clock_length": 0.0004771444924600946,
      "date": "2015-06-17",
      "mutation_length": 0.0,
      "num_date_confidence": [
        2015.0013698630137,
        2015.9986301369863
      ],
      "numdate": 2015.4598315342578,
      "raw_date": "2015-XX-XX"
    },
    "N07_324B_182X": {
      "branch_length": 2.382786175312722e-06,
      "clock_length": 2.382786175312722e-06,
      "date": "2016-01-01",
      "mutation_length": 1e-06,
      "num_date_confidence": [
        2016.0013661202186,
        2016.890315987283
      ],
      "numdate": 2016.0013661202186,
      "raw_date": "2016-XX-XX"
    },
    "N07_468B_176X": {
      "branch_length": 0.0005204611369894869,
      "clock_length": 0.0005204611369894869,
      "date": "2016-01-01",
      "mutation_length": 1e-06,
      "num_date_confidence": [
        2016.0013661202186,
        2016.8950728493026
      ],
      "numdate": 2016.0013661202186,
      "raw_date": "2016-XX-XX"
    },
    "N07_64B": {
      "branch_length": 0.0005182513965815599,
      "clock_length": 0.0005182513965815599,
      "date": "2016-01-01",
      "mutation_length": 1e-06,
      "num_date_confidence": [
        2016.0013661202186,
        2016.8941792751496
      ],
      "numdate": 2016.0013661202186,
      "raw_date": "2016-XX-XX"
    },
    "N07_6B": {
      "branch_length": 0.00013125595543249505,
      "clock_length": 0.00013125595543249505,
      "date": "2016-11-03",
      "mutation_length": 0.0,
      "num_date_confidence": [
        2016.0013661202186,
        2016.9986338797814
      ],
      "numdate": 2016.839274905607,
      "raw_date": "2016-XX-XX"
    },
    "NL63/DEN/2005/1062": {
      "branch_length": 1.3587120700745423e-05,
      "clock_length": 1.3587120700745423e-05,
      "date": "2005-04-12",
      "mutation_length": 1e-06,
      "num_date_confidence": [
        2005.2780821917809,
        2005.2780821917809
      ],
      "numdate": 2005.2780821917809,
      "raw_date": "2005-04-12"
    },
    "NL63/DEN/2005/1120": {
      "branch_length": 0.0005817692382697681,
      "clock_length": 0.0005817692382697681,
      "date": "2005-04-25",
      "mutation_length": 0.00631309,
      "num_date_confidence": [
        2005.313698630137,
        2005.313698630137
      ],
      "numdate": 2005.313698630137,
      "raw_date": "2005-04-25"
    },
    "NL63/DEN/2005/1862": {
      "branch_length": 2.046859007668071e-05,
      "clock_length": 2.046859007668071e-05,
      "date": "2005-11-30",
      "mutation_length": 0.0,
      "num_date_confidence": [
        2005.8342465753424,
        2005.9136986301369
      ],
      "numdate": 2005.9136986301369,
      "raw_date": "2005-11-XX"
    },
    "NL63/DEN/2005/1876": {
      "branch_length": 0.0006277901309658363,
      "clock_length": 0.0006277901309658363,
      "date": "2005-11-21",
      "mutation_length": 0.00296916,
      "num_date_confidence": [
        2005.8890410958904,
        2005.8890410958904
      ],
      "numdate": 2005.8890410958904,
      "raw_date": "2005-11-21"
    },
    "NL63/DEN/2005/193": {
      "branch_length": 0.0002543516920612168,
      "clock_length": 0.0002543516920612168,
      "date": "2005-01-11",
      "mutation_length": 0.0,
      "num_date_confidence": [
        2005.0287671232877,
        2005.0287671232877
      ],
      "numdate": 2005.0287671232877,
      "raw_date": "2005-01-11"
    },
    "NL63/DEN/2005/232": {
      "branch_length": 7.395331341232612e-05,
      "clock_length": 7.395331341232612e-05,
      "date": "2005-01-18",
      "mutation_length": 1e-06,
      "num_date_confidence": [
        2005.0479452054794,
        2005.0479452054794
      ],
      "numdate": 2005.0479452054794,
      "raw_date": "2005-01-18"
    },
    "NL63/DEN/2005/235": {
      "branch_length": 0.0005570714869110047,
      "clock_length": 0.0005570714869110047,
      "date": "2005-01-19",
      "mutation_length": 0.00147346,
      "num_date_confidence": [
        2005.0506849315068,
        2005.0506849315068
      ],
      "numdate": 2005.0506849315068,
      "raw_date": "2005-01-19"
    },
    "NL63/DEN/2005/271": {
      "branch_length": 0.0,
      "clock_length": 0.0,
      "date": "2005-01-23",
      "mutation_length": 1e-06,
      "num_date_confidence": [
        2005.0616438356165,
        2005.0616438356165
      ],
      "numdate": 2005.0616438356165,
      "raw_date": "2005-01-23"
    },
    "NL63/DEN/2005/291": {
      "branch_length": 7.570649027693064e-05,
      "clock_length": 7.570649027693064e-05,
      "date": "2005-01-26",
      "mutation_length": 1e-06,
      "num_date_confidence": [
        2005.0698630136985,
        2005.0698630136985
      ],
      "numdate": 2005.0698630136985,
      "raw_date": "2005-01-26"
    },
    "NL63/DEN/2005/347": {
      "branch_length": 1.972323972696151e-06,
      "clock_length": 1.972323972696151e-06,
      "date": "2005-02-01",
      "mutation_length": 1e-06,
      "num_date_confidence": [
        2005.0863013698631,
        2005.0863013698631
      ],
      "numdate": 2005.0863013698631,
      "raw_date": "2005-02-01"
    },
    "NL63/DEN/2005/449": {
      "branch_length": 0.0,
      "clock_length": 0.0,
      "date": "2005-02-09",
      "mutation_length": 0.0,
      "num_date_confidence": [
        2005.1082191780822,
        2005.1082191780822
      ],
      "numdate": 2005.1082191780822,
      "raw_date": "2005-02-09"
    },
    "NL63/DEN/2008/16": {
      "branch_length": 0.0004905290916650583,
      "clock_length": 0.0004905290916650583,
      "date": "2008-01-08",
      "mutation_length": 0.00295713,
      "num_date_confidence": [
        2008.0204918032787,
        2008.0204918032787
      ],
      "numdate": 2008.0204918032787,
      "raw_date": "2008-01-08"
    },
    "NL63/DEN/2009/14": {
      "branch_length": 0.0008860112961338289,
      "clock_length": 0.0008860112961338289,
      "date": "2009-03-01",
      "mutation_length": 0.00295272,
      "num_date_confidence": [
        2009.16301369863,
        2009.16301369863
      ],
      "numdate": 2009.16301369863,
      "raw_date": "2009-03-01"
    },
    "NL63/DEN/2009/15": {
      "branch_length": 0.0001144477628057456,
      "clock_length": 0.0001144477628057456,
      "date": "2009-02-13",
      "mutation_length": 1e-06,
      "num_date_confidence": [
        2009.1191780821919,
        2009.1191780821919
      ],
      "numdate": 2009.1191780821919,
      "raw_date": "2009-02-13"
    },
    "NL63/DEN/2009/20": {
      "branch_length": 9.374637228505686e-05,
      "clock_length": 9.374637228505686e-05,
      "date": "2009-03-12",
      "mutation_length": 0.0,
      "num_date_confidence": [
        2009.1931506849314,
        2009.1931506849314
      ],
      "numdate": 2009.1931506849314,
      "raw_date": "2009-03-12"
    },
    "NL63/DEN/2009/22": {
      "branch_length": 0.00011609675321495525,
      "clock_length": 0.00011609675321495525,
      "date": "2009-03-03",
      "mutation_length": 0.0,
      "num_date_confidence": [
        2009.168493150685,
        2009.168493150685
      ],
      "numdate": 2009.168493150685,
      "raw_date": "2009-03-03"
    },
    "NL63/DEN/2009/31": {
      "branch_length": 0.0006994236229126727,
      "clock_length": 0.0006994236229126727,
      "date": "2009-02-21",
      "mutation_length": 0.0014775,
      "num_date_confidence": [
        2009.141095890411,
        2009.141095890411
      ],
      "numdate": 2009.141095890411,
      "raw_date": "2009-02-21"
    },
    "NL63/DEN/2009/6": {
      "branch_length": 0.0007194812276031958,
      "clock_length": 0.0007194812276031958,
      "date": "2009-02-25",
      "mutation_length": 0.00295667,
      "num_date_confidence": [
        2009.1520547945206,
        2009.1520547945206
      ],
      "numdate": 2009.1520547945206,
      "raw_date": "2009-02-25"
    },
    "NL63/DEN/2009/9": {
      "branch_length": 0.00011894566561994476,
      "clock_length": 0.00011894566561994476,
      "date": "2009-03-16",
      "mutation_length": 0.0,
      "num_date_confidence": [
        2009.204109589041,
        2009.204109589041
      ],
      "numdate": 2009.204109589041,
      "raw_date": "2009-03-16"
    },
    "NL63/DEN/2010/20": {
      "branch_length": 0.00023789133123988963,
      "clock_length": 0.00023789133123988963,
      "date": "2010-12-15",
      "mutation_length": 1e-06,
      "num_date_confidence": [
        2010.954794520548,
        2010.954794520548
      ],
      "numdate": 2010.954794520548,
      "raw_date": "2010-12-15"
    },
    "NL63/DEN/2010/25": {
      "branch_length": 0.00023789133123988952,
      "clock_length": 0.00023789133123988952,
      "date": "2010-12-23",
      "mutation_length": 2.44e-06,
      "num_date_confidence": [
        2010.9767123287672,
        2010.9767123287672
      ],
      "numdate": 2010.9767123287672,
      "raw_date": "2010-12-23"
    },
    "NL63/DEN/2010/28": {
      "branch_length": 0.00038463444198254715,
      "clock_length": 0.00038463444198254715,
      "date": "2010-12-03",
      "mutation_length": 0.00315424,
      "num_date_confidence": [
        2010.9219178082192,
        2010.9219178082192
      ],
      "numdate": 2010.9219178082192,
      "raw_date": "2010-12-03"
    },
    "NL63/DEN/2010/31": {
      "branch_length": 0.00023701474280757816,
      "clock_length": 0.00023701474280757816,
      "date": "2010-12-11",
      "mutation_length": 2.44e-06,
      "num_date_confidence": [
        2010.9438356164383,
        2010.9438356164383
      ],
      "numdate": 2010.9438356164383,
      "raw_date": "2010-12-11"
    },
    "NL63/DEN/2010/35": {
      "branch_length": 0.0008610521073795369,
      "clock_length": 0.0008610521073795369,
      "date": "2010-12-14",
      "mutation_length": 0.00159119,
      "num_date_confidence": [
        2010.9520547945206,
        2010.9520547945206
      ],
      "numdate": 2010.9520547945206,
      "raw_date": "2010-12-14"
    },
    "NL63/DEN/2010/36": {
      "branch_length": 0.00023942536099642094,
      "clock_length": 0.00023942536099642094,
      "date": "2010-12-30",
      "mutation_length": 2.44e-06,
      "num_date_confidence": [
        2010.995890410959,
        2010.995890410959
      ],
      "numdate": 2010.995890410959,
      "raw_date": "2010-12-30"
    },
    "NL63/RPTEC/2004": {
      "branch_length": 7.84015634948637e-05,
      "clock_length": 7.84015634948637e-05,
      "date": "2004-12-31",
      "mutation_length": 1e-06,
      "num_date_confidence": [
        2004.104686264231,
        2004.9986338797814
      ],
      "numdate": 2004.9986338797814,
      "raw_date": "2004-XX-XX"
    },
    "NL63/UF_1/2015": {
      "branch_length": 0.0007362075586296772,
      "clock_length": 0.0007362075586296772,
      "date": "2015-01-01",
      "mutation_length": 1e-06,
      "num_date_confidence": [
        2015.0013698630137,
        2015.8939090471333
      ],
      "numdate": 2015.0013698630137,
      "raw_date": "2015-XX-XX"
    },
    "NL63/UF_2/2015": {
      "branch_length": 0.0006115909886698402,
      "clock_length": 0.0006115909886698402,
      "date": "2015-09-01",
      "mutation_length": 0.0,
      "num_date_confidence": [
        2015.6671232876713,
        2015.6671232876713
      ],
      "numdate": 2015.6671232876713,
      "raw_date": "2015-09-01"
    },
    "NL63/human/USA/0111_25/2001": {
      "branch_length": 8.23545092806452e-08,
      "clock_length": 8.23545092806452e-08,
      "date": "2001-11-21",
      "mutation_length": 2.55e-06,
      "num_date_confidence": [
        2001.8890410958904,
        2001.8890410958904
      ],
      "numdate": 2001.8890410958904,
      "raw_date": "2001-11-21"
    },
    "NL63/human/USA/012_31/2001": {
      "branch_length": 0.0003261195900166444,
      "clock_length": 0.0003261195900166444,
      "date": "2001-02-23",
      "mutation_length": 0.00445936,
      "num_date_confidence": [
        2001.1465753424657,
        2001.1465753424657
      ],
      "numdate": 2001.1465753424657,
      "raw_date": "2001-02-23"
    },
    "NL63/human/USA/838_9/1983": {
      "branch_length": 0.00021737719509480613,
      "clock_length": 0.00021737719509480613,
      "date": "1983-08-16",
      "mutation_length": 0.0,
      "num_date_confidence": [
        1983.623287671233,
        1983.623287671233
      ],
      "numdate": 1983.623287671233,
      "raw_date": "1983-08-16"
    },
    "NL63/human/USA/8712_17/1987": {
      "branch_length": 0.00011894566561994465,
      "clock_length": 0.00011894566561994465,
      "date": "1987-12-16",
      "mutation_length": 2.44e-06,
      "num_date_confidence": [
        1987.9575342465753,
        1987.9575342465753
      ],
      "numdate": 1987.9575342465753,
      "raw_date": "1987-12-16"
    },
    "NL63/human/USA/891_4/1989": {
      "branch_length": 0.00015890844438321006,
      "clock_length": 0.00015890844438321006,
      "date": "1989-01-03",
      "mutation_length": 2.44e-06,
      "num_date_confidence": [
        1989.0068493150684,
        1989.0068493150684
      ],
      "numdate": 1989.0068493150684,
      "raw_date": "1989-01-03"
    },
    "NL63/human/USA/891_6/1989": {
      "branch_length": 0.00014956389567630061,
      "clock_length": 0.00014956389567630061,
      "date": "1989-01-05",
      "mutation_length": 0.0,
      "num_date_confidence": [
        1989.0123287671233,
        1989.0123287671233
      ],
      "numdate": 1989.0123287671233,
      "raw_date": "1989-01-05"
    },
    "NL63/human/USA/901_24/1990": {
      "branch_length": 0.0007284282511292074,
      "clock_length": 0.0007284282511292074,
      "date": "1990-01-05",
      "mutation_length": 0.00147845,
      "num_date_confidence": [
        1990.0123287671233,
        1990.0123287671233
      ],
      "numdate": 1990.0123287671233,
      "raw_date": "1990-01-05"
    },
    "NL63/human/USA/903_28/1990": {
      "branch_length": 0.0007448642842349425,
      "clock_length": 0.0007448642842349425,
      "date": "1990-03-21",
      "mutation_length": 0.00147658,
      "num_date_confidence": [
        1990.217808219178,
        1990.217808219178
      ],
      "numdate": 1990.217808219178,
      "raw_date": "1990-03-21"
    },
    "NL63/human/USA/904_20/1990": {
      "branch_length": 0.00025387791912070664,
      "clock_length": 0.00025387791912070664,
      "date": "1990-04-26",
      "mutation_length": 0.0,
      "num_date_confidence": [
        1990.3164383561643,
        1990.3164383561643
      ],
      "numdate": 1990.3164383561643,
      "raw_date": "1990-04-26"
    },
    "NL63/human/USA/905_25/1990": {
      "branch_length": 0.0007599854346922192,
      "clock_length": 0.0007599854346922192,
      "date": "1990-05-29",
      "mutation_length": 0.00147789,
      "num_date_confidence": [
        1990.4068493150685,
        1990.4068493150685
      ],
      "numdate": 1990.4068493150685,
      "raw_date": "1990-05-29"
    },
    "NL63/human/USA/911_56/1991": {
      "branch_length": 0.0008125807406305775,
      "clock_length": 0.0008125807406305775,
      "date": "1991-01-24",
      "mutation_length": 0.0014771,
      "num_date_confidence": [
        1991.0643835616438,
        1991.0643835616438
      ],
      "numdate": 1991.0643835616438,
      "raw_date": "1991-01-24"
    },
    "NL63_KLF_01_2018": {
      "branch_length": 0.0006977574338185806,
      "clock_length": 0.0006977574338185806,
      "date": "2018-01-29",
      "mutation_length": 0.0014759,
      "num_date_confidence": [
        2018.0780821917808,
        2018.0780821917808
      ],
      "numdate": 2018.0780821917808,
      "raw_date": "2018-01-29"
    },
    "NODE_0000000": {
      "branch_length": 0.0004764158174380632,
      "clock_length": 0.0004764158174380632,
      "date": "2006-02-11",
      "mutation_length": 0.0031575,
      "num_date_confidence": [
        2002.7272218552234,
        2010.8438214934597
      ],
      "numdate": 2006.1133077335421
    },
    "NODE_0000001": {
      "branch_length": 0.001,
      "clock_length": 0.001,
      "date": "-3162-01-30",
      "mutation_length": 0.001,
      "num_date_confidence": [
        -70834.28979571458,
        1983.500631472415
      ],
      "numdate": -3161.920429010077
    },
    "NODE_0000002": {
      "branch_length": 0.00016565348009833975,
      "clock_length": 0.00016565348009833975,
      "date": "2000-02-27",
      "mutation_length": 0.00147392,
      "num_date_confidence": [
        1999.5636898013317,
        2007.7166813462159
      ],
      "numdate": 2000.157268311643
    },
    "NODE_0000003": {
      "branch_length": 0.0011795583641644523,
      "clock_length": 0.0011795583641644523,
      "date": "2000-02-28",
      "mutation_length": 0.0,
      "num_date_confidence": [
        1990.5017552439967,
        2004.9616297263365
      ],
      "numdate": 2000.1609524808982
    },
    "NODE_0000005": {
      "branch_length": 0.0003919999033561252,
      "clock_length": 0.0003919999033561252,
      "date": "2005-01-23",
      "mutation_length": 0.0,
      "num_date_confidence": [
        1999.58025724046,
        2005.0616438356165
      ],
      "numdate": 2005.0616438356165
    },
    "NODE_0000008": {
      "branch_length": 0.0010944530625701962,
      "clock_length": 0.0010944530625701962,
      "date": "2015-12-21",
      "mutation_length": 0.00147591,
      "num_date_confidence": [
        2008.5785317457226,
        2016.63176557279
      ],
      "numdate": 2015.9715770832584
    },
    "NODE_0000009": {
      "branch_length": 0.00030462624696859933,
      "clock_length": 0.00030462624696859933,
      "date": "2001-11-06",
      "mutation_length": 0.0,
      "num_date_confidence": [
        1997.9642887871034,
        2005.0082052140078
      ],
      "numdate": 2001.8489215986579
    },
    "NODE_0000010": {
      "branch_length": 0.00045115274471684117,
      "clock_length": 0.00045115274471684117,
      "date": "2005-10-19",
      "mutation_length": 0.00147747,
      "num_date_confidence": [
        2001.6919128800926,
        2009.0931430249666
      ],
      "numdate": 2005.7974746911905
    },
    "NODE_0000011": {
      "branch_length": 0.0002607069581954339,
      "clock_length": 0.0002607069581954339,
      "date": "2005-02-09",
      "mutation_length": 0.0,
      "num_date_confidence": [
        2001.1641576634288,
        2005.1082191780822
      ],
      "numdate": 2005.1082191780822
    },
    "NODE_0000013": {
      "branch_length": 0.0003040933696814485,
      "clock_length": 0.0003040933696814485,
      "date": "2001-11-21",
      "mutation_length": 0.00147393,
      "num_date_confidence": [
        1999.871883427859,
        2001.8890410958904
      ],
      "numdate": 2001.8880115190252
    },
    "NODE_0000014": {
      "branch_length": 0.00029599567687880503,
      "clock_length": 0.00029599567687880503,
      "date": "2000-10-08",
      "mutation_length": 0.0,
      "num_date_confidence": [
        1997.9183023065707,
        2005.7667611352967
      ],
      "numdate": 2000.7699732070546
    },
    "NODE_0000015": {
      "branch_length": 0.00016806225032825603,
      "clock_length": 0.00016806225032825603,
      "date": "2000-03-09",
      "mutation_length": 0.00147436,
      "num_date_confidence": [
        1996.0118341803304,
        2004.9479310934598
      ],
      "numdate": 2000.187382195193
    },
    "NODE_0000016": {
      "branch_length": 0.00039097129111426827,
      "clock_length": 0.00039097129111426827,
      "date": "2005-08-29",
      "mutation_length": 0.0,
      "num_date_confidence": [
        1999.7801649706742,
        2005.8636914837161
      ],
      "numdate": 2005.6578050914568
    },
    "NODE_0000017": {
      "branch_length": 0.0006978780967578498,
      "clock_length": 0.0006978780967578498,
      "date": "2009-06-30",
      "mutation_length": 0.0,
      "num_date_confidence": [
        2003.8837726706718,
        2015.9486220727572
      ],
      "numdate": 2009.4946823872026
    },
    "NODE_0000018": {
      "branch_length": 0.00034266792913178676,
      "clock_length": 0.00034266792913178676,
      "date": "1985-03-11",
      "mutation_length": 0.0,
      "num_date_confidence": [
        1981.9008892242696,
        1988.9068351811309
      ],
      "numdate": 1985.1896432031206
    },
    "NODE_0000019": {
      "branch_length": 0.00015620773187319725,
      "clock_length": 0.00015620773187319725,
      "date": "1987-02-22",
      "mutation_length": 0.0,
      "num_date_confidence": [
        1984.6850124838209,
        1989.0123287671233
      ],
      "numdate": 1987.1425158303255
    },
    "NODE_0000020": {
      "branch_length": 0.00014642488895012318,
      "clock_length": 0.00014642488895012318,
      "date": "1987-01-08",
      "mutation_length": 0.0,
      "num_date_confidence": [
        1983.4265773089533,
        1989.0068493150684
      ],
      "numdate": 1987.0202130100256
    },
    "NODE_0000021": {
      "branch_length": 0.0008904001311299495,
      "clock_length": 0.0008904001311299495,
      "date": "1998-02-25",
      "mutation_length": 0.0,
      "num_date_confidence": [
        1988.5488269557882,
        2003.068351289311
      ],
      "numdate": 1998.151787756625
    },
    "NODE_0000022": {
      "branch_length": 0.0001795967875947988,
      "clock_length": 0.0001795967875947988,
      "date": "2000-05-25",
      "mutation_length": 0.0,
      "num_date_confidence": [
        1992.577312117739,
        2003.5447657160573
      ],
      "numdate": 2000.3970649027813
    },
    "NODE_0000023": {
      "branch_length": 0.0005868122088417895,
      "clock_length": 0.0005868122088417895,
      "date": "2015-01-09",
      "mutation_length": 0.00147252,
      "num_date_confidence": [
        2009.1604371917635,
        2015.5934473462437
      ],
      "numdate": 2015.024568203837
    },
    "NODE_0000024": {
      "branch_length": 0.00018853195541019066,
      "clock_length": 0.00018853195541019066,
      "date": "2000-07-05",
      "mutation_length": 0.0,
      "num_date_confidence": [
        1992.0386146487904,
        2008.4608369513376
      ],
      "numdate": 2000.5087702866117
    },
    "NODE_0000025": {
      "branch_length": 0.0009291329859982284,
      "clock_length": 0.0009291329859982284,
      "date": "1998-02-01",
      "mutation_length": 0.00147353,
      "num_date_confidence": [
        1996.2099602211786,
        2001.2650159764685
      ],
      "numdate": 1998.0863071434221
    },
    "NODE_0000026": {
      "branch_length": 0.00015110611525889946,
      "clock_length": 0.00015110611525889946,
      "date": "2002-05-26",
      "mutation_length": 0.0,
      "num_date_confidence": [
        1997.1673037917262,
        2008.6046986060928
      ],
      "numdate": 2002.3978636928964
    },
    "NODE_0000027": {
      "branch_length": 0.000414300555192293,
      "clock_length": 0.000414300555192293,
      "date": "2007-07-30",
      "mutation_length": 0.0,
      "num_date_confidence": [
        2003.672695240924,
        2009.0643835616438
      ],
      "numdate": 2007.577352595069
    },
    "NODE_0000028": {
      "branch_length": 0.00044512225445187846,
      "clock_length": 0.00044512225445187846,
      "date": "1986-06-21",
      "mutation_length": 0.00147589,
      "num_date_confidence": [
        1984.4525343510707,
        1987.9575342465753
      ],
      "numdate": 1986.4705032800005
    },
    "NODE_0000029": {
      "branch_length": 0.0002603917690750118,
      "clock_length": 0.0002603917690750118,
      "date": "2005-08-27",
      "mutation_length": 0.0,
      "num_date_confidence": [
        2002.0331180351727,
        2008.7428835774817
      ],
      "numdate": 2005.6532208514577
    },
    "NODE_0000030": {
      "branch_length": 0.00045438601307187386,
      "clock_length": 0.00045438601307187386,
      "date": "2014-12-31",
      "mutation_length": 0.00147776,
      "num_date_confidence": [
        2009.282807420139,
        2016.9732274705486
      ],
      "numdate": 2014.997823714084
    },
    "NODE_0000031": {
      "branch_length": 0.00025513796483198114,
      "clock_length": 0.00025513796483198114,
      "date": "2008-11-04",
      "mutation_length": 0.0,
      "num_date_confidence": [
        2005.7683767046178,
        2008.8428961748634
      ],
      "numdate": 2008.8428961748634
    },
    "NODE_0000032": {
      "branch_length": 0.00029988847168798294,
      "clock_length": 0.00029988847168798294,
      "date": "2009-05-27",
      "mutation_length": 0.0,
      "num_date_confidence": [
        2005.6269318081397,
        2010.3575342465754
      ],
      "numdate": 2009.4023565731718
    },
    "NODE_0000033": {
      "branch_length": 0.00028967193138743704,
      "clock_length": 0.00028967193138743704,
      "date": "2004-01-07",
      "mutation_length": 0.00147578,
      "num_date_confidence": [
        2000.669909074611,
        2004.948625815545
      ],
      "numdate": 2004.0184758207458
    },
    "NODE_0000034": {
      "branch_length": 0.00015112447418302193,
      "clock_length": 0.00015112447418302193,
      "date": "2002-05-26",
      "mutation_length": 0.0,
      "num_date_confidence": [
        1997.2060568703482,
        2010.1383065572566
      ],
      "numdate": 2002.3980932118834
    },
    "NODE_0000035": {
      "branch_length": 0.0003606450482728455,
      "clock_length": 0.0003606450482728455,
      "date": "1985-06-01",
      "mutation_length": 0.00147789,
      "num_date_confidence": [
        1717.722698702943,
        2000.9021052044081
      ],
      "numdate": 1985.4143889533186
    },
    "NODE_0000036": {
      "branch_length": 0.0002726376208729059,
      "clock_length": 0.0002726376208729059,
      "date": "2005-10-22",
      "mutation_length": 0.0,
      "num_date_confidence": [
        2001.8034761255028,
        2010.2821776468843
      ],
      "numdate": 2005.8065451531813
    },
    "NODE_0000037": {
      "branch_length": 0.0007582828582374503,
      "clock_length": 0.0007582828582374503,
      "date": "2009-08-22",
      "mutation_length": 0.00147987,
      "num_date_confidence": [
        2004.3447815787035,
        2016.1892008005345
      ],
      "numdate": 2009.6408278991819
    },
    "NODE_0000038": {
      "branch_length": 0.0002503415410012096,
      "clock_length": 0.0002503415410012096,
      "date": "2008-12-08",
      "mutation_length": 0.0,
      "num_date_confidence": [
        2006.014636915079,
        2010.3849315068494
      ],
      "numdate": 2008.936256704658
    },
    "NODE_0000039": {
      "branch_length": 0.0004560193300792502,
      "clock_length": 0.0004560193300792502,
      "date": "1991-02-12",
      "mutation_length": 0.00147911,
      "num_date_confidence": [
        1752.0418955568541,
        2000.554254776289
      ],
      "numdate": 1991.1154362478978
    },
    "NODE_0000040": {
      "branch_length": 0.000553931233114595,
      "clock_length": 0.000553931233114595,
      "date": "1998-01-15",
      "mutation_length": 0.00148404,
      "num_date_confidence": [
        1799.5588742329214,
        2003.5968005399254
      ],
      "numdate": 1998.0405553155085
    },
    "NODE_0000041": {
      "branch_length": 0.00024705433438005535,
      "clock_length": 0.00024705433438005535,
      "date": "2008-11-23",
      "mutation_length": 0.0,
      "num_date_confidence": [
        2005.9824009586791,
        2010.3821917808218
      ],
      "numdate": 2008.895160814247
    },
    "NODE_0000042": {
      "branch_length": 0.0002671046328983841,
      "clock_length": 0.0002671046328983841,
      "date": "2005-09-27",
      "mutation_length": 0.0,
      "num_date_confidence": [
        2001.5770897161065,
        2010.2931365729119
      ],
      "numdate": 2005.7373730281365
    },
    "NODE_0000043": {
      "branch_length": 0.0002952290689612985,
      "clock_length": 0.0002952290689612985,
      "date": "2009-06-06",
      "mutation_length": 0.0,
      "num_date_confidence": [
        2006.0771718346014,
        2010.3931506849315
      ],
      "numdate": 2009.4282579838039
    },
    "NODE_0000044": {
      "branch_length": 0.0004762581299833555,
      "clock_length": 0.0004762581299833555,
      "date": "1997-01-26",
      "mutation_length": 0.00148494,
      "num_date_confidence": [
        1828.1266119423456,
        1999.8700384668828
      ],
      "numdate": 1997.0695042980199
    },
    "NODE_0000045": {
      "branch_length": 0.0002863453472964414,
      "clock_length": 0.0002863453472964414,
      "date": "2009-04-26",
      "mutation_length": 0.0,
      "num_date_confidence": [
        2004.1958080340592,
        2010.4150684931508
      ],
      "numdate": 2009.3171957677473
    },
    "NODE_0000049": {
      "branch_length": 0.00017786931722243386,
      "clock_length": 0.00017786931722243386,
      "date": "2008-01-08",
      "mutation_length": 0.0,
      "num_date_confidence": [
        2006.0760850533259,
        2009.1931506849314
      ],
      "numdate": 2008.0211554056975
    },
    "NODE_0000051": {
      "branch_length": 0.00031483677606234934,
      "clock_length": 0.00031483677606234934,
      "date": "2004-02-15",
      "mutation_length": 0.0,
      "num_date_confidence": [
        2001.8828975215615,
        2005.0479452054794
      ],
      "numdate": 2004.1233981313867
    },
    "NODE_0000052": {
      "branch_length": 0.0001528761732350868,
      "clock_length": 0.0001528761732350868,
      "date": "1999-12-31",
      "mutation_length": 0.0,
      "num_date_confidence": [
        1993.390626676126,
        2008.9246080049263
      ],
      "numdate": 1999.9975294016454
    },
    "NODE_0000053": {
      "branch_length": 0.0006151810063637871,
      "clock_length": 0.0006151810063637871,
      "date": "2007-09-09",
      "mutation_length": 0.0,
      "num_date_confidence": [
        2002.466619339613,
        2009.1191780821919
      ],
      "numdate": 2007.6883788474292
    },
    "NODE_0000055": {
      "branch_length": 0.41136794692695533,
      "clock_length": 0.41136794692695533,
      "date": "1980-11-27",
      "mutation_length": 0.45277730234456237,
      "num_date_confidence": [
        1679.2986740166948,
        1983.623287671233
      ],
      "numdate": 1980.9056886830867
    },
    "NODE_0000056": {
      "branch_length": 0.00045621058936547187,
      "clock_length": 0.00045621058936547187,
      "date": "2005-09-13",
      "mutation_length": 0.0,
      "num_date_confidence": [
        2001.4136903626477,
        2009.068479052364
      ],
      "numdate": 2005.7009677752083
    },
    "NODE_0000057": {
      "branch_length": 0.0001612660745344797,
      "clock_length": 0.0001612660745344797,
      "date": "2007-09-19",
      "mutation_length": 0.0,
      "num_date_confidence": [
        2005.486287352491,
        2009.168493150685
      ],
      "numdate": 2007.7170786224663
    },
    "NODE_0000058": {
      "branch_length": 0.00018410858784004085,
      "clock_length": 0.00018410858784004085,
      "date": "2008-01-01",
      "mutation_length": 0.0,
      "num_date_confidence": [
        2005.99915215347,
        2010.9767123287672
      ],
      "numdate": 2008.0026503956178
    },
    "NODE_0000061": {
      "branch_length": 0.0001493728760395736,
      "clock_length": 0.0001493728760395736,
      "date": "2007-12-24",
      "mutation_length": 0.0,
      "num_date_confidence": [
        2006.4263684813106,
        2010.9438356164383
      ],
      "numdate": 2007.9807325873985
    },
    "NODE_0000063": {
      "branch_length": 0.0001705128496676373,
      "clock_length": 0.0001705128496676373,
      "date": "2002-04-16",
      "mutation_length": 0.0,
      "num_date_confidence": [
        1998.268619399977,
        2012.5022773542303
      ],
      "numdate": 2002.2889801847334
    },
    "NODE_0000065": {
      "branch_length": 0.0005651922222302124,
      "clock_length": 0.0005651922222302124,
      "date": "2009-05-10",
      "mutation_length": 0.0,
      "num_date_confidence": [
        2003.0767580423683,
        2011.6640508680985
      ],
      "numdate": 2009.354881511554
    },
    "NODE_0000066": {
      "branch_length": 1.3392229933736639e-05,
      "clock_length": 1.3392229933736639e-05,
      "date": "2009-07-10",
      "mutation_length": 0.0,
      "num_date_confidence": [
        2007.2353119199904,
        2016.8516843821913
      ],
      "numdate": 2009.5223080463431
    },
    "NODE_0000067": {
      "branch_length": 0.00045401867095873946,
      "clock_length": 0.00045401867095873946,
      "date": "2015-03-14",
      "mutation_length": 0.0,
      "num_date_confidence": [
        2007.001674029446,
        2016.948625815545
      ],
      "numdate": 2015.198343567267
    }
  }
}