{
  "alignment": "results/aligned_nl63_spike.fasta",
  "clock": {
    "intercept": -4.125351240284212,
    "rate": 0.0021004794532917094,
    "rtt_Tmrca": 1964.0045675377971
  },
  "generated_by": {
    "program": "augur",
    "version": "6.4.1"
  },
  "input_tree": "results/tree_raw_nl63_spike.nwk",
  "nodes": {
    "1014A_2008": {
      "branch_length": 0.0006065827804909406,
      "clock_length": 0.0006065827804909406,
      "date": "2008-06-26",
      "mutation_length": 0.00049144,
      "num_date_confidence": [
        2008.0013661202186,
        2008.9986338797814
      ],
      "numdate": 2008.4848480484043,
      "raw_date": "2008-XX-XX"
    },
    "1023A_2008": {
      "branch_length": 0.0004645825532256266,
      "clock_length": 0.0004645825532256266,
      "date": "2008-01-01",
      "mutation_length": 0.00073728,
      "num_date_confidence": [
        2008.0013661202186,
        2008.9986338797814
      ],
      "numdate": 2008.0013661202186,
      "raw_date": "2008-XX-XX"
    },
    "1093A_2008": {
      "branch_length": 0.0001746994162395779,
      "clock_length": 0.0001746994162395779,
      "date": "2008-12-17",
      "mutation_length": 2.91e-06,
      "num_date_confidence": [
        2008.780996578004,
        2008.9986338797814
      ],
      "numdate": 2008.959057052607,
      "raw_date": "2008-XX-XX"
    },
    "180A_2007": {
      "branch_length": 0.0006231305031871928,
      "clock_length": 0.0006231305031871928,
      "date": "2007-08-01",
      "mutation_length": 0.00049144,
      "num_date_confidence": [
        2007.0013698630137,
        2007.9986301369863
      ],
      "numdate": 2007.5815567618847,
      "raw_date": "2007-XX-XX"
    },
    "188A_2007": {
      "branch_length": 8.804608394373178e-05,
      "clock_length": 8.804608394373178e-05,
      "date": "2007-12-31",
      "mutation_length": 2.91e-06,
      "num_date_confidence": [
        2007.8849683637509,
        2007.9986301369863
      ],
      "numdate": 2007.9986301369863,
      "raw_date": "2007-XX-XX"
    },
    "197A_2007": {
      "branch_length": 0.00038451455733194695,
      "clock_length": 0.00038451455733194695,
      "date": "2007-06-20",
      "mutation_length": 0.00024279,
      "num_date_confidence": [
        2007.0013698630137,
        2007.9986301369863
      ],
      "numdate": 2007.4679560573022,
      "raw_date": "2007-XX-XX"
    },
    "2093A_2010": {
      "branch_length": 0.0019681204740432078,
      "clock_length": 0.0019681204740432078,
      "date": "2010-01-01",
      "mutation_length": 0.00024568,
      "num_date_confidence": [
        2010.0013698630137,
        2010.7185254386325
      ],
      "numdate": 2010.0013698630137,
      "raw_date": "2010-XX-XX"
    },
    "225A_2007": {
      "branch_length": 0.00018831260745375694,
      "clock_length": 0.00018831260745375694,
      "date": "2007-05-17",
      "mutation_length": 2.91e-06,
      "num_date_confidence": [
        2007.0013698630137,
        2007.9986301369863
      ],
      "numdate": 2007.3745478834821,
      "raw_date": "2007-XX-XX"
    },
    "236A_2007": {
      "branch_length": 0.00018831260745375694,
      "clock_length": 0.00018831260745375694,
      "date": "2007-05-17",
      "mutation_length": 2.91e-06,
      "num_date_confidence": [
        2007.0013698630137,
        2007.9986301369863
      ],
      "numdate": 2007.3745478834821,
      "raw_date": "2007-XX-XX"
    },
    "277A_2007": {
      "branch_length": 0.0006231305031871928,
      "clock_length": 0.0006231305031871928,
      "date": "2007-08-01",
      "mutation_length": 0.00049144,
      "num_date_confidence": [
        2007.0013698630137,
        2007.9986301369863
      ],
      "numdate": 2007.5815567618847,
      "raw_date": "2007-XX-XX"
    },
    "374A_2007": {
      "branch_length": 0.0006231305031871928,
      "clock_length": 0.0006231305031871928,
      "date": "2007-08-01",
      "mutation_length": 0.00049144,
      "num_date_confidence": [
        2007.0013698630137,
        2007.9986301369863
      ],
      "numdate": 2007.5815567618847,
      "raw_date": "2007-XX-XX"
    },
    "909A_2008": {
      "branch_length": 9.379296050760627e-05,
      "clock_length": 9.379296050760627e-05,
      "date": "2008-01-01",
      "mutation_length": 2.91e-06,
      "num_date_confidence": [
        2008.0013661202186,
        2008.2657800539018
      ],
      "numdate": 2008.0013661202186,
      "raw_date": "2008-XX-XX"
    },
    "930A_2008": {
      "branch_length": 0.00010706729598071799,
      "clock_length": 0.00010706729598071799,
      "date": "2008-10-23",
      "mutation_length": 2.91e-06,
      "num_date_confidence": [
        2008.6585557932437,
        2008.9798522826434
      ],
      "numdate": 2008.810581851934,
      "raw_date": "2008-XX-XX"
    },
    "940A_2008": {
      "branch_length": 0.0003015651686863567,
      "clock_length": 0.0003015651686863567,
      "date": "2008-12-31",
      "mutation_length": 0.00024568,
      "num_date_confidence": [
        2008.8201612833288,
        2008.9986338797814
      ],
      "numdate": 2008.9986338797814,
      "raw_date": "2008-XX-XX"
    },
    "945A_2008": {
      "branch_length": 0.0001746994162395779,
      "clock_length": 0.0001746994162395779,
      "date": "2008-12-17",
      "mutation_length": 2.91e-06,
      "num_date_confidence": [
        2008.780996578004,
        2008.9986338797814
      ],
      "numdate": 2008.959057052607,
      "raw_date": "2008-XX-XX"
    },
    "954A_2008": {
      "branch_length": 0.053652807377026296,
      "clock_length": 0.053652807377026296,
      "date": "2008-01-01",
      "mutation_length": 0.0004919,
      "num_date_confidence": [
        2008.0013661202186,
        2008.8989071038252
      ],
      "numdate": 2008.0013661202186,
      "raw_date": "2008-XX-XX"
    },
    "971A_2008": {
      "branch_length": 0.055465679536363,
      "clock_length": 0.055465679536363,
      "date": "2008-01-01",
      "mutation_length": 0.00090494,
      "num_date_confidence": [
        2008.0013661202186,
        2008.8989071038252
      ],
      "numdate": 2008.0013661202186,
      "raw_date": "2008-XX-XX"
    },
    "990A_2008": {
      "branch_length": 0.055825653876071996,
      "clock_length": 0.055825653876071996,
      "date": "2008-01-01",
      "mutation_length": 0.0005869,
      "num_date_confidence": [
        2008.0013661202186,
        2008.8989071038252
      ],
      "numdate": 2008.0013661202186,
      "raw_date": "2008-XX-XX"
    },
    "996A_2008": {
      "branch_length": 0.00030537673560786585,
      "clock_length": 0.00030537673560786585,
      "date": "2008-11-09",
      "mutation_length": 0.00024568,
      "num_date_confidence": [
        2008.6654829777399,
        2008.9986338797814
      ],
      "numdate": 2008.8566233417464,
      "raw_date": "2008-XX-XX"
    },
    "CBJ123": {
      "branch_length": 0.0,
      "clock_length": 0.0,
      "date": "2009-01-24",
      "mutation_length": 2.91e-06,
      "num_date_confidence": [
        2009.0643835616438,
        2009.0643835616438
      ],
      "numdate": 2009.0643835616438,
      "raw_date": "2009-01-24"
    },
    "CBJ_037": {
      "branch_length": 0.0001749428673408701,
      "clock_length": 0.0001749428673408701,
      "date": "2008-11-04",
      "mutation_length": 0.00024568,
      "num_date_confidence": [
        2008.8428961748634,
        2008.8428961748634
      ],
      "numdate": 2008.8428961748634,
      "raw_date": "2008-11-04"
    },
    "CN0601/14": {
      "branch_length": 0.0010993562258844423,
      "clock_length": 0.0010993562258844423,
      "date": "2014-11-25",
      "mutation_length": 0.00024568,
      "num_date_confidence": [
        2014.9,
        2014.9
      ],
      "numdate": 2014.9,
      "raw_date": "2014-11-25"
    },
    "ChinaGD01": {
      "branch_length": 0.08101711367111303,
      "clock_length": 0.08101711367111303,
      "date": "2018-09-01",
      "mutation_length": 0.96395777,
      "num_date_confidence": [
        2018.6671232876713,
        2018.6671232876713
      ],
      "numdate": 2018.6671232876713,
      "raw_date": "2018-09-01"
    },
    "ChinaGD02": {
      "branch_length": 0.002223203773785196,
      "clock_length": 0.002223203773785196,
      "date": "2018-08-15",
      "mutation_length": 0.00188734,
      "num_date_confidence": [
        2018.6205479452055,
        2018.6205479452055
      ],
      "numdate": 2018.6205479452055,
      "raw_date": "2018-08-15"
    },
    "ChinaGD03": {
      "branch_length": 0.0020332974122546105,
      "clock_length": 0.0020332974122546105,
      "date": "2018-07-13",
      "mutation_length": 0.0010682,
      "num_date_confidence": [
        2018.5301369863014,
        2018.5301369863014
      ],
      "numdate": 2018.5301369863014,
      "raw_date": "2018-07-13"
    },
    "ChinaGD04": {
      "branch_length": 0.003951508039441082,
      "clock_length": 0.003951508039441082,
      "date": "2018-07-25",
      "mutation_length": 0.00346542,
      "num_date_confidence": [
        2018.5630136986301,
        2018.5630136986301
      ],
      "numdate": 2018.5630136986301,
      "raw_date": "2018-07-25"
    },
    "ChinaGD05": {
      "branch_length": 0.004128027174301012,
      "clock_length": 0.004128027174301012,
      "date": "2018-08-14",
      "mutation_length": 0.00728909,
      "num_date_confidence": [
        2018.6178082191782,
        2018.6178082191782
      ],
      "numdate": 2018.6178082191782,
      "raw_date": "2018-08-14"
    },
    "HCoVNL63/Tokyo/SGH_15/2017": {
      "branch_length": 0.004391496702794531,
      "clock_length": 0.004391496702794531,
      "date": "2017-01-01",
      "mutation_length": 0.00024434,
      "num_date_confidence": [
        2017.0013698630137,
        2017.898904109589
      ],
      "numdate": 2017.0013698630137,
      "raw_date": "2017-XX-XX"
    },
    "HCoVNL63/Tokyo/SGH_18/2018": {
      "branch_length": -1.6855319415363598e-05,
      "clock_length": -1.6855319415363598e-05,
      "date": "2018-01-01",
      "mutation_length": 2.91e-06,
      "num_date_confidence": [
        2018.0013698630137,
        2018.4073896623918
      ],
      "numdate": 2018.0013698630137,
      "raw_date": "2018-XX-XX"
    },
    "HCoVNL63/Tokyo/SGH_24/2018": {
      "branch_length": -1.6855319415363598e-05,
      "clock_length": -1.6855319415363598e-05,
      "date": "2018-01-01",
      "mutation_length": 2.91e-06,
      "num_date_confidence": [
        2018.0013698630137,
        2018.4073896623918
      ],
      "numdate": 2018.0013698630137,
      "raw_date": "2018-XX-XX"
    },
    "HCoV_NL63/Haiti_1/2015": {
      "branch_length": 0.0002971450305465084,
      "clock_length": 0.0002971450305465084,
      "date": "2015-01-16",
      "mutation_length": 0.0,
      "num_date_confidence": [
        2015.0424657534247,
        2015.0424657534247
      ],
      "numdate": 2015.0424657534247,
      "raw_date": "2015-01-16"
    },
    "HCoV_NL63/Seattle/USA/SC0179/2018": {
      "branch_length": 0.0028332110729565466,
      "clock_length": 0.0028332110729565466,
      "date": "2018-01-01",
      "mutation_length": 0.00115282,
      "num_date_confidence": [
        2018.0013698630137,
        2018.3855341139304
      ],
      "numdate": 2018.0013698630137,
      "raw_date": "2018-XX-XX"
    },
    "HCoV_NL63/Seattle/USA/SC0768/2019": {
      "branch_length": 0.010864471724927502,
      "clock_length": 0.010864471724927502,
      "date": "2019-01-01",
      "mutation_length": 0.00172136,
      "num_date_confidence": [
        2019.0013698630137,
        2019.898904109589
      ],
      "numdate": 2019.0013698630137,
      "raw_date": "2019-XX-XX"
    },
    "HCoV_NL63/Seattle/USA/SC2940/2015": {
      "branch_length": 0.0006155482494616549,
      "clock_length": 0.0006155482494616549,
      "date": "2015-03-16",
      "mutation_length": 0.00098687,
      "num_date_confidence": [
        2015.0013698630137,
        2015.9986301369863
      ],
      "numdate": 2015.2037095967275,
      "raw_date": "2015-XX-XX"
    },
    "Kilifi/HH/0503/04_Jun_2010": {
      "branch_length": 0.0008519486198691265,
      "clock_length": 0.0008519486198691265,
      "date": "2010-06-04",
      "mutation_length": 0.00045711,
      "num_date_confidence": [
        2010.4232876712329,
        2010.4232876712329
      ],
      "numdate": 2010.4232876712329,
      "raw_date": "2010-06-04"
    },
    "Kilifi/HH/0511/01_Jun_2010": {
      "branch_length": 0.0,
      "clock_length": 0.0,
      "date": "2010-06-01",
      "mutation_length": 0.0,
      "num_date_confidence": [
        2010.4150684931508,
        2010.4150684931508
      ],
      "numdate": 2010.4150684931508,
      "raw_date": "2010-06-01"
    },
    "Kilifi/HH/0512/04_Jun_2010": {
      "branch_length": 1.7264214684335755e-05,
      "clock_length": 1.7264214684335755e-05,
      "date": "2010-06-04",
      "mutation_length": 0.0,
      "num_date_confidence": [
        2010.4232876712329,
        2010.4232876712329
      ],
      "numdate": 2010.4232876712329,
      "raw_date": "2010-06-04"
    },
    "Kilifi/HH/0522/21_May_2010": {
      "branch_length": 1.726421468481454e-05,
      "clock_length": 1.726421468481454e-05,
      "date": "2010-05-21",
      "mutation_length": 0.0,
      "num_date_confidence": [
        2010.3849315068494,
        2010.3849315068494
      ],
      "numdate": 2010.3849315068494,
      "raw_date": "2010-05-21"
    },
    "Kilifi/HH/1612/18_May_2010": {
      "branch_length": 0.0,
      "clock_length": 0.0,
      "date": "2010-05-18",
      "mutation_length": 0.0,
      "num_date_confidence": [
        2010.376712328767,
        2010.376712328767
      ],
      "numdate": 2010.376712328767,
      "raw_date": "2010-05-18"
    },
    "Kilifi/HH/3807/11_May_2010": {
      "branch_length": 0.0,
      "clock_length": 0.0,
      "date": "2010-05-11",
      "mutation_length": 0.0,
      "num_date_confidence": [
        2010.3575342465754,
        2010.3575342465754
      ],
      "numdate": 2010.3575342465754,
      "raw_date": "2010-05-11"
    },
    "Kilifi/HH/3808/24_May_2010": {
      "branch_length": 0.0,
      "clock_length": 0.0,
      "date": "2010-05-24",
      "mutation_length": 0.0,
      "num_date_confidence": [
        2010.3931506849315,
        2010.3931506849315
      ],
      "numdate": 2010.3931506849315,
      "raw_date": "2010-05-24"
    },
    "Kilifi/HH/5401/20_May_2010": {
      "branch_length": 0.0007656275464460044,
      "clock_length": 0.0007656275464460044,
      "date": "2010-05-20",
      "mutation_length": 0.00136962,
      "num_date_confidence": [
        2010.3821917808218,
        2010.3821917808218
      ],
      "numdate": 2010.3821917808218,
      "raw_date": "2010-05-20"
    },
    "Kilifi/HH/5402/20_May_2010": {
      "branch_length": 0.00014002136817034896,
      "clock_length": 0.00014002136817034896,
      "date": "2010-05-20",
      "mutation_length": 2.91e-06,
      "num_date_confidence": [
        2010.3821917808218,
        2010.3821917808218
      ],
      "numdate": 2010.3821917808218,
      "raw_date": "2010-05-20"
    },
    "Kilifi/HH/5405/15_May_2010": {
      "branch_length": 0.0,
      "clock_length": 0.0,
      "date": "2010-05-15",
      "mutation_length": 0.0,
      "num_date_confidence": [
        2010.368493150685,
        2010.368493150685
      ],
      "numdate": 2010.368493150685,
      "raw_date": "2010-05-15"
    },
    "Kilifi/HH/5709/19_May_2010": {
      "branch_length": 0.0,
      "clock_length": 0.0,
      "date": "2010-05-19",
      "mutation_length": 2.91e-06,
      "num_date_confidence": [
        2010.3794520547945,
        2010.3794520547945
      ],
      "numdate": 2010.3794520547945,
      "raw_date": "2010-05-19"
    },
    "Kilifi/IP/001/18_Mar_2008": {
      "branch_length": 0.0,
      "clock_length": 0.0,
      "date": "2008-03-18",
      "mutation_length": 2.91e-06,
      "num_date_confidence": [
        2008.2117486338798,
        2008.2117486338798
      ],
      "numdate": 2008.2117486338798,
      "raw_date": "2008-03-18"
    },
    "Kilifi/IP/002/14_May_2010": {
      "branch_length": 0.0,
      "clock_length": 0.0,
      "date": "2010-05-14",
      "mutation_length": 0.0,
      "num_date_confidence": [
        2010.3657534246574,
        2010.3657534246574
      ],
      "numdate": 2010.3657534246574,
      "raw_date": "2010-05-14"
    },
    "Kilifi/IP/003/20_May_2010": {
      "branch_length": 5.1792644053492987e-05,
      "clock_length": 5.1792644053492987e-05,
      "date": "2010-05-20",
      "mutation_length": 0.0,
      "num_date_confidence": [
        2010.3821917808218,
        2010.3821917808218
      ],
      "numdate": 2010.3821917808218,
      "raw_date": "2010-05-20"
    },
    "Kilifi/IP/004/20_Jun_2010": {
      "branch_length": 0.00010934002633557205,
      "clock_length": 0.00010934002633557205,
      "date": "2010-06-20",
      "mutation_length": 0.0,
      "num_date_confidence": [
        2010.4671232876713,
        2010.4671232876713
      ],
      "numdate": 2010.4671232876713,
      "raw_date": "2010-06-20"
    },
    "Kilifi/IP/005/09_Aug_2010": {
      "branch_length": 0.00044311484357136693,
      "clock_length": 0.00044311484357136693,
      "date": "2010-08-09",
      "mutation_length": 0.0,
      "num_date_confidence": [
        2010.6041095890412,
        2010.6041095890412
      ],
      "numdate": 2010.6041095890412,
      "raw_date": "2010-08-09"
    },
    "Kilifi/IP/006/28_Mar_2011": {
      "branch_length": 0.0,
      "clock_length": 0.0,
      "date": "2011-03-28",
      "mutation_length": 2.91e-06,
      "num_date_confidence": [
        2011.2369863013698,
        2011.2369863013698
      ],
      "numdate": 2011.2369863013698,
      "raw_date": "2011-03-28"
    },
    "Kilifi/IP/007/30_Mar_2011": {
      "branch_length": 0.0004265506647828689,
      "clock_length": 0.0004265506647828689,
      "date": "2011-03-30",
      "mutation_length": 0.00045649,
      "num_date_confidence": [
        2011.2424657534248,
        2011.2424657534248
      ],
      "numdate": 2011.2424657534248,
      "raw_date": "2011-03-30"
    },
    "Kilifi/IP/008/12_May_2011": {
      "branch_length": 0.0,
      "clock_length": 0.0,
      "date": "2011-05-12",
      "mutation_length": 0.0,
      "num_date_confidence": [
        2011.3602739726027,
        2011.3602739726027
      ],
      "numdate": 2011.3602739726027,
      "raw_date": "2011-05-12"
    },
    "Kilifi/IP/009/20_May_2011": {
      "branch_length": 0.001029582999702558,
      "clock_length": 0.001029582999702558,
      "date": "2011-05-20",
      "mutation_length": 0.00091199,
      "num_date_confidence": [
        2011.3821917808218,
        2011.3821917808218
      ],
      "numdate": 2011.3821917808218,
      "raw_date": "2011-05-20"
    },
    "Kilifi/IP/010/06_Jun_2011": {
      "branch_length": 0.0,
      "clock_length": 0.0,
      "date": "2011-06-06",
      "mutation_length": 2.91e-06,
      "num_date_confidence": [
        2011.4287671232876,
        2011.4287671232876
      ],
      "numdate": 2011.4287671232876,
      "raw_date": "2011-06-06"
    },
    "Kilifi/IP/011/26_Jul_2011": {
      "branch_length": 0.000842020349494349,
      "clock_length": 0.000842020349494349,
      "date": "2011-07-26",
      "mutation_length": 0.00137321,
      "num_date_confidence": [
        2011.5657534246575,
        2011.5657534246575
      ],
      "numdate": 2011.5657534246575,
      "raw_date": "2011-07-26"
    },
    "Kilifi/IP/012/15_Jun_2012": {
      "branch_length": 0.0027142417183906135,
      "clock_length": 0.0027142417183906135,
      "date": "2012-06-15",
      "mutation_length": 0.00045581,
      "num_date_confidence": [
        2012.454918032787,
        2012.454918032787
      ],
      "numdate": 2012.454918032787,
      "raw_date": "2012-06-15"
    },
    "Kilifi/IP/013/27_Jul_2012": {
      "branch_length": 0.0,
      "clock_length": 0.0,
      "date": "2012-07-27",
      "mutation_length": 2.91e-06,
      "num_date_confidence": [
        2012.5696721311476,
        2012.5696721311476
      ],
      "numdate": 2012.5696721311476,
      "raw_date": "2012-07-27"
    },
    "Kilifi/IP/014/21_Aug_2012": {
      "branch_length": 0.003094206337744418,
      "clock_length": 0.003094206337744418,
      "date": "2012-08-21",
      "mutation_length": 0.00137103,
      "num_date_confidence": [
        2012.6379781420765,
        2012.6379781420765
      ],
      "numdate": 2012.6379781420765,
      "raw_date": "2012-08-21"
    },
    "Kilifi/IP/015/19_Nov_2012": {
      "branch_length": 0.000659986713465812,
      "clock_length": 0.000659986713465812,
      "date": "2012-11-19",
      "mutation_length": 0.00045648,
      "num_date_confidence": [
        2012.8838797814208,
        2012.8838797814208
      ],
      "numdate": 2012.8838797814208,
      "raw_date": "2012-11-19"
    },
    "Kilifi/IP/016/08_Apr_2013": {
      "branch_length": 4.164010314818521e-05,
      "clock_length": 4.164010314818521e-05,
      "date": "2013-04-08",
      "mutation_length": 0.0,
      "num_date_confidence": [
        2013.2671232876712,
        2013.2671232876712
      ],
      "numdate": 2013.2671232876712,
      "raw_date": "2013-04-08"
    },
    "Kilifi/IP/017/12_Apr_2013": {
      "branch_length": 0.0005736901844140396,
      "clock_length": 0.0005736901844140396,
      "date": "2013-04-12",
      "mutation_length": 0.0004564,
      "num_date_confidence": [
        2013.2780821917809,
        2013.2780821917809
      ],
      "numdate": 2013.2780821917809,
      "raw_date": "2013-04-12"
    },
    "Kilifi/IP/018/03_May_2013": {
      "branch_length": 0.0,
      "clock_length": 0.0,
      "date": "2013-05-03",
      "mutation_length": 0.0,
      "num_date_confidence": [
        2013.335616438356,
        2013.335616438356
      ],
      "numdate": 2013.335616438356,
      "raw_date": "2013-05-03"
    },
    "Kilifi/IP/019/04_May_2013": {
      "branch_length": 0.0003224965326988592,
      "clock_length": 0.0003224965326988592,
      "date": "2013-05-04",
      "mutation_length": 2.91e-06,
      "num_date_confidence": [
        2013.3383561643836,
        2013.3383561643836
      ],
      "numdate": 2013.3383561643836,
      "raw_date": "2013-05-04"
    },
    "Kilifi/IP/020/25_May_2013": {
      "branch_length": 0.0004165570062097234,
      "clock_length": 0.0004165570062097234,
      "date": "2013-05-25",
      "mutation_length": 0.00045575,
      "num_date_confidence": [
        2013.3958904109588,
        2013.3958904109588
      ],
      "numdate": 2013.3958904109588,
      "raw_date": "2013-05-25"
    },
    "Kilifi/IP/021/26_May_2013": {
      "branch_length": 0.00013235897924898134,
      "clock_length": 0.00013235897924898134,
      "date": "2013-05-26",
      "mutation_length": 0.0,
      "num_date_confidence": [
        2013.3986301369864,
        2013.3986301369864
      ],
      "numdate": 2013.3986301369864,
      "raw_date": "2013-05-26"
    },
    "Kilifi/IP/022/17_Jun_2013": {
      "branch_length": 0.011021542264954214,
      "clock_length": 0.011021542264954214,
      "date": "2013-06-17",
      "mutation_length": 0.00228659,
      "num_date_confidence": [
        2013.458904109589,
        2013.458904109589
      ],
      "numdate": 2013.458904109589,
      "raw_date": "2013-06-17"
    },
    "Kilifi/IP/023/18_Jun_2013": {
      "branch_length": 0.0005546707236868172,
      "clock_length": 0.0005546707236868172,
      "date": "2013-06-18",
      "mutation_length": 0.0,
      "num_date_confidence": [
        2013.4616438356165,
        2013.4616438356165
      ],
      "numdate": 2013.4616438356165,
      "raw_date": "2013-06-18"
    },
    "Kilifi/IP/024/09_Dec_2013": {
      "branch_length": 0.0,
      "clock_length": 0.0,
      "date": "2013-12-09",
      "mutation_length": 0.0,
      "num_date_confidence": [
        2013.9383561643835,
        2013.9383561643835
      ],
      "numdate": 2013.9383561643835,
      "raw_date": "2013-12-09"
    },
    "Kilifi/IP/025/21_Jan_2014": {
      "branch_length": 0.0,
      "clock_length": 0.0,
      "date": "2014-01-21",
      "mutation_length": 0.0,
      "num_date_confidence": [
        2014.0561643835617,
        2014.0561643835617
      ],
      "numdate": 2014.0561643835617,
      "raw_date": "2014-01-21"
    },
    "Kilifi/IP/026/24_Jan_2014": {
      "branch_length": 0.0004295068607886865,
      "clock_length": 0.0004295068607886865,
      "date": "2014-01-24",
      "mutation_length": 2.91e-06,
      "num_date_confidence": [
        2014.0643835616438,
        2014.0643835616438
      ],
      "numdate": 2014.0643835616438,
      "raw_date": "2014-01-24"
    },
    "Kilifi/IP/027/26_Jan_2014": {
      "branch_length": 0.0004963982391433669,
      "clock_length": 0.0004963982391433669,
      "date": "2014-01-26",
      "mutation_length": 0.00045648,
      "num_date_confidence": [
        2014.0698630136985,
        2014.0698630136985
      ],
      "numdate": 2014.0698630136985,
      "raw_date": "2014-01-26"
    },
    "Kilifi/IP/028/21_Feb_2014": {
      "branch_length": 0.00017839688507388304,
      "clock_length": 0.00017839688507388304,
      "date": "2014-02-21",
      "mutation_length": 0.0,
      "num_date_confidence": [
        2014.141095890411,
        2014.141095890411
      ],
      "numdate": 2014.141095890411,
      "raw_date": "2014-02-21"
    },
    "Kilifi/IP/029/27_May_2014": {
      "branch_length": 0.0015567074058314319,
      "clock_length": 0.0015567074058314319,
      "date": "2014-05-27",
      "mutation_length": 0.00136944,
      "num_date_confidence": [
        2014.4013698630138,
        2014.4013698630138
      ],
      "numdate": 2014.4013698630138,
      "raw_date": "2014-05-27"
    },
    "Kilifi_HH_0511_01_Jun_2010": {
      "branch_length": 0.0,
      "clock_length": 0.0,
      "date": "2010-06-01",
      "mutation_length": 0.0,
      "num_date_confidence": [
        2010.4150684931508,
        2010.4150684931508
      ],
      "numdate": 2010.4150684931508,
      "raw_date": "2010-06-01"
    },
    "Kilifi_HH_0512_04_Jun_2010": {
      "branch_length": 1.7264214684335755e-05,
      "clock_length": 1.7264214684335755e-05,
      "date": "2010-06-04",
      "mutation_length": 0.0,
      "num_date_confidence": [
        2010.4232876712329,
        2010.4232876712329
      ],
      "numdate": 2010.4232876712329,
      "raw_date": "2010-06-04"
    },
    "Kilifi_HH_0522_21_May_2010": {
      "branch_length": 3.452842936915376e-05,
      "clock_length": 3.452842936915376e-05,
      "date": "2010-05-21",
      "mutation_length": 0.0,
      "num_date_confidence": [
        2010.3849315068494,
        2010.3849315068494
      ],
      "numdate": 2010.3849315068494,
      "raw_date": "2010-05-21"
    },
    "Kilifi_HH_1602_01_Jun_2010": {
      "branch_length": 0.0,
      "clock_length": 0.0,
      "date": "2010-06-01",
      "mutation_length": 0.0,
      "num_date_confidence": [
        2010.4150684931508,
        2010.4150684931508
      ],
      "numdate": 2010.4150684931508,
      "raw_date": "2010-06-01"
    },
    "Kilifi_HH_3807_11_May_2010": {
      "branch_length": 0.0,
      "clock_length": 0.0,
      "date": "2010-05-11",
      "mutation_length": 0.0,
      "num_date_confidence": [
        2010.3575342465754,
        2010.3575342465754
      ],
      "numdate": 2010.3575342465754,
      "raw_date": "2010-05-11"
    },
    "Kilifi_HH_3808_24_May_2010": {
      "branch_length": 5.754738228208253e-05,
      "clock_length": 5.754738228208253e-05,
      "date": "2010-05-24",
      "mutation_length": 0.0,
      "num_date_confidence": [
        2010.3931506849315,
        2010.3931506849315
      ],
      "numdate": 2010.3931506849315,
      "raw_date": "2010-05-24"
    },
    "Kilifi_HH_5401_20_May_2010": {
      "branch_length": 0.0013611041673182757,
      "clock_length": 0.0013611041673182757,
      "date": "2010-05-20",
      "mutation_length": 0.00125056,
      "num_date_confidence": [
        2010.3821917808218,
        2010.3821917808218
      ],
      "numdate": 2010.3821917808218,
      "raw_date": "2010-05-20"
    },
    "Kilifi_HH_5402_20_May_2010": {
      "branch_length": 5.1792644053492987e-05,
      "clock_length": 5.1792644053492987e-05,
      "date": "2010-05-20",
      "mutation_length": 2.91e-06,
      "num_date_confidence": [
        2010.3821917808218,
        2010.3821917808218
      ],
      "numdate": 2010.3821917808218,
      "raw_date": "2010-05-20"
    },
    "Kilifi_HH_5709_19_May_2010": {
      "branch_length": 0.0,
      "clock_length": 0.0,
      "date": "2010-05-19",
      "mutation_length": 2.91e-06,
      "num_date_confidence": [
        2010.3794520547945,
        2010.3794520547945
      ],
      "numdate": 2010.3794520547945,
      "raw_date": "2010-05-19"
    },
    "N06_1144B": {
      "branch_length": 0.0003223279455044671,
      "clock_length": 0.0003223279455044671,
      "date": "2016-02-25",
      "mutation_length": 2.91e-06,
      "num_date_confidence": [
        2016.0013661202186,
        2016.9986338797814
      ],
      "numdate": 2016.1514751909983,
      "raw_date": "2016-XX-XX"
    },
    "N07_185B": {
      "branch_length": 0.0001233289424063897,
      "clock_length": 0.0001233289424063897,
      "date": "2016-01-05",
      "mutation_length": 0.00024568,
      "num_date_confidence": [
        2016.0013661202186,
        2016.9986338797814
      ],
      "numdate": 2016.0117477066594,
      "raw_date": "2016-XX-XX"
    },
    "N07_196B": {
      "branch_length": 0.0002958987441057156,
      "clock_length": 0.0002958987441057156,
      "date": "2016-01-01",
      "mutation_length": 2.91e-06,
      "num_date_confidence": [
        2016.0013661202186,
        2016.2736502378941
      ],
      "numdate": 2016.0013661202186,
      "raw_date": "2016-XX-XX"
    },
    "N07_262B": {
      "branch_length": 0.0002901518675418411,
      "clock_length": 0.0002901518675418411,
      "date": "2015-12-31",
      "mutation_length": 2.91e-06,
      "num_date_confidence": [
        2015.5687629452705,
        2015.9986301369863
      ],
      "numdate": 2015.9986301369863,
      "raw_date": "2015-XX-XX"
    },
    "N07_324B_182X": {
      "branch_length": 0.00043510381190040026,
      "clock_length": 0.00043510381190040026,
      "date": "2016-05-04",
      "mutation_length": 0.00024568,
      "num_date_confidence": [
        2016.0013661202186,
        2016.9986338797814
      ],
      "numdate": 2016.3395620269887,
      "raw_date": "2016-XX-XX"
    },
    "N07_468B_176X": {
      "branch_length": 0.0005481404376631426,
      "clock_length": 0.0005481404376631426,
      "date": "2016-01-01",
      "mutation_length": 0.00024568,
      "num_date_confidence": [
        2016.0013661202186,
        2016.328137833695
      ],
      "numdate": 2016.0013661202186,
      "raw_date": "2016-XX-XX"
    },
    "N07_64B": {
      "branch_length": 0.00014901000035760607,
      "clock_length": 0.00014901000035760607,
      "date": "2016-03-15",
      "mutation_length": 2.91e-06,
      "num_date_confidence": [
        2016.0013661202186,
        2016.9986338797814
      ],
      "numdate": 2016.2033579755307,
      "raw_date": "2016-XX-XX"
    },
    "N07_6B": {
      "branch_length": 0.0003223279455044671,
      "clock_length": 0.0003223279455044671,
      "date": "2016-02-25",
      "mutation_length": 2.91e-06,
      "num_date_confidence": [
        2016.0013661202186,
        2016.9986338797814
      ],
      "numdate": 2016.1514751909983,
      "raw_date": "2016-XX-XX"
    },
    "NL63": {
      "branch_length": 0.0004299040128927373,
      "clock_length": 0.0004299040128927373,
      "date": "2010-12-31",
      "mutation_length": 2.91e-06,
      "num_date_confidence": [
        2010.275845124114,
        2010.9986301369863
      ],
      "numdate": 2010.9986301369863,
      "raw_date": "2010-XX-XX"
    },
    "NL63/DEN/2005/1062": {
      "branch_length": 0.0010518174542177086,
      "clock_length": 0.0010518174542177086,
      "date": "2005-04-12",
      "mutation_length": 0.00073747,
      "num_date_confidence": [
        2005.2780821917809,
        2005.2780821917809
      ],
      "numdate": 2005.2780821917809,
      "raw_date": "2005-04-12"
    },
    "NL63/DEN/2005/1120": {
      "branch_length": 0.0013817836654720292,
      "clock_length": 0.0013817836654720292,
      "date": "2005-04-25",
      "mutation_length": 0.00165872,
      "num_date_confidence": [
        2005.313698630137,
        2005.313698630137
      ],
      "numdate": 2005.313698630137,
      "raw_date": "2005-04-25"
    },
    "NL63/DEN/2005/1862": {
      "branch_length": 0.00040083826102947986,
      "clock_length": 0.00040083826102947986,
      "date": "2005-11-01",
      "mutation_length": 0.00048856,
      "num_date_confidence": [
        2005.8342465753424,
        2005.9136986301369
      ],
      "numdate": 2005.8342465753424,
      "raw_date": "2005-11-XX"
    },
    "NL63/DEN/2005/1876": {
      "branch_length": 0.00216546616906484,
      "clock_length": 0.00216546616906484,
      "date": "2005-11-21",
      "mutation_length": 0.00098137,
      "num_date_confidence": [
        2005.8890410958904,
        2005.8890410958904
      ],
      "numdate": 2005.8890410958904,
      "raw_date": "2005-11-21"
    },
    "NL63/DEN/2005/193": {
      "branch_length": 0.0001001853506906597,
      "clock_length": 0.0001001853506906597,
      "date": "2005-01-11",
      "mutation_length": 0.00024278,
      "num_date_confidence": [
        2005.0287671232877,
        2005.0287671232877
      ],
      "numdate": 2005.0287671232877,
      "raw_date": "2005-01-11"
    },
    "NL63/DEN/2005/232": {
      "branch_length": 0.002769360137006266,
      "clock_length": 0.002769360137006266,
      "date": "2005-01-18",
      "mutation_length": 2.91e-06,
      "num_date_confidence": [
        2005.0479452054794,
        2005.0479452054794
      ],
      "numdate": 2005.0479452054794,
      "raw_date": "2005-01-18"
    },
    "NL63/DEN/2005/235": {
      "branch_length": 0.0004203287418203458,
      "clock_length": 0.0004203287418203458,
      "date": "2005-01-19",
      "mutation_length": 0.00049042,
      "num_date_confidence": [
        2005.0506849315068,
        2005.0506849315068
      ],
      "numdate": 2005.0506849315068,
      "raw_date": "2005-01-19"
    },
    "NL63/DEN/2005/271": {
      "branch_length": 0.0007021511124330748,
      "clock_length": 0.0007021511124330748,
      "date": "2005-01-23",
      "mutation_length": 0.00049144,
      "num_date_confidence": [
        2005.0616438356165,
        2005.0616438356165
      ],
      "numdate": 2005.0616438356165,
      "raw_date": "2005-01-23"
    },
    "NL63/DEN/2005/291": {
      "branch_length": 0.0028153980428316516,
      "clock_length": 0.0028153980428316516,
      "date": "2005-01-26",
      "mutation_length": 0.00292683,
      "num_date_confidence": [
        2005.0698630136985,
        2005.0698630136985
      ],
      "numdate": 2005.0698630136985,
      "raw_date": "2005-01-26"
    },
    "NL63/DEN/2005/347": {
      "branch_length": 0.0007539437564870466,
      "clock_length": 0.0007539437564870466,
      "date": "2005-02-01",
      "mutation_length": 0.00049144,
      "num_date_confidence": [
        2005.0863013698631,
        2005.0863013698631
      ],
      "numdate": 2005.0863013698631,
      "raw_date": "2005-02-01"
    },
    "NL63/DEN/2005/449": {
      "branch_length": 0.00040037773590510806,
      "clock_length": 0.00040037773590510806,
      "date": "2005-02-09",
      "mutation_length": 0.00049144,
      "num_date_confidence": [
        2005.1082191780822,
        2005.1082191780822
      ],
      "numdate": 2005.1082191780822,
      "raw_date": "2005-02-09"
    },
    "NL63/DEN/2008/16": {
      "branch_length": 0.0015451045389649025,
      "clock_length": 0.0015451045389649025,
      "date": "2008-01-08",
      "mutation_length": 0.00122921,
      "num_date_confidence": [
        2008.0204918032787,
        2008.0204918032787
      ],
      "numdate": 2008.0204918032787,
      "raw_date": "2008-01-08"
    },
    "NL63/DEN/2009/14": {
      "branch_length": 0.009122587164513227,
      "clock_length": 0.009122587164513227,
      "date": "2009-03-01",
      "mutation_length": 0.00049144,
      "num_date_confidence": [
        2009.16301369863,
        2009.16301369863
      ],
      "numdate": 2009.16301369863,
      "raw_date": "2009-03-01"
    },
    "NL63/DEN/2009/15": {
      "branch_length": 0.0033360633105538294,
      "clock_length": 0.0033360633105538294,
      "date": "2009-02-13",
      "mutation_length": 0.00123027,
      "num_date_confidence": [
        2009.1191780821919,
        2009.1191780821919
      ],
      "numdate": 2009.1191780821919,
      "raw_date": "2009-02-13"
    },
    "NL63/DEN/2009/20": {
      "branch_length": 0.0001230061748958948,
      "clock_length": 0.0001230061748958948,
      "date": "2009-03-12",
      "mutation_length": 0.00049144,
      "num_date_confidence": [
        2009.1931506849314,
        2009.1931506849314
      ],
      "numdate": 2009.1931506849314,
      "raw_date": "2009-03-12"
    },
    "NL63/DEN/2009/22": {
      "branch_length": 0.015591118329842349,
      "clock_length": 0.015591118329842349,
      "date": "2009-03-03",
      "mutation_length": 0.00056169,
      "num_date_confidence": [
        2009.168493150685,
        2009.168493150685
      ],
      "numdate": 2009.168493150685,
      "raw_date": "2009-03-03"
    },
    "NL63/DEN/2009/31": {
      "branch_length": 0.0,
      "clock_length": 0.0,
      "date": "2009-02-21",
      "mutation_length": 2.91e-06,
      "num_date_confidence": [
        2009.141095890411,
        2009.141095890411
      ],
      "numdate": 2009.141095890411,
      "raw_date": "2009-02-21"
    },
    "NL63/DEN/2009/6": {
      "branch_length": 0.0005024324330755517,
      "clock_length": 0.0005024324330755517,
      "date": "2009-02-25",
      "mutation_length": 0.00049449,
      "num_date_confidence": [
        2009.1520547945206,
        2009.1520547945206
      ],
      "numdate": 2009.1520547945206,
      "raw_date": "2009-02-25"
    },
    "NL63/DEN/2009/9": {
      "branch_length": 0.0004425225000000005,
      "clock_length": 0.0004425225000000005,
      "date": "2009-03-16",
      "mutation_length": 0.00059003,
      "num_date_confidence": [
        2009.204109589041,
        2009.204109589041
      ],
      "numdate": 2009.204109589041,
      "raw_date": "2009-03-16"
    },
    "NL63/DEN/2010/20": {
      "branch_length": 2.301895291292877e-05,
      "clock_length": 2.301895291292877e-05,
      "date": "2010-12-15",
      "mutation_length": 2.91e-06,
      "num_date_confidence": [
        2010.954794520548,
        2010.954794520548
      ],
      "numdate": 2010.954794520548,
      "raw_date": "2010-12-15"
    },
    "NL63/DEN/2010/25": {
      "branch_length": 0.0011116432484235411,
      "clock_length": 0.0011116432484235411,
      "date": "2010-12-23",
      "mutation_length": 0.00073775,
      "num_date_confidence": [
        2010.9767123287672,
        2010.9767123287672
      ],
      "numdate": 2010.9767123287672,
      "raw_date": "2010-12-23"
    },
    "NL63/DEN/2010/28": {
      "branch_length": 0.0006284789649018442,
      "clock_length": 0.0006284789649018442,
      "date": "2010-12-03",
      "mutation_length": 0.00049144,
      "num_date_confidence": [
        2010.9219178082192,
        2010.9219178082192
      ],
      "numdate": 2010.9219178082192,
      "raw_date": "2010-12-03"
    },
    "NL63/DEN/2010/31": {
      "branch_length": 0.0,
      "clock_length": 0.0,
      "date": "2010-12-11",
      "mutation_length": 2.91e-06,
      "num_date_confidence": [
        2010.9438356164383,
        2010.9438356164383
      ],
      "numdate": 2010.9438356164383,
      "raw_date": "2010-12-11"
    },
    "NL63/DEN/2010/35": {
      "branch_length": 0.003982649555142336,
      "clock_length": 0.003982649555142336,
      "date": "2010-12-14",
      "mutation_length": 0.0014654,
      "num_date_confidence": [
        2010.9520547945206,
        2010.9520547945206
      ],
      "numdate": 2010.9520547945206,
      "raw_date": "2010-12-14"
    },
    "NL63/DEN/2010/36": {
      "branch_length": 0.019889480446767763,
      "clock_length": 0.019889480446767763,
      "date": "2010-12-30",
      "mutation_length": 0.00024568,
      "num_date_confidence": [
        2010.995890410959,
        2010.995890410959
      ],
      "numdate": 2010.995890410959,
      "raw_date": "2010-12-30"
    },
    "NL63/FRA_EPI/Caen/2004/01": {
      "branch_length": 0.0,
      "clock_length": 0.0,
      "date": "2004-10-11",
      "mutation_length": 2.91e-06,
      "num_date_confidence": [
        2004.7773224043715,
        2004.7773224043715
      ],
      "numdate": 2004.7773224043715,
      "raw_date": "2004-10-11"
    },
    "NL63/FRA_EPI/Caen/2004/02": {
      "branch_length": 0.0006502549149082423,
      "clock_length": 0.0006502549149082423,
      "date": "2004-12-18",
      "mutation_length": 0.00039682,
      "num_date_confidence": [
        2004.9631147540983,
        2004.9631147540983
      ],
      "numdate": 2004.9631147540983,
      "raw_date": "2004-12-18"
    },
    "NL63/FRA_EPI/Caen/2005/03": {
      "branch_length": 0.00017499694765708146,
      "clock_length": 0.00017499694765708146,
      "date": "2005-01-24",
      "mutation_length": 2.91e-06,
      "num_date_confidence": [
        2005.0643835616438,
        2005.0643835616438
      ],
      "numdate": 2005.0643835616438,
      "raw_date": "2005-01-24"
    },
    "NL63/FRA_EPI/Caen/2005/04": {
      "branch_length": 0.00013998105889351242,
      "clock_length": 0.00013998105889351242,
      "date": "2005-02-23",
      "mutation_length": 0.00039748,
      "num_date_confidence": [
        2005.1465753424657,
        2005.1465753424657
      ],
      "numdate": 2005.1465753424657,
      "raw_date": "2005-02-23"
    },
    "NL63/FRA_EPI/Caen/2008/05": {
      "branch_length": 0.0005098936347412257,
      "clock_length": 0.0005098936347412257,
      "date": "2008-02-15",
      "mutation_length": 0.00119046,
      "num_date_confidence": [
        2008.1243169398906,
        2008.1243169398906
      ],
      "numdate": 2008.1243169398906,
      "raw_date": "2008-02-15"
    },
    "NL63/FRA_EPI/Caen/2008/06": {
      "branch_length": 0.0010949051287614635,
      "clock_length": 0.0010949051287614635,
      "date": "2008-02-19",
      "mutation_length": 0.00079278,
      "num_date_confidence": [
        2008.1352459016393,
        2008.1352459016393
      ],
      "numdate": 2008.1352459016393,
      "raw_date": "2008-02-19"
    },
    "NL63/FRA_EPI/Caen/2009/07": {
      "branch_length": 0.00038304858566329605,
      "clock_length": 0.00038304858566329605,
      "date": "2009-01-08",
      "mutation_length": 0.00039631,
      "num_date_confidence": [
        2009.0205479452054,
        2009.0205479452054
      ],
      "numdate": 2009.0205479452054,
      "raw_date": "2009-01-08"
    },
    "NL63/FRA_EPI/Caen/2009/08": {
      "branch_length": 0.0006669572908997376,
      "clock_length": 0.0006669572908997376,
      "date": "2009-04-24",
      "mutation_length": 2.91e-06,
      "num_date_confidence": [
        2009.3109589041096,
        2009.3109589041096
      ],
      "numdate": 2009.3109589041096,
      "raw_date": "2009-04-24"
    },
    "NL63/FRA_EPI/Caen/2010/09": {
      "branch_length": 0.004037307360568364,
      "clock_length": 0.004037307360568364,
      "date": "2010-10-05",
      "mutation_length": 2.91e-06,
      "num_date_confidence": [
        2010.7602739726028,
        2010.7602739726028
      ],
      "numdate": 2010.7602739726028,
      "raw_date": "2010-10-05"
    },
    "NL63/FRA_EPI/Caen/2010/10": {
      "branch_length": 0.019488724935253908,
      "clock_length": 0.019488724935253908,
      "date": "2010-12-17",
      "mutation_length": 0.00079464,
      "num_date_confidence": [
        2010.9602739726026,
        2010.9602739726026
      ],
      "numdate": 2010.9602739726026,
      "raw_date": "2010-12-17"
    },
    "NL63/FRA_EPI/Caen/2011/11": {
      "branch_length": 0.006846575835432144,
      "clock_length": 0.006846575835432144,
      "date": "2011-02-21",
      "mutation_length": 0.00039642,
      "num_date_confidence": [
        2011.141095890411,
        2011.141095890411
      ],
      "numdate": 2011.141095890411,
      "raw_date": "2011-02-21"
    },
    "NL63/FRA_EPI/Caen/2011/12": {
      "branch_length": 0.005518793960840335,
      "clock_length": 0.005518793960840335,
      "date": "2011-10-08",
      "mutation_length": 2.91e-06,
      "num_date_confidence": [
        2011.768493150685,
        2011.768493150685
      ],
      "numdate": 2011.768493150685,
      "raw_date": "2011-10-08"
    },
    "NL63/FRA_EPI/Caen/2012/13": {
      "branch_length": 0.0,
      "clock_length": 0.0,
      "date": "2012-02-01",
      "mutation_length": 2.91e-06,
      "num_date_confidence": [
        2012.0860655737704,
        2012.0860655737704
      ],
      "numdate": 2012.0860655737704,
      "raw_date": "2012-02-01"
    },
    "NL63/FRA_EPI/Caen/2012/14": {
      "branch_length": 9.182423839561304e-05,
      "clock_length": 9.182423839561304e-05,
      "date": "2012-02-17",
      "mutation_length": 2.91e-06,
      "num_date_confidence": [
        2012.129781420765,
        2012.129781420765
      ],
      "numdate": 2012.129781420765,
      "raw_date": "2012-02-17"
    },
    "NL63/FRA_EPI/Caen/2013/15": {
      "branch_length": 0.00044018510410469974,
      "clock_length": 0.00044018510410469974,
      "date": "2013-03-20",
      "mutation_length": 0.00038459,
      "num_date_confidence": [
        2013.2150684931507,
        2013.2150684931507
      ],
      "numdate": 2013.2150684931507,
      "raw_date": "2013-03-20"
    },
    "NL63/FRA_EPI/Caen/2013/16": {
      "branch_length": 0.009674666490752739,
      "clock_length": 0.009674666490752739,
      "date": "2013-02-01",
      "mutation_length": 0.00079283,
      "num_date_confidence": [
        2013.0863013698631,
        2013.0863013698631
      ],
      "numdate": 2013.0863013698631,
      "raw_date": "2013-02-01"
    },
    "NL63/FRA_EPI/Caen/2014/17": {
      "branch_length": 0.0006241076881750955,
      "clock_length": 0.0006241076881750955,
      "date": "2014-03-16",
      "mutation_length": 2.91e-06,
      "num_date_confidence": [
        2014.204109589041,
        2014.204109589041
      ],
      "numdate": 2014.204109589041,
      "raw_date": "2014-03-16"
    },
    "NL63/FRA_EPI/Caen/2014/18": {
      "branch_length": 0.00036403925989486434,
      "clock_length": 0.00036403925989486434,
      "date": "2014-01-03",
      "mutation_length": 0.00039739,
      "num_date_confidence": [
        2014.0068493150684,
        2014.0068493150684
      ],
      "numdate": 2014.0068493150684,
      "raw_date": "2014-01-03"
    },
    "NL63/FRA_EPI/Caen/2015/19": {
      "branch_length": 0.0003028601011302798,
      "clock_length": 0.0003028601011302798,
      "date": "2015-01-05",
      "mutation_length": 0.00039743,
      "num_date_confidence": [
        2015.0123287671233,
        2015.0123287671233
      ],
      "numdate": 2015.0123287671233,
      "raw_date": "2015-01-05"
    },
    "NL63/FRA_EPI/Caen/2015/20": {
      "branch_length": 0.00023748132064247557,
      "clock_length": 0.00023748132064247557,
      "date": "2015-02-15",
      "mutation_length": 0.00039722,
      "num_date_confidence": [
        2015.1246575342466,
        2015.1246575342466
      ],
      "numdate": 2015.1246575342466,
      "raw_date": "2015-02-15"
    },
    "NL63/Haiti_2/2015": {
      "branch_length": 9.904834351550339e-05,
      "clock_length": 9.904834351550339e-05,
      "date": "2015-01-21",
      "mutation_length": 0.0,
      "num_date_confidence": [
        2015.0561643835617,
        2015.0561643835617
      ],
      "numdate": 2015.0561643835617,
      "raw_date": "2015-01-21"
    },
    "NL63/Haiti_3/2015": {
      "branch_length": 0.0,
      "clock_length": 0.0,
      "date": "2015-01-22",
      "mutation_length": 2.91e-06,
      "num_date_confidence": [
        2015.058904109589,
        2015.058904109589
      ],
      "numdate": 2015.058904109589,
      "raw_date": "2015-01-22"
    },
    "NL63/Haiti_4/2015": {
      "branch_length": 2.8773691141041266e-05,
      "clock_length": 2.8773691141041266e-05,
      "date": "2015-01-27",
      "mutation_length": 0.0,
      "num_date_confidence": [
        2015.072602739726,
        2015.072602739726
      ],
      "numdate": 2015.072602739726,
      "raw_date": "2015-01-27"
    },
    "NL63/RPTEC/2004": {
      "branch_length": 0.00025069617289787127,
      "clock_length": 0.00025069617289787127,
      "date": "2004-01-10",
      "mutation_length": 0.00049248,
      "num_date_confidence": [
        2004.0013661202186,
        2004.9986338797814
      ],
      "numdate": 2004.0251066491464,
      "raw_date": "2004-XX-XX"
    },
    "NL63/UF_1/2015": {
      "branch_length": 0.00038223124371022585,
      "clock_length": 0.00038223124371022585,
      "date": "2015-01-01",
      "mutation_length": 0.00060775,
      "num_date_confidence": [
        2015.0013698630137,
        2015.5658964483396
      ],
      "numdate": 2015.0013698630137,
      "raw_date": "2015-XX-XX"
    },
    "NL63/UF_2/2015": {
      "branch_length": 0.0017806326331621537,
      "clock_length": 0.0017806326331621537,
      "date": "2015-09-01",
      "mutation_length": 0.00062112,
      "num_date_confidence": [
        2015.6671232876713,
        2015.6671232876713
      ],
      "numdate": 2015.6671232876713,
      "raw_date": "2015-09-01"
    },
    "NL63/human/USA/0111_25/2001": {
      "branch_length": 4.677596668649364e-05,
      "clock_length": 4.677596668649364e-05,
      "date": "2001-11-21",
      "mutation_length": 0.00049144,
      "num_date_confidence": [
        2001.8890410958904,
        2001.8890410958904
      ],
      "numdate": 2001.8890410958904,
      "raw_date": "2001-11-21"
    },
    "NL63/human/USA/012_31/2001": {
      "branch_length": 0.0005371322040452139,
      "clock_length": 0.0005371322040452139,
      "date": "2001-02-23",
      "mutation_length": 0.00050962,
      "num_date_confidence": [
        2001.1465753424657,
        2001.1465753424657
      ],
      "numdate": 2001.1465753424657,
      "raw_date": "2001-02-23"
    },
    "NL63/human/USA/838_9/1983": {
      "branch_length": 9.654397085068211e-05,
      "clock_length": 9.654397085068211e-05,
      "date": "1983-08-16",
      "mutation_length": 0.00134402,
      "num_date_confidence": [
        1983.623287671233,
        1983.623287671233
      ],
      "numdate": 1983.623287671233,
      "raw_date": "1983-08-16"
    },
    "NL63/human/USA/8712_17/1987": {
      "branch_length": 0.009200539847857306,
      "clock_length": 0.009200539847857306,
      "date": "1987-12-16",
      "mutation_length": 0.00087626,
      "num_date_confidence": [
        1987.9575342465753,
        1987.9575342465753
      ],
      "numdate": 1987.9575342465753,
      "raw_date": "1987-12-16"
    },
    "NL63/human/USA/891_4/1989": {
      "branch_length": 0.00014449166458022078,
      "clock_length": 0.00014449166458022078,
      "date": "1989-01-03",
      "mutation_length": 0.0,
      "num_date_confidence": [
        1989.0068493150684,
        1989.0068493150684
      ],
      "numdate": 1989.0068493150684,
      "raw_date": "1989-01-03"
    },
    "NL63/human/USA/891_6/1989": {
      "branch_length": 0.0,
      "clock_length": 0.0,
      "date": "1989-01-05",
      "mutation_length": 2.91e-06,
      "num_date_confidence": [
        1989.0123287671233,
        1989.0123287671233
      ],
      "numdate": 1989.0123287671233,
      "raw_date": "1989-01-05"
    },
    "NL63/human/USA/901_24/1990": {
      "branch_length": 0.0005642207257584714,
      "clock_length": 0.0005642207257584714,
      "date": "1990-01-05",
      "mutation_length": 0.00049296,
      "num_date_confidence": [
        1990.0123287671233,
        1990.0123287671233
      ],
      "numdate": 1990.0123287671233,
      "raw_date": "1990-01-05"
    },
    "NL63/human/USA/903_28/1990": {
      "branch_length": 0.00037536250155700834,
      "clock_length": 0.00037536250155700834,
      "date": "1990-03-21",
      "mutation_length": 0.00024568,
      "num_date_confidence": [
        1990.217808219178,
        1990.217808219178
      ],
      "numdate": 1990.217808219178,
      "raw_date": "1990-03-21"
    },
    "NL63/human/USA/904_20/1990": {
      "branch_length": 0.0,
      "clock_length": 0.0,
      "date": "1990-04-26",
      "mutation_length": 0.0,
      "num_date_confidence": [
        1990.3164383561643,
        1990.3164383561643
      ],
      "numdate": 1990.3164383561643,
      "raw_date": "1990-04-26"
    },
    "NL63/human/USA/905_25/1990": {
      "branch_length": 0.0004239080730859546,
      "clock_length": 0.0004239080730859546,
      "date": "1990-05-29",
      "mutation_length": 0.00024568,
      "num_date_confidence": [
        1990.4068493150685,
        1990.4068493150685
      ],
      "numdate": 1990.4068493150685,
      "raw_date": "1990-05-29"
    },
    "NL63/human/USA/911_56/1991": {
      "branch_length": 0.0015710435362977018,
      "clock_length": 0.0015710435362977018,
      "date": "1991-01-24",
      "mutation_length": 0.00024568,
      "num_date_confidence": [
        1991.0643835616438,
        1991.0643835616438
      ],
      "numdate": 1991.0643835616438,
      "raw_date": "1991-01-24"
    },
    "NL63_KLF_01_2018": {
      "branch_length": 0.006441089130638255,
      "clock_length": 0.006441089130638255,
      "date": "2018-01-29",
      "mutation_length": 0.00043097,
      "num_date_confidence": [
        2018.0780821917808,
        2018.0780821917808
      ],
      "numdate": 2018.0780821917808,
      "raw_date": "2018-01-29"
    },
    "NODE_0000000": {
      "branch_length": 0.000674516870727223,
      "clock_length": 0.000674516870727223,
      "date": "2010-12-11",
      "mutation_length": 0.00024568,
      "num_date_confidence": [
        2010.7735536334426,
        2010.9438356164383
      ],
      "numdate": 2010.9438356164383
    },
    "NODE_0000001": {
      "branch_length": 0.0031257670319861895,
      "clock_length": 0.0031257670319861895,
      "date": "2010-08-16",
      "mutation_length": 0.00024568,
      "num_date_confidence": [
        2010.2030531336281,
        2010.81780376375
      ],
      "numdate": 2010.6227104230115
    },
    "NODE_0000002": {
      "branch_length": 0.00016510143774410568,
      "clock_length": 0.00016510143774410568,
      "date": "2009-02-19",
      "mutation_length": 0.00025587,
      "num_date_confidence": [
        2009.0325617137612,
        2009.180363243184
      ],
      "numdate": 2009.134589686059
    },
    "NODE_0000003": {
      "branch_length": 0.00025277683523884653,
      "clock_length": 0.00025277683523884653,
      "date": "2009-01-21",
      "mutation_length": 0.00036143,
      "num_date_confidence": [
        2008.910255637774,
        2009.150661082114
      ],
      "numdate": 2009.0559878994595
    },
    "NODE_0000004": {
      "branch_length": 0.0009168502814098055,
      "clock_length": 0.0009168502814098055,
      "date": "2008-12-08",
      "mutation_length": 0.0008578,
      "num_date_confidence": [
        2008.7095749739747,
        2009.0927388350763
      ],
      "numdate": 2008.9356454534325
    },
    "NODE_0000005": {
      "branch_length": 0.012358698247945256,
      "clock_length": 0.012358698247945256,
      "date": "2014-10-27",
      "mutation_length": 0.00050142,
      "num_date_confidence": [
        2014.2256308011426,
        2015.2550138175611
      ],
      "numdate": 2014.8193965315863
    },
    "NODE_0000006": {
      "branch_length": 0.0014941912668575766,
      "clock_length": 0.0014941912668575766,
      "date": "2008-07-01",
      "mutation_length": 0.00024568,
      "num_date_confidence": [
        2008.0870808821858,
        2008.8602390500205
      ],
      "numdate": 2008.4991497381457
    },
    "NODE_0000007": {
      "branch_length": 0.01565672873129783,
      "clock_length": 0.01565672873129783,
      "date": "2015-12-14",
      "mutation_length": 0.0009832,
      "num_date_confidence": [
        2015.6991781531597,
        2016.2121796698011
      ],
      "numdate": 2015.9530330440555
    },
    "NODE_0000008": {
      "branch_length": 0.01857118990042959,
      "clock_length": 0.01857118990042959,
      "date": "2010-06-13",
      "mutation_length": 0.0,
      "num_date_confidence": [
        2009.9641598151263,
        2010.770814506566
      ],
      "numdate": 2010.4474792307326
    },
    "NODE_0000010": {
      "branch_length": 0.00037679237485266186,
      "clock_length": 0.00037679237485266186,
      "date": "2016-02-18",
      "mutation_length": 0.00024568,
      "num_date_confidence": [
        2015.886100730316,
        2016.4357155373882
      ],
      "numdate": 2016.1324170291082
    },
    "NODE_0000011": {
      "branch_length": 0.0028746397704980838,
      "clock_length": 0.0028746397704980838,
      "date": "2012-07-27",
      "mutation_length": 0.0,
      "num_date_confidence": [
        2012.183424710615,
        2012.5696721311476
      ],
      "numdate": 2012.5696721311476
    },
    "NODE_0000012": {
      "branch_length": 0.00033968062096936813,
      "clock_length": 0.00033968062096936813,
      "date": "2011-03-15",
      "mutation_length": 0.0,
      "num_date_confidence": [
        2011.0020537049477,
        2011.3893441917096
      ],
      "numdate": 2011.2011085082124
    },
    "NODE_0000014": {
      "branch_length": 0.0003777978927355704,
      "clock_length": 0.0003777978927355704,
      "date": "2013-03-09",
      "mutation_length": 0.0,
      "num_date_confidence": [
        2013.0234493388796,
        2013.2633146334197
      ],
      "numdate": 2013.1848214405884
    },
    "NODE_0000015": {
      "branch_length": 0.00013123323561735518,
      "clock_length": 0.00013123323561735518,
      "date": "2013-04-01",
      "mutation_length": 0.0,
      "num_date_confidence": [
        2013.1436063098474,
        2013.2671232876712
      ],
      "numdate": 2013.2472991931852
    },
    "NODE_0000016": {
      "branch_length": 0.00018550855885291276,
      "clock_length": 0.00018550855885291276,
      "date": "2013-05-03",
      "mutation_length": 0.0,
      "num_date_confidence": [
        2013.2252104592208,
        2013.335616438356
      ],
      "numdate": 2013.335616438356
    },
    "NODE_0000020": {
      "branch_length": 0.00019514184188317713,
      "clock_length": 0.00019514184188317713,
      "date": "2007-12-16",
      "mutation_length": 0.00024279,
      "num_date_confidence": [
        2007.8312368066393,
        2007.9967248126004
      ],
      "numdate": 2007.9567130004937
    },
    "NODE_0000021": {
      "branch_length": 0.05204416033892352,
      "clock_length": 0.05204416033892352,
      "date": "2007-04-14",
      "mutation_length": 0.00120819,
      "num_date_confidence": [
        2006.9577749273706,
        2007.5732653955674
      ],
      "numdate": 2007.2848956818582
    },
    "NODE_0000023": {
      "branch_length": 0.0066652617906261015,
      "clock_length": 0.0066652617906261015,
      "date": "2012-02-01",
      "mutation_length": 0.00039682,
      "num_date_confidence": [
        2011.825048441381,
        2012.0860655737704
      ],
      "numdate": 2012.0860655737704
    },
    "NODE_0000024": {
      "branch_length": 0.00010371560343580555,
      "clock_length": 0.00010371560343580555,
      "date": "1982-07-05",
      "mutation_length": 0.00026817,
      "num_date_confidence": [
        1982.2882398853128,
        1982.7671515734394
      ],
      "numdate": 1982.507619114185
    },
    "NODE_0000025": {
      "branch_length": 0.00019261665700801012,
      "clock_length": 0.00019261665700801012,
      "date": "1982-08-07",
      "mutation_length": 0.00035203,
      "num_date_confidence": [
        1982.13461646164,
        1982.9421459160797
      ],
      "numdate": 1982.5993203953883
    },
    "NODE_0000026": {
      "branch_length": 0.05942824695213842,
      "clock_length": 0.05942824695213842,
      "date": "2010-11-22",
      "mutation_length": 0.00045903,
      "num_date_confidence": [
        2010.629223222466,
        2011.1193844872046
      ],
      "numdate": 2010.8920260721836
    },
    "NODE_0000027": {
      "branch_length": 0.00752529502396021,
      "clock_length": 0.00752529502396021,
      "date": "2014-05-18",
      "mutation_length": 0.0,
      "num_date_confidence": [
        2013.7685830436167,
        2014.6413247537696
      ],
      "numdate": 2014.3766165295444
    },
    "NODE_0000028": {
      "branch_length": 0.004004206713521315,
      "clock_length": 0.004004206713521315,
      "date": "2003-09-24",
      "mutation_length": 0.0,
      "num_date_confidence": [
        2002.9760492153466,
        2004.287190736803
      ],
      "numdate": 2003.7295032980062
    },
    "NODE_0000029": {
      "branch_length": 0.0058894588340853565,
      "clock_length": 0.0058894588340853565,
      "date": "2004-08-05",
      "mutation_length": 0.0,
      "num_date_confidence": [
        2004.166881794508,
        2004.9072029079477
      ],
      "numdate": 2004.5945540889636
    },
    "NODE_0000032": {
      "branch_length": 0.0005731301114974933,
      "clock_length": 0.0005731301114974933,
      "date": "2011-03-02",
      "mutation_length": 0.00045416,
      "num_date_confidence": [
        2010.9312088218528,
        2011.3873917305557
      ],
      "numdate": 2011.164882876662
    },
    "NODE_0000033": {
      "branch_length": 0.0009674735790063255,
      "clock_length": 0.0009674735790063255,
      "date": "1983-01-22",
      "mutation_length": 0.00736125,
      "num_date_confidence": [
        1982.90196521052,
        1983.2426193608665
      ],
      "numdate": 1983.0599169403772
    },
    "NODE_0000034": {
      "branch_length": 0.06688154161515898,
      "clock_length": 0.06688154161515898,
      "date": "2014-11-25",
      "mutation_length": 0.0019766,
      "num_date_confidence": [
        2014.613502765057,
        2015.0424657534247
      ],
      "numdate": 2014.9010004179363
    },
    "NODE_0000035": {
      "branch_length": 0.007894132327900046,
      "clock_length": 0.007894132327900046,
      "date": "2008-11-02",
      "mutation_length": 0.0,
      "num_date_confidence": [
        2008.4633901919156,
        2009.0192535550314
      ],
      "numdate": 2008.838185492165
    },
    "NODE_0000036": {
      "branch_length": 0.0005377647209540287,
      "clock_length": 0.0005377647209540287,
      "date": "2004-11-07",
      "mutation_length": 0.0,
      "num_date_confidence": [
        2004.5850827173972,
        2004.9999937909317
      ],
      "numdate": 2004.8505740753108
    },
    "NODE_0000037": {
      "branch_length": 0.0004506165681748414,
      "clock_length": 0.0004506165681748414,
      "date": "1983-04-11",
      "mutation_length": 0.00298952,
      "num_date_confidence": [
        1983.1458371925792,
        1983.3762400984097
      ],
      "numdate": 1983.2744472789
    },
    "NODE_0000038": {
      "branch_length": 0.037002905580072645,
      "clock_length": 0.037002905580072645,
      "date": "2000-11-22",
      "mutation_length": 0.00195985,
      "num_date_confidence": [
        2000.4585359452888,
        2001.0880929478344
      ],
      "numdate": 2000.8908564858953
    },
    "NODE_0000039": {
      "branch_length": 0.007903439905949439,
      "clock_length": 0.007903439905949439,
      "date": "2004-08-27",
      "mutation_length": 0.00121297,
      "num_date_confidence": [
        2004.323910554535,
        2004.77351375012
      ],
      "numdate": 2004.653540235819
    },
    "NODE_0000040": {
      "branch_length": 0.005630051700138562,
      "clock_length": 0.005630051700138562,
      "date": "2007-07-13",
      "mutation_length": 0.0,
      "num_date_confidence": [
        2007.0560507138327,
        2007.889986104285
      ],
      "numdate": 2007.5309391183087
    },
    "NODE_0000041": {
      "branch_length": 0.000291603144648777,
      "clock_length": 0.000291603144648777,
      "date": "2007-09-02",
      "mutation_length": 0.0,
      "num_date_confidence": [
        2007.349261845733,
        2007.9044906454073
      ],
      "numdate": 2007.6697660628865
    },
    "NODE_0000044": {
      "branch_length": 0.00016023959108836527,
      "clock_length": 0.00016023959108836527,
      "date": "1983-05-09",
      "mutation_length": 0.00128843,
      "num_date_confidence": [
        1983.2326940499324,
        1983.437825712217
      ],
      "numdate": 1983.3507344288826
    },
    "NODE_0000045": {
      "branch_length": 0.00031380904544517363,
      "clock_length": 0.00031380904544517363,
      "date": "1983-07-02",
      "mutation_length": 0.00285096,
      "num_date_confidence": [
        1983.4213329771533,
        1983.5452378059756
      ],
      "numdate": 1983.5001331982699
    },
    "NODE_0000046": {
      "branch_length": 0.00016213946918929023,
      "clock_length": 0.00016213946918929023,
      "date": "1983-07-30",
      "mutation_length": 0.00152943,
      "num_date_confidence": [
        1983.5139926582922,
        1983.6032078445521
      ],
      "numdate": 1983.577324845603
    },
    "NODE_0000047": {
      "branch_length": 0.011422252393865545,
      "clock_length": 0.011422252393865545,
      "date": "1988-12-09",
      "mutation_length": 0.00305931,
      "num_date_confidence": [
        1988.6942524549097,
        1989.0068493150684
      ],
      "numdate": 1988.938059465992
    },
    "NODE_0000048": {
      "branch_length": 0.05350647386894035,
      "clock_length": 0.05350647386894035,
      "date": "2007-10-12",
      "mutation_length": 0.0,
      "num_date_confidence": [
        2006.8414341357968,
        2008.819389505156
      ],
      "numdate": 2007.7801868306533
    },
    "NODE_0000049": {
      "branch_length": 0.0008735436289264778,
      "clock_length": 0.0008735436289264778,
      "date": "2008-03-12",
      "mutation_length": 0.0,
      "num_date_confidence": [
        2007.5763530635188,
        2008.8230829105162
      ],
      "numdate": 2008.1960650376775
    },
    "NODE_0000050": {
      "branch_length": 0.0005971744467435543,
      "clock_length": 0.0005971744467435543,
      "date": "2008-06-24",
      "mutation_length": 0.0,
      "num_date_confidence": [
        2008.1078069976654,
        2008.8072735090248
      ],
      "numdate": 2008.4803689121134
    },
    "NODE_0000051": {
      "branch_length": 0.00017250071628888142,
      "clock_length": 0.00017250071628888142,
      "date": "2008-07-24",
      "mutation_length": 0.0,
      "num_date_confidence": [
        2008.2898185646043,
        2008.8034027372184
      ],
      "numdate": 2008.5624933604238
    },
    "NODE_0000052": {
      "branch_length": 0.00010380284209305854,
      "clock_length": 0.00010380284209305854,
      "date": "2008-08-11",
      "mutation_length": 0.0,
      "num_date_confidence": [
        2008.3900676169992,
        2008.806869157086
      ],
      "numdate": 2008.611912002406
    },
    "NODE_0000053": {
      "branch_length": 0.04200509439791847,
      "clock_length": 0.04200509439791847,
      "date": "2003-05-08",
      "mutation_length": 0.0011222,
      "num_date_confidence": [
        2002.6939643933226,
        2003.8137796208105
      ],
      "numdate": 2003.348594599374
    },
    "NODE_0000054": {
      "branch_length": 0.002896073610770905,
      "clock_length": 0.002896073610770905,
      "date": "2004-09-23",
      "mutation_length": 0.00094372,
      "num_date_confidence": [
        2004.3772459631407,
        2004.9387103033525
      ],
      "numdate": 2004.7273624831696
    },
    "NODE_0000055": {
      "branch_length": 0.0011703034875529955,
      "clock_length": 0.0011703034875529955,
      "date": "2003-11-27",
      "mutation_length": 0.00077978,
      "num_date_confidence": [
        2003.5251426571272,
        2004.2859123812398
      ],
      "numdate": 2003.9057547685532
    },
    "NODE_0000056": {
      "branch_length": 0.0002086344046643429,
      "clock_length": 0.0002086344046643429,
      "date": "2008-09-17",
      "mutation_length": 0.0,
      "num_date_confidence": [
        2008.4996262881955,
        2008.8253633893198
      ],
      "numdate": 2008.7112390414482
    },
    "NODE_0000057": {
      "branch_length": 0.0015755734871729654,
      "clock_length": 0.0015755734871729654,
      "date": "2004-08-28",
      "mutation_length": 0.00123051,
      "num_date_confidence": [
        2004.3413531675985,
        2004.9147360000663
      ],
      "numdate": 2004.6558566011151
    },
    "NODE_0000058": {
      "branch_length": 0.0028098972207529598,
      "clock_length": 0.0028098972207529598,
      "date": "2010-03-12",
      "mutation_length": 0.0,
      "num_date_confidence": [
        2009.8420700874683,
        2010.351001972947
      ],
      "numdate": 2010.1928050715708
    },
    "NODE_0000061": {
      "branch_length": 0.0011887605502904162,
      "clock_length": 0.0011887605502904162,
      "date": "2013-07-28",
      "mutation_length": 0.0,
      "num_date_confidence": [
        2013.0724087373428,
        2013.8859542847101
      ],
      "numdate": 2013.5714516251126
    },
    "NODE_0000062": {
      "branch_length": 0.00031824904513967633,
      "clock_length": 0.00031824904513967633,
      "date": "1982-06-17",
      "mutation_length": 0.00147493,
      "num_date_confidence": [
        1982.2210412299557,
        1982.7322444474087
      ],
      "numdate": 1982.4582420049383
    },
    "NODE_0000064": {
      "branch_length": 0.00026246462773973217,
      "clock_length": 0.00026246462773973217,
      "date": "2013-10-14",
      "mutation_length": 0.0,
      "num_date_confidence": [
        2013.6230877904256,
        2013.895302557863
      ],
      "numdate": 2013.7852044556048
    },
    "NODE_0000065": {
      "branch_length": 0.00010152121333618751,
      "clock_length": 0.00010152121333618751,
      "date": "2013-11-01",
      "mutation_length": 0.0,
      "num_date_confidence": [
        2013.7059153237658,
        2013.93641448662
      ],
      "numdate": 2013.8335368557039
    },
    "NODE_0000066": {
      "branch_length": 9.197653830587092e-05,
      "clock_length": 9.197653830587092e-05,
      "date": "2013-10-30",
      "mutation_length": 0.0,
      "num_date_confidence": [
        2013.6839011488669,
        2013.9269306048354
      ],
      "numdate": 2013.828992809812
    },
    "NODE_0000067": {
      "branch_length": 6.492657692877199e-05,
      "clock_length": 6.492657692877199e-05,
      "date": "2013-11-10",
      "mutation_length": 0.0,
      "num_date_confidence": [
        2013.7595977789779,
        2013.9307391254426
      ],
      "numdate": 2013.859903170219
    },
    "NODE_0000068": {
      "branch_length": 9.889082225163735e-05,
      "clock_length": 9.889082225163735e-05,
      "date": "2013-11-28",
      "mutation_length": 0.0,
      "num_date_confidence": [
        2013.833788025817,
        2013.934547510132
      ],
      "numdate": 2013.9069832890445
    },
    "NODE_0000069": {
      "branch_length": 6.58980800400423e-05,
      "clock_length": 6.58980800400423e-05,
      "date": "2013-12-09",
      "mutation_length": 0.0,
      "num_date_confidence": [
        2013.8792438549258,
        2013.9383561643835
      ],
      "numdate": 2013.9383561643835
    },
    "NODE_0000070": {
      "branch_length": 0.0002474537438126676,
      "clock_length": 0.0002474537438126676,
      "date": "2014-01-21",
      "mutation_length": 0.0,
      "num_date_confidence": [
        2013.940690658849,
        2014.0561643835617
      ],
      "numdate": 2014.0561643835617
    },
    "NODE_0000071": {
      "branch_length": 0.0003102346409417679,
      "clock_length": 0.0003102346409417679,
      "date": "2008-10-05",
      "mutation_length": 0.00024568,
      "num_date_confidence": [
        2008.601105236775,
        2008.8419079723399
      ],
      "numdate": 2008.7596090629297
    },
    "NODE_0000072": {
      "branch_length": 0.0017868820828214303,
      "clock_length": 0.0017868820828214303,
      "date": "2009-09-25",
      "mutation_length": 0.00024568,
      "num_date_confidence": [
        2009.5814355456305,
        2010.0114967527327
      ],
      "numdate": 2009.7341948841204
    },
    "NODE_0000073": {
      "branch_length": 0.00032205986524817473,
      "clock_length": 0.00032205986524817473,
      "date": "2008-09-18",
      "mutation_length": 0.0,
      "num_date_confidence": [
        2008.390896771123,
        2008.9933321804365
      ],
      "numdate": 2008.7158201948012
    },
    "NODE_0000074": {
      "branch_length": 0.00018200224264073792,
      "clock_length": 0.00018200224264073792,
      "date": "2008-10-20",
      "mutation_length": 0.0,
      "num_date_confidence": [
        2008.5603163558374,
        2008.9964733737609
      ],
      "numdate": 2008.8024681467036
    },
    "NODE_0000075": {
      "branch_length": 0.0007112806179717934,
      "clock_length": 0.0007112806179717934,
      "date": "2009-02-21",
      "mutation_length": 0.0,
      "num_date_confidence": [
        2008.9303948137633,
        2009.141095890411
      ],
      "numdate": 2009.141095890411
    },
    "NODE_0000076": {
      "branch_length": 0.00015421236322381987,
      "clock_length": 0.00015421236322381987,
      "date": "2008-11-16",
      "mutation_length": 0.0,
      "num_date_confidence": [
        2008.6766693831346,
        2008.996728555388
      ],
      "numdate": 2008.8758858433073
    },
    "NODE_0000077": {
      "branch_length": 0.0003521930278456188,
      "clock_length": 0.0003521930278456188,
      "date": "2008-11-19",
      "mutation_length": 0.0,
      "num_date_confidence": [
        2008.6848944783185,
        2009.0488700337303
      ],
      "numdate": 2008.8834928789086
    },
    "NODE_0000078": {
      "branch_length": 0.00018651880079195715,
      "clock_length": 0.00018651880079195715,
      "date": "2013-08-29",
      "mutation_length": 0.0,
      "num_date_confidence": [
        2013.3867819545962,
        2013.9152389391086
      ],
      "numdate": 2013.6602498280656
    },
    "NODE_0000081": {
      "branch_length": 0.0007091751552313237,
      "clock_length": 0.0007091751552313237,
      "date": "2010-01-27",
      "mutation_length": 0.0,
      "num_date_confidence": [
        2009.7364961061821,
        2010.3470839099055
      ],
      "numdate": 2010.0718202553753
    },
    "NODE_0000082": {
      "branch_length": 0.0005954766208722713,
      "clock_length": 0.0005954766208722713,
      "date": "2010-01-07",
      "mutation_length": 0.0004551,
      "num_date_confidence": [
        2009.8225031150255,
        2010.1838653384539
      ],
      "numdate": 2010.0176904545908
    },
    "NODE_0000083": {
      "branch_length": 0.0002572415558980551,
      "clock_length": 0.0002572415558980551,
      "date": "2010-03-12",
      "mutation_length": 0.0,
      "num_date_confidence": [
        2009.9768817170223,
        2010.3592058491558
      ],
      "numdate": 2010.1942882735675
    },
    "NODE_0000084": {
      "branch_length": 0.0002181919268860709,
      "clock_length": 0.0002181919268860709,
      "date": "2010-04-19",
      "mutation_length": 0.0,
      "num_date_confidence": [
        2010.1644557445882,
        2010.364684512872
      ],
      "numdate": 2010.2981654748153
    },
    "NODE_0000085": {
      "branch_length": 0.0002455523880416123,
      "clock_length": 0.0002455523880416123,
      "date": "2010-06-01",
      "mutation_length": 0.0,
      "num_date_confidence": [
        2010.2958650635148,
        2010.4150684931508
      ],
      "numdate": 2010.4150684931508
    },
    "NODE_0000086": {
      "branch_length": 0.00014772183816226178,
      "clock_length": 0.00014772183816226178,
      "date": "2010-05-15",
      "mutation_length": 0.0,
      "num_date_confidence": [
        2010.2762736477048,
        2010.368493150685
      ],
      "numdate": 2010.368493150685
    },
    "NODE_0000087": {
      "branch_length": 0.0002051391939304134,
      "clock_length": 0.0002051391939304134,
      "date": "2010-04-17",
      "mutation_length": 0.0,
      "num_date_confidence": [
        2010.1534099136152,
        2010.3729036827347
      ],
      "numdate": 2010.2919513064571
    },
    "NODE_0000088": {
      "branch_length": 0.0001780387858022585,
      "clock_length": 0.0001780387858022585,
      "date": "2010-05-18",
      "mutation_length": 0.0,
      "num_date_confidence": [
        2010.2795180496112,
        2010.376712328767
      ],
      "numdate": 2010.376712328767
    },
    "NODE_0000089": {
      "branch_length": 0.00021256721517141225,
      "clock_length": 0.00021256721517141225,
      "date": "2010-05-24",
      "mutation_length": 0.0,
      "num_date_confidence": [
        2010.286495748815,
        2010.3931506849315
      ],
      "numdate": 2010.3931506849315
    },
    "NODE_0000090": {
      "branch_length": 0.0002163991548600301,
      "clock_length": 0.0002163991548600301,
      "date": "2010-03-05",
      "mutation_length": 0.0,
      "num_date_confidence": [
        2009.9493670671407,
        2010.3482469607552
      ],
      "numdate": 2010.1748439505232
    },
    "NODE_0000091": {
      "branch_length": 0.00018486567177634222,
      "clock_length": 0.00018486567177634222,
      "date": "2010-04-06",
      "mutation_length": 0.0,
      "num_date_confidence": [
        2010.1216948172187,
        2010.3537256169814
      ],
      "numdate": 2010.2628551288694
    },
    "NODE_0000092": {
      "branch_length": 0.00019887154139708665,
      "clock_length": 0.00019887154139708665,
      "date": "2010-05-11",
      "mutation_length": 0.0,
      "num_date_confidence": [
        2010.2567632567377,
        2010.3575342465754
      ],
      "numdate": 2010.3575342465754
    },
    "NODE_0000093": {
      "branch_length": 0.00019887154139708665,
      "clock_length": 0.00019887154139708665,
      "date": "2010-05-11",
      "mutation_length": 0.0,
      "num_date_confidence": [
        2010.256464156692,
        2010.3575342465754
      ],
      "numdate": 2010.3575342465754
    },
    "NODE_0000094": {
      "branch_length": 0.0001521401546516754,
      "clock_length": 0.0001521401546516754,
      "date": "2010-04-01",
      "mutation_length": 0.0,
      "num_date_confidence": [
        2010.0917954688134,
        2010.3581361637987
      ],
      "numdate": 2010.2472751063783
    },
    "NODE_0000095": {
      "branch_length": 0.0001433683344048975,
      "clock_length": 0.0001433683344048975,
      "date": "2010-04-26",
      "mutation_length": 0.0,
      "num_date_confidence": [
        2010.2168937585243,
        2010.3619447978033
      ],
      "numdate": 2010.3155301584236
    },
    "NODE_0000096": {
      "branch_length": 0.0003799571623773687,
      "clock_length": 0.0003799571623773687,
      "date": "2009-01-24",
      "mutation_length": 0.00024568,
      "num_date_confidence": [
        2008.9500336298483,
        2009.0643835616438
      ],
      "numdate": 2009.0643835616438
    },
    "NODE_0000097": {
      "branch_length": 0.0014946231141970273,
      "clock_length": 0.0014946231141970273,
      "date": "1982-04-22",
      "mutation_length": 0.00577271,
      "num_date_confidence": [
        1982.0360189883938,
        1982.5634994446352
      ],
      "numdate": 1982.3067294325867
    },
    "NODE_0000098": {
      "branch_length": 0.0003021017842150253,
      "clock_length": 0.0003021017842150253,
      "date": "2008-11-08",
      "mutation_length": 0.00024568,
      "num_date_confidence": [
        2008.6762975138847,
        2008.9830441954716
      ],
      "numdate": 2008.8550641970533
    },
    "NODE_0000099": {
      "branch_length": 0.0001054929388011952,
      "clock_length": 0.0001054929388011952,
      "date": "2010-05-14",
      "mutation_length": 0.0,
      "num_date_confidence": [
        2010.2944720861426,
        2010.3657534246574
      ],
      "numdate": 2010.3657534246574
    },
    "NODE_0000100": {
      "branch_length": 0.0003920481532799988,
      "clock_length": 0.0003920481532799988,
      "date": "2010-05-19",
      "mutation_length": 0.00024568,
      "num_date_confidence": [
        2010.246867677155,
        2010.3794520547945
      ],
      "numdate": 2010.3794520547945
    },
    "NODE_0000101": {
      "branch_length": 0.005908017115358889,
      "clock_length": 0.005908017115358889,
      "date": "2013-01-03",
      "mutation_length": 0.00123427,
      "num_date_confidence": [
        2012.7744352071315,
        2013.196869943574
      ],
      "numdate": 2013.0055043846255
    },
    "NODE_0000102": {
      "branch_length": 0.00015244929481469244,
      "clock_length": 0.00015244929481469244,
      "date": "2010-04-27",
      "mutation_length": 0.0,
      "num_date_confidence": [
        2010.189216284168,
        2010.4112598909542
      ],
      "numdate": 2010.3198534382327
    },
    "NODE_0000103": {
      "branch_length": 0.00019999726649934033,
      "clock_length": 0.00019999726649934033,
      "date": "2010-06-01",
      "mutation_length": 0.0,
      "num_date_confidence": [
        2010.3189762836062,
        2010.4150684931508
      ],
      "numdate": 2010.4150684931508
    },
    "NODE_0000104": {
      "branch_length": 0.00019999726649934033,
      "clock_length": 0.00019999726649934033,
      "date": "2010-06-01",
      "mutation_length": 0.0,
      "num_date_confidence": [
        2010.3190298663892,
        2010.4150684931508
      ],
      "numdate": 2010.4150684931508
    },
    "NODE_0000105": {
      "branch_length": 0.0027236727303808737,
      "clock_length": 0.0027236727303808737,
      "date": "2014-11-13",
      "mutation_length": 0.00167399,
      "num_date_confidence": [
        2014.5789832338226,
        2014.9786643898954
      ],
      "numdate": 2014.8681425906502
    },
    "NODE_0000106": {
      "branch_length": 0.002666237241899353,
      "clock_length": 0.002666237241899353,
      "date": "2016-02-20",
      "mutation_length": 0.0008068,
      "num_date_confidence": [
        2015.58097082304,
        2016.662465642235
      ],
      "numdate": 2016.1374895665138
    },
    "NODE_0000107": {
      "branch_length": 0.0029924093319805087,
      "clock_length": 0.0029924093319805087,
      "date": "2017-07-25",
      "mutation_length": 0.00088179,
      "num_date_confidence": [
        2017.0149502011525,
        2017.9744941275337
      ],
      "numdate": 2017.562121132079
    },
    "NODE_0000108": {
      "branch_length": 0.0010818311932365796,
      "clock_length": 0.0010818311932365796,
      "date": "2016-08-26",
      "mutation_length": 0.00056638,
      "num_date_confidence": [
        2015.9845898759013,
        2016.9558128732522
      ],
      "numdate": 2016.6525296882066
    },
    "NODE_0000109": {
      "branch_length": 0.0003650863934592831,
      "clock_length": 0.0003650863934592831,
      "date": "2007-10-15",
      "mutation_length": 0.0,
      "num_date_confidence": [
        2007.5350371700533,
        2007.9876633527576
      ],
      "numdate": 2007.787792498009
    },
    "NODE_0000110": {
      "branch_length": 0.0001596722028258772,
      "clock_length": 0.0001596722028258772,
      "date": "2007-11-12",
      "mutation_length": 0.0,
      "num_date_confidence": [
        2007.6835927394284,
        2007.9861832157585
      ],
      "numdate": 2007.8638095247766
    },
    "NODE_0000112": {
      "branch_length": 0.0022035002868221534,
      "clock_length": 0.0022035002868221534,
      "date": "2008-11-30",
      "mutation_length": 0.0,
      "num_date_confidence": [
        2008.516780692319,
        2009.1113142765703
      ],
      "numdate": 2008.9128558667292
    },
    "NODE_0000115": {
      "branch_length": 0.00035997433970899606,
      "clock_length": 0.00035997433970899606,
      "date": "1981-08-06",
      "mutation_length": 0.00048023,
      "num_date_confidence": [
        1981.1433614355328,
        1981.9170437465566
      ],
      "numdate": 1981.5951665977993
    },
    "NODE_0000116": {
      "branch_length": 0.002788256011007767,
      "clock_length": 0.002788256011007767,
      "date": "1981-06-04",
      "mutation_length": 0.00450998,
      "num_date_confidence": [
        1981.0294582876002,
        1981.8297366564216
      ],
      "numdate": 1981.4237893728782
    },
    "NODE_0000117": {
      "branch_length": 0.001,
      "clock_length": 0.001,
      "date": "1980-02-05",
      "mutation_length": 0.001,
      "num_date_confidence": [
        1979.413937410864,
        1980.737025622422
      ],
      "numdate": 1980.0963514840485
    },
    "NODE_0000118": {
      "branch_length": 0.042985619979757576,
      "clock_length": 0.042985619979757576,
      "date": "2000-07-24",
      "mutation_length": 0.014782609999999998,
      "num_date_confidence": [
        1999.9853577474732,
        2001.0784218870374
      ],
      "numdate": 2000.561022020289
    },
    "NODE_0000119": {
      "branch_length": 0.03386130559924274,
      "clock_length": 0.03386130559924274,
      "date": "2016-09-06",
      "mutation_length": 0.00378107,
      "num_date_confidence": [
        2015.9979962413806,
        2017.3237647579522
      ],
      "numdate": 2016.681772711841
    },
    "NODE_0000120": {
      "branch_length": 0.002788642022076144,
      "clock_length": 0.002788642022076144,
      "date": "2018-01-04",
      "mutation_length": 0.00048884,
      "num_date_confidence": [
        2017.7421564648648,
        2018.2990244572698
      ],
      "numdate": 2018.0093943735076
    },
    "NODE_0000121": {
      "branch_length": 0.001590887546477654,
      "clock_length": 0.001590887546477654,
      "date": "2001-04-27",
      "mutation_length": 0.00192033,
      "num_date_confidence": [
        2001.02455272878,
        2001.5990874777453
      ],
      "numdate": 2001.3184145974858
    },
    "NODE_0000122": {
      "branch_length": 0.028550228599339627,
      "clock_length": 0.028550228599339627,
      "date": "2014-11-29",
      "mutation_length": 0.00146683,
      "num_date_confidence": [
        2014.2541221159365,
        2015.579987350646
      ],
      "numdate": 2014.910658289562
    },
    "NODE_0000123": {
      "branch_length": 0.00043785865915991345,
      "clock_length": 0.00043785865915991345,
      "date": "2001-07-12",
      "mutation_length": 0.00075257,
      "num_date_confidence": [
        2001.329946628419,
        2001.7135764816428
      ],
      "numdate": 2001.5268711279575
    },
    "NODE_0000124": {
      "branch_length": 0.00016636413031736325,
      "clock_length": 0.00016636413031736325,
      "date": "2001-08-10",
      "mutation_length": 0.00024225,
      "num_date_confidence": [
        2001.4598151063647,
        2001.7444369268374
      ],
      "numdate": 2001.6060740594864
    },
    "NODE_0000125": {
      "branch_length": 0.0012433021917757255,
      "clock_length": 0.0012433021917757255,
      "date": "2011-01-15",
      "mutation_length": 0.00045647,
      "num_date_confidence": [
        2010.7762058550181,
        2011.1926112422505
      ],
      "numdate": 2011.0393927530608
    },
    "NODE_0000126": {
      "branch_length": 0.0005685807325713672,
      "clock_length": 0.0005685807325713672,
      "date": "2011-03-01",
      "mutation_length": 0.0,
      "num_date_confidence": [
        2010.9469484741405,
        2011.2331776471183
      ],
      "numdate": 2011.1627170002384
    },
    "NODE_0000127": {
      "branch_length": 0.00015600114103691762,
      "clock_length": 0.00015600114103691762,
      "date": "2011-03-28",
      "mutation_length": 0.0,
      "num_date_confidence": [
        2011.1146643426982,
        2011.2369863013698
      ],
      "numdate": 2011.2369863013698
    },
    "NODE_0000128": {
      "branch_length": 0.0004781922433304206,
      "clock_length": 0.0004781922433304206,
      "date": "2011-06-06",
      "mutation_length": 0.00045653,
      "num_date_confidence": [
        2011.3305485450674,
        2011.4287671232876
      ],
      "numdate": 2011.4287671232876
    },
    "NODE_0000129": {
      "branch_length": 0.0033107581196188812,
      "clock_length": 0.0033107581196188812,
      "date": "2013-01-02",
      "mutation_length": 0.00091182,
      "num_date_confidence": [
        2012.7943400135687,
        2013.2275559586103
      ],
      "numdate": 2013.0049587467906
    },
    "NODE_0000130": {
      "branch_length": 0.00025896322026889435,
      "clock_length": 0.00025896322026889435,
      "date": "2011-05-12",
      "mutation_length": 0.0,
      "num_date_confidence": [
        2011.2380293331041,
        2011.3602739726027
      ],
      "numdate": 2011.3602739726027
    },
    "NODE_0000131": {
      "branch_length": 0.0038592134973401155,
      "clock_length": 0.0038592134973401155,
      "date": "2013-03-14",
      "mutation_length": 0.0,
      "num_date_confidence": [
        2012.8620267615815,
        2013.3400392391245
      ],
      "numdate": 2013.1975752093715
    },
    "NODE_0000132": {
      "branch_length": 0.0006912380359910299,
      "clock_length": 0.0006912380359910299,
      "date": "2007-08-13",
      "mutation_length": 0.0,
      "num_date_confidence": [
        2007.2954871142547,
        2007.8833925141953
      ],
      "numdate": 2007.6139815174315
    },
    "NODE_0000134": {
      "branch_length": 0.00015957978422959096,
      "clock_length": 0.00015957978422959096,
      "date": "2001-09-06",
      "mutation_length": 0.00049144,
      "num_date_confidence": [
        2001.5619557525756,
        2001.7860961143642
      ],
      "numdate": 2001.6820470874443
    },
    "NODE_0000135": {
      "branch_length": 0.00013400780417139463,
      "clock_length": 0.00013400780417139463,
      "date": "2001-09-30",
      "mutation_length": 0.00049255,
      "num_date_confidence": [
        2001.6456738168288,
        2001.8198922062136
      ],
      "numdate": 2001.745845761581
    },
    "NODE_0000136": {
      "branch_length": 9.419447600311076e-05,
      "clock_length": 9.419447600311076e-05,
      "date": "2001-10-16",
      "mutation_length": 0.00049144,
      "num_date_confidence": [
        2001.7100022647353,
        2001.8490109565728
      ],
      "numdate": 2001.7906900355183
    },
    "NODE_0000137": {
      "branch_length": 0.0002268703781720463,
      "clock_length": 0.0002268703781720463,
      "date": "2015-01-04",
      "mutation_length": 0.0,
      "num_date_confidence": [
        2014.8517072878042,
        2015.0550954690361
      ],
      "numdate": 2015.0090092717323
    },
    "NODE_0000138": {
      "branch_length": 0.00010480308174361588,
      "clock_length": 0.00010480308174361588,
      "date": "2015-01-22",
      "mutation_length": 0.0,
      "num_date_confidence": [
        2014.9616969437507,
        2015.058904109589
      ],
      "numdate": 2015.058904109589
    },
    "NODE_0000139": {
      "branch_length": 0.002780334550978935,
      "clock_length": 0.002780334550978935,
      "date": "2008-12-29",
      "mutation_length": 0.00088473,
      "num_date_confidence": [
        2008.7068855721652,
        2009.1505868827865
      ],
      "numdate": 2008.993432688914
    },
    "NODE_0000141": {
      "branch_length": 0.0004448811428817076,
      "clock_length": 0.0004448811428817076,
      "date": "2007-11-18",
      "mutation_length": 0.00039647,
      "num_date_confidence": [
        2007.6552185449593,
        2008.0196613979276
      ],
      "numdate": 2007.8815658699184
    },
    "NODE_0000142": {
      "branch_length": 0.0018192092437822466,
      "clock_length": 0.0018192092437822466,
      "date": "2005-08-23",
      "mutation_length": 0.0,
      "num_date_confidence": [
        2005.2472686500882,
        2005.8340353572423
      ],
      "numdate": 2005.6434147819623
    },
    "NODE_0000143": {
      "branch_length": 0.00047336837878395044,
      "clock_length": 0.00047336837878395044,
      "date": "2004-10-27",
      "mutation_length": 0.00024568,
      "num_date_confidence": [
        2004.5543075652026,
        2005.011442264106
      ],
      "numdate": 2004.8199161500122
    },
    "NODE_0000144": {
      "branch_length": 0.0005461598630837269,
      "clock_length": 0.0005461598630837269,
      "date": "2005-01-30",
      "mutation_length": 0.00079409,
      "num_date_confidence": [
        2004.9467021896999,
        2005.1349974741222
      ],
      "numdate": 2005.0799329105798
    },
    "NODE_0000145": {
      "branch_length": 0.021208523526539323,
      "clock_length": 0.021208523526539323,
      "date": "2015-09-28",
      "mutation_length": 0.0,
      "num_date_confidence": [
        2015.275202100664,
        2015.9633936855366
      ],
      "numdate": 2015.7404064441769
    },
    "NODE_0000146": {
      "branch_length": 6.82307081040362e-05,
      "clock_length": 6.82307081040362e-05,
      "date": "2001-10-28",
      "mutation_length": 0.00024568,
      "num_date_confidence": [
        2001.762825278945,
        2001.8644574368734
      ],
      "numdate": 2001.8231734325814
    },
    "NODE_0000147": {
      "branch_length": 0.00025224169355742704,
      "clock_length": 0.00025224169355742704,
      "date": "2015-11-11",
      "mutation_length": 0.0,
      "num_date_confidence": [
        2015.517259177141,
        2015.98753408979
      ],
      "numdate": 2015.860494118999
    },
    "NODE_0000148": {
      "branch_length": 9.157770673064863e-05,
      "clock_length": 9.157770673064863e-05,
      "date": "2001-11-13",
      "mutation_length": 0.00049144,
      "num_date_confidence": [
        2001.8211827067605,
        2001.8838840340172
      ],
      "numdate": 2001.8667719103419
    },
    "NODE_0000149": {
      "branch_length": 0.011261061475509506,
      "clock_length": 0.011261061475509506,
      "date": "2007-03-25",
      "mutation_length": 0.00453477,
      "num_date_confidence": [
        2006.700450095839,
        2007.664664647915
      ],
      "numdate": 2007.2279581185012
    },
    "NODE_0000150": {
      "branch_length": 0.0020664317638962176,
      "clock_length": 0.0020664317638962176,
      "date": "2008-03-18",
      "mutation_length": 0.00228922,
      "num_date_confidence": [
        2008.0793487708133,
        2008.2117486338798
      ],
      "numdate": 2008.2117486338798
    },
    "NODE_0000151": {
      "branch_length": 0.007490315087037486,
      "clock_length": 0.007490315087037486,
      "date": "2010-10-17",
      "mutation_length": 0.00164252,
      "num_date_confidence": [
        2010.1349142832005,
        2010.9967248126002
      ],
      "numdate": 2010.7939606686805
    },
    "NODE_0000152": {
      "branch_length": 0.0001560011410369211,
      "clock_length": 0.0001560011410369211,
      "date": "1989-01-05",
      "mutation_length": 0.0,
      "num_date_confidence": [
        1988.8856664541902,
        1989.0123287671233
      ],
      "numdate": 1989.0123287671233
    },
    "NODE_0000153": {
      "branch_length": 0.0013337634399538962,
      "clock_length": 0.0013337634399538962,
      "date": "2015-01-05",
      "mutation_length": 0.00129311,
      "num_date_confidence": [
        2014.820641923839,
        2015.1213571789824
      ],
      "numdate": 2015.0115970040565
    },
    "NODE_0000154": {
      "branch_length": 0.0015362587275332407,
      "clock_length": 0.0015362587275332407,
      "date": "1989-09-29",
      "mutation_length": 0.0,
      "num_date_confidence": [
        1989.3506949273292,
        1989.9453324378348
      ],
      "numdate": 1989.743713558879
    },
    "NODE_0000155": {
      "branch_length": 0.0006204635913161227,
      "clock_length": 0.0006204635913161227,
      "date": "1990-01-15",
      "mutation_length": 0.0,
      "num_date_confidence": [
        1989.7822113585623,
        1990.1976285955532
      ],
      "numdate": 1990.0391049707514
    },
    "NODE_0000156": {
      "branch_length": 0.0003485313662165562,
      "clock_length": 0.0003485313662165562,
      "date": "1990-03-16",
      "mutation_length": 0.0,
      "num_date_confidence": [
        1990.0009690377094,
        1990.3126299820028
      ],
      "numdate": 1990.2050344044671
    },
    "NODE_0000157": {
      "branch_length": 0.00023400171155536775,
      "clock_length": 0.00023400171155536775,
      "date": "1990-04-26",
      "mutation_length": 0.0,
      "num_date_confidence": [
        1990.1801196842964,
        1990.3164383561643
      ],
      "numdate": 1990.3164383561643
    },
    "NODE_0000158": {
      "branch_length": 9.449570681584717e-05,
      "clock_length": 9.449570681584717e-05,
      "date": "2015-12-31",
      "mutation_length": 0.0,
      "num_date_confidence": [
        2015.8809065493483,
        2016.3397823161915
      ],
      "numdate": 2015.9980207284948
    },
    "NODE_0000162": {
      "branch_length": 0.0001696579100406298,
      "clock_length": 0.0001696579100406298,
      "date": "2004-11-10",
      "mutation_length": 0.0,
      "num_date_confidence": [
        2004.678928021479,
        2004.9965746646353
      ],
      "numdate": 2004.8581021044752
    },
    "NODE_0000163": {
      "branch_length": 0.00012498803812372589,
      "clock_length": 0.00012498803812372589,
      "date": "2004-12-01",
      "mutation_length": 0.0,
      "num_date_confidence": [
        2004.7823371134273,
        2005.0022137872943
      ],
      "numdate": 2004.917606632324
    },
    "NODE_0000164": {
      "branch_length": 0.0001333049765967903,
      "clock_length": 0.0001333049765967903,
      "date": "2004-12-25",
      "mutation_length": 0.0,
      "num_date_confidence": [
        2004.860915795268,
        2005.0287671232877
      ],
      "numdate": 2004.9810707030567
    },
    "NODE_0000179": {
      "branch_length": 0.0002600019017281949,
      "clock_length": 0.0002600019017281949,
      "date": "2004-10-11",
      "mutation_length": 0.0,
      "num_date_confidence": [
        2004.6242079690549,
        2004.7773224043715
      ],
      "numdate": 2004.7773224043715
    },
    "NODE_0000196": {
      "branch_length": 0.00025515461428790576,
      "clock_length": 0.00025515461428790576,
      "date": "2004-10-11",
      "mutation_length": 0.0,
      "num_date_confidence": [
        2004.5216089541268,
        2004.9960745576213
      ],
      "numdate": 2004.777331064428
    }
  }
}