{
  "alignment": "results/aligned_nl63_envelope.fasta",
  "clock": {
    "intercept": -0.35242904263851954,
    "rate": 0.00017892042238475375,
    "rtt_Tmrca": 1969.7530217129138
  },
  "generated_by": {
    "program": "augur",
    "version": "6.4.1"
  },
  "input_tree": "results/tree_raw_nl63_envelope.nwk",
  "nodes": {
    "CBJ123": {
      "branch_length": 0.0,
      "clock_length": 0.0,
      "date": "2009-01-24",
      "mutation_length": 8.316343645490773e-18,
      "num_date_confidence": [
        2009.0643835616438,
        2009.0643835616438
      ],
      "numdate": 2009.0643835616438,
      "raw_date": "2009-01-24"
    },
    "CBJ_037": {
      "branch_length": 0.0007624328880539164,
      "clock_length": 0.0007624328880539164,
      "date": "2008-11-04",
      "mutation_length": 8.316343645490773e-18,
      "num_date_confidence": [
        2008.8428961748634,
        2008.8428961748634
      ],
      "numdate": 2008.8428961748634,
      "raw_date": "2008-11-04"
    },
    "CN0601/14": {
      "branch_length": 0.0010254836263805687,
      "clock_length": 0.0010254836263805687,
      "date": "2014-11-25",
      "mutation_length": 8.027596848030763e-18,
      "num_date_confidence": [
        2014.9,
        2014.9
      ],
      "numdate": 2014.9,
      "raw_date": "2014-11-25"
    },
    "ChinaGD02": {
      "branch_length": 0.0007054512497786125,
      "clock_length": 0.0007054512497786125,
      "date": "2018-08-15",
      "mutation_length": 8.618761323424825e-18,
      "num_date_confidence": [
        2018.6205479452055,
        2018.6205479452055
      ],
      "numdate": 2018.6205479452055,
      "raw_date": "2018-08-15"
    },
    "ChinaGD03": {
      "branch_length": 0.0006892748828232699,
      "clock_length": 0.0006892748828232699,
      "date": "2018-07-13",
      "mutation_length": 8.618761323424825e-18,
      "num_date_confidence": [
        2018.5301369863014,
        2018.5301369863014
      ],
      "numdate": 2018.5301369863014,
      "raw_date": "2018-07-13"
    },
    "ChinaGD04": {
      "branch_length": 0.0025015604210357014,
      "clock_length": 0.0025015604210357014,
      "date": "2018-07-25",
      "mutation_length": 8.316343645490773e-18,
      "num_date_confidence": [
        2018.5630136986301,
        2018.5630136986301
      ],
      "numdate": 2018.5630136986301,
      "raw_date": "2018-07-25"
    },
    "ChinaGD05": {
      "branch_length": 0.0020862698354525847,
      "clock_length": 0.0020862698354525847,
      "date": "2018-08-14",
      "mutation_length": 8.316343645490773e-18,
      "num_date_confidence": [
        2018.6178082191782,
        2018.6178082191782
      ],
      "numdate": 2018.6178082191782,
      "raw_date": "2018-08-14"
    },
    "HCoV_NL63/Haiti_1/2015": {
      "branch_length": 0.0018716624956537729,
      "clock_length": 0.0018716624956537729,
      "date": "2015-01-16",
      "mutation_length": 8.316343645490773e-18,
      "num_date_confidence": [
        2015.0424657534247,
        2015.0424657534247
      ],
      "numdate": 2015.0424657534247,
      "raw_date": "2015-01-16"
    },
    "HCoV_NL63/Seattle/USA/SC0179/2018": {
      "branch_length": 0.001673281246135218,
      "clock_length": 0.001673281246135218,
      "date": "2018-01-01",
      "mutation_length": 8.316343645490773e-18,
      "num_date_confidence": [
        2018.0013698630137,
        2018.8977287939356
      ],
      "numdate": 2018.0013698630137,
      "raw_date": "2018-XX-XX"
    },
    "HCoV_NL63/Seattle/USA/SC0768/2019": {
      "branch_length": 0.0018557454837261696,
      "clock_length": 0.0018557454837261696,
      "date": "2019-01-01",
      "mutation_length": 8.316343645490773e-18,
      "num_date_confidence": [
        2019.0013698630137,
        2019.8986706652051
      ],
      "numdate": 2019.0013698630137,
      "raw_date": "2019-XX-XX"
    },
    "HCoV_NL63/Seattle/USA/SC2940/2015": {
      "branch_length": 5.758029793681693e-05,
      "clock_length": 5.758029793681693e-05,
      "date": "2015-01-01",
      "mutation_length": 8.027596848030763e-18,
      "num_date_confidence": [
        2015.0013698630137,
        2015.8928131397865
      ],
      "numdate": 2015.0013698630137,
      "raw_date": "2015-XX-XX"
    },
    "Kilifi_HH_0511_01_Jun_2010": {
      "branch_length": 0.0002886637332299815,
      "clock_length": 0.0002886637332299815,
      "date": "2010-06-01",
      "mutation_length": 8.316343645490773e-18,
      "num_date_confidence": [
        2010.4150684931508,
        2010.4150684931508
      ],
      "numdate": 2010.4150684931508,
      "raw_date": "2010-06-01"
    },
    "Kilifi_HH_0512_04_Jun_2010": {
      "branch_length": 0.00022941029500291444,
      "clock_length": 0.00022941029500291444,
      "date": "2010-06-04",
      "mutation_length": 8.316343645490773e-18,
      "num_date_confidence": [
        2010.4232876712329,
        2010.4232876712329
      ],
      "numdate": 2010.4232876712329,
      "raw_date": "2010-06-04"
    },
    "Kilifi_HH_0522_21_May_2010": {
      "branch_length": 0.00027454610270344977,
      "clock_length": 0.00027454610270344977,
      "date": "2010-05-21",
      "mutation_length": 8.316343645490773e-18,
      "num_date_confidence": [
        2010.3849315068494,
        2010.3849315068494
      ],
      "numdate": 2010.3849315068494,
      "raw_date": "2010-05-21"
    },
    "Kilifi_HH_1602_01_Jun_2010": {
      "branch_length": 0.0003092998663591581,
      "clock_length": 0.0003092998663591581,
      "date": "2010-06-01",
      "mutation_length": 8.316343645490773e-18,
      "num_date_confidence": [
        2010.4150684931508,
        2010.4150684931508
      ],
      "numdate": 2010.4150684931508,
      "raw_date": "2010-06-01"
    },
    "Kilifi_HH_3807_11_May_2010": {
      "branch_length": 0.001033432571604646,
      "clock_length": 0.001033432571604646,
      "date": "2010-05-11",
      "mutation_length": 8.316343645490773e-18,
      "num_date_confidence": [
        2010.3575342465754,
        2010.3575342465754
      ],
      "numdate": 2010.3575342465754,
      "raw_date": "2010-05-11"
    },
    "Kilifi_HH_3808_24_May_2010": {
      "branch_length": 0.0002842664438011133,
      "clock_length": 0.0002842664438011133,
      "date": "2010-05-24",
      "mutation_length": 8.316343645490773e-18,
      "num_date_confidence": [
        2010.3931506849315,
        2010.3931506849315
      ],
      "numdate": 2010.3931506849315,
      "raw_date": "2010-05-24"
    },
    "Kilifi_HH_5401_20_May_2010": {
      "branch_length": 0.00023578280319742884,
      "clock_length": 0.00023578280319742884,
      "date": "2010-05-20",
      "mutation_length": 8.316343645490773e-18,
      "num_date_confidence": [
        2010.3821917808218,
        2010.3821917808218
      ],
      "numdate": 2010.3821917808218,
      "raw_date": "2010-05-20"
    },
    "Kilifi_HH_5402_20_May_2010": {
      "branch_length": 0.00031104770186817757,
      "clock_length": 0.00031104770186817757,
      "date": "2010-05-20",
      "mutation_length": 8.316343645490773e-18,
      "num_date_confidence": [
        2010.3821917808218,
        2010.3821917808218
      ],
      "numdate": 2010.3821917808218,
      "raw_date": "2010-05-20"
    },
    "Kilifi_HH_5709_19_May_2010": {
      "branch_length": 0.0002872910468221092,
      "clock_length": 0.0002872910468221092,
      "date": "2010-05-19",
      "mutation_length": 8.316343645490773e-18,
      "num_date_confidence": [
        2010.3794520547945,
        2010.3794520547945
      ],
      "numdate": 2010.3794520547945,
      "raw_date": "2010-05-19"
    },
    "N06_1144B": {
      "branch_length": 0.0004000178431568771,
      "clock_length": 0.0004000178431568771,
      "date": "2016-12-31",
      "mutation_length": 8.316343645490773e-18,
      "num_date_confidence": [
        2016.0013661202186,
        2016.9986338797814
      ],
      "numdate": 2016.9986338797814,
      "raw_date": "2016-XX-XX"
    },
    "N07_185B": {
      "branch_length": 0.00026471355049333405,
      "clock_length": 0.00026471355049333405,
      "date": "2016-02-28",
      "mutation_length": 8.316343645490773e-18,
      "num_date_confidence": [
        2016.0013661202186,
        2016.9986338797814
      ],
      "numdate": 2016.1590535404594,
      "raw_date": "2016-XX-XX"
    },
    "N07_196B": {
      "branch_length": 0.0003921063571932712,
      "clock_length": 0.0003921063571932712,
      "date": "2016-12-31",
      "mutation_length": 8.027596848030763e-18,
      "num_date_confidence": [
        2016.0013661202186,
        2016.9986338797814
      ],
      "numdate": 2016.9986338797814,
      "raw_date": "2016-XX-XX"
    },
    "N07_262B": {
      "branch_length": 5.758029793681693e-05,
      "clock_length": 5.758029793681693e-05,
      "date": "2015-01-01",
      "mutation_length": 8.027596848030763e-18,
      "num_date_confidence": [
        2015.0013698630137,
        2015.8928131397865
      ],
      "numdate": 2015.0013698630137,
      "raw_date": "2015-XX-XX"
    },
    "N07_324B_182X": {
      "branch_length": 0.0002136747884215847,
      "clock_length": 0.0002136747884215847,
      "date": "2016-01-01",
      "mutation_length": 8.316343645490773e-18,
      "num_date_confidence": [
        2016.0013661202186,
        2016.8943026456377
      ],
      "numdate": 2016.0013661202186,
      "raw_date": "2016-XX-XX"
    },
    "N07_468B_176X": {
      "branch_length": 0.0003921063571932712,
      "clock_length": 0.0003921063571932712,
      "date": "2016-12-31",
      "mutation_length": 8.027596848030763e-18,
      "num_date_confidence": [
        2016.0013661202186,
        2016.9986338797814
      ],
      "numdate": 2016.9986338797814,
      "raw_date": "2016-XX-XX"
    },
    "N07_64B": {
      "branch_length": 0.0004000178431568771,
      "clock_length": 0.0004000178431568771,
      "date": "2016-12-31",
      "mutation_length": 8.316343645490773e-18,
      "num_date_confidence": [
        2016.0013661202186,
        2016.9986338797814
      ],
      "numdate": 2016.9986338797814,
      "raw_date": "2016-XX-XX"
    },
    "N07_6B": {
      "branch_length": 0.0004514530857755585,
      "clock_length": 0.0004514530857755585,
      "date": "2016-11-12",
      "mutation_length": 8.316343645490773e-18,
      "num_date_confidence": [
        2016.0013661202186,
        2016.9986338797814
      ],
      "numdate": 2016.865750804608,
      "raw_date": "2016-XX-XX"
    },
    "NL63/DEN/2005/1062": {
      "branch_length": 0.0032321022994194117,
      "clock_length": 0.0032321022994194117,
      "date": "2005-04-12",
      "mutation_length": 0.004297306630020821,
      "num_date_confidence": [
        2005.2780821917809,
        2005.2780821917809
      ],
      "numdate": 2005.2780821917809,
      "raw_date": "2005-04-12"
    },
    "NL63/DEN/2005/1120": {
      "branch_length": 0.0,
      "clock_length": 0.0,
      "date": "2005-04-25",
      "mutation_length": 8.027596848030763e-18,
      "num_date_confidence": [
        2005.313698630137,
        2005.313698630137
      ],
      "numdate": 2005.313698630137,
      "raw_date": "2005-04-25"
    },
    "NL63/DEN/2005/1862": {
      "branch_length": 3.5122176532083067e-05,
      "clock_length": 3.5122176532083067e-05,
      "date": "2005-11-30",
      "mutation_length": 8.027596848030763e-18,
      "num_date_confidence": [
        2005.8381708416903,
        2005.9136986301369
      ],
      "numdate": 2005.9136986301369,
      "raw_date": "2005-11-XX"
    },
    "NL63/DEN/2005/1876": {
      "branch_length": 3.0710440089742625e-05,
      "clock_length": 3.0710440089742625e-05,
      "date": "2005-11-21",
      "mutation_length": 8.027596848030763e-18,
      "num_date_confidence": [
        2005.8890410958904,
        2005.8890410958904
      ],
      "numdate": 2005.8890410958904,
      "raw_date": "2005-11-21"
    },
    "NL63/DEN/2005/193": {
      "branch_length": 0.0,
      "clock_length": 0.0,
      "date": "2005-01-11",
      "mutation_length": 8.027596848030763e-18,
      "num_date_confidence": [
        2005.0287671232877,
        2005.0287671232877
      ],
      "numdate": 2005.0287671232877,
      "raw_date": "2005-01-11"
    },
    "NL63/DEN/2005/232": {
      "branch_length": 0.0017390053398165998,
      "clock_length": 0.0017390053398165998,
      "date": "2005-01-18",
      "mutation_length": 8.316343645490773e-18,
      "num_date_confidence": [
        2005.0479452054794,
        2005.0479452054794
      ],
      "numdate": 2005.0479452054794,
      "raw_date": "2005-01-18"
    },
    "NL63/DEN/2005/235": {
      "branch_length": 3.9215435043067105e-06,
      "clock_length": 3.9215435043067105e-06,
      "date": "2005-01-19",
      "mutation_length": 8.027596848030763e-18,
      "num_date_confidence": [
        2005.0506849315068,
        2005.0506849315068
      ],
      "numdate": 2005.0506849315068,
      "raw_date": "2005-01-19"
    },
    "NL63/DEN/2005/271": {
      "branch_length": 0.0,
      "clock_length": 0.0,
      "date": "2005-01-23",
      "mutation_length": 8.027596848030763e-18,
      "num_date_confidence": [
        2005.0616438356165,
        2005.0616438356165
      ],
      "numdate": 2005.0616438356165,
      "raw_date": "2005-01-23"
    },
    "NL63/DEN/2005/291": {
      "branch_length": 0.0,
      "clock_length": 0.0,
      "date": "2005-01-26",
      "mutation_length": 8.316343645490773e-18,
      "num_date_confidence": [
        2005.0698630136985,
        2005.0698630136985
      ],
      "numdate": 2005.0698630136985,
      "raw_date": "2005-01-26"
    },
    "NL63/DEN/2005/347": {
      "branch_length": 4.4117364423812075e-06,
      "clock_length": 4.4117364423812075e-06,
      "date": "2005-02-01",
      "mutation_length": 8.027596848030763e-18,
      "num_date_confidence": [
        2005.0863013698631,
        2005.0863013698631
      ],
      "numdate": 2005.0863013698631,
      "raw_date": "2005-02-01"
    },
    "NL63/DEN/2005/449": {
      "branch_length": 0.0007088189884064673,
      "clock_length": 0.0007088189884064673,
      "date": "2005-02-09",
      "mutation_length": 8.027596848030763e-18,
      "num_date_confidence": [
        2005.1082191780822,
        2005.1082191780822
      ],
      "numdate": 2005.1082191780822,
      "raw_date": "2005-02-09"
    },
    "NL63/DEN/2008/16": {
      "branch_length": 0.001338364321132524,
      "clock_length": 0.001338364321132524,
      "date": "2008-01-08",
      "mutation_length": 8.316343645490773e-18,
      "num_date_confidence": [
        2008.0204918032787,
        2008.0204918032787
      ],
      "numdate": 2008.0204918032787,
      "raw_date": "2008-01-08"
    },
    "NL63/DEN/2009/14": {
      "branch_length": 6.601102569852137e-05,
      "clock_length": 6.601102569852137e-05,
      "date": "2009-03-01",
      "mutation_length": 8.027596848030763e-18,
      "num_date_confidence": [
        2009.16301369863,
        2009.16301369863
      ],
      "numdate": 2009.16301369863,
      "raw_date": "2009-03-01"
    },
    "NL63/DEN/2009/15": {
      "branch_length": 0.0006808779909381634,
      "clock_length": 0.0006808779909381634,
      "date": "2009-02-13",
      "mutation_length": 8.027596848030763e-18,
      "num_date_confidence": [
        2009.1191780821919,
        2009.1191780821919
      ],
      "numdate": 2009.1191780821919,
      "raw_date": "2009-02-13"
    },
    "NL63/DEN/2009/20": {
      "branch_length": 0.0008267198420714157,
      "clock_length": 0.0008267198420714157,
      "date": "2009-03-12",
      "mutation_length": 8.316343645490773e-18,
      "num_date_confidence": [
        2009.1931506849314,
        2009.1931506849314
      ],
      "numdate": 2009.1931506849314,
      "raw_date": "2009-03-12"
    },
    "NL63/DEN/2009/22": {
      "branch_length": 0.0,
      "clock_length": 0.0,
      "date": "2009-03-03",
      "mutation_length": 8.027596848030763e-18,
      "num_date_confidence": [
        2009.168493150685,
        2009.168493150685
      ],
      "numdate": 2009.168493150685,
      "raw_date": "2009-03-03"
    },
    "NL63/DEN/2009/31": {
      "branch_length": 0.0,
      "clock_length": 0.0,
      "date": "2009-02-21",
      "mutation_length": 8.316343645490773e-18,
      "num_date_confidence": [
        2009.141095890411,
        2009.141095890411
      ],
      "numdate": 2009.141095890411,
      "raw_date": "2009-02-21"
    },
    "NL63/DEN/2009/6": {
      "branch_length": 0.0008135632723451315,
      "clock_length": 0.0008135632723451315,
      "date": "2009-02-25",
      "mutation_length": 8.316343645490773e-18,
      "num_date_confidence": [
        2009.1520547945206,
        2009.1520547945206
      ],
      "numdate": 2009.1520547945206,
      "raw_date": "2009-02-25"
    },
    "NL63/DEN/2009/9": {
      "branch_length": 0.0014263551766511076,
      "clock_length": 0.0014263551766511076,
      "date": "2009-03-16",
      "mutation_length": 8.316343645490773e-18,
      "num_date_confidence": [
        2009.204109589041,
        2009.204109589041
      ],
      "numdate": 2009.204109589041,
      "raw_date": "2009-03-16"
    },
    "NL63/RPTEC/2004": {
      "branch_length": 0.0030036717206300806,
      "clock_length": 0.0030036717206300806,
      "date": "2004-01-01",
      "mutation_length": 0.004297306630020821,
      "num_date_confidence": [
        2004.0013661202186,
        2004.8978721128958
      ],
      "numdate": 2004.0013661202186,
      "raw_date": "2004-XX-XX"
    },
    "NL63/UF_1/2015": {
      "branch_length": 5.758029793681693e-05,
      "clock_length": 5.758029793681693e-05,
      "date": "2015-01-01",
      "mutation_length": 8.316343645490773e-18,
      "num_date_confidence": [
        2015.0013698630137,
        2015.8969185601684
      ],
      "numdate": 2015.0013698630137,
      "raw_date": "2015-XX-XX"
    },
    "NL63/UF_2/2015": {
      "branch_length": 0.0001538719196431523,
      "clock_length": 0.0001538719196431523,
      "date": "2015-09-01",
      "mutation_length": 8.316343645490773e-18,
      "num_date_confidence": [
        2015.6671232876713,
        2015.6671232876713
      ],
      "numdate": 2015.6671232876713,
      "raw_date": "2015-09-01"
    },
    "NL63/human/USA/0111_25/2001": {
      "branch_length": 0.0026257336350634063,
      "clock_length": 0.0026257336350634063,
      "date": "2001-11-21",
      "mutation_length": 0.004291501453491277,
      "num_date_confidence": [
        2001.8890410958904,
        2001.8890410958904
      ],
      "numdate": 2001.8890410958904,
      "raw_date": "2001-11-21"
    },
    "NL63/human/USA/012_31/2001": {
      "branch_length": 0.0,
      "clock_length": 0.0,
      "date": "2001-02-23",
      "mutation_length": 8.027596848030763e-18,
      "num_date_confidence": [
        2001.1465753424657,
        2001.1465753424657
      ],
      "numdate": 2001.1465753424657,
      "raw_date": "2001-02-23"
    },
    "NL63/human/USA/838_9/1983": {
      "branch_length": 0.0002584270962549748,
      "clock_length": 0.0002584270962549748,
      "date": "1983-08-16",
      "mutation_length": 8.316343645490773e-18,
      "num_date_confidence": [
        1983.623287671233,
        1983.623287671233
      ],
      "numdate": 1983.623287671233,
      "raw_date": "1983-08-16"
    },
    "NL63/human/USA/8712_17/1987": {
      "branch_length": 0.001033912324234905,
      "clock_length": 0.001033912324234905,
      "date": "1987-12-16",
      "mutation_length": 8.316343645490773e-18,
      "num_date_confidence": [
        1987.9575342465753,
        1987.9575342465753
      ],
      "numdate": 1987.9575342465753,
      "raw_date": "1987-12-16"
    },
    "NL63/human/USA/891_4/1989": {
      "branch_length": 0.00032084644039732414,
      "clock_length": 0.00032084644039732414,
      "date": "1989-01-03",
      "mutation_length": 8.027596848030763e-18,
      "num_date_confidence": [
        1989.0068493150684,
        1989.0068493150684
      ],
      "numdate": 1989.0068493150684,
      "raw_date": "1989-01-03"
    },
    "NL63/human/USA/891_6/1989": {
      "branch_length": 0.0003210675092188229,
      "clock_length": 0.0003210675092188229,
      "date": "1989-01-05",
      "mutation_length": 8.027596848030763e-18,
      "num_date_confidence": [
        1989.0123287671233,
        1989.0123287671233
      ],
      "numdate": 1989.0123287671233,
      "raw_date": "1989-01-05"
    },
    "NL63/human/USA/901_24/1990": {
      "branch_length": 0.0004179676894710098,
      "clock_length": 0.0004179676894710098,
      "date": "1990-01-05",
      "mutation_length": 8.027596848030763e-18,
      "num_date_confidence": [
        1990.0123287671233,
        1990.0123287671233
      ],
      "numdate": 1990.0123287671233,
      "raw_date": "1990-01-05"
    },
    "NL63/human/USA/903_28/1990": {
      "branch_length": 9.541002428595236e-05,
      "clock_length": 9.541002428595236e-05,
      "date": "1990-03-21",
      "mutation_length": 8.027596848030763e-18,
      "num_date_confidence": [
        1990.217808219178,
        1990.217808219178
      ],
      "numdate": 1990.217808219178,
      "raw_date": "1990-03-21"
    },
    "NL63/human/USA/904_20/1990": {
      "branch_length": 4.844030155002569e-05,
      "clock_length": 4.844030155002569e-05,
      "date": "1990-04-26",
      "mutation_length": 8.027596848030763e-18,
      "num_date_confidence": [
        1990.3164383561643,
        1990.3164383561643
      ],
      "numdate": 1990.3164383561643,
      "raw_date": "1990-04-26"
    },
    "NL63/human/USA/905_25/1990": {
      "branch_length": 0.00017217423156729028,
      "clock_length": 0.00017217423156729028,
      "date": "1990-05-29",
      "mutation_length": 8.027596848030763e-18,
      "num_date_confidence": [
        1990.4068493150685,
        1990.4068493150685
      ],
      "numdate": 1990.4068493150685,
      "raw_date": "1990-05-29"
    },
    "NL63/human/USA/911_56/1991": {
      "branch_length": 0.0006510248294305781,
      "clock_length": 0.0006510248294305781,
      "date": "1991-01-24",
      "mutation_length": 8.027596848030763e-18,
      "num_date_confidence": [
        1991.0643835616438,
        1991.0643835616438
      ],
      "numdate": 1991.0643835616438,
      "raw_date": "1991-01-24"
    },
    "NL63_KLF_01_2018": {
      "branch_length": 0.0023274360698159395,
      "clock_length": 0.0023274360698159395,
      "date": "2018-01-29",
      "mutation_length": 8.316343645490773e-18,
      "num_date_confidence": [
        2018.0780821917808,
        2018.0780821917808
      ],
      "numdate": 2018.0780821917808,
      "raw_date": "2018-01-29"
    },
    "NODE_0000000": {
      "branch_length": 0.001,
      "clock_length": 0.001,
      "date": "1972-03-28",
      "mutation_length": 0.001,
      "num_date_confidence": [
        1925.5406152742453,
        1983.5153738245817
      ],
      "numdate": 1972.2397394875686
    },
    "NODE_0000003": {
      "branch_length": 0.0,
      "clock_length": 0.0,
      "date": "2004-07-31",
      "mutation_length": 8.316343645490773e-18,
      "num_date_confidence": [
        1995.877522945885,
        2008.7527987838728
      ],
      "numdate": 2004.5816001311152
    },
    "NODE_0000004": {
      "branch_length": 0.0,
      "clock_length": 0.0,
      "date": "2004-07-31",
      "mutation_length": 8.316343645490773e-18,
      "num_date_confidence": [
        1998.8137568580923,
        2008.7975016335745
      ],
      "numdate": 2004.5816001311152
    },
    "NODE_0000005": {
      "branch_length": 0.0,
      "clock_length": 0.0,
      "date": "2004-07-31",
      "mutation_length": 8.316343645490773e-18,
      "num_date_confidence": [
        2000.2739955426143,
        2008.8422080485307
      ],
      "numdate": 2004.5816001311152
    },
    "NODE_0000006": {
      "branch_length": 0.0007242458073959969,
      "clock_length": 0.0007242458073959969,
      "date": "2008-08-18",
      "mutation_length": 8.316343645490773e-18,
      "num_date_confidence": [
        2005.1245762793676,
        2008.8855386704256
      ],
      "numdate": 2008.6294656444134
    },
    "NODE_0000007": {
      "branch_length": 2.5507987828116314e-06,
      "clock_length": 2.5507987828116314e-06,
      "date": "2008-08-23",
      "mutation_length": 8.316343645490773e-18,
      "num_date_confidence": [
        2006.2391394353049,
        2008.9302498336976
      ],
      "numdate": 2008.6437222549714
    },
    "NODE_0000008": {
      "branch_length": 2.3266462108035083e-05,
      "clock_length": 2.3266462108035083e-05,
      "date": "2008-10-10",
      "mutation_length": 8.316343645490773e-18,
      "num_date_confidence": [
        2007.8030231809983,
        2008.9749610444205
      ],
      "numdate": 2008.7737603009246
    },
    "NODE_0000009": {
      "branch_length": 4.999821786682429e-06,
      "clock_length": 4.999821786682429e-06,
      "date": "2008-10-20",
      "mutation_length": 8.316343645490773e-18,
      "num_date_confidence": [
        2008.5881566799123,
        2009.0196722642381
      ],
      "numdate": 2008.8017046893854
    },
    "NODE_0000010": {
      "branch_length": 4.6998614776031216e-05,
      "clock_length": 4.6998614776031216e-05,
      "date": "2009-01-24",
      "mutation_length": 8.316343645490773e-18,
      "num_date_confidence": [
        2008.6895477476828,
        2009.0643835616438
      ],
      "numdate": 2009.0643835616438
    },
    "NODE_0000011": {
      "branch_length": 0.0,
      "clock_length": 0.0,
      "date": "2004-07-31",
      "mutation_length": 8.316343645490773e-18,
      "num_date_confidence": [
        1999.0945692074117,
        2008.8755444594397
      ],
      "numdate": 2004.5816001311152
    },
    "NODE_0000012": {
      "branch_length": 0.0004250944443439453,
      "clock_length": 0.0004250944443439453,
      "date": "2006-12-16",
      "mutation_length": 8.316343645490773e-18,
      "num_date_confidence": [
        2003.6474210769113,
        2008.9202473770927
      ],
      "numdate": 2006.9574856710556
    },
    "NODE_0000013": {
      "branch_length": 0.00030269517825824927,
      "clock_length": 0.00030269517825824927,
      "date": "2008-08-25",
      "mutation_length": 8.316343645490773e-18,
      "num_date_confidence": [
        2005.3246297871876,
        2008.9398081053985
      ],
      "numdate": 2008.6492723001263
    },
    "NODE_0000014": {
      "branch_length": 6.6371343421548976e-06,
      "clock_length": 6.6371343421548976e-06,
      "date": "2008-09-08",
      "mutation_length": 8.316343645490773e-18,
      "num_date_confidence": [
        2006.555624014248,
        2009.0069619569854
      ],
      "numdate": 2008.686367754372
    },
    "NODE_0000015": {
      "branch_length": 2.1111879053697328e-05,
      "clock_length": 2.1111879053697328e-05,
      "date": "2008-10-21",
      "mutation_length": 8.316343645490773e-18,
      "num_date_confidence": [
        2008.145753452872,
        2009.051673230722
      ],
      "numdate": 2008.8043636699433
    },
    "NODE_0000016": {
      "branch_length": 8.249762283563632e-06,
      "clock_length": 8.249762283563632e-06,
      "date": "2008-11-07",
      "mutation_length": 8.316343645490773e-18,
      "num_date_confidence": [
        2008.6322496203106,
        2009.0963845573888
      ],
      "numdate": 2008.8504722257671
    },
    "NODE_0000017": {
      "branch_length": 5.199850883308259e-05,
      "clock_length": 5.199850883308259e-05,
      "date": "2009-02-21",
      "mutation_length": 8.316343645490773e-18,
      "num_date_confidence": [
        2008.7454839070263,
        2009.141095890411
      ],
      "numdate": 2009.141095890411
    },
    "NODE_0000018": {
      "branch_length": 0.0026352297210959002,
      "clock_length": 0.0026352297210959002,
      "date": "2004-07-31",
      "mutation_length": 8.316343645490773e-18,
      "num_date_confidence": [
        1992.2558885344088,
        2008.6911383627832
      ],
      "numdate": 2004.5816001311152
    },
    "NODE_0000019": {
      "branch_length": 0.0002550292024972702,
      "clock_length": 0.0002550292024972702,
      "date": "1982-03-07",
      "mutation_length": 8.316343645490773e-18,
      "num_date_confidence": [
        1976.8677645046837,
        1983.623287671233
      ],
      "numdate": 1982.1789187567708
    },
    "NODE_0000022": {
      "branch_length": 0.000596940220773961,
      "clock_length": 0.000596940220773961,
      "date": "1998-08-31",
      "mutation_length": 8.316343645490773e-18,
      "num_date_confidence": [
        1990.2656890436062,
        2004.846328683252
      ],
      "numdate": 1998.6648554283565
    },
    "NODE_0000023": {
      "branch_length": 0.000335550090746717,
      "clock_length": 0.000335550090746717,
      "date": "2000-07-16",
      "mutation_length": 8.316343645490773e-18,
      "num_date_confidence": [
        1994.24787987667,
        2004.8910381690123
      ],
      "numdate": 2000.5402706899254
    },
    "NODE_0000024": {
      "branch_length": 0.0001237825386521331,
      "clock_length": 0.0001237825386521331,
      "date": "2001-03-26",
      "mutation_length": 8.316343645490773e-18,
      "num_date_confidence": [
        1996.9307871803644,
        2004.9357465158632
      ],
      "numdate": 2001.2321008175447
    },
    "NODE_0000025": {
      "branch_length": 0.0014519207528074056,
      "clock_length": 0.0014519207528074056,
      "date": "1995-04-30",
      "mutation_length": 0.004297306630020821,
      "num_date_confidence": [
        1984.1656375778045,
        2004.7820080594806
      ],
      "numdate": 1995.3285106287099
    },
    "NODE_0000026": {
      "branch_length": 0.0005976745628275184,
      "clock_length": 0.0005976745628275184,
      "date": "2004-07-28",
      "mutation_length": 8.316343645490773e-18,
      "num_date_confidence": [
        2000.5870649972653,
        2004.922430300629
      ],
      "numdate": 2004.5725499114008
    },
    "NODE_0000027": {
      "branch_length": 5.8036756557032325e-06,
      "clock_length": 5.8036756557032325e-06,
      "date": "2004-08-09",
      "mutation_length": 8.316343645490773e-18,
      "num_date_confidence": [
        2002.5735326272277,
        2005.0251634067038
      ],
      "numdate": 2004.6049871009534
    },
    "NODE_0000028": {
      "branch_length": 8.317579466487384e-05,
      "clock_length": 8.317579466487384e-05,
      "date": "2005-01-26",
      "mutation_length": 8.316343645490773e-18,
      "num_date_confidence": [
        2004.2385309492022,
        2005.0698630136985
      ],
      "numdate": 2005.0698630136985
    },
    "NODE_0000029": {
      "branch_length": 0.0019357396876508114,
      "clock_length": 0.0019357396876508114,
      "date": "2009-06-26",
      "mutation_length": 8.316343645490773e-18,
      "num_date_confidence": [
        2003.4470538679668,
        2015.56074917368
      ],
      "numdate": 2009.483853404385
    },
    "NODE_0000030": {
      "branch_length": 0.0009296160773558599,
      "clock_length": 0.0009296160773558599,
      "date": "2014-09-06",
      "mutation_length": 8.316343645490773e-18,
      "num_date_confidence": [
        2011.7742493995902,
        2015.6284488666465
      ],
      "numdate": 2014.6795491498199
    },
    "NODE_0000031": {
      "branch_length": 0.0005572973429515372,
      "clock_length": 0.0005572973429515372,
      "date": "2012-08-07",
      "mutation_length": 8.316343645490773e-18,
      "num_date_confidence": [
        2009.2080069615777,
        2015.623783002694
      ],
      "numdate": 2012.5986311112758
    },
    "NODE_0000032": {
      "branch_length": 0.00039514399664182564,
      "clock_length": 0.00039514399664182564,
      "date": "2014-10-22",
      "mutation_length": 8.316343645490773e-18,
      "num_date_confidence": [
        2012.7868119619498,
        2015.6671232876713
      ],
      "numdate": 2014.8071212957675
    },
    "NODE_0000033": {
      "branch_length": 0.0003120217721217513,
      "clock_length": 0.0003120217721217513,
      "date": "2014-05-06",
      "mutation_length": 8.316343645490773e-18,
      "num_date_confidence": [
        2012.1754866307322,
        2015.7016266163312
      ],
      "numdate": 2014.3425447906811
    },
    "NODE_0000034": {
      "branch_length": 7.52107385564684e-05,
      "clock_length": 7.52107385564684e-05,
      "date": "2014-10-06",
      "mutation_length": 8.316343645490773e-18,
      "num_date_confidence": [
        2013.6355994216965,
        2016.1005598650502
      ],
      "numdate": 2014.76290339231
    },
    "NODE_0000035": {
      "branch_length": 7.593170546086117e-07,
      "clock_length": 7.593170546086117e-07,
      "date": "1987-03-21",
      "mutation_length": 8.027596848030763e-18,
      "num_date_confidence": [
        1986.33177945818,
        1989.0123287671233
      ],
      "numdate": 1987.2178577674495
    },
    "NODE_0000036": {
      "branch_length": 3.7197190380506596e-05,
      "clock_length": 3.7197190380506596e-05,
      "date": "1987-06-05",
      "mutation_length": 8.027596848030763e-18,
      "num_date_confidence": [
        1985.4332662947259,
        1989.7592499642324
      ],
      "numdate": 1987.4257557250148
    },
    "NODE_0000037": {
      "branch_length": 4.4823051752059494e-05,
      "clock_length": 4.4823051752059494e-05,
      "date": "1987-09-04",
      "mutation_length": 8.027596848030763e-18,
      "num_date_confidence": [
        1985.8885139118486,
        1990.0123287671233
      ],
      "numdate": 1987.6762752082277
    },
    "NODE_0000038": {
      "branch_length": 0.00031638124098153,
      "clock_length": 0.00031638124098153,
      "date": "1989-06-12",
      "mutation_length": 8.027596848030763e-18,
      "num_date_confidence": [
        1987.443783764231,
        1990.1730956039642
      ],
      "numdate": 1989.444554294341
    },
    "NODE_0000039": {
      "branch_length": 4.294089455655296e-05,
      "clock_length": 4.294089455655296e-05,
      "date": "1989-09-07",
      "mutation_length": 8.027596848030763e-18,
      "num_date_confidence": [
        1988.2490134898103,
        1990.217808219178
      ],
      "numdate": 1989.684554256247
    },
    "NODE_0000040": {
      "branch_length": 0.0011558389816043266,
      "clock_length": 0.0011558389816043266,
      "date": "1987-03-19",
      "mutation_length": 0.00429730657003703,
      "num_date_confidence": [
        1986.3288812216351,
        1988.9676161519094
      ],
      "numdate": 1987.2136138860385
    },
    "NODE_0000041": {
      "branch_length": 6.46166685053691e-05,
      "clock_length": 6.46166685053691e-05,
      "date": "1990-01-17",
      "mutation_length": 8.027596848030763e-18,
      "num_date_confidence": [
        1988.7551562810481,
        1990.3164383561643
      ],
      "numdate": 1990.045701785658
    },
    "NODE_0000042": {
      "branch_length": -3.8246634530200545e-05,
      "clock_length": -3.8246634530200545e-05,
      "date": "1989-10-31",
      "mutation_length": 8.027596848030763e-18,
      "num_date_confidence": [
        1978.5486023214369,
        2001.1018666888956
      ],
      "numdate": 1989.8319384040358
    },
    "NODE_0000043": {
      "branch_length": 0.00315138964595628,
      "clock_length": 0.00315138964595628,
      "date": "1989-11-08",
      "mutation_length": 0.008637480328487341,
      "num_date_confidence": [
        1969.2374852233272,
        2008.6464258993271
      ],
      "numdate": 1989.853098566162
    },
    "NODE_0000044": {
      "branch_length": 0.004441632944051851,
      "clock_length": 0.004441632944051851,
      "date": "2014-09-05",
      "mutation_length": 0.004315008355164478,
      "num_date_confidence": [
        2010.8824697040152,
        2017.631557851306
      ],
      "numdate": 2014.677726659765
    },
    "NODE_0000045": {
      "branch_length": 0.0020244196201540067,
      "clock_length": 0.0020244196201540067,
      "date": "2001-02-23",
      "mutation_length": 8.027596848030763e-18,
      "num_date_confidence": [
        1994.1215644501135,
        2001.1465753424657
      ],
      "numdate": 2001.1465753424657
    },
    "NODE_0000046": {
      "branch_length": 0.001297884949853268,
      "clock_length": 0.001297884949853268,
      "date": "1997-02-01",
      "mutation_length": 8.027596848030763e-18,
      "num_date_confidence": [
        1987.9785408390235,
        2004.952609713228
      ],
      "numdate": 1997.0859171983752
    },
    "NODE_0000047": {
      "branch_length": 0.0014211380635040373,
      "clock_length": 0.0014211380635040373,
      "date": "2005-01-11",
      "mutation_length": 8.027596848030763e-18,
      "num_date_confidence": [
        1998.3145250440184,
        2005.0287671232877
      ],
      "numdate": 2005.0287671232877
    },
    "NODE_0000048": {
      "branch_length": 0.0006254531043873536,
      "clock_length": 0.0006254531043873536,
      "date": "2000-07-31",
      "mutation_length": 8.027596848030763e-18,
      "num_date_confidence": [
        1993.2471021671836,
        2005.01693124506
      ],
      "numdate": 2000.5816226972277
    },
    "NODE_0000049": {
      "branch_length": 0.0008015672743731644,
      "clock_length": 0.0008015672743731644,
      "date": "2005-01-23",
      "mutation_length": 8.027596848030763e-18,
      "num_date_confidence": [
        1999.9193286467705,
        2005.0616438356165
      ],
      "numdate": 2005.0616438356165
    },
    "NODE_0000050": {
      "branch_length": 0.00010752793779924023,
      "clock_length": 0.00010752793779924023,
      "date": "2001-03-08",
      "mutation_length": 8.027596848030763e-18,
      "num_date_confidence": [
        1996.0281094714428,
        2005.2689898204026
      ],
      "numdate": 2001.182604610673
    },
    "NODE_0000051": {
      "branch_length": 0.0007391370868736376,
      "clock_length": 0.0007391370868736376,
      "date": "2005-04-25",
      "mutation_length": 8.027596848030763e-18,
      "num_date_confidence": [
        2001.61201413927,
        2005.313698630137
      ],
      "numdate": 2005.313698630137
    },
    "NODE_0000052": {
      "branch_length": 0.0006021487469092326,
      "clock_length": 0.0006021487469092326,
      "date": "2004-07-19",
      "mutation_length": 8.027596848030763e-18,
      "num_date_confidence": [
        2000.5420492190858,
        2005.845700653317
      ],
      "numdate": 2004.5480602634343
    },
    "NODE_0000053": {
      "branch_length": 0.00020921841686315787,
      "clock_length": 0.00020921841686315787,
      "date": "2005-09-19",
      "mutation_length": 8.027596848030763e-18,
      "num_date_confidence": [
        2003.5362015035014,
        2005.8890410958904
      ],
      "numdate": 2005.7173980845425
    },
    "NODE_0000054": {
      "branch_length": 1.8691531129779847e-05,
      "clock_length": 1.8691531129779847e-05,
      "date": "2004-08-26",
      "mutation_length": 8.027596848030763e-18,
      "num_date_confidence": [
        2000.486978854422,
        2009.0790736909914
      ],
      "numdate": 2004.65252866833
    },
    "NODE_0000055": {
      "branch_length": 0.000741006861082881,
      "clock_length": 0.000741006861082881,
      "date": "2008-10-17",
      "mutation_length": 8.027596848030763e-18,
      "num_date_confidence": [
        2006.4819770525114,
        2009.123786266978
      ],
      "numdate": 2008.7940729996383
    },
    "NODE_0000056": {
      "branch_length": 6.699141157462873e-05,
      "clock_length": 6.699141157462873e-05,
      "date": "2009-03-03",
      "mutation_length": 8.027596848030763e-18,
      "num_date_confidence": [
        2008.3493108940072,
        2009.168493150685
      ],
      "numdate": 2009.168493150685
    },
    "NODE_0000057": {
      "branch_length": 0.0014418635627619174,
      "clock_length": 0.0014418635627619174,
      "date": "2012-09-17",
      "mutation_length": 8.027596848030763e-18,
      "num_date_confidence": [
        2008.3831873139532,
        2015.5788540361157
      ],
      "numdate": 2012.7112150024216
    },
    "NODE_0000058": {
      "branch_length": 0.0003750004392843228,
      "clock_length": 0.0003750004392843228,
      "date": "2014-10-22",
      "mutation_length": 8.027596848030763e-18,
      "num_date_confidence": [
        2012.2384552812498,
        2016.0831988576601
      ],
      "numdate": 2014.8071212957675
    },
    "NODE_0000059": {
      "branch_length": 0.00035217517704681984,
      "clock_length": 0.00035217517704681984,
      "date": "2014-09-06",
      "mutation_length": 8.027596848030763e-18,
      "num_date_confidence": [
        2012.142530329716,
        2015.5390748091304
      ],
      "numdate": 2014.6795491498199
    },
    "NODE_0000061": {
      "branch_length": 0.0015232929505061502,
      "clock_length": 0.0015232929505061502,
      "date": "1980-10-02",
      "mutation_length": 8.316343645490773e-18,
      "num_date_confidence": [
        1963.5863077422346,
        1983.5785793902655
      ],
      "numdate": 1980.7535409318243
    }
  }
}