{
  "alignment": "results/aligned_nl63_nucleocapsid.fasta",
  "clock": {
    "intercept": 0.18149676171777518,
    "rate": 0.00015998983026290967,
    "rtt_Tmrca": -1134.4268658796836
  },
  "generated_by": {
    "program": "augur",
    "version": "6.4.1"
  },
  "input_tree": "results/tree_raw_nl63_nucleocapsid.nwk",
  "nodes": {
    "12MYKL0630": {
      "branch_length": 0.00599744920956579,
      "clock_length": 0.00599744920956579,
      "date": "2012-01-01",
      "mutation_length": 2.72e-06,
      "num_date_confidence": [
        2012.0013661202186,
        2012.8989071038252
      ],
      "numdate": 2012.0013661202186,
      "raw_date": "2012-XX-XX"
    },
    "997A_2008": {
      "branch_length": 0.000735821969430857,
      "clock_length": 0.000735821969430857,
      "date": "2008-01-01",
      "mutation_length": 0.0,
      "num_date_confidence": [
        2008.0013661202186,
        2008.8981920923534
      ],
      "numdate": 2008.0013661202186,
      "raw_date": "2008-XX-XX"
    },
    "CBJ123": {
      "branch_length": 5.884247005498401e-05,
      "clock_length": 5.884247005498401e-05,
      "date": "2009-01-24",
      "mutation_length": 0.0,
      "num_date_confidence": [
        2009.0643835616438,
        2009.0643835616438
      ],
      "numdate": 2009.0643835616438,
      "raw_date": "2009-01-24"
    },
    "CBJ_037": {
      "branch_length": 0.0006506721871911375,
      "clock_length": 0.0006506721871911375,
      "date": "2008-11-04",
      "mutation_length": 0.0,
      "num_date_confidence": [
        2008.8428961748634,
        2008.8428961748634
      ],
      "numdate": 2008.8428961748634,
      "raw_date": "2008-11-04"
    },
    "CN0601/14": {
      "branch_length": 0.006106525185696426,
      "clock_length": 0.006106525185696426,
      "date": "2014-11-25",
      "mutation_length": 0.00265061,
      "num_date_confidence": [
        2014.9,
        2014.9
      ],
      "numdate": 2014.9,
      "raw_date": "2014-11-25"
    },
    "ChinaGD01": {
      "branch_length": 0.48007950932809607,
      "clock_length": 0.48007950932809607,
      "date": "2018-09-01",
      "mutation_length": 0.5043835344878309,
      "num_date_confidence": [
        2018.6671232876713,
        2018.6671232876713
      ],
      "numdate": 2018.6671232876713,
      "raw_date": "2018-09-01"
    },
    "ChinaGD02": {
      "branch_length": 0.0006164956618084473,
      "clock_length": 0.0006164956618084473,
      "date": "2018-08-15",
      "mutation_length": 0.00088217,
      "num_date_confidence": [
        2018.6205479452055,
        2018.6205479452055
      ],
      "numdate": 2018.6205479452055,
      "raw_date": "2018-08-15"
    },
    "ChinaGD03": {
      "branch_length": 0.0006020308278394642,
      "clock_length": 0.0006020308278394642,
      "date": "2018-07-13",
      "mutation_length": 0.00088269,
      "num_date_confidence": [
        2018.5301369863014,
        2018.5301369863014
      ],
      "numdate": 2018.5301369863014,
      "raw_date": "2018-07-13"
    },
    "ChinaGD04": {
      "branch_length": 0.0026855948884592505,
      "clock_length": 0.0026855948884592505,
      "date": "2018-07-25",
      "mutation_length": 0.00265597,
      "num_date_confidence": [
        2018.5630136986301,
        2018.5630136986301
      ],
      "numdate": 2018.5630136986301,
      "raw_date": "2018-07-25"
    },
    "ChinaGD05": {
      "branch_length": 0.0005720184342276699,
      "clock_length": 0.0005720184342276699,
      "date": "2018-08-14",
      "mutation_length": 0.0,
      "num_date_confidence": [
        2018.6178082191782,
        2018.6178082191782
      ],
      "numdate": 2018.6178082191782,
      "raw_date": "2018-08-14"
    },
    "HCoV_NL63/Haiti_1/2015": {
      "branch_length": 0.0,
      "clock_length": 0.0,
      "date": "2015-01-16",
      "mutation_length": 0.0,
      "num_date_confidence": [
        2015.0424657534247,
        2015.0424657534247
      ],
      "numdate": 2015.0424657534247,
      "raw_date": "2015-01-16"
    },
    "HCoV_NL63/Seattle/USA/SC0179/2018": {
      "branch_length": 0.0014595431824425764,
      "clock_length": 0.0014595431824425764,
      "date": "2018-01-01",
      "mutation_length": 1e-06,
      "num_date_confidence": [
        2018.0013698630137,
        2018.8947883717249
      ],
      "numdate": 2018.0013698630137,
      "raw_date": "2018-XX-XX"
    },
    "HCoV_NL63/Seattle/USA/SC0768/2019": {
      "branch_length": 0.0032735787721069605,
      "clock_length": 0.0032735787721069605,
      "date": "2019-01-01",
      "mutation_length": 0.00176502,
      "num_date_confidence": [
        2019.0013698630137,
        2019.898904109589
      ],
      "numdate": 2019.0013698630137,
      "raw_date": "2019-XX-XX"
    },
    "HCoV_NL63/Seattle/USA/SC2940/2015": {
      "branch_length": 0.0016512228314821548,
      "clock_length": 0.0016512228314821548,
      "date": "2015-01-01",
      "mutation_length": 0.00176617,
      "num_date_confidence": [
        2015.0013698630137,
        2015.898904109589
      ],
      "numdate": 2015.0013698630137,
      "raw_date": "2015-XX-XX"
    },
    "Kilifi_HH_0511_01_Jun_2010": {
      "branch_length": 6.980067760726074e-05,
      "clock_length": 6.980067760726074e-05,
      "date": "2010-06-01",
      "mutation_length": 0.0,
      "num_date_confidence": [
        2010.4150684931508,
        2010.4150684931508
      ],
      "numdate": 2010.4150684931508,
      "raw_date": "2010-06-01"
    },
    "Kilifi_HH_0512_04_Jun_2010": {
      "branch_length": 7.1115662513512e-05,
      "clock_length": 7.1115662513512e-05,
      "date": "2010-06-04",
      "mutation_length": 0.0,
      "num_date_confidence": [
        2010.4232876712329,
        2010.4232876712329
      ],
      "numdate": 2010.4232876712329,
      "raw_date": "2010-06-04"
    },
    "Kilifi_HH_0522_21_May_2010": {
      "branch_length": 0.0008967762046400952,
      "clock_length": 0.0008967762046400952,
      "date": "2010-05-21",
      "mutation_length": 0.0008826,
      "num_date_confidence": [
        2010.3849315068494,
        2010.3849315068494
      ],
      "numdate": 2010.3849315068494,
      "raw_date": "2010-05-21"
    },
    "Kilifi_HH_1602_01_Jun_2010": {
      "branch_length": 7.1115662513512e-05,
      "clock_length": 7.1115662513512e-05,
      "date": "2010-06-01",
      "mutation_length": 0.0,
      "num_date_confidence": [
        2010.4150684931508,
        2010.4150684931508
      ],
      "numdate": 2010.4150684931508,
      "raw_date": "2010-06-01"
    },
    "Kilifi_HH_3807_11_May_2010": {
      "branch_length": 6.717070779472156e-05,
      "clock_length": 6.717070779472156e-05,
      "date": "2010-05-11",
      "mutation_length": 0.0,
      "num_date_confidence": [
        2010.3575342465754,
        2010.3575342465754
      ],
      "numdate": 2010.3575342465754,
      "raw_date": "2010-05-11"
    },
    "Kilifi_HH_3808_24_May_2010": {
      "branch_length": 6.760903609676896e-05,
      "clock_length": 6.760903609676896e-05,
      "date": "2010-05-24",
      "mutation_length": 0.0,
      "num_date_confidence": [
        2010.3931506849315,
        2010.3931506849315
      ],
      "numdate": 2010.3931506849315,
      "raw_date": "2010-05-24"
    },
    "Kilifi_HH_5401_20_May_2010": {
      "branch_length": 7.1115662513512e-05,
      "clock_length": 7.1115662513512e-05,
      "date": "2010-05-20",
      "mutation_length": 0.0,
      "num_date_confidence": [
        2010.3821917808218,
        2010.3821917808218
      ],
      "numdate": 2010.3821917808218,
      "raw_date": "2010-05-20"
    },
    "Kilifi_HH_5402_20_May_2010": {
      "branch_length": 7.1115662513512e-05,
      "clock_length": 7.1115662513512e-05,
      "date": "2010-05-20",
      "mutation_length": 1e-06,
      "num_date_confidence": [
        2010.3821917808218,
        2010.3821917808218
      ],
      "numdate": 2010.3821917808218,
      "raw_date": "2010-05-20"
    },
    "Kilifi_HH_5709_19_May_2010": {
      "branch_length": 7.067733421142817e-05,
      "clock_length": 7.067733421142817e-05,
      "date": "2010-05-19",
      "mutation_length": 0.0,
      "num_date_confidence": [
        2010.3794520547945,
        2010.3794520547945
      ],
      "numdate": 2010.3794520547945,
      "raw_date": "2010-05-19"
    },
    "N06_1144B": {
      "branch_length": 7.1115662513512e-05,
      "clock_length": 7.1115662513512e-05,
      "date": "2016-05-19",
      "mutation_length": 0.0,
      "num_date_confidence": [
        2016.0013661202186,
        2016.9986338797814
      ],
      "numdate": 2016.3805251017816,
      "raw_date": "2016-XX-XX"
    },
    "N07_185B": {
      "branch_length": 7.1115662513512e-05,
      "clock_length": 7.1115662513512e-05,
      "date": "2016-05-19",
      "mutation_length": 0.0,
      "num_date_confidence": [
        2016.0013661202186,
        2016.9986338797814
      ],
      "numdate": 2016.3805251017816,
      "raw_date": "2016-XX-XX"
    },
    "N07_196B": {
      "branch_length": 0.00016833712915043564,
      "clock_length": 0.00016833712915043564,
      "date": "2016-05-27",
      "mutation_length": 0.0,
      "num_date_confidence": [
        2016.0013661202186,
        2016.9986338797814
      ],
      "numdate": 2016.4028285784643,
      "raw_date": "2016-XX-XX"
    },
    "N07_262B": {
      "branch_length": 7.502712339608672e-05,
      "clock_length": 7.502712339608672e-05,
      "date": "2015-03-30",
      "mutation_length": 0.0,
      "num_date_confidence": [
        2015.0013698630137,
        2015.9986301369863
      ],
      "numdate": 2015.2424527322808,
      "raw_date": "2015-XX-XX"
    },
    "N07_324B_182X": {
      "branch_length": 0.001160928060123038,
      "clock_length": 0.001160928060123038,
      "date": "2016-01-01",
      "mutation_length": 1e-06,
      "num_date_confidence": [
        2016.0013661202186,
        2016.8914284918521
      ],
      "numdate": 2016.0013661202186,
      "raw_date": "2016-XX-XX"
    },
    "N07_468B_176X": {
      "branch_length": 0.00016833712915043564,
      "clock_length": 0.00016833712915043564,
      "date": "2016-05-27",
      "mutation_length": 1e-06,
      "num_date_confidence": [
        2016.0013661202186,
        2016.9986338797814
      ],
      "numdate": 2016.4028285784643,
      "raw_date": "2016-XX-XX"
    },
    "N07_64B": {
      "branch_length": 0.0002710302738922975,
      "clock_length": 0.0002710302738922975,
      "date": "2016-06-21",
      "mutation_length": 0.0,
      "num_date_confidence": [
        2016.0013661202186,
        2016.9986338797814
      ],
      "numdate": 2016.4718323254704,
      "raw_date": "2016-XX-XX"
    },
    "N07_6B": {
      "branch_length": 0.00019576046556961293,
      "clock_length": 0.00019576046556961293,
      "date": "2016-01-01",
      "mutation_length": 0.0,
      "num_date_confidence": [
        2016.0013661202186,
        2016.8837588063689
      ],
      "numdate": 2016.0013661202186,
      "raw_date": "2016-XX-XX"
    },
    "NL63/DEN/2005/1062": {
      "branch_length": 0.0028868195192040488,
      "clock_length": 0.0028868195192040488,
      "date": "2005-04-12",
      "mutation_length": 0.0017663,
      "num_date_confidence": [
        2005.2780821917809,
        2005.2780821917809
      ],
      "numdate": 2005.2780821917809,
      "raw_date": "2005-04-12"
    },
    "NL63/DEN/2005/1120": {
      "branch_length": 0.0025015596014277214,
      "clock_length": 0.0025015596014277214,
      "date": "2005-04-25",
      "mutation_length": 0.00088473,
      "num_date_confidence": [
        2005.313698630137,
        2005.313698630137
      ],
      "numdate": 2005.313698630137,
      "raw_date": "2005-04-25"
    },
    "NL63/DEN/2005/1862": {
      "branch_length": 0.0005136604605790176,
      "clock_length": 0.0005136604605790176,
      "date": "2005-11-30",
      "mutation_length": 0.0008839,
      "num_date_confidence": [
        2005.8421917808218,
        2005.9136986301369
      ],
      "numdate": 2005.9136986301369,
      "raw_date": "2005-11-XX"
    },
    "NL63/DEN/2005/1876": {
      "branch_length": 0.003208328829886093,
      "clock_length": 0.003208328829886093,
      "date": "2005-11-21",
      "mutation_length": 0.00265047,
      "num_date_confidence": [
        2005.8890410958904,
        2005.8890410958904
      ],
      "numdate": 2005.8890410958904,
      "raw_date": "2005-11-21"
    },
    "NL63/DEN/2005/193": {
      "branch_length": 0.0003730821921456174,
      "clock_length": 0.0003730821921456174,
      "date": "2005-01-11",
      "mutation_length": 0.0008824,
      "num_date_confidence": [
        2005.0287671232877,
        2005.0287671232877
      ],
      "numdate": 2005.0287671232877,
      "raw_date": "2005-01-11"
    },
    "NL63/DEN/2005/232": {
      "branch_length": 6.760903609680539e-05,
      "clock_length": 6.760903609680539e-05,
      "date": "2005-01-18",
      "mutation_length": 0.0,
      "num_date_confidence": [
        2005.0479452054794,
        2005.0479452054794
      ],
      "numdate": 2005.0479452054794,
      "raw_date": "2005-01-18"
    },
    "NL63/DEN/2005/235": {
      "branch_length": 0.0005058308606120361,
      "clock_length": 0.0005058308606120361,
      "date": "2005-01-19",
      "mutation_length": 0.0008828,
      "num_date_confidence": [
        2005.0506849315068,
        2005.0506849315068
      ],
      "numdate": 2005.0506849315068,
      "raw_date": "2005-01-19"
    },
    "NL63/DEN/2005/271": {
      "branch_length": 0.00035163335784873335,
      "clock_length": 0.00035163335784873335,
      "date": "2005-01-23",
      "mutation_length": 0.00088241,
      "num_date_confidence": [
        2005.0616438356165,
        2005.0616438356165
      ],
      "numdate": 2005.0616438356165,
      "raw_date": "2005-01-23"
    },
    "NL63/DEN/2005/291": {
      "branch_length": 7.1115662513512e-05,
      "clock_length": 7.1115662513512e-05,
      "date": "2005-01-26",
      "mutation_length": 0.0,
      "num_date_confidence": [
        2005.0698630136985,
        2005.0698630136985
      ],
      "numdate": 2005.0698630136985,
      "raw_date": "2005-01-26"
    },
    "NL63/DEN/2005/347": {
      "branch_length": 0.00035557831256756,
      "clock_length": 0.00035557831256756,
      "date": "2005-02-01",
      "mutation_length": 2.72e-06,
      "num_date_confidence": [
        2005.0863013698631,
        2005.0863013698631
      ],
      "numdate": 2005.0863013698631,
      "raw_date": "2005-02-01"
    },
    "NL63/DEN/2005/449": {
      "branch_length": 0.00019049834814691005,
      "clock_length": 0.00019049834814691005,
      "date": "2005-02-09",
      "mutation_length": 0.0,
      "num_date_confidence": [
        2005.1082191780822,
        2005.1082191780822
      ],
      "numdate": 2005.1082191780822,
      "raw_date": "2005-02-09"
    },
    "NL63/DEN/2008/16": {
      "branch_length": 0.0,
      "clock_length": 0.0,
      "date": "2008-01-08",
      "mutation_length": 0.0,
      "num_date_confidence": [
        2008.0204918032787,
        2008.0204918032787
      ],
      "numdate": 2008.0204918032787,
      "raw_date": "2008-01-08"
    },
    "NL63/DEN/2009/14": {
      "branch_length": 6.710861778234348e-05,
      "clock_length": 6.710861778234348e-05,
      "date": "2009-03-01",
      "mutation_length": 0.00026569,
      "num_date_confidence": [
        2009.16301369863,
        2009.16301369863
      ],
      "numdate": 2009.16301369863,
      "raw_date": "2009-03-01"
    },
    "NL63/DEN/2009/15": {
      "branch_length": 0.0011567483892159515,
      "clock_length": 0.0011567483892159515,
      "date": "2009-02-13",
      "mutation_length": 0.00353729,
      "num_date_confidence": [
        2009.1191780821919,
        2009.1191780821919
      ],
      "numdate": 2009.1191780821919,
      "raw_date": "2009-02-13"
    },
    "NL63/DEN/2009/20": {
      "branch_length": 0.00018761349543191695,
      "clock_length": 0.00018761349543191695,
      "date": "2009-03-12",
      "mutation_length": 0.0,
      "num_date_confidence": [
        2009.1931506849314,
        2009.1931506849314
      ],
      "numdate": 2009.1931506849314,
      "raw_date": "2009-03-12"
    },
    "NL63/DEN/2009/22": {
      "branch_length": 0.0007180218763322076,
      "clock_length": 0.0007180218763322076,
      "date": "2009-03-03",
      "mutation_length": 0.00088321,
      "num_date_confidence": [
        2009.168493150685,
        2009.168493150685
      ],
      "numdate": 2009.168493150685,
      "raw_date": "2009-03-03"
    },
    "NL63/DEN/2009/31": {
      "branch_length": 7.1115662513512e-05,
      "clock_length": 7.1115662513512e-05,
      "date": "2009-02-21",
      "mutation_length": 2.74e-06,
      "num_date_confidence": [
        2009.141095890411,
        2009.141095890411
      ],
      "numdate": 2009.141095890411,
      "raw_date": "2009-02-21"
    },
    "NL63/DEN/2009/6": {
      "branch_length": 0.0011620083288410297,
      "clock_length": 0.0011620083288410297,
      "date": "2009-02-25",
      "mutation_length": 0.00176643,
      "num_date_confidence": [
        2009.1520547945206,
        2009.1520547945206
      ],
      "numdate": 2009.1520547945206,
      "raw_date": "2009-02-25"
    },
    "NL63/DEN/2009/9": {
      "branch_length": 0.0007237201442593696,
      "clock_length": 0.0007237201442593696,
      "date": "2009-03-16",
      "mutation_length": 0.00176635,
      "num_date_confidence": [
        2009.204109589041,
        2009.204109589041
      ],
      "numdate": 2009.204109589041,
      "raw_date": "2009-03-16"
    },
    "NL63/RPTEC/2004": {
      "branch_length": 0.0001729658148724592,
      "clock_length": 0.0001729658148724592,
      "date": "2004-12-31",
      "mutation_length": 0.0,
      "num_date_confidence": [
        2004.0543342506187,
        2004.9986338797814
      ],
      "numdate": 2004.9986338797814,
      "raw_date": "2004-XX-XX"
    },
    "NL63/UF_1/2015": {
      "branch_length": 0.00014112014280025036,
      "clock_length": 0.00014112014280025036,
      "date": "2015-08-29",
      "mutation_length": 1e-06,
      "num_date_confidence": [
        2015.0013698630137,
        2015.9986301369863
      ],
      "numdate": 2015.6601779573027,
      "raw_date": "2015-XX-XX"
    },
    "NL63/UF_2/2015": {
      "branch_length": 0.0001422313250270239,
      "clock_length": 0.0001422313250270239,
      "date": "2015-09-01",
      "mutation_length": 1e-06,
      "num_date_confidence": [
        2015.6671232876713,
        2015.6671232876713
      ],
      "numdate": 2015.6671232876713,
      "raw_date": "2015-09-01"
    },
    "NL63/human/USA/0111_25/2001": {
      "branch_length": 0.0,
      "clock_length": 0.0,
      "date": "2001-11-21",
      "mutation_length": 0.0,
      "num_date_confidence": [
        2001.8890410958904,
        2001.8890410958904
      ],
      "numdate": 2001.8890410958904,
      "raw_date": "2001-11-21"
    },
    "NL63/human/USA/012_31/2001": {
      "branch_length": 0.0006961111589603745,
      "clock_length": 0.0006961111589603745,
      "date": "2001-02-23",
      "mutation_length": 0.00176838,
      "num_date_confidence": [
        2001.1465753424657,
        2001.1465753424657
      ],
      "numdate": 2001.1465753424657,
      "raw_date": "2001-02-23"
    },
    "NL63/human/USA/838_9/1983": {
      "branch_length": 8.408994646044027e-05,
      "clock_length": 8.408994646044027e-05,
      "date": "1983-08-16",
      "mutation_length": 0.00088347,
      "num_date_confidence": [
        1983.623287671233,
        1983.623287671233
      ],
      "numdate": 1983.623287671233,
      "raw_date": "1983-08-16"
    },
    "NL63/human/USA/8712_17/1987": {
      "branch_length": 0.0007775253203670647,
      "clock_length": 0.0007775253203670647,
      "date": "1987-12-16",
      "mutation_length": 2.72e-06,
      "num_date_confidence": [
        1987.9575342465753,
        1987.9575342465753
      ],
      "numdate": 1987.9575342465753,
      "raw_date": "1987-12-16"
    },
    "NL63/human/USA/891_4/1989": {
      "branch_length": 0.0006529542758565866,
      "clock_length": 0.0006529542758565866,
      "date": "1989-01-03",
      "mutation_length": 0.00088279,
      "num_date_confidence": [
        1989.0068493150684,
        1989.0068493150684
      ],
      "numdate": 1989.0068493150684,
      "raw_date": "1989-01-03"
    },
    "NL63/human/USA/891_6/1989": {
      "branch_length": 0.0,
      "clock_length": 0.0,
      "date": "1989-01-05",
      "mutation_length": 2.72e-06,
      "num_date_confidence": [
        1989.0123287671233,
        1989.0123287671233
      ],
      "numdate": 1989.0123287671233,
      "raw_date": "1989-01-05"
    },
    "NL63/human/USA/901_24/1990": {
      "branch_length": 7.016889336541703e-05,
      "clock_length": 7.016889336541703e-05,
      "date": "1990-01-05",
      "mutation_length": 0.0,
      "num_date_confidence": [
        1990.0123287671233,
        1990.0123287671233
      ],
      "numdate": 1990.0123287671233,
      "raw_date": "1990-01-05"
    },
    "NL63/human/USA/903_28/1990": {
      "branch_length": 0.00010304351602217349,
      "clock_length": 0.00010304351602217349,
      "date": "1990-03-21",
      "mutation_length": 0.0,
      "num_date_confidence": [
        1990.217808219178,
        1990.217808219178
      ],
      "numdate": 1990.217808219178,
      "raw_date": "1990-03-21"
    },
    "NL63/human/USA/904_20/1990": {
      "branch_length": 0.00011457844954713709,
      "clock_length": 0.00011457844954713709,
      "date": "1990-04-26",
      "mutation_length": 0.0,
      "num_date_confidence": [
        1990.3164383561643,
        1990.3164383561643
      ],
      "numdate": 1990.3164383561643,
      "raw_date": "1990-04-26"
    },
    "NL63/human/USA/905_25/1990": {
      "branch_length": 0.00012904328351612,
      "clock_length": 0.00012904328351612,
      "date": "1990-05-29",
      "mutation_length": 0.0,
      "num_date_confidence": [
        1990.4068493150685,
        1990.4068493150685
      ],
      "numdate": 1990.4068493150685,
      "raw_date": "1990-05-29"
    },
    "NL63/human/USA/911_56/1991": {
      "branch_length": 0.000815053862470912,
      "clock_length": 0.000815053862470912,
      "date": "1991-01-24",
      "mutation_length": 0.00088251,
      "num_date_confidence": [
        1991.0643835616438,
        1991.0643835616438
      ],
      "numdate": 1991.0643835616438,
      "raw_date": "1991-01-24"
    },
    "NL63_KLF_01_2018": {
      "branch_length": 0.0014934289127837513,
      "clock_length": 0.0014934289127837513,
      "date": "2018-01-29",
      "mutation_length": 2.72e-06,
      "num_date_confidence": [
        2018.0780821917808,
        2018.0780821917808
      ],
      "numdate": 2018.0780821917808,
      "raw_date": "2018-01-29"
    },
    "NODE_0000000": {
      "branch_length": 0.001,
      "clock_length": 0.001,
      "date": "-983-12-24",
      "mutation_length": 0.001,
      "num_date_confidence": [
        -24373.53485120842,
        1219.3365823421132
      ],
      "numdate": -982.0205362916049
    },
    "NODE_0000001": {
      "branch_length": 0.0003546759662899305,
      "clock_length": 0.0003546759662899305,
      "date": "1976-09-24",
      "mutation_length": 0.00265782,
      "num_date_confidence": [
        1942.4554146027556,
        1983.5012524422673
      ],
      "numdate": 1976.7317915853675
    },
    "NODE_0000002": {
      "branch_length": 0.47301560676073573,
      "clock_length": 0.47301560676073573,
      "date": "1974-07-07",
      "mutation_length": 0.49516950551216915,
      "num_date_confidence": [
        1876.277477782184,
        1981.2739718402984
      ],
      "numdate": 1974.5149258901724
    },
    "NODE_0000003": {
      "branch_length": 0.0008926243958649136,
      "clock_length": 0.0008926243958649136,
      "date": "1982-04-24",
      "mutation_length": 0.00088278,
      "num_date_confidence": [
        1968.9367948859108,
        1983.4105249024935
      ],
      "numdate": 1982.3110486818846
    },
    "NODE_0000004": {
      "branch_length": 0.0005932397602141327,
      "clock_length": 0.0005932397602141327,
      "date": "1989-09-05",
      "mutation_length": 0.00088239,
      "num_date_confidence": [
        1986.3300450542172,
        2000.5808097589484
      ],
      "numdate": 1989.677957300098
    },
    "NODE_0000005": {
      "branch_length": 0.0016655220876550234,
      "clock_length": 0.0016655220876550234,
      "date": "2000-02-02",
      "mutation_length": 0.0017687,
      "num_date_confidence": [
        1995.3665990254947,
        2001.8390158439925
      ],
      "numdate": 2000.088132027567
    },
    "NODE_0000007": {
      "branch_length": 0.00028812713615999994,
      "clock_length": 0.00028812713615999994,
      "date": "2001-11-21",
      "mutation_length": 0.00088289,
      "num_date_confidence": [
        2000.3127691673185,
        2001.8890410958904
      ],
      "numdate": 2001.8890410958904
    },
    "NODE_0000009": {
      "branch_length": 0.0010966530242670213,
      "clock_length": 0.0010966530242670213,
      "date": "2008-09-29",
      "mutation_length": 0.00149953,
      "num_date_confidence": [
        2004.7310737930127,
        2009.1617252891615
      ],
      "numdate": 2008.743558176538
    },
    "NODE_0000010": {
      "branch_length": 9.23383289177681e-05,
      "clock_length": 9.23383289177681e-05,
      "date": "2015-05-08",
      "mutation_length": 0.0,
      "num_date_confidence": [
        2012.3990682514066,
        2016.5859481912369
      ],
      "numdate": 2015.3506546441974
    },
    "NODE_0000013": {
      "branch_length": 0.000446616422321361,
      "clock_length": 0.000446616422321361,
      "date": "2004-09-06",
      "mutation_length": 0.00088215,
      "num_date_confidence": [
        2002.337131087346,
        2006.1213549724844
      ],
      "numdate": 2004.6805711674422
    },
    "NODE_0000015": {
      "branch_length": 0.00021978603284348837,
      "clock_length": 0.00021978603284348837,
      "date": "2004-10-10",
      "mutation_length": 0.0,
      "num_date_confidence": [
        2001.5399985023694,
        2008.8428961748634
      ],
      "numdate": 2004.7759365054776
    },
    "NODE_0000016": {
      "branch_length": 0.0005041081958226347,
      "clock_length": 0.0005041081958226347,
      "date": "2007-12-05",
      "mutation_length": 0.0,
      "num_date_confidence": [
        2001.1016304931175,
        2009.0143804601112
      ],
      "numdate": 2007.9268130017788
    },
    "NODE_0000017": {
      "branch_length": 0.00012315725072988741,
      "clock_length": 0.00012315725072988741,
      "date": "2008-09-11",
      "mutation_length": 0.0,
      "num_date_confidence": [
        2001.6834784940593,
        2009.0643835616438
      ],
      "numdate": 2008.696594746828
    },
    "NODE_0000018": {
      "branch_length": 0.00015228345976040945,
      "clock_length": 0.00015228345976040945,
      "date": "2008-11-17",
      "mutation_length": 0.0,
      "num_date_confidence": [
        2002.8216416763646,
        2014.9924661505224
      ],
      "numdate": 2008.8786451245467
    },
    "NODE_0000019": {
      "branch_length": 0.0009861486161852134,
      "clock_length": 0.0009861486161852134,
      "date": "2015-01-16",
      "mutation_length": 0.0,
      "num_date_confidence": [
        2010.508391051666,
        2015.0424657534247
      ],
      "numdate": 2015.0424657534247
    },
    "NODE_0000021": {
      "branch_length": 1.5559267965768557e-06,
      "clock_length": 1.5559267965768557e-06,
      "date": "2004-10-15",
      "mutation_length": 0.0,
      "num_date_confidence": [
        2000.7042591382883,
        2010.2129546962647
      ],
      "numdate": 2004.7894491166724
    },
    "NODE_0000022": {
      "branch_length": 0.0006304749704099219,
      "clock_length": 0.0006304749704099219,
      "date": "2008-09-24",
      "mutation_length": 0.0,
      "num_date_confidence": [
        2005.0948400247414,
        2009.421324598361
      ],
      "numdate": 2008.730168157213
    },
    "NODE_0000023": {
      "branch_length": 0.00019845125624307893,
      "clock_length": 0.00019845125624307893,
      "date": "2009-12-21",
      "mutation_length": 0.0,
      "num_date_confidence": [
        2007.1567491887802,
        2010.3931506849315
      ],
      "numdate": 2009.9705673495678
    },
    "NODE_0000024": {
      "branch_length": 0.0001997662411493302,
      "clock_length": 0.0001997662411493302,
      "date": "2009-12-24",
      "mutation_length": 0.0,
      "num_date_confidence": [
        2007.0604065315924,
        2010.4150684931508
      ],
      "numdate": 2009.9787865276498
    },
    "NODE_0000025": {
      "branch_length": 0.0005023436427174011,
      "clock_length": 0.0005023436427174011,
      "date": "2007-12-06",
      "mutation_length": 0.0,
      "num_date_confidence": [
        2004.9282744323286,
        2009.7099091311852
      ],
      "numdate": 2007.9292964550432
    },
    "NODE_0000026": {
      "branch_length": 0.00032132264431048514,
      "clock_length": 0.00032132264431048514,
      "date": "2009-12-09",
      "mutation_length": 0.0,
      "num_date_confidence": [
        2007.3748904358108,
        2010.3794520547945
      ],
      "numdate": 2009.9376906372388
    },
    "NODE_0000027": {
      "branch_length": 0.00032132264431048514,
      "clock_length": 0.00032132264431048514,
      "date": "2009-12-09",
      "mutation_length": 0.0,
      "num_date_confidence": [
        2007.3507625201526,
        2010.3575342465754
      ],
      "numdate": 2009.9376906372388
    },
    "NODE_0000028": {
      "branch_length": 0.00011655766724352149,
      "clock_length": 0.00011655766724352149,
      "date": "1983-01-15",
      "mutation_length": 0.0,
      "num_date_confidence": [
        1981.791141257338,
        1988.7402878799076
      ],
      "numdate": 1983.0395804082575
    },
    "NODE_0000029": {
      "branch_length": 0.00030174806367723895,
      "clock_length": 0.00030174806367723895,
      "date": "1984-12-04",
      "mutation_length": 0.0,
      "num_date_confidence": [
        1982.2556671643215,
        1988.790312912769
      ],
      "numdate": 1984.925625684894
    },
    "NODE_0000030": {
      "branch_length": 0.00014560444345010012,
      "clock_length": 0.00014560444345010012,
      "date": "1985-11-02",
      "mutation_length": 0.0,
      "num_date_confidence": [
        1983.0253446290924,
        1988.8403653082999
      ],
      "numdate": 1985.8357113022787
    },
    "NODE_0000031": {
      "branch_length": 0.0002237620993159415,
      "clock_length": 0.0002237620993159415,
      "date": "1987-03-27",
      "mutation_length": 0.0,
      "num_date_confidence": [
        1984.9743493925305,
        1988.8903962591658
      ],
      "numdate": 1987.2343133193458
    },
    "NODE_0000032": {
      "branch_length": 0.00019244507345938903,
      "clock_length": 0.00019244507345938903,
      "date": "1988-06-09",
      "mutation_length": 0.0,
      "num_date_confidence": [
        1986.288970359533,
        1988.9623255888785
      ],
      "numdate": 1988.4371714831625
    },
    "NODE_0000033": {
      "branch_length": 9.201931623535956e-05,
      "clock_length": 9.201931623535956e-05,
      "date": "1989-01-05",
      "mutation_length": 0.0,
      "num_date_confidence": [
        1987.5343887593694,
        1989.0123287671233
      ],
      "numdate": 1989.0123287671233
    },
    "NODE_0000034": {
      "branch_length": 0.0021893850618734763,
      "clock_length": 0.0021893850618734763,
      "date": "2002-09-12",
      "mutation_length": 0.0,
      "num_date_confidence": [
        1978.5289445951416,
        2004.118692474074
      ],
      "numdate": 2002.696855204058
    },
    "NODE_0000035": {
      "branch_length": 0.00019529536475931895,
      "clock_length": 0.00019529536475931895,
      "date": "2003-12-01",
      "mutation_length": 0.0,
      "num_date_confidence": [
        2001.2034704989471,
        2004.9736312933912
      ],
      "numdate": 2003.9175288208646
    },
    "NODE_0000036": {
      "branch_length": 4.368905726838922e-05,
      "clock_length": 4.368905726838922e-05,
      "date": "1988-09-16",
      "mutation_length": 0.0,
      "num_date_confidence": [
        1987.19446834909,
        1989.9623257943579
      ],
      "numdate": 1988.7102454479052
    },
    "NODE_0000037": {
      "branch_length": 0.0001381511958644631,
      "clock_length": 0.0001381511958644631,
      "date": "1989-07-29",
      "mutation_length": 0.0,
      "num_date_confidence": [
        1988.566671378871,
        1990.0123287671233
      ],
      "numdate": 1989.5737453068489
    },
    "NODE_0000038": {
      "branch_length": 0.0011552121016717666,
      "clock_length": 0.0011552121016717666,
      "date": "1989-07-14",
      "mutation_length": 0.00177029,
      "num_date_confidence": [
        1984.9516462081272,
        1997.742662539959
      ],
      "numdate": 1989.5315832606977
    },
    "NODE_0000039": {
      "branch_length": 0.0021330183975052227,
      "clock_length": 0.0021330183975052227,
      "date": "2002-11-12",
      "mutation_length": 0.00088158,
      "num_date_confidence": [
        1997.2265853394922,
        2004.9336524837468
      ],
      "numdate": 2002.863795651948
    },
    "NODE_0000040": {
      "branch_length": 0.0011621694527067222,
      "clock_length": 0.0011621694527067222,
      "date": "1996-10-18",
      "mutation_length": 0.00176797,
      "num_date_confidence": [
        1991.848161561548,
        2000.6043691438115
      ],
      "numdate": 1996.7956040474999
    },
    "NODE_0000041": {
      "branch_length": 0.0009451419440182377,
      "clock_length": 0.0009451419440182377,
      "date": "2002-09-14",
      "mutation_length": 0.00088418,
      "num_date_confidence": [
        1999.26419508662,
        2005.8886748626578
      ],
      "numdate": 2002.7031166841787
    },
    "NODE_0000042": {
      "branch_length": 0.0019311391225493336,
      "clock_length": 0.0019311391225493336,
      "date": "2014-10-10",
      "mutation_length": 0.00088125,
      "num_date_confidence": [
        2007.657316520133,
        2015.6156623325774
      ],
      "numdate": 2014.773503404234
    },
    "NODE_0000043": {
      "branch_length": 0.00014239608121473409,
      "clock_length": 0.00014239608121473409,
      "date": "1989-08-08",
      "mutation_length": 0.0,
      "num_date_confidence": [
        1988.654823948211,
        1990.3164383561643
      ],
      "numdate": 1989.6002775266988
    },
    "NODE_0000044": {
      "branch_length": 0.00012585494670975476,
      "clock_length": 0.00012585494670975476,
      "date": "1983-02-05",
      "mutation_length": 0.00176662,
      "num_date_confidence": [
        1982.2428258110922,
        1983.623287671233
      ],
      "numdate": 1983.0976920985502
    },
    "NODE_0000045": {
      "branch_length": 0.0004688330319326372,
      "clock_length": 0.0004688330319326372,
      "date": "1985-12-21",
      "mutation_length": 0.0,
      "num_date_confidence": [
        1982.2294059786052,
        1991.0643835616438
      ],
      "numdate": 1985.9699731161077
    },
    "NODE_0000046": {
      "branch_length": 0.002470644539243754,
      "clock_length": 0.002470644539243754,
      "date": "1998-07-17",
      "mutation_length": 0.00354018,
      "num_date_confidence": [
        1992.0966474032725,
        2004.604805034247
      ],
      "numdate": 1998.5402020079848
    },
    "NODE_0000047": {
      "branch_length": 0.0005178513553132859,
      "clock_length": 0.0005178513553132859,
      "date": "2001-10-11",
      "mutation_length": 0.00088796,
      "num_date_confidence": [
        1997.329238226835,
        2005.869498473353
      ],
      "numdate": 2001.7769787109935
    },
    "NODE_0000048": {
      "branch_length": 0.00026001671566165587,
      "clock_length": 0.00026001671566165587,
      "date": "2003-05-27",
      "mutation_length": 0.00088091,
      "num_date_confidence": [
        2001.5761149310217,
        2008.3282615597793
      ],
      "numdate": 2003.4021864834774
    },
    "NODE_0000049": {
      "branch_length": 0.001818287405333052,
      "clock_length": 0.001818287405333052,
      "date": "2014-10-08",
      "mutation_length": 0.00088188,
      "num_date_confidence": [
        2001.8613445969145,
        2015.937206797171
      ],
      "numdate": 2014.7672051371324
    },
    "NODE_0000050": {
      "branch_length": 0.0023502488423444157,
      "clock_length": 0.0023502488423444157,
      "date": "2014-10-12",
      "mutation_length": 0.0,
      "num_date_confidence": [
        2004.9324271330997,
        2015.6671232876713
      ],
      "numdate": 2014.7781210005053
    },
    "NODE_0000054": {
      "branch_length": 0.0001240133074497671,
      "clock_length": 0.0001240133074497671,
      "date": "2002-08-31",
      "mutation_length": 0.0,
      "num_date_confidence": [
        2000.4599341029782,
        2004.9979420491525
      ],
      "numdate": 2002.6641735355336
    },
    "NODE_0000055": {
      "branch_length": 0.00031377018876338003,
      "clock_length": 0.00031377018876338003,
      "date": "2004-08-16",
      "mutation_length": 0.0,
      "num_date_confidence": [
        2003.0877933355662,
        2005.0479452054794
      ],
      "numdate": 2004.6253618701155
    },
    "NODE_0000056": {
      "branch_length": 0.00033563151037921055,
      "clock_length": 0.00033563151037921055,
      "date": "2004-10-05",
      "mutation_length": 0.0,
      "num_date_confidence": [
        2001.84170181217,
        2007.9704897976926
      ],
      "numdate": 2004.7620038152936
    },
    "NODE_0000057": {
      "branch_length": 0.0002203919864183757,
      "clock_length": 0.0002203919864183757,
      "date": "2004-10-12",
      "mutation_length": 0.0008825,
      "num_date_confidence": [
        2000.4392996981603,
        2009.6192244026674
      ],
      "numdate": 2004.7797239560543
    },
    "NODE_0000058": {
      "branch_length": 0.0005213249401114645,
      "clock_length": 0.0005213249401114645,
      "date": "2008-01-08",
      "mutation_length": 0.0,
      "num_date_confidence": [
        2004.606810332854,
        2008.0204918032787
      ],
      "numdate": 2008.0204918032787
    },
    "NODE_0000059": {
      "branch_length": 0.0006372556073052545,
      "clock_length": 0.0006372556073052545,
      "date": "2008-09-29",
      "mutation_length": 0.0,
      "num_date_confidence": [
        2001.3192977982221,
        2016.6872316876654
      ],
      "numdate": 2008.7451045302457
    },
    "NODE_0000060": {
      "branch_length": 0.0009651675945534251,
      "clock_length": 0.0009651675945534251,
      "date": "2014-10-11",
      "mutation_length": 0.0,
      "num_date_confidence": [
        2008.424156211396,
        2015.5543805651787
      ],
      "numdate": 2014.777785438572
    },
    "NODE_0000061": {
      "branch_length": 0.0,
      "clock_length": 0.0,
      "date": "2014-10-11",
      "mutation_length": 0.0,
      "num_date_confidence": [
        2011.574911245366,
        2015.9691201404341
      ],
      "numdate": 2014.777785438572
    },
    "NODE_0000062": {
      "branch_length": 0.0001853063841590171,
      "clock_length": 0.0001853063841590171,
      "date": "2015-12-08",
      "mutation_length": 0.0,
      "num_date_confidence": [
        2014.0218153358915,
        2016.9736312933912
      ],
      "numdate": 2015.9360239581986
    }
  }
}