{
  "alignment": "results/aligned_nl63_replicase1ab.fasta",
  "clock": {
    "intercept": 0.2479421617185295,
    "rate": 5.1647442355935656e-05,
    "rtt_Tmrca": -4800.6667979761905
  },
  "generated_by": {
    "program": "augur",
    "version": "6.4.1"
  },
  "input_tree": "results/tree_raw_nl63_replicase1ab.nwk",
  "nodes": {
    "CBJ123": {
      "branch_length": 0.00032241149315883407,
      "clock_length": 0.00032241149315883407,
      "date": "2009-01-24",
      "mutation_length": 0.00018812,
      "num_date_confidence": [
        2009.0643835616438,
        2009.0643835616438
      ],
      "numdate": 2009.0643835616438,
      "raw_date": "2009-01-24"
    },
    "CBJ_037": {
      "branch_length": 0.00019223911077722797,
      "clock_length": 0.00019223911077722797,
      "date": "2008-11-04",
      "mutation_length": 0.0001486,
      "num_date_confidence": [
        2008.8428961748634,
        2008.8428961748634
      ],
      "numdate": 2008.8428961748634,
      "raw_date": "2008-11-04"
    },
    "CN0601/14": {
      "branch_length": 0.0004998023545241704,
      "clock_length": 0.0004998023545241704,
      "date": "2014-11-25",
      "mutation_length": 0.00054621,
      "num_date_confidence": [
        2014.9,
        2014.9
      ],
      "numdate": 2014.9,
      "raw_date": "2014-11-25"
    },
    "ChinaGD01": {
      "branch_length": 0.3512389016123211,
      "clock_length": 0.3512389016123211,
      "date": "2018-09-01",
      "mutation_length": 0.3521974184121127,
      "num_date_confidence": [
        2018.6671232876713,
        2018.6671232876713
      ],
      "numdate": 2018.6671232876713,
      "raw_date": "2018-09-01"
    },
    "ChinaGD02": {
      "branch_length": 0.0014775938349842102,
      "clock_length": 0.0014775938349842102,
      "date": "2018-08-15",
      "mutation_length": 0.00201433,
      "num_date_confidence": [
        2018.6205479452055,
        2018.6205479452055
      ],
      "numdate": 2018.6205479452055,
      "raw_date": "2018-08-15"
    },
    "ChinaGD03": {
      "branch_length": 0.0014729243401958626,
      "clock_length": 0.0014729243401958626,
      "date": "2018-07-13",
      "mutation_length": 0.0015662,
      "num_date_confidence": [
        2018.5301369863014,
        2018.5301369863014
      ],
      "numdate": 2018.5301369863014,
      "raw_date": "2018-07-13"
    },
    "ChinaGD04": {
      "branch_length": 0.0020960233244917575,
      "clock_length": 0.0020960233244917575,
      "date": "2018-07-25",
      "mutation_length": 0.00453525,
      "num_date_confidence": [
        2018.5630136986301,
        2018.5630136986301
      ],
      "numdate": 2018.5630136986301,
      "raw_date": "2018-07-25"
    },
    "ChinaGD05": {
      "branch_length": 0.002103002870392377,
      "clock_length": 0.002103002870392377,
      "date": "2018-08-14",
      "mutation_length": 0.00412631,
      "num_date_confidence": [
        2018.6178082191782,
        2018.6178082191782
      ],
      "numdate": 2018.6178082191782,
      "raw_date": "2018-08-14"
    },
    "HCoV_NL63/Haiti_1/2015": {
      "branch_length": 0.001084812046400952,
      "clock_length": 0.001084812046400952,
      "date": "2015-01-16",
      "mutation_length": 0.00032745,
      "num_date_confidence": [
        2015.0424657534247,
        2015.0424657534247
      ],
      "numdate": 2015.0424657534247,
      "raw_date": "2015-01-16"
    },
    "HCoV_NL63/Seattle/USA/SC0179/2018": {
      "branch_length": 0.001738800187035348,
      "clock_length": 0.001738800187035348,
      "date": "2018-01-01",
      "mutation_length": 0.00097585,
      "num_date_confidence": [
        2018.0013698630137,
        2018.898904109589
      ],
      "numdate": 2018.0013698630137,
      "raw_date": "2018-XX-XX"
    },
    "HCoV_NL63/Seattle/USA/SC0768/2019": {
      "branch_length": 0.002796522505517634,
      "clock_length": 0.002796522505517634,
      "date": "2019-12-31",
      "mutation_length": 0.00358216,
      "num_date_confidence": [
        2019.104810665255,
        2019.9986301369863
      ],
      "numdate": 2019.9986301369863,
      "raw_date": "2019-XX-XX"
    },
    "HCoV_NL63/Seattle/USA/SC2940/2015": {
      "branch_length": 0.004731365745709406,
      "clock_length": 0.004731365745709406,
      "date": "2015-01-01",
      "mutation_length": 0.00333054,
      "num_date_confidence": [
        2015.0013698630137,
        2015.8939795847082
      ],
      "numdate": 2015.0013698630137,
      "raw_date": "2015-XX-XX"
    },
    "Kilifi_HH_0511_01_Jun_2010": {
      "branch_length": 6.0460836583251594e-05,
      "clock_length": 6.0460836583251594e-05,
      "date": "2010-06-01",
      "mutation_length": 2.52e-06,
      "num_date_confidence": [
        2010.4150684931508,
        2010.4150684931508
      ],
      "numdate": 2010.4150684931508,
      "raw_date": "2010-06-01"
    },
    "Kilifi_HH_0512_04_Jun_2010": {
      "branch_length": 6.088533610945862e-05,
      "clock_length": 6.088533610945862e-05,
      "date": "2010-06-04",
      "mutation_length": 0.0001486,
      "num_date_confidence": [
        2010.4232876712329,
        2010.4232876712329
      ],
      "numdate": 2010.4232876712329,
      "raw_date": "2010-06-04"
    },
    "Kilifi_HH_0522_21_May_2010": {
      "branch_length": 0.00011953397757075905,
      "clock_length": 0.00011953397757075905,
      "date": "2010-05-21",
      "mutation_length": 0.0001486,
      "num_date_confidence": [
        2010.3849315068494,
        2010.3849315068494
      ],
      "numdate": 2010.3849315068494,
      "raw_date": "2010-05-21"
    },
    "Kilifi_HH_1602_01_Jun_2010": {
      "branch_length": 0.00010019448988697198,
      "clock_length": 0.00010019448988697198,
      "date": "2010-06-01",
      "mutation_length": 0.00010093,
      "num_date_confidence": [
        2010.4150684931508,
        2010.4150684931508
      ],
      "numdate": 2010.4150684931508,
      "raw_date": "2010-06-01"
    },
    "Kilifi_HH_3807_11_May_2010": {
      "branch_length": 0.00011811897915004561,
      "clock_length": 0.00011811897915004561,
      "date": "2010-05-11",
      "mutation_length": 0.00019814,
      "num_date_confidence": [
        2010.3575342465754,
        2010.3575342465754
      ],
      "numdate": 2010.3575342465754,
      "raw_date": "2010-05-11"
    },
    "Kilifi_HH_3808_24_May_2010": {
      "branch_length": 0.00011995847709696608,
      "clock_length": 0.00011995847709696608,
      "date": "2010-05-24",
      "mutation_length": 0.0001486,
      "num_date_confidence": [
        2010.3931506849315,
        2010.3931506849315
      ],
      "numdate": 2010.3931506849315,
      "raw_date": "2010-05-24"
    },
    "Kilifi_HH_5401_20_May_2010": {
      "branch_length": 0.0001193924777286784,
      "clock_length": 0.0001193924777286784,
      "date": "2010-05-20",
      "mutation_length": 0.00040717,
      "num_date_confidence": [
        2010.3821917808218,
        2010.3821917808218
      ],
      "numdate": 2010.3821917808218,
      "raw_date": "2010-05-20"
    },
    "Kilifi_HH_5402_20_May_2010": {
      "branch_length": 6.181035485468712e-05,
      "clock_length": 6.181035485468712e-05,
      "date": "2010-05-20",
      "mutation_length": 2.52e-06,
      "num_date_confidence": [
        2010.3821917808218,
        2010.3821917808218
      ],
      "numdate": 2010.3821917808218,
      "raw_date": "2010-05-20"
    },
    "Kilifi_HH_5709_19_May_2010": {
      "branch_length": 6.166885501261807e-05,
      "clock_length": 6.166885501261807e-05,
      "date": "2010-05-19",
      "mutation_length": 9.907e-05,
      "num_date_confidence": [
        2010.3794520547945,
        2010.3794520547945
      ],
      "numdate": 2010.3794520547945,
      "raw_date": "2010-05-19"
    },
    "N06_1144B": {
      "branch_length": 3.5936163328072505e-05,
      "clock_length": 3.5936163328072505e-05,
      "date": "2016-08-21",
      "mutation_length": 0.0,
      "num_date_confidence": [
        2016.0013661202186,
        2016.9986338797814
      ],
      "numdate": 2016.6381149338788,
      "raw_date": "2016-XX-XX"
    },
    "N07_185B": {
      "branch_length": 5.744202078279353e-05,
      "clock_length": 5.744202078279353e-05,
      "date": "2016-01-01",
      "mutation_length": 0.0,
      "num_date_confidence": [
        2016.0013661202186,
        2016.846439093046
      ],
      "numdate": 2016.0013661202186,
      "raw_date": "2016-XX-XX"
    },
    "N07_196B": {
      "branch_length": 5.0522272873202687e-05,
      "clock_length": 5.0522272873202687e-05,
      "date": "2016-01-01",
      "mutation_length": 2.52e-06,
      "num_date_confidence": [
        2016.0013661202186,
        2016.8442396249256
      ],
      "numdate": 2016.0013661202186,
      "raw_date": "2016-XX-XX"
    },
    "N07_262B": {
      "branch_length": 5.038096633692868e-05,
      "clock_length": 5.038096633692868e-05,
      "date": "2015-12-31",
      "mutation_length": 2.52e-06,
      "num_date_confidence": [
        2015.0013698630137,
        2015.9986301369863
      ],
      "numdate": 2015.9986301369863,
      "raw_date": "2015-XX-XX"
    },
    "N07_324B_182X": {
      "branch_length": 8.617793101833385e-05,
      "clock_length": 8.617793101833385e-05,
      "date": "2016-01-01",
      "mutation_length": 9.907e-05,
      "num_date_confidence": [
        2016.0013661202186,
        2016.9986338797814
      ],
      "numdate": 2016.0013661202186,
      "raw_date": "2016-XX-XX"
    },
    "N07_468B_176X": {
      "branch_length": 7.178886673853209e-05,
      "clock_length": 7.178886673853209e-05,
      "date": "2016-01-01",
      "mutation_length": 4.953e-05,
      "num_date_confidence": [
        2016.0013661202186,
        2016.8712315817702
      ],
      "numdate": 2016.0013661202186,
      "raw_date": "2016-XX-XX"
    },
    "N07_64B": {
      "branch_length": 2.15777239387402e-05,
      "clock_length": 2.15777239387402e-05,
      "date": "2016-05-11",
      "mutation_length": 2.52e-06,
      "num_date_confidence": [
        2016.0013661202186,
        2016.9986338797814
      ],
      "numdate": 2016.360106212936,
      "raw_date": "2016-XX-XX"
    },
    "N07_6B": {
      "branch_length": 6.010892864352228e-06,
      "clock_length": 6.010892864352228e-06,
      "date": "2016-01-25",
      "mutation_length": 0.0,
      "num_date_confidence": [
        2016.0013661202186,
        2016.9986338797814
      ],
      "numdate": 2016.0677198868132,
      "raw_date": "2016-XX-XX"
    },
    "NL63/DEN/2005/1062": {
      "branch_length": 0.0008312690033024487,
      "clock_length": 0.0008312690033024487,
      "date": "2005-04-12",
      "mutation_length": 0.00059459,
      "num_date_confidence": [
        2005.2780821917809,
        2005.2780821917809
      ],
      "numdate": 2005.2780821917809,
      "raw_date": "2005-04-12"
    },
    "NL63/DEN/2005/1120": {
      "branch_length": 0.0010796426234384296,
      "clock_length": 0.0010796426234384296,
      "date": "2005-04-25",
      "mutation_length": 0.00180585,
      "num_date_confidence": [
        2005.313698630137,
        2005.313698630137
      ],
      "numdate": 2005.313698630137,
      "raw_date": "2005-04-25"
    },
    "NL63/DEN/2005/1862": {
      "branch_length": 0.00021308006246281968,
      "clock_length": 0.00021308006246281968,
      "date": "2005-11-30",
      "mutation_length": 0.00019814,
      "num_date_confidence": [
        2005.842197708456,
        2005.9136986301369
      ],
      "numdate": 2005.9136986301369,
      "raw_date": "2005-11-XX"
    },
    "NL63/DEN/2005/1876": {
      "branch_length": 0.0005222542604631843,
      "clock_length": 0.0005222542604631843,
      "date": "2005-11-21",
      "mutation_length": 0.00074431,
      "num_date_confidence": [
        2005.8890410958904,
        2005.8890410958904
      ],
      "numdate": 2005.8890410958904,
      "raw_date": "2005-11-21"
    },
    "NL63/DEN/2005/193": {
      "branch_length": 0.0007697221448112394,
      "clock_length": 0.0007697221448112394,
      "date": "2005-01-11",
      "mutation_length": 0.00034679,
      "num_date_confidence": [
        2005.0287671232877,
        2005.0287671232877
      ],
      "numdate": 2005.0287671232877,
      "raw_date": "2005-01-11"
    },
    "NL63/DEN/2005/232": {
      "branch_length": 0.0002859519617036504,
      "clock_length": 0.0002859519617036504,
      "date": "2005-01-18",
      "mutation_length": 4.953e-05,
      "num_date_confidence": [
        2005.0479452054794,
        2005.0479452054794
      ],
      "numdate": 2005.0479452054794,
      "raw_date": "2005-01-18"
    },
    "NL63/DEN/2005/235": {
      "branch_length": 0.000452238524687686,
      "clock_length": 0.000452238524687686,
      "date": "2005-01-19",
      "mutation_length": 0.00054613,
      "num_date_confidence": [
        2005.0506849315068,
        2005.0506849315068
      ],
      "numdate": 2005.0506849315068,
      "raw_date": "2005-01-19"
    },
    "NL63/DEN/2005/271": {
      "branch_length": 0.00025173982153480065,
      "clock_length": 0.00025173982153480065,
      "date": "2005-01-23",
      "mutation_length": 0.00010066,
      "num_date_confidence": [
        2005.0616438356165,
        2005.0616438356165
      ],
      "numdate": 2005.0616438356165,
      "raw_date": "2005-01-23"
    },
    "NL63/DEN/2005/291": {
      "branch_length": 0.00028708396044021406,
      "clock_length": 0.00028708396044021406,
      "date": "2005-01-26",
      "mutation_length": 0.00077245,
      "num_date_confidence": [
        2005.0698630136985,
        2005.0698630136985
      ],
      "numdate": 2005.0698630136985,
      "raw_date": "2005-01-26"
    },
    "NL63/DEN/2005/347": {
      "branch_length": 0.00025301332011344504,
      "clock_length": 0.00025301332011344504,
      "date": "2005-02-01",
      "mutation_length": 0.0002463,
      "num_date_confidence": [
        2005.0863013698631,
        2005.0863013698631
      ],
      "numdate": 2005.0863013698631,
      "raw_date": "2005-02-01"
    },
    "NL63/DEN/2005/449": {
      "branch_length": 0.00048192680547293285,
      "clock_length": 0.00048192680547293285,
      "date": "2005-02-09",
      "mutation_length": 0.00039634,
      "num_date_confidence": [
        2005.1082191780822,
        2005.1082191780822
      ],
      "numdate": 2005.1082191780822,
      "raw_date": "2005-02-09"
    },
    "NL63/DEN/2008/16": {
      "branch_length": 0.00025565988605310533,
      "clock_length": 0.00025565988605310533,
      "date": "2008-01-08",
      "mutation_length": 0.00024769,
      "num_date_confidence": [
        2008.0204918032787,
        2008.0204918032787
      ],
      "numdate": 2008.0204918032787,
      "raw_date": "2008-01-08"
    },
    "NL63/DEN/2009/14": {
      "branch_length": 0.0007179948169318559,
      "clock_length": 0.0007179948169318559,
      "date": "2009-03-01",
      "mutation_length": 0.00079422,
      "num_date_confidence": [
        2009.16301369863,
        2009.16301369863
      ],
      "numdate": 2009.16301369863,
      "raw_date": "2009-03-01"
    },
    "NL63/DEN/2009/15": {
      "branch_length": 0.0007655344988102321,
      "clock_length": 0.0007655344988102321,
      "date": "2009-02-13",
      "mutation_length": 0.00089319,
      "num_date_confidence": [
        2009.1191780821919,
        2009.1191780821919
      ],
      "numdate": 2009.1191780821919,
      "raw_date": "2009-02-13"
    },
    "NL63/DEN/2009/20": {
      "branch_length": 4.959393515764426e-05,
      "clock_length": 4.959393515764426e-05,
      "date": "2009-03-12",
      "mutation_length": 0.00019814,
      "num_date_confidence": [
        2009.1931506849314,
        2009.1931506849314
      ],
      "numdate": 2009.1931506849314,
      "raw_date": "2009-03-12"
    },
    "NL63/DEN/2009/22": {
      "branch_length": 0.0008439849240194664,
      "clock_length": 0.0008439849240194664,
      "date": "2009-03-03",
      "mutation_length": 0.00100265,
      "num_date_confidence": [
        2009.168493150685,
        2009.168493150685
      ],
      "numdate": 2009.168493150685,
      "raw_date": "2009-03-03"
    },
    "NL63/DEN/2009/31": {
      "branch_length": 0.00024994627453896493,
      "clock_length": 0.00024994627453896493,
      "date": "2009-02-21",
      "mutation_length": 0.00029825,
      "num_date_confidence": [
        2009.141095890411,
        2009.141095890411
      ],
      "numdate": 2009.141095890411,
      "raw_date": "2009-02-21"
    },
    "NL63/DEN/2009/6": {
      "branch_length": 0.00025475819750148717,
      "clock_length": 0.00025475819750148717,
      "date": "2009-02-25",
      "mutation_length": 0.00029724,
      "num_date_confidence": [
        2009.1520547945206,
        2009.1520547945206
      ],
      "numdate": 2009.1520547945206,
      "raw_date": "2009-02-25"
    },
    "NL63/DEN/2009/9": {
      "branch_length": 0.0006461490711911112,
      "clock_length": 0.0006461490711911112,
      "date": "2009-03-16",
      "mutation_length": 0.00064531,
      "num_date_confidence": [
        2009.204109589041,
        2009.204109589041
      ],
      "numdate": 2009.204109589041,
      "raw_date": "2009-03-16"
    },
    "NL63/RPTEC/2004": {
      "branch_length": 0.0012924111715330888,
      "clock_length": 0.0012924111715330888,
      "date": "2004-01-01",
      "mutation_length": 0.00084353,
      "num_date_confidence": [
        2004.0013661202186,
        2004.8890255952122
      ],
      "numdate": 2004.0013661202186,
      "raw_date": "2004-XX-XX"
    },
    "NL63/UF_1/2015": {
      "branch_length": 0.0003495736003482875,
      "clock_length": 0.0003495736003482875,
      "date": "2015-01-01",
      "mutation_length": 2.52e-06,
      "num_date_confidence": [
        2015.0013698630137,
        2015.8517624861038
      ],
      "numdate": 2015.0013698630137,
      "raw_date": "2015-XX-XX"
    },
    "NL63/UF_2/2015": {
      "branch_length": 0.0004034255220565913,
      "clock_length": 0.0004034255220565913,
      "date": "2015-09-01",
      "mutation_length": 2.49e-06,
      "num_date_confidence": [
        2015.6671232876713,
        2015.6671232876713
      ],
      "numdate": 2015.6671232876713,
      "raw_date": "2015-09-01"
    },
    "NL63/human/USA/0111_25/2001": {
      "branch_length": 0.000268344492861392,
      "clock_length": 0.000268344492861392,
      "date": "2001-11-21",
      "mutation_length": 0.00034679,
      "num_date_confidence": [
        2001.8890410958904,
        2001.8890410958904
      ],
      "numdate": 2001.8890410958904,
      "raw_date": "2001-11-21"
    },
    "NL63/human/USA/012_31/2001": {
      "branch_length": 0.0028743654253420583,
      "clock_length": 0.0028743654253420583,
      "date": "2001-02-23",
      "mutation_length": 0.00090213,
      "num_date_confidence": [
        2001.1465753424657,
        2001.1465753424657
      ],
      "numdate": 2001.1465753424657,
      "raw_date": "2001-02-23"
    },
    "NL63/human/USA/838_9/1983": {
      "branch_length": 0.002281964519905706,
      "clock_length": 0.002281964519905706,
      "date": "1983-08-16",
      "mutation_length": 0.00144032,
      "num_date_confidence": [
        1983.623287671233,
        1983.623287671233
      ],
      "numdate": 1983.623287671233,
      "raw_date": "1983-08-16"
    },
    "NL63/human/USA/8712_17/1987": {
      "branch_length": 0.0021628728031293978,
      "clock_length": 0.0021628728031293978,
      "date": "1987-12-16",
      "mutation_length": 0.00696963,
      "num_date_confidence": [
        1987.9575342465753,
        1987.9575342465753
      ],
      "numdate": 1987.9575342465753,
      "raw_date": "1987-12-16"
    },
    "NL63/human/USA/891_4/1989": {
      "branch_length": 0.00013450453749610028,
      "clock_length": 0.00013450453749610028,
      "date": "1989-01-03",
      "mutation_length": 9.907e-05,
      "num_date_confidence": [
        1989.0068493150684,
        1989.0068493150684
      ],
      "numdate": 1989.0068493150684,
      "raw_date": "1989-01-03"
    },
    "NL63/human/USA/891_6/1989": {
      "branch_length": 0.00013478753718024986,
      "clock_length": 0.00013478753718024986,
      "date": "1989-01-05",
      "mutation_length": 0.0001486,
      "num_date_confidence": [
        1989.0123287671233,
        1989.0123287671233
      ],
      "numdate": 1989.0123287671233,
      "raw_date": "1989-01-05"
    },
    "NL63/human/USA/901_24/1990": {
      "branch_length": 0.0003295154362933366,
      "clock_length": 0.0003295154362933366,
      "date": "1990-01-05",
      "mutation_length": 0.00034679,
      "num_date_confidence": [
        1990.0123287671233,
        1990.0123287671233
      ],
      "numdate": 1990.0123287671233,
      "raw_date": "1990-01-05"
    },
    "NL63/human/USA/903_28/1990": {
      "branch_length": 0.0002434459003764881,
      "clock_length": 0.0002434459003764881,
      "date": "1990-03-21",
      "mutation_length": 0.00019814,
      "num_date_confidence": [
        1990.217808219178,
        1990.217808219178
      ],
      "numdate": 1990.217808219178,
      "raw_date": "1990-03-21"
    },
    "NL63/human/USA/904_20/1990": {
      "branch_length": 0.00028758415080309334,
      "clock_length": 0.00028758415080309334,
      "date": "1990-04-26",
      "mutation_length": 0.00024769,
      "num_date_confidence": [
        1990.3164383561643,
        1990.3164383561643
      ],
      "numdate": 1990.3164383561643,
      "raw_date": "1990-04-26"
    },
    "NL63/human/USA/905_25/1990": {
      "branch_length": 0.00047541016965019483,
      "clock_length": 0.00047541016965019483,
      "date": "1990-05-29",
      "mutation_length": 0.00049546,
      "num_date_confidence": [
        1990.4068493150685,
        1990.4068493150685
      ],
      "numdate": 1990.4068493150685,
      "raw_date": "1990-05-29"
    },
    "NL63/human/USA/911_56/1991": {
      "branch_length": 0.00028716935157644253,
      "clock_length": 0.00028716935157644253,
      "date": "1991-01-24",
      "mutation_length": 0.00034679,
      "num_date_confidence": [
        1991.0643835616438,
        1991.0643835616438
      ],
      "numdate": 1991.0643835616438,
      "raw_date": "1991-01-24"
    },
    "NL63_KLF_01_2018": {
      "branch_length": 0.0006639421713265913,
      "clock_length": 0.0006639421713265913,
      "date": "2018-01-29",
      "mutation_length": 0.00064551,
      "num_date_confidence": [
        2018.0780821917808,
        2018.0780821917808
      ],
      "numdate": 2018.0780821917808,
      "raw_date": "2018-01-29"
    },
    "NODE_0000000": {
      "branch_length": 0.000222200780170805,
      "clock_length": 0.000222200780170805,
      "date": "1985-07-04",
      "mutation_length": 0.00019814,
      "num_date_confidence": [
        1982.2612896414528,
        1988.3125065944844
      ],
      "numdate": 1985.5041982266687
    },
    "NODE_0000001": {
      "branch_length": 0.001,
      "clock_length": 0.001,
      "date": "-4783-12-19",
      "mutation_length": 0.001,
      "num_date_confidence": [
        -9114.686585742009,
        -2395.84288510922
      ],
      "numdate": -4782.035594800642
    },
    "NODE_0000004": {
      "branch_length": 8.544268879702595e-05,
      "clock_length": 8.544268879702595e-05,
      "date": "1986-05-27",
      "mutation_length": 4.953e-05,
      "num_date_confidence": [
        1982.7609194227703,
        1987.9413486281646
      ],
      "numdate": 1986.4025666756854
    },
    "NODE_0000005": {
      "branch_length": 0.0018139634922907303,
      "clock_length": 0.0018139634922907303,
      "date": "1981-03-15",
      "mutation_length": 0.00045904,
      "num_date_confidence": [
        1976.6271208292696,
        1985.9028899760779
      ],
      "numdate": 1981.2019371652307
    },
    "NODE_0000006": {
      "branch_length": 0.00034294446693271556,
      "clock_length": 0.00034294446693271556,
      "date": "1946-01-30",
      "mutation_length": 0.00089583,
      "num_date_confidence": [
        1914.1018582907898,
        1960.6031402382062
      ],
      "numdate": 1946.0798980177829
    },
    "NODE_0000007": {
      "branch_length": 0.0011659894578915633,
      "clock_length": 0.0011659894578915633,
      "date": "1939-06-10",
      "mutation_length": 0.00216458,
      "num_date_confidence": [
        1901.3016048952786,
        1955.9758562062882
      ],
      "numdate": 1939.4397925006642
    },
    "NODE_0000008": {
      "branch_length": 0.0003482688518641379,
      "clock_length": 0.0003482688518641379,
      "date": "1916-11-12",
      "mutation_length": 0.00040068,
      "num_date_confidence": [
        1862.4250600630853,
        1943.059288525361
      ],
      "numdate": 1916.863854473453
    },
    "NODE_0000009": {
      "branch_length": 0.0014786215423416836,
      "clock_length": 0.0014786215423416836,
      "date": "1945-06-29",
      "mutation_length": 0.00061433,
      "num_date_confidence": [
        1906.7853161805892,
        1966.682668612208
      ],
      "numdate": 1945.4929883645673
    },
    "NODE_0000010": {
      "branch_length": 0.00032865940303033764,
      "clock_length": 0.00032865940303033764,
      "date": "1951-11-09",
      "mutation_length": 0.00036941,
      "num_date_confidence": [
        1916.632904057079,
        1971.5634982896654
      ],
      "numdate": 1951.8565058600773
    },
    "NODE_0000011": {
      "branch_length": 0.0007228439300850328,
      "clock_length": 0.0007228439300850328,
      "date": "1965-11-08",
      "mutation_length": 0.00141475,
      "num_date_confidence": [
        1939.6289862330382,
        1981.7149954240952
      ],
      "numdate": 1965.8522411203724
    },
    "NODE_0000012": {
      "branch_length": 0.0006222037147214487,
      "clock_length": 0.0006222037147214487,
      "date": "1977-11-25",
      "mutation_length": 0.00108087,
      "num_date_confidence": [
        1957.2297255722958,
        1989.9825497825316
      ],
      "numdate": 1977.8993762027535
    },
    "NODE_0000013": {
      "branch_length": 0.0003323652188910349,
      "clock_length": 0.0003323652188910349,
      "date": "1984-05-02",
      "mutation_length": 0.00033065,
      "num_date_confidence": [
        1970.7298166643336,
        1995.885435692666
      ],
      "numdate": 1984.3346458643273
    },
    "NODE_0000014": {
      "branch_length": 0.00029318531635920105,
      "clock_length": 0.00029318531635920105,
      "date": "1990-01-05",
      "mutation_length": 0.00034089,
      "num_date_confidence": [
        1979.1225214483095,
        2000.602880546879
      ],
      "numdate": 1990.0113125681435
    },
    "NODE_0000015": {
      "branch_length": 0.001408273945280604,
      "clock_length": 0.001408273945280604,
      "date": "1979-02-15",
      "mutation_length": 0.00029182,
      "num_date_confidence": [
        1957.8881142407588,
        1992.1426060205672
      ],
      "numdate": 1979.123566551588
    },
    "NODE_0000016": {
      "branch_length": 0.0011705617397719343,
      "clock_length": 0.0011705617397719343,
      "date": "2001-10-15",
      "mutation_length": 0.00052162,
      "num_date_confidence": [
        1998.0994199748036,
        2005.4159195777206
      ],
      "numdate": 2001.7880332971984
    },
    "NODE_0000017": {
      "branch_length": 0.0006622934209241276,
      "clock_length": 0.0006622934209241276,
      "date": "2014-08-12",
      "mutation_length": 0.00024769,
      "num_date_confidence": [
        2012.5872615230414,
        2015.5940971176306
      ],
      "numdate": 2014.6113869951384
    },
    "NODE_0000018": {
      "branch_length": 0.00012551875609862905,
      "clock_length": 0.00012551875609862905,
      "date": "1983-08-19",
      "mutation_length": 0.0,
      "num_date_confidence": [
        1978.1487095162759,
        1985.6126138767684
      ],
      "numdate": 1983.6322367187613
    },
    "NODE_0000019": {
      "branch_length": 0.0007955064437403093,
      "clock_length": 0.0007955064437403093,
      "date": "1994-07-12",
      "mutation_length": 0.00062132,
      "num_date_confidence": [
        1980.9075576779926,
        1999.29831342725
      ],
      "numdate": 1994.5261965261368
    },
    "NODE_0000020": {
      "branch_length": 0.000688449274210824,
      "clock_length": 0.000688449274210824,
      "date": "2007-11-09",
      "mutation_length": 0.00094335,
      "num_date_confidence": [
        2005.660800916249,
        2008.6002820986187
      ],
      "numdate": 2007.8559809802493
    },
    "NODE_0000021": {
      "branch_length": 1.9467460085032472e-05,
      "clock_length": 1.9467460085032472e-05,
      "date": "2008-03-26",
      "mutation_length": 4.768e-05,
      "num_date_confidence": [
        2006.885094517038,
        2008.8988118604939
      ],
      "numdate": 2008.232910779616
    },
    "NODE_0000022": {
      "branch_length": 0.00044128595140705907,
      "clock_length": 0.00044128595140705907,
      "date": "2003-01-26",
      "mutation_length": 0.00029552,
      "num_date_confidence": [
        1998.2117394104273,
        2006.5906968228844
      ],
      "numdate": 2003.0703940948347
    },
    "NODE_0000023": {
      "branch_length": 5.76377679601251e-05,
      "clock_length": 5.76377679601251e-05,
      "date": "1984-09-30",
      "mutation_length": 0.0,
      "num_date_confidence": [
        1978.2761657385895,
        1986.3286656473792
      ],
      "numdate": 1984.7482216607243
    },
    "NODE_0000024": {
      "branch_length": 0.0005223296783549956,
      "clock_length": 0.0005223296783549956,
      "date": "2014-05-02",
      "mutation_length": 0.00034679,
      "num_date_confidence": [
        2012.4323171601227,
        2016.3949692571387
      ],
      "numdate": 2014.3327853137494
    },
    "NODE_0000028": {
      "branch_length": 0.3456327543027288,
      "clock_length": 0.3456327543027288,
      "date": "1910-02-14",
      "mutation_length": 0.3464571615878873,
      "num_date_confidence": [
        1852.35903161521,
        1940.2316367007973
      ],
      "numdate": 1910.1206579863165
    },
    "NODE_0000029": {
      "branch_length": 0.0006854547751918103,
      "clock_length": 0.0006854547751918103,
      "date": "1923-05-24",
      "mutation_length": 0.00050268,
      "num_date_confidence": [
        1874.3697399424743,
        1952.3577752810918
      ],
      "numdate": 1923.3924628216441
    },
    "NODE_0000030": {
      "branch_length": 0.00042529905190618646,
      "clock_length": 0.00042529905190618646,
      "date": "1931-08-17",
      "mutation_length": 0.00039341,
      "num_date_confidence": [
        1887.507294270812,
        1957.8108477698206
      ],
      "numdate": 1931.6271213546877
    },
    "NODE_0000031": {
      "branch_length": 0.0035409654452346275,
      "clock_length": 0.0035409654452346275,
      "date": "2000-03-09",
      "mutation_length": 0.00066964,
      "num_date_confidence": [
        1994.0523255453652,
        2002.509969905438
      ],
      "numdate": 2000.1874465849587
    },
    "NODE_0000032": {
      "branch_length": 0.000671830023804566,
      "clock_length": 0.000671830023804566,
      "date": "1944-08-20",
      "mutation_length": 0.00122066,
      "num_date_confidence": [
        1906.851582313328,
        1966.2324972974925
      ],
      "numdate": 1944.6351231677215
    },
    "NODE_0000033": {
      "branch_length": 0.0017737034392444778,
      "clock_length": 0.0017737034392444778,
      "date": "1978-12-23",
      "mutation_length": 0.00044022,
      "num_date_confidence": [
        1965.1644834076305,
        1989.200747617234
      ],
      "numdate": 1978.9776454366995
    },
    "NODE_0000034": {
      "branch_length": 0.0002805471657524904,
      "clock_length": 0.0002805471657524904,
      "date": "1984-05-29",
      "mutation_length": 0.0001486,
      "num_date_confidence": [
        1974.58055112679,
        1991.8803091927298
      ],
      "numdate": 1984.4096117249633
    },
    "NODE_0000035": {
      "branch_length": 0.00029189883475836623,
      "clock_length": 0.00029189883475836623,
      "date": "1995-10-11",
      "mutation_length": 4.953e-05,
      "num_date_confidence": [
        1985.9965042276617,
        2000.7411205084195
      ],
      "numdate": 1995.777131645196
    },
    "NODE_0000036": {
      "branch_length": 2.12665938653294e-05,
      "clock_length": 2.12665938653294e-05,
      "date": "2015-01-09",
      "mutation_length": 0.0,
      "num_date_confidence": [
        2014.160950737663,
        2015.8437794052586
      ],
      "numdate": 2015.0231517001314
    },
    "NODE_0000038": {
      "branch_length": 0.0006783169200917484,
      "clock_length": 0.0006783169200917484,
      "date": "1957-10-08",
      "mutation_length": 0.00191026,
      "num_date_confidence": [
        1925.1952867104026,
        1974.3534817976138
      ],
      "numdate": 1957.7687245456373
    },
    "NODE_0000039": {
      "branch_length": 0.0007147277699880703,
      "clock_length": 0.0007147277699880703,
      "date": "1971-08-10",
      "mutation_length": 0.00202116,
      "num_date_confidence": [
        1947.3128164259506,
        1984.6156730486712
      ],
      "numdate": 1971.6073143650988
    },
    "NODE_0000040": {
      "branch_length": 0.0017361541312380414,
      "clock_length": 0.0017361541312380414,
      "date": "2005-03-23",
      "mutation_length": 0.00210886,
      "num_date_confidence": [
        2001.6747856075501,
        2011.3259691447543
      ],
      "numdate": 2005.2228053176436
    },
    "NODE_0000041": {
      "branch_length": 0.0003291184501194519,
      "clock_length": 0.0003291184501194519,
      "date": "1977-12-24",
      "mutation_length": 0.00085915,
      "num_date_confidence": [
        1957.1055141741945,
        1988.9603156372254
      ],
      "numdate": 1977.9797199500895
    },
    "NODE_0000042": {
      "branch_length": 0.0007668354420106408,
      "clock_length": 0.0007668354420106408,
      "date": "1992-10-29",
      "mutation_length": 0.00109999,
      "num_date_confidence": [
        1981.069600659818,
        1997.6000849034167
      ],
      "numdate": 1992.8272207561486
    },
    "NODE_0000043": {
      "branch_length": 7.590342805195716e-05,
      "clock_length": 7.590342805195716e-05,
      "date": "1994-04-19",
      "mutation_length": 5.366e-05,
      "num_date_confidence": [
        1982.4416000689682,
        1997.7840560199377
      ],
      "numdate": 1994.2968661943264
    },
    "NODE_0000044": {
      "branch_length": 4.980367935150361e-05,
      "clock_length": 4.980367935150361e-05,
      "date": "1995-04-06",
      "mutation_length": 4.953e-05,
      "num_date_confidence": [
        1984.115961389287,
        1998.2293000504333
      ],
      "numdate": 1995.2611671757434
    },
    "NODE_0000045": {
      "branch_length": 7.396824337181488e-05,
      "clock_length": 7.396824337181488e-05,
      "date": "1996-09-10",
      "mutation_length": 4.953e-05,
      "num_date_confidence": [
        1985.9469346003623,
        1999.1105681003203
      ],
      "numdate": 1996.6933434849216
    },
    "NODE_0000046": {
      "branch_length": 5.934402291389606e-05,
      "clock_length": 5.934402291389606e-05,
      "date": "2004-03-21",
      "mutation_length": 0.0,
      "num_date_confidence": [
        1998.3961144437712,
        2006.6624417047572
      ],
      "numdate": 2004.2194156185903
    },
    "NODE_0000047": {
      "branch_length": 5.3365029295516196e-05,
      "clock_length": 5.3365029295516196e-05,
      "date": "1996-04-17",
      "mutation_length": 4.953e-05,
      "num_date_confidence": [
        1985.4805346994606,
        1998.7525290471824
      ],
      "numdate": 1996.2944231679326
    },
    "NODE_0000048": {
      "branch_length": 0.00016614506314196662,
      "clock_length": 0.00016614506314196662,
      "date": "1999-07-06",
      "mutation_length": 0.00029826,
      "num_date_confidence": [
        1993.755063446722,
        2001.749984382663
      ],
      "numdate": 1999.5113310255754
    },
    "NODE_0000049": {
      "branch_length": 0.0018732302011370235,
      "clock_length": 0.0018732302011370235,
      "date": "1994-01-14",
      "mutation_length": 0.00222518,
      "num_date_confidence": [
        1981.8248133767606,
        1998.6087974618426
      ],
      "numdate": 1994.038288258539
    },
    "NODE_0000050": {
      "branch_length": 0.00045364789784306774,
      "clock_length": 0.00045364789784306774,
      "date": "2002-10-27",
      "mutation_length": 0.00095247,
      "num_date_confidence": [
        1997.89422115444,
        2005.0890382177263
      ],
      "numdate": 2002.8218383657581
    },
    "NODE_0000051": {
      "branch_length": 7.642721419785976e-05,
      "clock_length": 7.642721419785976e-05,
      "date": "2004-04-20",
      "mutation_length": 0.00015966,
      "num_date_confidence": [
        2000.2377662371941,
        2006.1042151209424
      ],
      "numdate": 2004.3016253738183
    },
    "NODE_0000052": {
      "branch_length": 4.230591114243968e-05,
      "clock_length": 4.230591114243968e-05,
      "date": "2005-02-14",
      "mutation_length": 4.953e-05,
      "num_date_confidence": [
        2000.848320644536,
        2006.699185430853
      ],
      "numdate": 2005.120754244729
    },
    "NODE_0000053": {
      "branch_length": 0.00015234731412603047,
      "clock_length": 0.00015234731412603047,
      "date": "2008-01-26",
      "mutation_length": 0.00024769,
      "num_date_confidence": [
        2002.928129382638,
        2008.4794975809373
      ],
      "numdate": 2008.0705094925515
    },
    "NODE_0000054": {
      "branch_length": 2.8735910235540318e-05,
      "clock_length": 2.8735910235540318e-05,
      "date": "2014-11-21",
      "mutation_length": 0.0,
      "num_date_confidence": [
        2013.5218900608597,
        2016.554333958158
      ],
      "numdate": 2014.889171243521
    },
    "NODE_0000055": {
      "branch_length": 5.4858130253740244e-05,
      "clock_length": 5.4858130253740244e-05,
      "date": "2015-12-14",
      "mutation_length": 0.0,
      "num_date_confidence": [
        2014.6528356594506,
        2016.2558496506192
      ],
      "numdate": 2015.9513367206746
    },
    "NODE_0000056": {
      "branch_length": -4.6582515029718725e-07,
      "clock_length": -4.6582515029718725e-07,
      "date": "2015-12-10",
      "mutation_length": 0.0,
      "num_date_confidence": [
        2015.3474812838165,
        2016.6645960008714
      ],
      "numdate": 2015.9423173940816
    },
    "NODE_0000058": {
      "branch_length": 6.062963925028994e-05,
      "clock_length": 6.062963925028994e-05,
      "date": "2009-03-31",
      "mutation_length": 0.0001486,
      "num_date_confidence": [
        2008.0981604516016,
        2009.9766803854461
      ],
      "numdate": 2009.2444231751003
    },
    "NODE_0000063": {
      "branch_length": 0.0002465341221890604,
      "clock_length": 0.0002465341221890604,
      "date": "1989-03-08",
      "mutation_length": 0.0,
      "num_date_confidence": [
        1983.692780414871,
        2000.6605394172723
      ],
      "numdate": 1989.183016001017
    },
    "NODE_0000064": {
      "branch_length": 4.867037286274264e-05,
      "clock_length": 4.867037286274264e-05,
      "date": "1990-02-15",
      "mutation_length": 0.0,
      "num_date_confidence": [
        1984.8262663325504,
        2001.319910485553
      ],
      "numdate": 1990.1253738534606
    },
    "NODE_0000082": {
      "branch_length": 2.0895985946569554e-05,
      "clock_length": 2.0895985946569554e-05,
      "date": "2008-06-22",
      "mutation_length": 0.0,
      "num_date_confidence": [
        2006.7202537842886,
        2009.4922317596731
      ],
      "numdate": 2008.4750984710834
    },
    "NODE_0000083": {
      "branch_length": 3.6686136927421733e-05,
      "clock_length": 3.6686136927421733e-05,
      "date": "2009-03-09",
      "mutation_length": 0.0,
      "num_date_confidence": [
        2007.3878772211112,
        2009.9020889299845
      ],
      "numdate": 2009.1854170319637
    }
  }
}