{
  "alignment": "results/aligned_nl63_membrane.fasta",
  "clock": {
    "intercept": 0.09062968729461013,
    "rate": 0.00016665518327445126,
    "rtt_Tmrca": -543.8155928541344
  },
  "generated_by": {
    "program": "augur",
    "version": "6.4.1"
  },
  "input_tree": "results/tree_raw_nl63_membrane.nwk",
  "nodes": {
    "CBJ123": {
      "branch_length": 0.00020027989831620705,
      "clock_length": 0.00020027989831620705,
      "date": "2009-01-24",
      "mutation_length": 0.0,
      "num_date_confidence": [
        2009.0643835616438,
        2009.0643835616438
      ],
      "numdate": 2009.0643835616438,
      "raw_date": "2009-01-24"
    },
    "CBJ_037": {
      "branch_length": 0.0,
      "clock_length": 0.0,
      "date": "2008-11-04",
      "mutation_length": 1e-06,
      "num_date_confidence": [
        2008.8428961748634,
        2008.8428961748634
      ],
      "numdate": 2008.8428961748634,
      "raw_date": "2008-11-04"
    },
    "CN0601/14": {
      "branch_length": 0.004314314593863815,
      "clock_length": 0.004314314593863815,
      "date": "2014-11-25",
      "mutation_length": 0.00442873,
      "num_date_confidence": [
        2014.9,
        2014.9
      ],
      "numdate": 2014.9,
      "raw_date": "2014-11-25"
    },
    "ChinaGD01": {
      "branch_length": 0.3987224717328434,
      "clock_length": 0.3987224717328434,
      "date": "2018-09-01",
      "mutation_length": 0.4267085627775965,
      "num_date_confidence": [
        2018.6671232876713,
        2018.6671232876713
      ],
      "numdate": 2018.6671232876713,
      "raw_date": "2018-09-01"
    },
    "ChinaGD02": {
      "branch_length": 0.0022421584046739226,
      "clock_length": 0.0022421584046739226,
      "date": "2018-08-15",
      "mutation_length": 0.0,
      "num_date_confidence": [
        2018.6205479452055,
        2018.6205479452055
      ],
      "numdate": 2018.6205479452055,
      "raw_date": "2018-08-15"
    },
    "ChinaGD03": {
      "branch_length": 0.0020765553957203904,
      "clock_length": 0.0020765553957203904,
      "date": "2018-07-13",
      "mutation_length": 0.0,
      "num_date_confidence": [
        2018.5301369863014,
        2018.5301369863014
      ],
      "numdate": 2018.5301369863014,
      "raw_date": "2018-07-13"
    },
    "ChinaGD04": {
      "branch_length": 0.0032070947546103514,
      "clock_length": 0.0032070947546103514,
      "date": "2018-07-25",
      "mutation_length": 0.00298223,
      "num_date_confidence": [
        2018.5630136986301,
        2018.5630136986301
      ],
      "numdate": 2018.5630136986301,
      "raw_date": "2018-07-25"
    },
    "ChinaGD05": {
      "branch_length": 0.001959837232117147,
      "clock_length": 0.001959837232117147,
      "date": "2018-08-14",
      "mutation_length": 0.0,
      "num_date_confidence": [
        2018.6178082191782,
        2018.6178082191782
      ],
      "numdate": 2018.6178082191782,
      "raw_date": "2018-08-14"
    },
    "HCoV_NL63/Haiti_1/2015": {
      "branch_length": 0.0010331904043378451,
      "clock_length": 0.0010331904043378451,
      "date": "2015-01-16",
      "mutation_length": 1e-06,
      "num_date_confidence": [
        2015.0424657534247,
        2015.0424657534247
      ],
      "numdate": 2015.0424657534247,
      "raw_date": "2015-01-16"
    },
    "HCoV_NL63/Seattle/USA/SC0179/2018": {
      "branch_length": 0.002266764113384929,
      "clock_length": 0.002266764113384929,
      "date": "2018-01-01",
      "mutation_length": 1e-06,
      "num_date_confidence": [
        2018.0013698630137,
        2018.893972183
      ],
      "numdate": 2018.0013698630137,
      "raw_date": "2018-XX-XX"
    },
    "HCoV_NL63/Seattle/USA/SC0768/2019": {
      "branch_length": 0.001643265766040409,
      "clock_length": 0.001643265766040409,
      "date": "2019-01-01",
      "mutation_length": 0.0,
      "num_date_confidence": [
        2019.0013698630137,
        2019.8951525431848
      ],
      "numdate": 2019.0013698630137,
      "raw_date": "2019-XX-XX"
    },
    "HCoV_NL63/Seattle/USA/SC2940/2015": {
      "branch_length": 0.002185237553839784,
      "clock_length": 0.002185237553839784,
      "date": "2015-01-01",
      "mutation_length": 0.00147234,
      "num_date_confidence": [
        2015.0013698630137,
        2015.8965433756628
      ],
      "numdate": 2015.0013698630137,
      "raw_date": "2015-XX-XX"
    },
    "Kilifi_HH_0511_01_Jun_2010": {
      "branch_length": 0.0006215416212309094,
      "clock_length": 0.0006215416212309094,
      "date": "2010-06-01",
      "mutation_length": 0.0,
      "num_date_confidence": [
        2010.4150684931508,
        2010.4150684931508
      ],
      "numdate": 2010.4150684931508,
      "raw_date": "2010-06-01"
    },
    "Kilifi_HH_0512_04_Jun_2010": {
      "branch_length": 0.00027718945304973895,
      "clock_length": 0.00027718945304973895,
      "date": "2010-06-04",
      "mutation_length": 0.0,
      "num_date_confidence": [
        2010.4232876712329,
        2010.4232876712329
      ],
      "numdate": 2010.4232876712329,
      "raw_date": "2010-06-04"
    },
    "Kilifi_HH_0522_21_May_2010": {
      "branch_length": 0.000435862176427405,
      "clock_length": 0.000435862176427405,
      "date": "2010-05-21",
      "mutation_length": 0.0,
      "num_date_confidence": [
        2010.3849315068494,
        2010.3849315068494
      ],
      "numdate": 2010.3849315068494,
      "raw_date": "2010-05-21"
    },
    "Kilifi_HH_1602_01_Jun_2010": {
      "branch_length": 1.0869900557838527e-05,
      "clock_length": 1.0869900557838527e-05,
      "date": "2010-06-01",
      "mutation_length": 0.0,
      "num_date_confidence": [
        2010.4150684931508,
        2010.4150684931508
      ],
      "numdate": 2010.4150684931508,
      "raw_date": "2010-06-01"
    },
    "Kilifi_HH_3807_11_May_2010": {
      "branch_length": 0.0011151284257862628,
      "clock_length": 0.0011151284257862628,
      "date": "2010-05-11",
      "mutation_length": 0.0,
      "num_date_confidence": [
        2010.3575342465754,
        2010.3575342465754
      ],
      "numdate": 2010.3575342465754,
      "raw_date": "2010-05-11"
    },
    "Kilifi_HH_3808_24_May_2010": {
      "branch_length": 0.0005781342533825332,
      "clock_length": 0.0005781342533825332,
      "date": "2010-05-24",
      "mutation_length": 0.0,
      "num_date_confidence": [
        2010.3931506849315,
        2010.3931506849315
      ],
      "numdate": 2010.3931506849315,
      "raw_date": "2010-05-24"
    },
    "Kilifi_HH_5401_20_May_2010": {
      "branch_length": 0.0007886149129981575,
      "clock_length": 0.0007886149129981575,
      "date": "2010-05-20",
      "mutation_length": 0.0,
      "num_date_confidence": [
        2010.3821917808218,
        2010.3821917808218
      ],
      "numdate": 2010.3821917808218,
      "raw_date": "2010-05-20"
    },
    "Kilifi_HH_5402_20_May_2010": {
      "branch_length": 5.390826039192425e-06,
      "clock_length": 5.390826039192425e-06,
      "date": "2010-05-20",
      "mutation_length": 1e-06,
      "num_date_confidence": [
        2010.3821917808218,
        2010.3821917808218
      ],
      "numdate": 2010.3821917808218,
      "raw_date": "2010-05-20"
    },
    "Kilifi_HH_5709_19_May_2010": {
      "branch_length": 0.00012754332279159676,
      "clock_length": 0.00012754332279159676,
      "date": "2010-05-19",
      "mutation_length": 0.0,
      "num_date_confidence": [
        2010.3794520547945,
        2010.3794520547945
      ],
      "numdate": 2010.3794520547945,
      "raw_date": "2010-05-19"
    },
    "N06_1144B": {
      "branch_length": 0.0004981304045136045,
      "clock_length": 0.0004981304045136045,
      "date": "2016-01-01",
      "mutation_length": 0.0,
      "num_date_confidence": [
        2016.0013661202186,
        2016.8966156666977
      ],
      "numdate": 2016.0013661202186,
      "raw_date": "2016-XX-XX"
    },
    "N07_185B": {
      "branch_length": 0.00029390994008768074,
      "clock_length": 0.00029390994008768074,
      "date": "2016-04-13",
      "mutation_length": 1e-06,
      "num_date_confidence": [
        2016.0013661202186,
        2016.9986338797814
      ],
      "numdate": 2016.2824300665902,
      "raw_date": "2016-XX-XX"
    },
    "N07_196B": {
      "branch_length": 0.0005285337587519873,
      "clock_length": 0.0005285337587519873,
      "date": "2016-01-01",
      "mutation_length": 0.0,
      "num_date_confidence": [
        2016.0013661202186,
        2016.895650665191
      ],
      "numdate": 2016.0013661202186,
      "raw_date": "2016-XX-XX"
    },
    "N07_262B": {
      "branch_length": 0.0003618791992337421,
      "clock_length": 0.0003618791992337421,
      "date": "2015-01-01",
      "mutation_length": 0.0,
      "num_date_confidence": [
        2015.0013698630137,
        2015.8915011577674
      ],
      "numdate": 2015.0013698630137,
      "raw_date": "2015-XX-XX"
    },
    "N07_324B_182X": {
      "branch_length": 0.00029390994008768074,
      "clock_length": 0.00029390994008768074,
      "date": "2016-04-13",
      "mutation_length": 1e-06,
      "num_date_confidence": [
        2016.0013661202186,
        2016.9986338797814
      ],
      "numdate": 2016.2824300665902,
      "raw_date": "2016-XX-XX"
    },
    "N07_468B_176X": {
      "branch_length": 0.0016947621193910162,
      "clock_length": 0.0016947621193910162,
      "date": "2016-01-01",
      "mutation_length": 0.0,
      "num_date_confidence": [
        2016.0013661202186,
        2016.8988065313158
      ],
      "numdate": 2016.0013661202186,
      "raw_date": "2016-XX-XX"
    },
    "N07_64B": {
      "branch_length": 0.0004981304045136045,
      "clock_length": 0.0004981304045136045,
      "date": "2016-01-01",
      "mutation_length": 0.0,
      "num_date_confidence": [
        2016.0013661202186,
        2016.8966156666977
      ],
      "numdate": 2016.0013661202186,
      "raw_date": "2016-XX-XX"
    },
    "N07_6B": {
      "branch_length": 0.0018254443700280569,
      "clock_length": 0.0018254443700280569,
      "date": "2016-01-01",
      "mutation_length": 0.0,
      "num_date_confidence": [
        2016.0013661202186,
        2016.893345072303
      ],
      "numdate": 2016.0013661202186,
      "raw_date": "2016-XX-XX"
    },
    "NL63/DEN/2005/1062": {
      "branch_length": 3.1961268025226634e-05,
      "clock_length": 3.1961268025226634e-05,
      "date": "2005-04-12",
      "mutation_length": 0.0,
      "num_date_confidence": [
        2005.2780821917809,
        2005.2780821917809
      ],
      "numdate": 2005.2780821917809,
      "raw_date": "2005-04-12"
    },
    "NL63/DEN/2005/1120": {
      "branch_length": 3.424421574131989e-05,
      "clock_length": 3.424421574131989e-05,
      "date": "2005-04-25",
      "mutation_length": 0.0,
      "num_date_confidence": [
        2005.313698630137,
        2005.313698630137
      ],
      "numdate": 2005.313698630137,
      "raw_date": "2005-04-25"
    },
    "NL63/DEN/2005/1862": {
      "branch_length": 1.3600045019729161e-05,
      "clock_length": 1.3600045019729161e-05,
      "date": "2005-11-30",
      "mutation_length": 0.0,
      "num_date_confidence": [
        2005.838255077405,
        2005.9136986301369
      ],
      "numdate": 2005.9136986301369,
      "raw_date": "2005-11-XX"
    },
    "NL63/DEN/2005/1876": {
      "branch_length": 0.0011518222331691566,
      "clock_length": 0.0011518222331691566,
      "date": "2005-11-21",
      "mutation_length": 0.0014741,
      "num_date_confidence": [
        2005.8890410958904,
        2005.8890410958904
      ],
      "numdate": 2005.8890410958904,
      "raw_date": "2005-11-21"
    },
    "NL63/DEN/2005/193": {
      "branch_length": 0.00010776230781714023,
      "clock_length": 0.00010776230781714023,
      "date": "2005-01-11",
      "mutation_length": 0.0,
      "num_date_confidence": [
        2005.0287671232877,
        2005.0287671232877
      ],
      "numdate": 2005.0287671232877,
      "raw_date": "2005-01-11"
    },
    "NL63/DEN/2005/232": {
      "branch_length": 0.0,
      "clock_length": 0.0,
      "date": "2005-01-18",
      "mutation_length": 0.0,
      "num_date_confidence": [
        2005.0479452054794,
        2005.0479452054794
      ],
      "numdate": 2005.0479452054794,
      "raw_date": "2005-01-18"
    },
    "NL63/DEN/2005/235": {
      "branch_length": 0.0,
      "clock_length": 0.0,
      "date": "2005-01-19",
      "mutation_length": 0.0,
      "num_date_confidence": [
        2005.0506849315068,
        2005.0506849315068
      ],
      "numdate": 2005.0506849315068,
      "raw_date": "2005-01-19"
    },
    "NL63/DEN/2005/271": {
      "branch_length": 0.0001132413823357486,
      "clock_length": 0.0001132413823357486,
      "date": "2005-01-23",
      "mutation_length": 1e-06,
      "num_date_confidence": [
        2005.0616438356165,
        2005.0616438356165
      ],
      "numdate": 2005.0616438356165,
      "raw_date": "2005-01-23"
    },
    "NL63/DEN/2005/291": {
      "branch_length": 0.0,
      "clock_length": 0.0,
      "date": "2005-01-26",
      "mutation_length": 0.0,
      "num_date_confidence": [
        2005.0698630136985,
        2005.0698630136985
      ],
      "numdate": 2005.0698630136985,
      "raw_date": "2005-01-26"
    },
    "NL63/DEN/2005/347": {
      "branch_length": 0.0,
      "clock_length": 0.0,
      "date": "2005-02-01",
      "mutation_length": 0.0,
      "num_date_confidence": [
        2005.0863013698631,
        2005.0863013698631
      ],
      "numdate": 2005.0863013698631,
      "raw_date": "2005-02-01"
    },
    "NL63/DEN/2005/449": {
      "branch_length": 0.0,
      "clock_length": 0.0,
      "date": "2005-02-09",
      "mutation_length": 0.0,
      "num_date_confidence": [
        2005.1082191780822,
        2005.1082191780822
      ],
      "numdate": 2005.1082191780822,
      "raw_date": "2005-02-09"
    },
    "NL63/DEN/2008/16": {
      "branch_length": 0.000491737581702352,
      "clock_length": 0.000491737581702352,
      "date": "2008-01-08",
      "mutation_length": 0.0,
      "num_date_confidence": [
        2008.0204918032787,
        2008.0204918032787
      ],
      "numdate": 2008.0204918032787,
      "raw_date": "2008-01-08"
    },
    "NL63/DEN/2009/14": {
      "branch_length": 1.8263581728439424e-06,
      "clock_length": 1.8263581728439424e-06,
      "date": "2009-03-01",
      "mutation_length": 0.0,
      "num_date_confidence": [
        2009.16301369863,
        2009.16301369863
      ],
      "numdate": 2009.16301369863,
      "raw_date": "2009-03-01"
    },
    "NL63/DEN/2009/15": {
      "branch_length": 0.0006780354716782702,
      "clock_length": 0.0006780354716782702,
      "date": "2009-02-13",
      "mutation_length": 0.0,
      "num_date_confidence": [
        2009.1191780821919,
        2009.1191780821919
      ],
      "numdate": 2009.1191780821919,
      "raw_date": "2009-02-13"
    },
    "NL63/DEN/2009/20": {
      "branch_length": 0.0004980624489126994,
      "clock_length": 0.0004980624489126994,
      "date": "2009-03-12",
      "mutation_length": 2.43e-06,
      "num_date_confidence": [
        2009.1931506849314,
        2009.1931506849314
      ],
      "numdate": 2009.1931506849314,
      "raw_date": "2009-03-12"
    },
    "NL63/DEN/2009/22": {
      "branch_length": 0.001568088917544422,
      "clock_length": 0.001568088917544422,
      "date": "2009-03-03",
      "mutation_length": 0.00147027,
      "num_date_confidence": [
        2009.168493150685,
        2009.168493150685
      ],
      "numdate": 2009.168493150685,
      "raw_date": "2009-03-03"
    },
    "NL63/DEN/2009/31": {
      "branch_length": 0.0,
      "clock_length": 0.0,
      "date": "2009-02-21",
      "mutation_length": 0.0,
      "num_date_confidence": [
        2009.141095890411,
        2009.141095890411
      ],
      "numdate": 2009.141095890411,
      "raw_date": "2009-02-21"
    },
    "NL63/DEN/2009/6": {
      "branch_length": 0.0,
      "clock_length": 0.0,
      "date": "2009-02-25",
      "mutation_length": 0.0,
      "num_date_confidence": [
        2009.1520547945206,
        2009.1520547945206
      ],
      "numdate": 2009.1520547945206,
      "raw_date": "2009-02-25"
    },
    "NL63/DEN/2009/9": {
      "branch_length": 0.0071053005542134435,
      "clock_length": 0.0071053005542134435,
      "date": "2009-03-16",
      "mutation_length": 2.44e-06,
      "num_date_confidence": [
        2009.204109589041,
        2009.204109589041
      ],
      "numdate": 2009.204109589041,
      "raw_date": "2009-03-16"
    },
    "NL63/RPTEC/2004": {
      "branch_length": 0.0007064713093684542,
      "clock_length": 0.0007064713093684542,
      "date": "2004-01-01",
      "mutation_length": 1e-06,
      "num_date_confidence": [
        2004.0013661202186,
        2004.9986338797814
      ],
      "numdate": 2004.0013661202186,
      "raw_date": "2004-XX-XX"
    },
    "NL63/UF_1/2015": {
      "branch_length": 0.0005995787964194345,
      "clock_length": 0.0005995787964194345,
      "date": "2015-01-01",
      "mutation_length": 1e-06,
      "num_date_confidence": [
        2015.0013698630137,
        2015.8959444389513
      ],
      "numdate": 2015.0013698630137,
      "raw_date": "2015-XX-XX"
    },
    "NL63/UF_2/2015": {
      "branch_length": 0.0007105300554213443,
      "clock_length": 0.0007105300554213443,
      "date": "2015-09-01",
      "mutation_length": 1e-06,
      "num_date_confidence": [
        2015.6671232876713,
        2015.6671232876713
      ],
      "numdate": 2015.6671232876713,
      "raw_date": "2015-09-01"
    },
    "NL63/human/USA/0111_25/2001": {
      "branch_length": 0.0,
      "clock_length": 0.0,
      "date": "2001-11-21",
      "mutation_length": 0.0,
      "num_date_confidence": [
        2001.8890410958904,
        2001.8890410958904
      ],
      "numdate": 2001.8890410958904,
      "raw_date": "2001-11-21"
    },
    "NL63/human/USA/012_31/2001": {
      "branch_length": 6.535600087946526e-05,
      "clock_length": 6.535600087946526e-05,
      "date": "2001-02-23",
      "mutation_length": 0.0,
      "num_date_confidence": [
        2001.1465753424657,
        2001.1465753424657
      ],
      "numdate": 2001.1465753424657,
      "raw_date": "2001-02-23"
    },
    "NL63/human/USA/838_9/1983": {
      "branch_length": 0.0004309345523497918,
      "clock_length": 0.0004309345523497918,
      "date": "1983-08-16",
      "mutation_length": 0.00147611,
      "num_date_confidence": [
        1983.623287671233,
        1983.623287671233
      ],
      "numdate": 1983.623287671233,
      "raw_date": "1983-08-16"
    },
    "NL63/human/USA/8712_17/1987": {
      "branch_length": 0.0011532592097201382,
      "clock_length": 0.0011532592097201382,
      "date": "1987-12-16",
      "mutation_length": 2.43e-06,
      "num_date_confidence": [
        1987.9575342465753,
        1987.9575342465753
      ],
      "numdate": 1987.9575342465753,
      "raw_date": "1987-12-16"
    },
    "NL63/human/USA/891_4/1989": {
      "branch_length": 0.0015577660645498459,
      "clock_length": 0.0015577660645498459,
      "date": "1989-01-03",
      "mutation_length": 1e-06,
      "num_date_confidence": [
        1989.0068493150684,
        1989.0068493150684
      ],
      "numdate": 1989.0068493150684,
      "raw_date": "1989-01-03"
    },
    "NL63/human/USA/891_6/1989": {
      "branch_length": 0.0,
      "clock_length": 0.0,
      "date": "1989-01-05",
      "mutation_length": 0.0,
      "num_date_confidence": [
        1989.0123287671233,
        1989.0123287671233
      ],
      "numdate": 1989.0123287671233,
      "raw_date": "1989-01-05"
    },
    "NL63/human/USA/901_24/1990": {
      "branch_length": 0.0003573116458382118,
      "clock_length": 0.0003573116458382118,
      "date": "1990-01-05",
      "mutation_length": 0.0,
      "num_date_confidence": [
        1990.0123287671233,
        1990.0123287671233
      ],
      "numdate": 1990.0123287671233,
      "raw_date": "1990-01-05"
    },
    "NL63/human/USA/903_28/1990": {
      "branch_length": 0.0017595786426520777,
      "clock_length": 0.0017595786426520777,
      "date": "1990-03-21",
      "mutation_length": 0.0014744,
      "num_date_confidence": [
        1990.217808219178,
        1990.217808219178
      ],
      "numdate": 1990.217808219178,
      "raw_date": "1990-03-21"
    },
    "NL63/human/USA/904_20/1990": {
      "branch_length": 0.0,
      "clock_length": 0.0,
      "date": "1990-04-26",
      "mutation_length": 0.0,
      "num_date_confidence": [
        1990.3164383561643,
        1990.3164383561643
      ],
      "numdate": 1990.3164383561643,
      "raw_date": "1990-04-26"
    },
    "NL63/human/USA/905_25/1990": {
      "branch_length": 0.00016706745492619038,
      "clock_length": 0.00016706745492619038,
      "date": "1990-05-29",
      "mutation_length": 0.0,
      "num_date_confidence": [
        1990.4068493150685,
        1990.4068493150685
      ],
      "numdate": 1990.4068493150685,
      "raw_date": "1990-05-29"
    },
    "NL63/human/USA/911_56/1991": {
      "branch_length": 0.00047368670361422945,
      "clock_length": 0.00047368670361422945,
      "date": "1991-01-24",
      "mutation_length": 0.0,
      "num_date_confidence": [
        1991.0643835616438,
        1991.0643835616438
      ],
      "numdate": 1991.0643835616438,
      "raw_date": "1991-01-24"
    },
    "NL63_KLF_01_2018": {
      "branch_length": 0.006386633329239624,
      "clock_length": 0.006386633329239624,
      "date": "2018-01-29",
      "mutation_length": 0.00739064,
      "num_date_confidence": [
        2018.0780821917808,
        2018.0780821917808
      ],
      "numdate": 2018.0780821917808,
      "raw_date": "2018-01-29"
    },
    "NODE_0000000": {
      "branch_length": 0.001,
      "clock_length": 0.001,
      "date": "-374-03-03",
      "mutation_length": 0.001,
      "num_date_confidence": [
        -32224.69776331326,
        1983.3619116470031
      ],
      "numdate": -373.8325511822122
    },
    "NODE_0000003": {
      "branch_length": 0.0028058009399840062,
      "clock_length": 0.0028058009399840062,
      "date": "1996-08-04",
      "mutation_length": 0.0,
      "num_date_confidence": [
        1987.5656711467072,
        2001.7944583556705
      ],
      "numdate": 1996.591607430545
    },
    "NODE_0000004": {
      "branch_length": 0.0005279142771673264,
      "clock_length": 0.0005279142771673264,
      "date": "1999-10-05",
      "mutation_length": 0.0,
      "num_date_confidence": [
        1995.2530358705942,
        2001.8424896260233
      ],
      "numdate": 1999.7593113494681
    },
    "NODE_0000005": {
      "branch_length": 0.00035493050121505583,
      "clock_length": 0.00035493050121505583,
      "date": "2001-11-21",
      "mutation_length": 0.0,
      "num_date_confidence": [
        1998.7592556777847,
        2001.8890410958904
      ],
      "numdate": 2001.8890410958904
    },
    "NODE_0000006": {
      "branch_length": 0.0005334224889170405,
      "clock_length": 0.0005334224889170405,
      "date": "1999-10-17",
      "mutation_length": 0.0,
      "num_date_confidence": [
        1994.563035687688,
        2004.846136322371
      ],
      "numdate": 1999.7923628972299
    },
    "NODE_0000007": {
      "branch_length": 0.0003008520201887763,
      "clock_length": 0.0003008520201887763,
      "date": "2001-08-07",
      "mutation_length": 0.0,
      "num_date_confidence": [
        1997.9228151607808,
        2005.0014279503177
      ],
      "numdate": 2001.5975993997952
    },
    "NODE_0000008": {
      "branch_length": 0.0005750180126065378,
      "clock_length": 0.0005750180126065378,
      "date": "2005-01-18",
      "mutation_length": 0.0,
      "num_date_confidence": [
        2001.6194812067984,
        2005.0479452054794
      ],
      "numdate": 2005.0479452054794
    },
    "NODE_0000009": {
      "branch_length": 0.0007677755425821694,
      "clock_length": 0.0007677755425821694,
      "date": "2006-03-16",
      "mutation_length": 0.0,
      "num_date_confidence": [
        2002.060138803197,
        2009.1931506849314
      ],
      "numdate": 2006.2045700771955
    },
    "NODE_0000011": {
      "branch_length": 0.0001749916397120019,
      "clock_length": 0.0001749916397120019,
      "date": "2000-11-04",
      "mutation_length": 0.0,
      "num_date_confidence": [
        1997.3358392848843,
        2004.9336350600215
      ],
      "numdate": 2000.8423850824013
    },
    "NODE_0000012": {
      "branch_length": 0.0014434327304801197,
      "clock_length": 0.0014434327304801197,
      "date": "1998-12-23",
      "mutation_length": 0.00147361,
      "num_date_confidence": [
        1994.5749293790432,
        2004.85366279591
      ],
      "numdate": 1998.9776314983126
    },
    "NODE_0000013": {
      "branch_length": 0.0009230878269549376,
      "clock_length": 0.0009230878269549376,
      "date": "2006-05-20",
      "mutation_length": 0.0,
      "num_date_confidence": [
        2000.609420889023,
        2009.1040514980348
      ],
      "numdate": 2006.38129367689
    },
    "NODE_0000014": {
      "branch_length": 0.001105104531642827,
      "clock_length": 0.001105104531642827,
      "date": "2013-01-05",
      "mutation_length": 0.0,
      "num_date_confidence": [
        2004.466174198604,
        2016.9746312287912
      ],
      "numdate": 2013.0123777507822
    },
    "NODE_0000015": {
      "branch_length": 0.0004617617018684644,
      "clock_length": 0.0004617617018684644,
      "date": "2009-02-25",
      "mutation_length": 0.0,
      "num_date_confidence": [
        2004.415069254291,
        2009.1520547945206
      ],
      "numdate": 2009.1520547945206
    },
    "NODE_0000016": {
      "branch_length": 0.0002525588926024047,
      "clock_length": 0.0002525588926024047,
      "date": "2002-05-11",
      "mutation_length": 0.0,
      "num_date_confidence": [
        1998.0696677463436,
        2005.0026856925551
      ],
      "numdate": 2002.3578428535916
    },
    "NODE_0000017": {
      "branch_length": 0.00045197221682663404,
      "clock_length": 0.00045197221682663404,
      "date": "2005-01-26",
      "mutation_length": 0.0,
      "num_date_confidence": [
        2001.9585499203874,
        2005.0698630136985
      ],
      "numdate": 2005.0698630136985
    },
    "NODE_0000018": {
      "branch_length": 0.0004487760900241189,
      "clock_length": 0.0004487760900241189,
      "date": "2005-01-19",
      "mutation_length": 0.0,
      "num_date_confidence": [
        2002.0261259910617,
        2005.0506849315068
      ],
      "numdate": 2005.0506849315068
    },
    "NODE_0000020": {
      "branch_length": 0.0007875467359082138,
      "clock_length": 0.0007875467359082138,
      "date": "1979-08-29",
      "mutation_length": 0.00147208,
      "num_date_confidence": [
        1973.8419706243571,
        1988.8952717429092
      ],
      "numdate": 1979.6596088996023
    },
    "NODE_0000021": {
      "branch_length": 0.0009253344269107575,
      "clock_length": 0.0009253344269107575,
      "date": "1985-03-19",
      "mutation_length": 0.0,
      "num_date_confidence": [
        1972.5874487591486,
        1988.9643254596785
      ],
      "numdate": 1985.2119980226391
    },
    "NODE_0000022": {
      "branch_length": 0.0006333448167255484,
      "clock_length": 0.0006333448167255484,
      "date": "1989-01-05",
      "mutation_length": 0.0,
      "num_date_confidence": [
        1984.0741988258746,
        1989.0123287671233
      ],
      "numdate": 1989.0123287671233
    },
    "NODE_0000023": {
      "branch_length": 0.0005921512172184125,
      "clock_length": 0.0005921512172184125,
      "date": "1970-02-14",
      "mutation_length": 0.00146973,
      "num_date_confidence": [
        1884.0481948945644,
        1983.5075089776142
      ],
      "numdate": 1970.1225208317983
    },
    "NODE_0000024": {
      "branch_length": 0.00044268835416178855,
      "clock_length": 0.00044268835416178855,
      "date": "1987-11-13",
      "mutation_length": 0.0,
      "num_date_confidence": [
        1982.363438539156,
        1990.0123287671233
      ],
      "numdate": 1987.868311168524
    },
    "NODE_0000025": {
      "branch_length": 0.3900401108963561,
      "clock_length": 0.3900401108963561,
      "date": "1966-07-27",
      "mutation_length": 0.41790308722240355,
      "num_date_confidence": [
        1829.251203034378,
        1983.4199195354468
      ],
      "numdate": 1966.5693687150517
    },
    "NODE_0000026": {
      "branch_length": 5.8955326819556085e-05,
      "clock_length": 5.8955326819556085e-05,
      "date": "1988-03-22",
      "mutation_length": 0.0,
      "num_date_confidence": [
        1984.639778533948,
        1990.220431879689
      ],
      "numdate": 1988.2220675033777
    },
    "NODE_0000027": {
      "branch_length": 0.0001970377583158005,
      "clock_length": 0.0001970377583158005,
      "date": "1989-05-28",
      "mutation_length": 0.0,
      "num_date_confidence": [
        1987.0114247023662,
        1990.2684350487195
      ],
      "numdate": 1989.4043755147122
    },
    "NODE_0000028": {
      "branch_length": 0.00015199999999999936,
      "clock_length": 0.00015199999999999936,
      "date": "1990-04-26",
      "mutation_length": 0.0,
      "num_date_confidence": [
        1988.5433328547517,
        1990.3164383561643
      ],
      "numdate": 1990.3164383561643
    },
    "NODE_0000029": {
      "branch_length": 0.0013856176634591563,
      "clock_length": 0.0013856176634591563,
      "date": "2014-07-09",
      "mutation_length": 0.00147245,
      "num_date_confidence": [
        2007.764765154436,
        2016.6062011302395
      ],
      "numdate": 2014.5188489146997
    },
    "NODE_0000030": {
      "branch_length": 0.0,
      "clock_length": 0.0,
      "date": "1990-04-26",
      "mutation_length": 0.0,
      "num_date_confidence": [
        1982.2338710596282,
        2001.0985720350209
      ],
      "numdate": 1990.3164383561643
    },
    "NODE_0000031": {
      "branch_length": 0.0017395424634599975,
      "clock_length": 0.0017395424634599975,
      "date": "2000-10-03",
      "mutation_length": 0.0,
      "num_date_confidence": [
        1995.5210152212615,
        2001.1465753424657
      ],
      "numdate": 2000.7544123170178
    },
    "NODE_0000032": {
      "branch_length": 0.0006480811136311206,
      "clock_length": 0.0006480811136311206,
      "date": "2004-08-23",
      "mutation_length": 0.0,
      "num_date_confidence": [
        1996.8036544696515,
        2005.8431788000491
      ],
      "numdate": 2004.6431669353717
    },
    "NODE_0000033": {
      "branch_length": 0.0013643690080663948,
      "clock_length": 0.0013643690080663948,
      "date": "2012-10-30",
      "mutation_length": 0.0,
      "num_date_confidence": [
        2001.2724211484706,
        2015.590342345553
      ],
      "numdate": 2012.829945055675
    },
    "NODE_0000034": {
      "branch_length": 0.00019814064742736592,
      "clock_length": 0.00019814064742736592,
      "date": "2005-10-31",
      "mutation_length": 0.0,
      "num_date_confidence": [
        1997.524415045013,
        2005.8896968969625
      ],
      "numdate": 2005.8320927373436
    },
    "NODE_0000035": {
      "branch_length": 0.0008018584239362593,
      "clock_length": 0.0008018584239362593,
      "date": "1974-12-07",
      "mutation_length": 0.0,
      "num_date_confidence": [
        1963.9965210558828,
        1988.8472332146878
      ],
      "numdate": 1974.9340028882293
    },
    "NODE_0000036": {
      "branch_length": 0.0001790268236704722,
      "clock_length": 0.0001790268236704722,
      "date": "2000-11-02",
      "mutation_length": 0.0,
      "num_date_confidence": [
        1998.3568038197523,
        2004.969245013377
      ],
      "numdate": 2000.8364811443378
    },
    "NODE_0000037": {
      "branch_length": 0.0005909038803436849,
      "clock_length": 0.0005909038803436849,
      "date": "2004-05-19",
      "mutation_length": 0.0,
      "num_date_confidence": [
        2001.3873092881045,
        2005.0287671232877
      ],
      "numdate": 2004.3821487241487
    },
    "NODE_0000038": {
      "branch_length": 0.00014477997722923183,
      "clock_length": 0.00014477997722923183,
      "date": "2001-09-15",
      "mutation_length": 0.0,
      "num_date_confidence": [
        1998.7194023114587,
        2005.0382982541992
      ],
      "numdate": 2001.7052208641867
    },
    "NODE_0000039": {
      "branch_length": 0.0005671273076849029,
      "clock_length": 0.0005671273076849029,
      "date": "2005-02-09",
      "mutation_length": 0.0,
      "num_date_confidence": [
        2002.2070857849385,
        2005.1082191780822
      ],
      "numdate": 2005.1082191780822
    },
    "NODE_0000040": {
      "branch_length": 0.0011637155424528674,
      "clock_length": 0.0011637155424528674,
      "date": "1977-02-08",
      "mutation_length": 0.00294991,
      "num_date_confidence": [
        1961.1091629835837,
        1983.5752178653142
      ],
      "numdate": 1977.1052952021366
    },
    "NODE_0000041": {
      "branch_length": 0.0005634745913391769,
      "clock_length": 0.0005634745913391769,
      "date": "2005-02-01",
      "mutation_length": 0.0,
      "num_date_confidence": [
        2002.199060805906,
        2005.0863013698631
      ],
      "numdate": 2005.0863013698631
    },
    "NODE_0000042": {
      "branch_length": 0.0006553226771689501,
      "clock_length": 0.0006553226771689501,
      "date": "1981-01-14",
      "mutation_length": 0.00295116,
      "num_date_confidence": [
        1975.796329145725,
        1983.623287671233
      ],
      "numdate": 1981.0375021956013
    },
    "NODE_0000043": {
      "branch_length": 0.005715998471571328,
      "clock_length": 0.005715998471571328,
      "date": "2011-05-28",
      "mutation_length": 0.0,
      "num_date_confidence": [
        2000.3916808590743,
        2015.6671232876713
      ],
      "numdate": 2011.4036492002724
    },
    "NODE_0000044": {
      "branch_length": 0.0030467262423944405,
      "clock_length": 0.0030467262423944405,
      "date": "1999-04-27",
      "mutation_length": 0.00742821,
      "num_date_confidence": [
        1992.973794041217,
        2008.1854266931812
      ],
      "numdate": 1999.3191192598424
    },
    "NODE_0000045": {
      "branch_length": 8.020931460417597e-05,
      "clock_length": 8.020931460417597e-05,
      "date": "1999-10-20",
      "mutation_length": 0.00145558,
      "num_date_confidence": [
        1998.1912105608214,
        2008.7948637454344
      ],
      "numdate": 1999.800408308453
    },
    "NODE_0000046": {
      "branch_length": 0.00150697747263363,
      "clock_length": 0.00150697747263363,
      "date": "2008-11-04",
      "mutation_length": 0.00147163,
      "num_date_confidence": [
        2004.0701824456703,
        2008.8428961748634
      ],
      "numdate": 2008.8428961748634
    },
    "NODE_0000047": {
      "branch_length": 0.0008035511143011983,
      "clock_length": 0.0008035511143011983,
      "date": "1979-10-03",
      "mutation_length": 0.0,
      "num_date_confidence": [
        1951.2168682875576,
        2001.7253786208382
      ],
      "numdate": 1979.7556417866601
    },
    "NODE_0000048": {
      "branch_length": 0.0007665204702616206,
      "clock_length": 0.0007665204702616206,
      "date": "2004-05-26",
      "mutation_length": 0.0,
      "num_date_confidence": [
        2000.5153700372084,
        2008.8723991951979
      ],
      "numdate": 2004.3998480330447
    },
    "NODE_0000049": {
      "branch_length": 0.00012779494547821534,
      "clock_length": 0.00012779494547821534,
      "date": "2005-03-02",
      "mutation_length": 0.0,
      "num_date_confidence": [
        2002.5998302905232,
        2008.9203928024876
      ],
      "numdate": 2005.1666705402556
    },
    "NODE_0000050": {
      "branch_length": 0.00015053555402734075,
      "clock_length": 0.00015053555402734075,
      "date": "2006-01-26",
      "mutation_length": 0.0,
      "num_date_confidence": [
        2003.82047025924,
        2008.968386548182
      ],
      "numdate": 2006.0699461004249
    },
    "NODE_0000051": {
      "branch_length": 0.00013132902898622392,
      "clock_length": 0.00013132902898622392,
      "date": "2006-11-10",
      "mutation_length": 0.0,
      "num_date_confidence": [
        2004.2238810022857,
        2009.016380254199
      ],
      "numdate": 2006.8579745697823
    },
    "NODE_0000052": {
      "branch_length": 0.00016742959660088607,
      "clock_length": 0.00016742959660088607,
      "date": "2007-11-11",
      "mutation_length": 0.0,
      "num_date_confidence": [
        2004.4049353423359,
        2009.0643835616438
      ],
      "numdate": 2007.862621369907
    },
    "NODE_0000053": {
      "branch_length": 0.00021306440552630547,
      "clock_length": 0.00021306440552630547,
      "date": "2009-02-21",
      "mutation_length": 0.0,
      "num_date_confidence": [
        2007.3747798513464,
        2009.141095890411
      ],
      "numdate": 2009.141095890411
    },
    "NODE_0000054": {
      "branch_length": 0.0006442713322829825,
      "clock_length": 0.0006442713322829825,
      "date": "2003-09-01",
      "mutation_length": 0.00147417,
      "num_date_confidence": [
        2001.2585996206335,
        2010.039185668931
      ],
      "numdate": 2003.6663026636377
    },
    "NODE_0000055": {
      "branch_length": 0.0003306228186770424,
      "clock_length": 0.0003306228186770424,
      "date": "2005-08-26",
      "mutation_length": 0.0,
      "num_date_confidence": [
        2002.679733751308,
        2010.0871886813727
      ],
      "numdate": 2005.650176265292
    },
    "NODE_0000056": {
      "branch_length": 0.00017255236628589427,
      "clock_length": 0.00017255236628589427,
      "date": "2006-09-08",
      "mutation_length": 0.0,
      "num_date_confidence": [
        2003.2603643410391,
        2010.1421758085614
      ],
      "numdate": 2006.6855618014367
    },
    "NODE_0000057": {
      "branch_length": 3.9754651502612193e-05,
      "clock_length": 3.9754651502612193e-05,
      "date": "2006-12-04",
      "mutation_length": 0.0,
      "num_date_confidence": [
        2004.0275369492815,
        2010.1901789130345
      ],
      "numdate": 2006.924106146242
    },
    "NODE_0000058": {
      "branch_length": 0.00014090230832549495,
      "clock_length": 0.00014090230832549495,
      "date": "2007-10-08",
      "mutation_length": 0.0,
      "num_date_confidence": [
        2004.2820875334478,
        2010.23818207373
      ],
      "numdate": 2007.7695782495216
    },
    "NODE_0000059": {
      "branch_length": 0.00016506497698269627,
      "clock_length": 0.00016506497698269627,
      "date": "2008-10-05",
      "mutation_length": 0.0,
      "num_date_confidence": [
        2004.34540725153,
        2010.2861852440724
      ],
      "numdate": 2008.760036354331
    },
    "NODE_0000060": {
      "branch_length": 0.00014234069756665214,
      "clock_length": 0.00014234069756665214,
      "date": "2009-08-13",
      "mutation_length": 0.0,
      "num_date_confidence": [
        2004.5062936184372,
        2010.3341885062537
      ],
      "numdate": 2009.6141393877317
    },
    "NODE_0000061": {
      "branch_length": 0.00012260908629561527,
      "clock_length": 0.00012260908629561527,
      "date": "2010-05-08",
      "mutation_length": 0.0,
      "num_date_confidence": [
        2004.3918664744697,
        2010.3821917808218
      ],
      "numdate": 2010.3498445958542
    },
    "NODE_0000076": {
      "branch_length": 0.00013076010476751124,
      "clock_length": 0.00013076010476751124,
      "date": "1999-10-06",
      "mutation_length": 0.0,
      "num_date_confidence": [
        1997.461038468867,
        2004.9001916410143
      ],
      "numdate": 1999.7622461871467
    }
  }
}