{
  "alignment": "results_SARSCoV/aligned.fasta",
  "clock": {
    "intercept": -0.8409158705210027,
    "rate": 0.0004690548287016474,
    "rtt_Tmrca": 1792.7880048664538
  },
  "generated_by": {
    "program": "augur",
    "version": "6.4.3"
  },
  "input_tree": "results_SARSCoV/tree_raw.nwk",
  "nodes": {
    "As6526__KY417142": {
      "branch_length": 0.011939635326132571,
      "clock_length": 0.011939635326132571,
      "date": "2014-05-12",
      "mutation_length": 0.01014389,
      "num_date_confidence": [
        2014.3602739726027,
        2014.3602739726027
      ],
      "numdate": 2014.3602739726027,
      "raw_date": "2014-05-12"
    },
    "BtRf-HeB2013__KJ473812": {
      "branch_length": 0.0013714074194820167,
      "clock_length": 0.0013714074194820167,
      "date": "2013-01-01",
      "mutation_length": 0.00144938,
      "num_date_confidence": [
        2013.0013698630137,
        2013.8284794222782
      ],
      "numdate": 2013.0013698630137,
      "raw_date": "2013-XX-XX"
    },
    "BtRf-JL2012__KJ473811": {
      "branch_length": 0.019412658593229562,
      "clock_length": 0.019412658593229562,
      "date": "2012-12-31",
      "mutation_length": 0.02634318,
      "num_date_confidence": [
        2012.3033635441088,
        2012.9986338797814
      ],
      "numdate": 2012.9986338797814,
      "raw_date": "2012-XX-XX"
    },
    "BtRf-SX2013__KJ473813": {
      "branch_length": 0.0013714074194820167,
      "clock_length": 0.0013714074194820167,
      "date": "2013-01-01",
      "mutation_length": 0.00114173,
      "num_date_confidence": [
        2013.0013698630137,
        2013.5945903583483
      ],
      "numdate": 2013.0013698630137,
      "raw_date": "2013-XX-XX"
    },
    "BtRs-GX2013__KJ473815": {
      "branch_length": 0.031763878147557933,
      "clock_length": 0.031763878147557933,
      "date": "2013-12-31",
      "mutation_length": 0.03878429,
      "num_date_confidence": [
        2013.2013704956723,
        2013.9986301369863
      ],
      "numdate": 2013.9986301369863,
      "raw_date": "2013-XX-XX"
    },
    "BtRs-HuB2013__KJ473814": {
      "branch_length": 0.07692255192110595,
      "clock_length": 0.07692255192110595,
      "date": "2013-01-01",
      "mutation_length": 0.04520999,
      "num_date_confidence": [
        2013.0013698630137,
        2013.898904109589
      ],
      "numdate": 2013.0013698630137,
      "raw_date": "2013-XX-XX"
    },
    "BtRs-YN2013__KJ473816": {
      "branch_length": 0.017372984661831344,
      "clock_length": 0.017372984661831344,
      "date": "2013-12-31",
      "mutation_length": 0.0185148,
      "num_date_confidence": [
        2013.161674149735,
        2013.9986301369863
      ],
      "numdate": 2013.9986301369863,
      "raw_date": "2013-XX-XX"
    },
    "F46__KU973692": {
      "branch_length": 0.007212023803312742,
      "clock_length": 0.007212023803312742,
      "date": "2012-12-31",
      "mutation_length": 0.05166532,
      "num_date_confidence": [
        2012.1010928961748,
        2012.9986338797814
      ],
      "numdate": 2012.9986338797814,
      "raw_date": "2012-XX-XX"
    },
    "NODE_0000000": {
      "branch_length": 0.008391981394998596,
      "clock_length": 0.008391981394998596,
      "date": "1946-04-13",
      "mutation_length": 0.01313923,
      "num_date_confidence": [
        1786.7421242086257,
        1988.8992179085533
      ],
      "numdate": 1946.2797277743757
    },
    "NODE_0000001": {
      "branch_length": 0.0230871794462692,
      "clock_length": 0.0230871794462692,
      "date": "1928-05-22",
      "mutation_length": 0.03283285,
      "num_date_confidence": [
        1731.4142390966908,
        1983.2828305460919
      ],
      "numdate": 1928.3884688394069
    },
    "NODE_0000002": {
      "branch_length": 0.03931066750962678,
      "clock_length": 0.03931066750962678,
      "date": "2012-03-13",
      "mutation_length": 0.02874584,
      "num_date_confidence": [
        2009.648969627098,
        2013.0674655944838
      ],
      "numdate": 2012.196725580819
    },
    "NODE_0000003": {
      "branch_length": 0.01414728267925941,
      "clock_length": 0.01414728267925941,
      "date": "1879-03-03",
      "mutation_length": 0.02057848,
      "num_date_confidence": [
        1564.906602927958,
        1964.212042163522
      ],
      "numdate": 1879.1678275975823
    },
    "NODE_0000004": {
      "branch_length": 0.04336132732247064,
      "clock_length": 0.04336132732247064,
      "date": "1971-08-12",
      "mutation_length": 0.04654739,
      "num_date_confidence": [
        1875.005009122521,
        1998.6210820517788
      ],
      "numdate": 1971.6118760737395
    },
    "NODE_0000005": {
      "branch_length": 0.018042534499893875,
      "clock_length": 0.018042534499893875,
      "date": "2010-01-29",
      "mutation_length": 0.01273243,
      "num_date_confidence": [
        2000.750889721375,
        2011.973108078008
      ],
      "numdate": 2010.0776020312699
    },
    "NODE_0000006": {
      "branch_length": 0.001,
      "clock_length": 0.001,
      "date": "1849-01-03",
      "mutation_length": 0.001,
      "num_date_confidence": [
        1463.8076660236447,
        1951.881455972945
      ],
      "numdate": 1849.0065717835887
    },
    "NODE_0000007": {
      "branch_length": 0.06554618387115042,
      "clock_length": 0.06554618387115042,
      "date": "1988-09-30",
      "mutation_length": 0.1625785,
      "num_date_confidence": [
        1924.6440365518743,
        2006.6971741873624
      ],
      "numdate": 1988.7475569741334
    },
    "NODE_0000008": {
      "branch_length": 0.00689792041434114,
      "clock_length": 0.00689792041434114,
      "date": "1960-12-26",
      "mutation_length": 0.01031808,
      "num_date_confidence": [
        1839.0108436849596,
        1994.3538001826535
      ],
      "numdate": 1960.9857279949356
    },
    "NODE_0000009": {
      "branch_length": 0.00941842244446434,
      "clock_length": 0.00941842244446434,
      "date": "1981-01-24",
      "mutation_length": 0.00827442,
      "num_date_confidence": [
        1905.7821723370805,
        2001.7543216296062
      ],
      "numdate": 1981.065304769648
    },
    "NODE_0000010": {
      "branch_length": 0.007984391904283251,
      "clock_length": 0.007984391904283251,
      "date": "1998-02-01",
      "mutation_length": 0.00772431,
      "num_date_confidence": [
        1962.8864599789545,
        2007.7165622853684
      ],
      "numdate": 1998.0876045429693
    },
    "NODE_0000011": {
      "branch_length": 0.0036775307499859414,
      "clock_length": 0.0036775307499859414,
      "date": "1988-11-27",
      "mutation_length": 0.00332635,
      "num_date_confidence": [
        1931.5256686182872,
        2004.7892226436188
      ],
      "numdate": 1988.9056051459718
    },
    "NODE_0000012": {
      "branch_length": 0.003161207194702342,
      "clock_length": 0.003161207194702342,
      "date": "1995-08-24",
      "mutation_length": 0.00332622,
      "num_date_confidence": [
        1953.9087784865571,
        2007.0841766321107
      ],
      "numdate": 1995.6451311059807
    },
    "NODE_0000013": {
      "branch_length": 0.002992789590164073,
      "clock_length": 0.002992789590164073,
      "date": "1967-05-14",
      "mutation_length": 0.00462467,
      "num_date_confidence": [
        1859.626508829508,
        1996.8301192764852
      ],
      "numdate": 1967.3661965607282
    },
    "NODE_0000014": {
      "branch_length": 0.004500183481221377,
      "clock_length": 0.004500183481221377,
      "date": "1976-12-17",
      "mutation_length": 0.00620351,
      "num_date_confidence": [
        1891.7831384229498,
        2000.099430831908
      ],
      "numdate": 1976.9603488982661
    },
    "NODE_0000015": {
      "branch_length": 0.009691907785393075,
      "clock_length": 0.009691907785393075,
      "date": "1997-08-16",
      "mutation_length": 0.01300059,
      "num_date_confidence": [
        1961.348375287224,
        2007.5904439582464
      ],
      "numdate": 1997.622981904775
    },
    "NODE_0000017": {
      "branch_length": 0.005268218370477629,
      "clock_length": 0.005268218370477629,
      "date": "1978-08-07",
      "mutation_length": 0.00629116,
      "num_date_confidence": [
        1897.4222259384444,
        2001.31142197698
      ],
      "numdate": 1978.5977585191886
    },
    "NODE_0000018": {
      "branch_length": 0.007067459366345544,
      "clock_length": 0.007067459366345544,
      "date": "1993-08-31",
      "mutation_length": 0.00548923,
      "num_date_confidence": [
        1946.8067342637435,
        2006.531095544476
      ],
      "numdate": 1993.665206787248
    },
    "NODE_0000019": {
      "branch_length": 0.007243053470426692,
      "clock_length": 0.007243053470426692,
      "date": "1994-01-15",
      "mutation_length": 0.01008181,
      "num_date_confidence": [
        1948.5298946507392,
        2006.6652626834643
      ],
      "numdate": 1994.0395640976017
    },
    "NODE_0000020": {
      "branch_length": 0.005209118544003893,
      "clock_length": 0.005209118544003893,
      "date": "2005-02-22",
      "mutation_length": 0.00406272,
      "num_date_confidence": [
        1982.869479077181,
        2011.3429458264966
      ],
      "numdate": 2005.1451283627066
    },
    "NODE_0000021": {
      "branch_length": 0.0021154686166678944,
      "clock_length": 0.0021154686166678944,
      "date": "1998-07-20",
      "mutation_length": 0.00334257,
      "num_date_confidence": [
        1964.0309640205178,
        2008.0074905761085
      ],
      "numdate": 1998.549630911163
    },
    "NODE_0000022": {
      "branch_length": 0.006019864797988,
      "clock_length": 0.006019864797988,
      "date": "2011-05-21",
      "mutation_length": 0.00461108,
      "num_date_confidence": [
        2008.6995285012888,
        2012.160651732175
      ],
      "numdate": 2011.383663159911
    },
    "Rf4092__KY417145": {
      "branch_length": 0.007078740464009518,
      "clock_length": 0.007078740464009518,
      "date": "2012-09-18",
      "mutation_length": 0.00928912,
      "num_date_confidence": [
        2012.714480874317,
        2012.714480874317
      ],
      "numdate": 2012.714480874317,
      "raw_date": "2012-09-18"
    },
    "Rs3367__KC881006": {
      "branch_length": 0.00038969906071293064,
      "clock_length": 0.00038969906071293064,
      "date": "2012-03-19",
      "mutation_length": 0.00026895,
      "num_date_confidence": [
        2012.214480874317,
        2012.214480874317
      ],
      "numdate": 2012.214480874317,
      "raw_date": "2012-03-19"
    },
    "Rs4081__KY417143": {
      "branch_length": 0.006860806972040452,
      "clock_length": 0.006860806972040452,
      "date": "2012-09-18",
      "mutation_length": 0.00630909,
      "num_date_confidence": [
        2012.714480874317,
        2012.714480874317
      ],
      "numdate": 2012.714480874317,
      "raw_date": "2012-09-18"
    },
    "Rs4084__KY417144": {
      "branch_length": 0.006644091273051754,
      "clock_length": 0.006644091273051754,
      "date": "2012-09-18",
      "mutation_length": 0.01245119,
      "num_date_confidence": [
        2012.714480874317,
        2012.714480874317
      ],
      "numdate": 2012.714480874317,
      "raw_date": "2012-09-18"
    },
    "Rs4231__KY417146": {
      "branch_length": 0.009205939321832243,
      "clock_length": 0.009205939321832243,
      "date": "2013-04-17",
      "mutation_length": 0.00967199,
      "num_date_confidence": [
        2013.2917808219179,
        2013.2917808219179
      ],
      "numdate": 2013.2917808219179,
      "raw_date": "2013-04-17"
    },
    "Rs4237__KY417147": {
      "branch_length": 0.008277246259666866,
      "clock_length": 0.008277246259666866,
      "date": "2013-04-17",
      "mutation_length": 0.00706735,
      "num_date_confidence": [
        2013.2917808219179,
        2013.2917808219179
      ],
      "numdate": 2013.2917808219179,
      "raw_date": "2013-04-17"
    },
    "Rs4247__KY417148": {
      "branch_length": 0.008277246259666866,
      "clock_length": 0.008277246259666866,
      "date": "2013-04-17",
      "mutation_length": 0.01012115,
      "num_date_confidence": [
        2013.2917808219179,
        2013.2917808219179
      ],
      "numdate": 2013.2917808219179,
      "raw_date": "2013-04-17"
    },
    "Rs4255__KY417149": {
      "branch_length": 0.007131592300071899,
      "clock_length": 0.007131592300071899,
      "date": "2013-04-17",
      "mutation_length": 0.0075038,
      "num_date_confidence": [
        2013.2917808219179,
        2013.2917808219179
      ],
      "numdate": 2013.2917808219179,
      "raw_date": "2013-04-17"
    },
    "Rs4874__KY417150": {
      "branch_length": 0.009328022085466847,
      "clock_length": 0.009328022085466847,
      "date": "2013-07-21",
      "mutation_length": 0.00724364,
      "num_date_confidence": [
        2013.5520547945205,
        2013.5520547945205
      ],
      "numdate": 2013.5520547945205,
      "raw_date": "2013-07-21"
    },
    "Rs7327__KY417151": {
      "branch_length": 0.004534447029718167,
      "clock_length": 0.004534447029718167,
      "date": "2014-10-24",
      "mutation_length": 0.00515192,
      "num_date_confidence": [
        2014.8123287671233,
        2014.8123287671233
      ],
      "numdate": 2014.8123287671233,
      "raw_date": "2014-10-24"
    },
    "Rs9401__KY417152": {
      "branch_length": 0.004993221204640096,
      "clock_length": 0.004993221204640096,
      "date": "2015-10-16",
      "mutation_length": 0.00322862,
      "num_date_confidence": [
        2015.7904109589042,
        2015.7904109589042
      ],
      "numdate": 2015.7904109589042,
      "raw_date": "2015-10-16"
    },
    "WIV1__KF367457": {
      "branch_length": 0.0006396053219064625,
      "clock_length": 0.0006396053219064625,
      "date": "2012-09-30",
      "mutation_length": 0.00067438,
      "num_date_confidence": [
        2012.6762489783732,
        2012.7472677595629
      ],
      "numdate": 2012.7472677595629,
      "raw_date": "2012-09-XX"
    },
    "YNLF_31C__KP886808": {
      "branch_length": 0.0005599038905413447,
      "clock_length": 0.0005599038905413447,
      "date": "2013-05-23",
      "mutation_length": 0.00036679,
      "num_date_confidence": [
        2013.390410958904,
        2013.390410958904
      ],
      "numdate": 2013.390410958904,
      "raw_date": "2013-05-23"
    },
    "YNLF_34C__KP886809": {
      "branch_length": 0.0005599038905413447,
      "clock_length": 0.0005599038905413447,
      "date": "2013-05-23",
      "mutation_length": 0.00054436,
      "num_date_confidence": [
        2013.390410958904,
        2013.390410958904
      ],
      "numdate": 2013.390410958904,
      "raw_date": "2013-05-23"
    },
    "bat-SL-CoVZC45__MG772933": {
      "branch_length": 0.013292424898158744,
      "clock_length": 0.013292424898158744,
      "date": "2017-02-01",
      "mutation_length": 0.01213282,
      "num_date_confidence": [
        2017.0863013698631,
        2017.1528767123286
      ],
      "numdate": 2017.0863013698631,
      "raw_date": "2017-02-XX"
    },
    "bat-SL-CoVZXC21__MG772934": {
      "branch_length": 0.012585629950800039,
      "clock_length": 0.012585629950800039,
      "date": "2015-07-31",
      "mutation_length": 0.01384697,
      "num_date_confidence": [
        2015.505921711211,
        2015.5794520547945
      ],
      "numdate": 2015.5794520547945,
      "raw_date": "2015-07-XX"
    }
  }
}