{
  "meta": {
    "colorings": [
      {
        "key": "num_date",
        "title": "Sampling date",
        "type": "continuous"
      },
      {
        "key": "gt",
        "title": "Genotype",
        "type": "categorical"
      },
      {
        "key": "country",
        "title": "country",
        "type": "categorical"
      }
    ],
    "display_defaults": {
      "color_by": "country",
      "map_triplicate": true
    },
    "filters": [
      "host"
    ],
    "genome_annotations": {
      "nuc": {
        "end": 234,
        "seqid": "config/229e_envelope_reference.gb",
        "start": 1,
        "strand": "+",
        "type": "source"
      }
    },
    "maintainers": [
      {
        "name": "Katie Kistler"
      }
    ],
    "panels": [
      "tree"
    ],
    "title": "Genetic diversity of seasonal coronaviruses. Data collected by Vipr",
    "updated": "2020-04-18"
  },
  "tree": {
    "branch_attrs": {
      "mutations": {}
    },
    "children": [
      {
        "branch_attrs": {
          "mutations": {
            "nuc": [
              "A34G"
            ]
          }
        },
        "children": [
          {
            "branch_attrs": {
              "mutations": {}
            },
            "name": "229E/human/USA/892_11/1989",
            "node_attrs": {
              "accession": "KF514429",
              "country": {
                "value": "usa"
              },
              "div": 8.022494687550785e-19,
              "num_date": {
                "confidence": [
                  1989.1027397260275,
                  1989.1027397260275
                ],
                "value": 1989.1027397260275
              }
            }
          },
          {
            "branch_attrs": {
              "mutations": {}
            },
            "children": [
              {
                "branch_attrs": {
                  "mutations": {}
                },
                "name": "229E/human/USA/933_50/1993",
                "node_attrs": {
                  "accession": "KF514430",
                  "country": {
                    "value": "usa"
                  },
                  "div": 1.2033742031326178e-18,
                  "num_date": {
                    "confidence": [
                      1993.2095890410958,
                      1993.2095890410958
                    ],
                    "value": 1993.2095890410958
                  }
                }
              },
              {
                "branch_attrs": {
                  "mutations": {
                    "nuc": [
                      "T107C"
                    ]
                  }
                },
                "name": "229E",
                "node_attrs": {
                  "accession": "KF293666",
                  "country": {
                    "value": "thailand"
                  },
                  "div": 0.004309701214531694,
                  "num_date": {
                    "confidence": [
                      2011.9493150684932,
                      2011.9493150684932
                    ],
                    "value": 2011.9493150684932
                  }
                }
              }
            ],
            "name": "NODE_0000002",
            "node_attrs": {
              "div": 8.022494687550785e-19,
              "num_date": {
                "confidence": [
                  1988.6194519553007,
                  1993.2095890410958
                ],
                "value": 1993.2095890410958
              }
            }
          }
        ],
        "name": "NODE_0000021",
        "node_attrs": {
          "div": 4.0112473437753926e-19,
          "num_date": {
            "confidence": [
              1970.9181564948256,
              1989.1027397260275
            ],
            "value": 1989.1027397260275
          }
        }
      },
      {
        "branch_attrs": {
          "mutations": {}
        },
        "children": [
          {
            "branch_attrs": {
              "mutations": {}
            },
            "children": [
              {
                "branch_attrs": {
                  "mutations": {}
                },
                "name": "229E/human/USA/932_72/1993",
                "node_attrs": {
                  "accession": "KF514432",
                  "country": {
                    "value": "usa"
                  },
                  "div": 0.004320058718509116,
                  "num_date": {
                    "confidence": [
                      1993.1438356164383,
                      1993.1438356164383
                    ],
                    "value": 1993.1438356164383
                  }
                }
              },
              {
                "branch_attrs": {
                  "mutations": {}
                },
                "children": [
                  {
                    "branch_attrs": {
                      "mutations": {}
                    },
                    "name": "J0304",
                    "node_attrs": {
                      "accession": "JX503061",
                      "country": {
                        "value": "italy"
                      },
                      "div": 0.004320058718509116,
                      "num_date": {
                        "confidence": [
                          2009.0013698630137,
                          2009.8917483315665
                        ],
                        "value": 2009.0013698630137
                      }
                    }
                  },
                  {
                    "branch_attrs": {
                      "mutations": {}
                    },
                    "children": [
                      {
                        "branch_attrs": {
                          "mutations": {}
                        },
                        "name": "229E/human/USA/953_49/1995",
                        "node_attrs": {
                          "accession": "KF514431",
                          "country": {
                            "value": "usa"
                          },
                          "div": 0.004320058718509116,
                          "num_date": {
                            "confidence": [
                              1995.2232876712328,
                              1995.2232876712328
                            ],
                            "value": 1995.2232876712328
                          }
                        }
                      },
                      {
                        "branch_attrs": {
                          "mutations": {}
                        },
                        "name": "229E/human/USA/933_40/1993",
                        "node_attrs": {
                          "accession": "KF514433",
                          "country": {
                            "value": "usa"
                          },
                          "div": 0.004320058718509116,
                          "num_date": {
                            "confidence": [
                              1993.190410958904,
                              1993.190410958904
                            ],
                            "value": 1993.190410958904
                          }
                        }
                      }
                    ],
                    "name": "NODE_0000005",
                    "node_attrs": {
                      "div": 0.004320058718509116,
                      "num_date": {
                        "confidence": [
                          1991.8665604014811,
                          1993.190410958904
                        ],
                        "value": 1993.190410958904
                      }
                    }
                  }
                ],
                "name": "NODE_0000004",
                "node_attrs": {
                  "div": 0.004320058718509116,
                  "num_date": {
                    "confidence": [
                      1989.9414222063663,
                      1993.1639978273063
                    ],
                    "value": 1992.2371987939089
                  }
                }
              }
            ],
            "name": "NODE_0000006",
            "node_attrs": {
              "div": 0.004320058718509116,
              "num_date": {
                "confidence": [
                  1984.8613122099573,
                  1993.1384090630568
                ],
                "value": 1992.0503128425817
              }
            }
          },
          {
            "branch_attrs": {
              "mutations": {
                "nuc": [
                  "C177T"
                ]
              }
            },
            "children": [
              {
                "branch_attrs": {
                  "mutations": {}
                },
                "children": [
                  {
                    "branch_attrs": {
                      "mutations": {
                        "nuc": [
                          "T99C"
                        ]
                      }
                    },
                    "name": "HCoV_229E/Seattle/USA/SC9731/2016",
                    "node_attrs": {
                      "accession": "KY369912",
                      "country": {
                        "value": "usa"
                      },
                      "div": 0.01297369428468646,
                      "num_date": {
                        "confidence": [
                          2016.102037108994,
                          2016.9986338797814
                        ],
                        "value": 2016.9986338797814
                      }
                    }
                  },
                  {
                    "branch_attrs": {
                      "mutations": {
                        "nuc": [
                          "T138C"
                        ]
                      }
                    },
                    "children": [
                      {
                        "branch_attrs": {
                          "mutations": {}
                        },
                        "name": "HCoV_229E/Seattle/USA/SC2872/2015",
                        "node_attrs": {
                          "accession": "KY967357",
                          "country": {
                            "value": "usa"
                          },
                          "div": 0.01297369428468646,
                          "num_date": {
                            "confidence": [
                              2015.0013698630137,
                              2015.9986301369863
                            ],
                            "value": 2015.9986301369863
                          }
                        }
                      },
                      {
                        "branch_attrs": {
                          "mutations": {}
                        },
                        "name": "HCoV_229E/Seattle/USA/SC579/2016",
                        "node_attrs": {
                          "accession": "KY369908",
                          "country": {
                            "value": "usa"
                          },
                          "div": 0.01297369428468646,
                          "num_date": {
                            "confidence": [
                              2016.0013661202186,
                              2016.9986338797814
                            ],
                            "value": 2016.3340532025852
                          }
                        }
                      },
                      {
                        "branch_attrs": {
                          "mutations": {}
                        },
                        "name": "HCoV_229E/Seattle/USA/SC3112/2015",
                        "node_attrs": {
                          "accession": "KY983587",
                          "country": {
                            "value": "usa"
                          },
                          "div": 0.01297369428468646,
                          "num_date": {
                            "confidence": [
                              2015.0013698630137,
                              2015.9986301369863
                            ],
                            "value": 2015.9986301369863
                          }
                        }
                      }
                    ],
                    "name": "NODE_0000014",
                    "node_attrs": {
                      "div": 0.01297369428468646,
                      "num_date": {
                        "confidence": [
                          2009.732798881625,
                          2015.4503139637825
                        ],
                        "value": 2014.88189615908
                      }
                    }
                  }
                ],
                "name": "NODE_0000022",
                "node_attrs": {
                  "div": 0.008646876425911311,
                  "num_date": {
                    "confidence": [
                      2002.8190006390278,
                      2012.7948706291058
                    ],
                    "value": 2008.6803065243178
                  }
                }
              },
              {
                "branch_attrs": {
                  "mutations": {}
                },
                "children": [
                  {
                    "branch_attrs": {
                      "mutations": {
                        "nuc": [
                          "C49A"
                        ]
                      }
                    },
                    "name": "HCoV_229E/BN1/GER/2015",
                    "node_attrs": {
                      "accession": "KU291448",
                      "country": {
                        "value": "germany"
                      },
                      "div": 0.012993594089071511,
                      "num_date": {
                        "confidence": [
                          2015.0013698630137,
                          2015.9986301369863
                        ],
                        "value": 2015.0013698630137
                      }
                    }
                  },
                  {
                    "branch_attrs": {
                      "mutations": {}
                    },
                    "children": [
                      {
                        "branch_attrs": {
                          "mutations": {}
                        },
                        "name": "V349",
                        "node_attrs": {
                          "accession": "JX503060",
                          "country": {
                            "value": "netherlands"
                          },
                          "div": 0.008646876425911311,
                          "num_date": {
                            "confidence": [
                              2010.0013698630137,
                              2010.8904705916666
                            ],
                            "value": 2010.0013698630137
                          }
                        }
                      },
                      {
                        "branch_attrs": {
                          "mutations": {}
                        },
                        "children": [
                          {
                            "branch_attrs": {
                              "mutations": {}
                            },
                            "children": [
                              {
                                "branch_attrs": {
                                  "mutations": {}
                                },
                                "children": [
                                  {
                                    "branch_attrs": {
                                      "mutations": {}
                                    },
                                    "name": "HCoV_229E/Seattle/USA/SC0865/2019",
                                    "node_attrs": {
                                      "accession": "MN306046",
                                      "country": {
                                        "value": "usa"
                                      },
                                      "div": 0.008646876425911311,
                                      "num_date": {
                                        "confidence": [
                                          2019.0013698630137,
                                          2019.9986301369863
                                        ],
                                        "value": 2019.0829427421406
                                      }
                                    }
                                  },
                                  {
                                    "branch_attrs": {
                                      "mutations": {}
                                    },
                                    "name": "HCoV_229E/Seattle/USA/SC9724/2018",
                                    "node_attrs": {
                                      "accession": "MN369046",
                                      "country": {
                                        "value": "usa"
                                      },
                                      "div": 0.008646876425911311,
                                      "num_date": {
                                        "confidence": [
                                          2018.0013698630137,
                                          2018.9986301369863
                                        ],
                                        "value": 2018.3338511835075
                                      }
                                    }
                                  }
                                ],
                                "name": "NODE_0000010",
                                "node_attrs": {
                                  "div": 0.008646876425911311,
                                  "num_date": {
                                    "confidence": [
                                      2004.092180971761,
                                      2017.4750722239003
                                    ],
                                    "value": 2014.5311153926577
                                  }
                                }
                              },
                              {
                                "branch_attrs": {
                                  "mutations": {}
                                },
                                "children": [
                                  {
                                    "branch_attrs": {
                                      "mutations": {}
                                    },
                                    "name": "HCoV_229E/Seattle/USA/SC2282/2017",
                                    "node_attrs": {
                                      "accession": "KY684760",
                                      "country": {
                                        "value": "usa"
                                      },
                                      "div": 0.008646876425911311,
                                      "num_date": {
                                        "confidence": [
                                          2016.0013661202186,
                                          2016.89615445009
                                        ],
                                        "value": 2016.0013661202186
                                      }
                                    }
                                  },
                                  {
                                    "branch_attrs": {
                                      "mutations": {}
                                    },
                                    "name": "229E/Haiti_1/2016",
                                    "node_attrs": {
                                      "accession": "MF542265",
                                      "country": {
                                        "value": "haiti"
                                      },
                                      "div": 0.008646876425911311,
                                      "num_date": {
                                        "confidence": [
                                          2016.1653005464482,
                                          2016.2390710382515
                                        ],
                                        "value": 2016.1653005464482
                                      }
                                    }
                                  }
                                ],
                                "name": "NODE_0000011",
                                "node_attrs": {
                                  "div": 0.008646876425911311,
                                  "num_date": {
                                    "confidence": [
                                      2003.9440634297193,
                                      2015.9671826083709
                                    ],
                                    "value": 2014.88189615908
                                  }
                                }
                              }
                            ],
                            "name": "NODE_0000009",
                            "node_attrs": {
                              "div": 0.008646876425911311,
                              "num_date": {
                                "confidence": [
                                  2004.561400360393,
                                  2016.1892513902662
                                ],
                                "value": 2008.9506968750725
                              }
                            }
                          },
                          {
                            "branch_attrs": {
                              "mutations": {}
                            },
                            "children": [
                              {
                                "branch_attrs": {
                                  "mutations": {}
                                },
                                "children": [
                                  {
                                    "branch_attrs": {
                                      "mutations": {}
                                    },
                                    "children": [
                                      {
                                        "branch_attrs": {
                                          "mutations": {}
                                        },
                                        "name": "N08_434B",
                                        "node_attrs": {
                                          "accession": "KY674919",
                                          "country": {
                                            "value": "usa"
                                          },
                                          "div": 0.008646876425911311,
                                          "num_date": {
                                            "confidence": [
                                              2016.0013661202186,
                                              2016.8918571930985
                                            ],
                                            "value": 2016.0013661202186
                                          }
                                        }
                                      },
                                      {
                                        "branch_attrs": {
                                          "mutations": {}
                                        },
                                        "name": "HCoV_229E/Seattle/USA/SC1143/2016",
                                        "node_attrs": {
                                          "accession": "KY369910",
                                          "country": {
                                            "value": "usa"
                                          },
                                          "div": 0.008646876425911311,
                                          "num_date": {
                                            "confidence": [
                                              2016.0013661202186,
                                              2016.8918571930985
                                            ],
                                            "value": 2016.0013661202186
                                          }
                                        }
                                      }
                                    ],
                                    "name": "NODE_0000015",
                                    "node_attrs": {
                                      "div": 0.008646876425911311,
                                      "num_date": {
                                        "confidence": [
                                          2004.2897435827083,
                                          2015.789048568233
                                        ],
                                        "value": 2014.88189615908
                                      }
                                    }
                                  },
                                  {
                                    "branch_attrs": {
                                      "mutations": {}
                                    },
                                    "children": [
                                      {
                                        "branch_attrs": {
                                          "mutations": {}
                                        },
                                        "name": "HCoV_229E/Seattle/USA/SC379/2016",
                                        "node_attrs": {
                                          "accession": "KY621348",
                                          "country": {
                                            "value": "usa"
                                          },
                                          "div": 0.008646876425911311,
                                          "num_date": {
                                            "confidence": [
                                              2016.0013661202186,
                                              2016.8918571930985
                                            ],
                                            "value": 2016.0013661202186
                                          }
                                        }
                                      },
                                      {
                                        "branch_attrs": {
                                          "mutations": {}
                                        },
                                        "name": "HCoV_229E/Seattle/USA/SC9773/2016",
                                        "node_attrs": {
                                          "accession": "KY369914",
                                          "country": {
                                            "value": "usa"
                                          },
                                          "div": 0.008646876425911311,
                                          "num_date": {
                                            "confidence": [
                                              2016.0013661202186,
                                              2016.8918571930985
                                            ],
                                            "value": 2016.0013661202186
                                          }
                                        }
                                      }
                                    ],
                                    "name": "NODE_0000017",
                                    "node_attrs": {
                                      "div": 0.008646876425911311,
                                      "num_date": {
                                        "confidence": [
                                          2004.2897435827083,
                                          2015.789048568233
                                        ],
                                        "value": 2014.88189615908
                                      }
                                    }
                                  }
                                ],
                                "name": "NODE_0000013",
                                "node_attrs": {
                                  "div": 0.008646876425911311,
                                  "num_date": {
                                    "confidence": [
                                      2004.5471765172829,
                                      2016.242299489853
                                    ],
                                    "value": 2009.7707328754498
                                  }
                                }
                              },
                              {
                                "branch_attrs": {
                                  "mutations": {}
                                },
                                "children": [
                                  {
                                    "branch_attrs": {
                                      "mutations": {}
                                    },
                                    "children": [
                                      {
                                        "branch_attrs": {
                                          "mutations": {}
                                        },
                                        "name": "HCoV_229E/Seattle/USA/SC677/2016",
                                        "node_attrs": {
                                          "accession": "KY369909",
                                          "country": {
                                            "value": "usa"
                                          },
                                          "div": 0.008646876425911311,
                                          "num_date": {
                                            "confidence": [
                                              2016.0013661202186,
                                              2016.8918571930985
                                            ],
                                            "value": 2016.0013661202186
                                          }
                                        }
                                      },
                                      {
                                        "branch_attrs": {
                                          "mutations": {}
                                        },
                                        "name": "HCoV_229E/Seattle/USA/SC1212/2016",
                                        "node_attrs": {
                                          "accession": "KY369911",
                                          "country": {
                                            "value": "usa"
                                          },
                                          "div": 0.008646876425911311,
                                          "num_date": {
                                            "confidence": [
                                              2016.0013661202186,
                                              2016.8918571930985
                                            ],
                                            "value": 2016.0013661202186
                                          }
                                        }
                                      }
                                    ],
                                    "name": "NODE_0000019",
                                    "node_attrs": {
                                      "div": 0.008646876425911311,
                                      "num_date": {
                                        "confidence": [
                                          2004.2897435827083,
                                          2015.789048568233
                                        ],
                                        "value": 2014.88189615908
                                      }
                                    }
                                  },
                                  {
                                    "branch_attrs": {
                                      "mutations": {}
                                    },
                                    "children": [
                                      {
                                        "branch_attrs": {
                                          "mutations": {}
                                        },
                                        "name": "HCoV_229E/Seattle/USA/SC1073/2016",
                                        "node_attrs": {
                                          "accession": "KY369913",
                                          "country": {
                                            "value": "usa"
                                          },
                                          "div": 0.008646876425911311,
                                          "num_date": {
                                            "confidence": [
                                              2016.0013661202186,
                                              2016.8918571930985
                                            ],
                                            "value": 2016.0013661202186
                                          }
                                        }
                                      },
                                      {
                                        "branch_attrs": {
                                          "mutations": {}
                                        },
                                        "name": "HCoV_229E/Seattle/USA/SC399/2016",
                                        "node_attrs": {
                                          "accession": "KY674914",
                                          "country": {
                                            "value": "usa"
                                          },
                                          "div": 0.008646876425911311,
                                          "num_date": {
                                            "confidence": [
                                              2016.0013661202186,
                                              2016.8918571930985
                                            ],
                                            "value": 2016.0013661202186
                                          }
                                        }
                                      }
                                    ],
                                    "name": "NODE_0000020",
                                    "node_attrs": {
                                      "div": 0.008646876425911311,
                                      "num_date": {
                                        "confidence": [
                                          2004.2897435827083,
                                          2015.789048568233
                                        ],
                                        "value": 2014.88189615908
                                      }
                                    }
                                  }
                                ],
                                "name": "NODE_0000018",
                                "node_attrs": {
                                  "div": 0.008646876425911311,
                                  "num_date": {
                                    "confidence": [
                                      2004.5471765172829,
                                      2016.242299489853
                                    ],
                                    "value": 2009.7707328754498
                                  }
                                }
                              }
                            ],
                            "name": "NODE_0000012",
                            "node_attrs": {
                              "div": 0.008646876425911311,
                              "num_date": {
                                "confidence": [
                                  2004.1709729527422,
                                  2015.4753229169344
                                ],
                                "value": 2008.918872328178
                              }
                            }
                          }
                        ],
                        "name": "NODE_0000008",
                        "node_attrs": {
                          "div": 0.008646876425911311,
                          "num_date": {
                            "confidence": [
                              2003.810558021314,
                              2015.5140102749826
                            ],
                            "value": 2007.9910743983721
                          }
                        }
                      }
                    ],
                    "name": "NODE_0000026",
                    "node_attrs": {
                      "div": 0.008646876425911311,
                      "num_date": {
                        "confidence": [
                          2003.2285024169769,
                          2010.9854215574887
                        ],
                        "value": 2006.9287231837027
                      }
                    }
                  }
                ],
                "name": "NODE_0000025",
                "node_attrs": {
                  "div": 0.008646876425911311,
                  "num_date": {
                    "confidence": [
                      1997.659162661618,
                      2010.9598159718157
                    ],
                    "value": 2004.3872760493418
                  }
                }
              }
            ],
            "name": "NODE_0000016",
            "node_attrs": {
              "div": 0.008646876425911311,
              "num_date": {
                "confidence": [
                  1977.4372875607985,
                  2010.93415638257
                ],
                "value": 2000.2056381739599
              }
            }
          }
        ],
        "name": "NODE_0000024",
        "node_attrs": {
          "div": 0.004320058718509116,
          "num_date": {
            "confidence": [
              1912.867804056431,
              1993.1119939040088
            ],
            "value": 1989.0580274082631
          }
        }
      }
    ],
    "name": "NODE_0000000",
    "node_attrs": {
      "div": 0,
      "num_date": {
        "confidence": [
          1802.2651609136615,
          1989.076324561553
        ],
        "value": 1971.566014267211
      }
    }
  },
  "version": "v2"
}