{
  "meta": {
    "colorings": [
      {
        "key": "num_date",
        "title": "Sampling date",
        "type": "continuous"
      },
      {
        "key": "gt",
        "title": "Genotype",
        "type": "categorical"
      },
      {
        "key": "country",
        "title": "country",
        "type": "categorical"
      }
    ],
    "display_defaults": {
      "color_by": "country",
      "map_triplicate": true
    },
    "filters": [
      "host"
    ],
    "genome_annotations": {
      "nuc": {
        "end": 402,
        "seqid": "config/229e_protein4a_reference.gb",
        "start": 1,
        "strand": "+",
        "type": "source"
      }
    },
    "maintainers": [
      {
        "name": "Katie Kistler"
      }
    ],
    "panels": [
      "tree"
    ],
    "title": "Genetic diversity of seasonal coronaviruses. Data collected by Vipr",
    "updated": "2020-04-18"
  },
  "tree": {
    "branch_attrs": {
      "mutations": {}
    },
    "children": [
      {
        "branch_attrs": {
          "mutations": {
            "nuc": [
              "T28C",
              "T56G",
              "G60T",
              "T61G",
              "T205G",
              "T229C"
            ]
          }
        },
        "name": "229E",
        "node_attrs": {
          "accession": "KF293666",
          "country": {
            "value": "thailand"
          },
          "div": 0.012550343325451178,
          "num_date": {
            "confidence": [
              2011.9493150684932,
              2011.9493150684932
            ],
            "value": 2011.9493150684932
          }
        }
      },
      {
        "branch_attrs": {
          "mutations": {}
        },
        "children": [
          {
            "branch_attrs": {
              "mutations": {}
            },
            "name": "229E/human/USA/892_11/1989",
            "node_attrs": {
              "accession": "KF514429",
              "country": {
                "value": "usa"
              },
              "div": 0.0024960093677170933,
              "num_date": {
                "confidence": [
                  1989.1027397260275,
                  1989.1027397260275
                ],
                "value": 1989.1027397260275
              }
            }
          },
          {
            "branch_attrs": {
              "mutations": {
                "nuc": [
                  "G51T"
                ]
              }
            },
            "children": [
              {
                "branch_attrs": {
                  "mutations": {
                    "nuc": [
                      "C133T",
                      "C256T",
                      "C345T"
                    ]
                  }
                },
                "name": "J0304",
                "node_attrs": {
                  "accession": "JX503061",
                  "country": {
                    "value": "italy"
                  },
                  "div": 0.012508627095497953,
                  "num_date": {
                    "confidence": [
                      2009.0013698630137,
                      2009.8928036941725
                    ],
                    "value": 2009.0013698630137
                  }
                }
              },
              {
                "branch_attrs": {
                  "mutations": {}
                },
                "children": [
                  {
                    "branch_attrs": {
                      "mutations": {}
                    },
                    "name": "229E/human/USA/932_72/1993",
                    "node_attrs": {
                      "accession": "KF514432",
                      "country": {
                        "value": "usa"
                      },
                      "div": 0.004992700893484931,
                      "num_date": {
                        "confidence": [
                          1993.1438356164383,
                          1993.1438356164383
                        ],
                        "value": 1993.1438356164383
                      }
                    }
                  },
                  {
                    "branch_attrs": {
                      "mutations": {}
                    },
                    "children": [
                      {
                        "branch_attrs": {
                          "mutations": {}
                        },
                        "children": [
                          {
                            "branch_attrs": {
                              "mutations": {}
                            },
                            "name": "N08_434B",
                            "node_attrs": {
                              "accession": "KY674919",
                              "country": {
                                "value": "usa"
                              },
                              "div": 0.0049927008934849346,
                              "num_date": {
                                "confidence": [
                                  2016.0013661202186,
                                  2016.8939370187522
                                ],
                                "value": 2016.0013661202186
                              }
                            }
                          },
                          {
                            "branch_attrs": {
                              "mutations": {}
                            },
                            "children": [
                              {
                                "branch_attrs": {
                                  "mutations": {}
                                },
                                "name": "229E/human/USA/933_40/1993",
                                "node_attrs": {
                                  "accession": "KF514433",
                                  "country": {
                                    "value": "usa"
                                  },
                                  "div": 0.004992700893484936,
                                  "num_date": {
                                    "confidence": [
                                      1993.190410958904,
                                      1993.190410958904
                                    ],
                                    "value": 1993.190410958904
                                  }
                                }
                              },
                              {
                                "branch_attrs": {
                                  "mutations": {}
                                },
                                "children": [
                                  {
                                    "branch_attrs": {
                                      "mutations": {}
                                    },
                                    "name": "229E/human/USA/953_49/1995",
                                    "node_attrs": {
                                      "accession": "KF514431",
                                      "country": {
                                        "value": "usa"
                                      },
                                      "div": 0.004992700893484938,
                                      "num_date": {
                                        "confidence": [
                                          1995.2232876712328,
                                          1995.2232876712328
                                        ],
                                        "value": 1995.2232876712328
                                      }
                                    }
                                  },
                                  {
                                    "branch_attrs": {
                                      "mutations": {}
                                    },
                                    "name": "229E/human/USA/933_50/1993",
                                    "node_attrs": {
                                      "accession": "KF514430",
                                      "country": {
                                        "value": "usa"
                                      },
                                      "div": 0.004992700893484938,
                                      "num_date": {
                                        "confidence": [
                                          1993.2095890410958,
                                          1993.2095890410958
                                        ],
                                        "value": 1993.2095890410958
                                      }
                                    }
                                  }
                                ],
                                "name": "NODE_0000008",
                                "node_attrs": {
                                  "div": 0.004992700893484936,
                                  "num_date": {
                                    "confidence": [
                                      1991.8807723080968,
                                      1993.2095890410958
                                    ],
                                    "value": 1993.2095890410958
                                  }
                                }
                              }
                            ],
                            "name": "NODE_0000006",
                            "node_attrs": {
                              "div": 0.0049927008934849346,
                              "num_date": {
                                "confidence": [
                                  1990.7447063916488,
                                  1993.1727210392162
                                ],
                                "value": 1992.5090970053832
                              }
                            }
                          }
                        ],
                        "name": "NODE_0000004",
                        "node_attrs": {
                          "div": 0.004992700893484933,
                          "num_date": {
                            "confidence": [
                              1989.116803105881,
                              1993.135851041328
                            ],
                            "value": 1991.5258611335375
                          }
                        }
                      },
                      {
                        "branch_attrs": {
                          "mutations": {
                            "nuc": [
                              "T288G"
                            ]
                          }
                        },
                        "children": [
                          {
                            "branch_attrs": {
                              "mutations": {
                                "nuc": [
                                  "G63T"
                                ]
                              }
                            },
                            "name": "V349",
                            "node_attrs": {
                              "accession": "JX503060",
                              "country": {
                                "value": "netherlands"
                              },
                              "div": 0.009993749042398718,
                              "num_date": {
                                "confidence": [
                                  2010.249622967092,
                                  2010.9986301369863
                                ],
                                "value": 2010.9986301369863
                              }
                            }
                          },
                          {
                            "branch_attrs": {
                              "mutations": {
                                "nuc": [
                                  "A27T"
                                ]
                              }
                            },
                            "children": [
                              {
                                "branch_attrs": {
                                  "mutations": {}
                                },
                                "name": "HCoV_229E/Seattle/USA/SC2282/2017",
                                "node_attrs": {
                                  "accession": "KY684760",
                                  "country": {
                                    "value": "usa"
                                  },
                                  "div": 0.009986814293483037,
                                  "num_date": {
                                    "confidence": [
                                      2016.0013661202186,
                                      2016.9986338797814
                                    ],
                                    "value": 2016.3543338309632
                                  }
                                }
                              },
                              {
                                "branch_attrs": {
                                  "mutations": {}
                                },
                                "name": "229E/Haiti_1/2016",
                                "node_attrs": {
                                  "accession": "MF542265",
                                  "country": {
                                    "value": "haiti"
                                  },
                                  "div": 0.009986814293483037,
                                  "num_date": {
                                    "confidence": [
                                      2016.1653005464482,
                                      2016.2472677595629
                                    ],
                                    "value": 2016.2472677595629
                                  }
                                }
                              }
                            ],
                            "name": "NODE_0000014",
                            "node_attrs": {
                              "div": 0.009986814293483035,
                              "num_date": {
                                "confidence": [
                                  2013.3315676784996,
                                  2016.131017261391
                                ],
                                "value": 2016.091593668287
                              }
                            }
                          },
                          {
                            "branch_attrs": {
                              "mutations": {
                                "nuc": [
                                  "G138A"
                                ]
                              }
                            },
                            "children": [
                              {
                                "branch_attrs": {
                                  "mutations": {}
                                },
                                "name": "HCoV_229E/Seattle/USA/SC1143/2016",
                                "node_attrs": {
                                  "accession": "KY369910",
                                  "country": {
                                    "value": "usa"
                                  },
                                  "div": 0.009989548031508737,
                                  "num_date": {
                                    "confidence": [
                                      2016.0013661202186,
                                      2016.9986338797814
                                    ],
                                    "value": 2016.9986338797814
                                  }
                                }
                              },
                              {
                                "branch_attrs": {
                                  "mutations": {}
                                },
                                "name": "HCoV_229E/Seattle/USA/SC1212/2016",
                                "node_attrs": {
                                  "accession": "KY369911",
                                  "country": {
                                    "value": "usa"
                                  },
                                  "div": 0.009989548031508737,
                                  "num_date": {
                                    "confidence": [
                                      2016.0013661202186,
                                      2016.9986338797814
                                    ],
                                    "value": 2016.9986338797814
                                  }
                                }
                              }
                            ],
                            "name": "NODE_0000011",
                            "node_attrs": {
                              "div": 0.009989548031508736,
                              "num_date": {
                                "confidence": [
                                  2013.1188227601058,
                                  2016.1104511787723
                                ],
                                "value": 2016.0952696319941
                              }
                            }
                          },
                          {
                            "branch_attrs": {
                              "mutations": {
                                "nuc": [
                                  "G358T"
                                ]
                              }
                            },
                            "children": [
                              {
                                "branch_attrs": {
                                  "mutations": {}
                                },
                                "name": "HCoV_229E/Seattle/USA/SC379/2016",
                                "node_attrs": {
                                  "accession": "KY621348",
                                  "country": {
                                    "value": "usa"
                                  },
                                  "div": 0.009986083964967083,
                                  "num_date": {
                                    "confidence": [
                                      2016.0013661202186,
                                      2016.9986338797814
                                    ],
                                    "value": 2016.9986338797814
                                  }
                                }
                              },
                              {
                                "branch_attrs": {
                                  "mutations": {}
                                },
                                "name": "HCoV_229E/Seattle/USA/SC399/2016",
                                "node_attrs": {
                                  "accession": "KY674914",
                                  "country": {
                                    "value": "usa"
                                  },
                                  "div": 0.009986083964967083,
                                  "num_date": {
                                    "confidence": [
                                      2016.0013661202186,
                                      2016.9986338797814
                                    ],
                                    "value": 2016.9986338797814
                                  }
                                }
                              }
                            ],
                            "name": "NODE_0000012",
                            "node_attrs": {
                              "div": 0.009986083964967082,
                              "num_date": {
                                "confidence": [
                                  2013.1166459473727,
                                  2016.1104486485453
                                ],
                                "value": 2016.0952696319941
                              }
                            }
                          },
                          {
                            "branch_attrs": {
                              "mutations": {
                                "nuc": [
                                  "C201T"
                                ]
                              }
                            },
                            "children": [
                              {
                                "branch_attrs": {
                                  "mutations": {
                                    "nuc": [
                                      "T56C"
                                    ]
                                  }
                                },
                                "children": [
                                  {
                                    "branch_attrs": {
                                      "mutations": {}
                                    },
                                    "name": "HCoV_229E/Seattle/USA/SC0865/2019",
                                    "node_attrs": {
                                      "accession": "MN306046",
                                      "country": {
                                        "value": "usa"
                                      },
                                      "div": 0.012482353204695797,
                                      "num_date": {
                                        "confidence": [
                                          2019.0013698630137,
                                          2019.9986301369863
                                        ],
                                        "value": 2019.0100187729977
                                      }
                                    }
                                  },
                                  {
                                    "branch_attrs": {
                                      "mutations": {
                                        "nuc": [
                                          "T377C"
                                        ]
                                      }
                                    },
                                    "name": "HCoV_229E/Seattle/USA/SC9724/2018",
                                    "node_attrs": {
                                      "accession": "MN369046",
                                      "country": {
                                        "value": "usa"
                                      },
                                      "div": 0.014978362366782344,
                                      "num_date": {
                                        "confidence": [
                                          2018.1092815214777,
                                          2018.9986301369863
                                        ],
                                        "value": 2018.9986301369863
                                      }
                                    }
                                  }
                                ],
                                "name": "NODE_0000007",
                                "node_attrs": {
                                  "div": 0.012482353204695795,
                                  "num_date": {
                                    "confidence": [
                                      2013.7064859306793,
                                      2016.123318819728
                                    ],
                                    "value": 2015.950949300374
                                  }
                                }
                              },
                              {
                                "branch_attrs": {
                                  "mutations": {}
                                },
                                "children": [
                                  {
                                    "branch_attrs": {
                                      "mutations": {}
                                    },
                                    "name": "HCoV_229E/Seattle/USA/SC9773/2016",
                                    "node_attrs": {
                                      "accession": "KY369914",
                                      "country": {
                                        "value": "usa"
                                      },
                                      "div": 0.00998587280560722,
                                      "num_date": {
                                        "confidence": [
                                          2016.0013661202186,
                                          2016.9986338797814
                                        ],
                                        "value": 2016.9986338797814
                                      }
                                    }
                                  },
                                  {
                                    "branch_attrs": {
                                      "mutations": {}
                                    },
                                    "name": "HCoV_229E/Seattle/USA/SC9731/2016",
                                    "node_attrs": {
                                      "accession": "KY369912",
                                      "country": {
                                        "value": "usa"
                                      },
                                      "div": 0.00998587280560722,
                                      "num_date": {
                                        "confidence": [
                                          2016.0013661202186,
                                          2016.9986338797814
                                        ],
                                        "value": 2016.9986338797814
                                      }
                                    }
                                  }
                                ],
                                "name": "NODE_0000015",
                                "node_attrs": {
                                  "div": 0.009985872805607218,
                                  "num_date": {
                                    "confidence": [
                                      2013.5030194077428,
                                      2016.1103753475788
                                    ],
                                    "value": 2016.0952696319941
                                  }
                                }
                              }
                            ],
                            "name": "NODE_0000005",
                            "node_attrs": {
                              "div": 0.009985872805607216,
                              "num_date": {
                                "confidence": [
                                  2008.7016150140812,
                                  2016.5197716142022
                                ],
                                "value": 2012.126566843065
                              }
                            }
                          },
                          {
                            "branch_attrs": {
                              "mutations": {}
                            },
                            "children": [
                              {
                                "branch_attrs": {
                                  "mutations": {}
                                },
                                "name": "HCoV_229E/Seattle/USA/SC2872/2015",
                                "node_attrs": {
                                  "accession": "KY967357",
                                  "country": {
                                    "value": "usa"
                                  },
                                  "div": 0.007489392439199248,
                                  "num_date": {
                                    "confidence": [
                                      2015.0013698630137,
                                      2015.8831163085574
                                    ],
                                    "value": 2015.0013698630137
                                  }
                                }
                              },
                              {
                                "branch_attrs": {
                                  "mutations": {}
                                },
                                "children": [
                                  {
                                    "branch_attrs": {
                                      "mutations": {}
                                    },
                                    "name": "HCoV_229E/BN1/GER/2015",
                                    "node_attrs": {
                                      "accession": "KU291448",
                                      "country": {
                                        "value": "germany"
                                      },
                                      "div": 0.00748939243919925,
                                      "num_date": {
                                        "confidence": [
                                          2015.0013698630137,
                                          2015.9986301369863
                                        ],
                                        "value": 2015.0867324349006
                                      }
                                    }
                                  },
                                  {
                                    "branch_attrs": {
                                      "mutations": {}
                                    },
                                    "children": [
                                      {
                                        "branch_attrs": {
                                          "mutations": {}
                                        },
                                        "name": "HCoV_229E/Seattle/USA/SC3112/2015",
                                        "node_attrs": {
                                          "accession": "KY983587",
                                          "country": {
                                            "value": "usa"
                                          },
                                          "div": 0.007489392439199252,
                                          "num_date": {
                                            "confidence": [
                                              2015.0013698630137,
                                              2015.9986301369863
                                            ],
                                            "value": 2015.1217975444517
                                          }
                                        }
                                      },
                                      {
                                        "branch_attrs": {
                                          "mutations": {}
                                        },
                                        "children": [
                                          {
                                            "branch_attrs": {
                                              "mutations": {}
                                            },
                                            "name": "HCoV_229E/Seattle/USA/SC1073/2016",
                                            "node_attrs": {
                                              "accession": "KY369913",
                                              "country": {
                                                "value": "usa"
                                              },
                                              "div": 0.0074893924391992535,
                                              "num_date": {
                                                "confidence": [
                                                  2016.0013661202186,
                                                  2016.9986338797814
                                                ],
                                                "value": 2016.3843099068492
                                              }
                                            }
                                          },
                                          {
                                            "branch_attrs": {
                                              "mutations": {}
                                            },
                                            "name": "HCoV_229E/Seattle/USA/SC579/2016",
                                            "node_attrs": {
                                              "accession": "KY369908",
                                              "country": {
                                                "value": "usa"
                                              },
                                              "div": 0.0074893924391992535,
                                              "num_date": {
                                                "confidence": [
                                                  2016.0013661202186,
                                                  2016.9986338797814
                                                ],
                                                "value": 2016.3843099068492
                                              }
                                            }
                                          }
                                        ],
                                        "name": "NODE_0000019",
                                        "node_attrs": {
                                          "div": 0.007489392439199252,
                                          "num_date": {
                                            "confidence": [
                                              2013.9772187784981,
                                              2016.4850729528291
                                            ],
                                            "value": 2015.0952658895658
                                          }
                                        }
                                      }
                                    ],
                                    "name": "NODE_0000018",
                                    "node_attrs": {
                                      "div": 0.00748939243919925,
                                      "num_date": {
                                        "confidence": [
                                          2013.6349723700969,
                                          2015.8107435697038
                                        ],
                                        "value": 2015.0952658895658
                                      }
                                    }
                                  }
                                ],
                                "name": "NODE_0000017",
                                "node_attrs": {
                                  "div": 0.007489392439199248,
                                  "num_date": {
                                    "confidence": [
                                      2011.6335345558857,
                                      2015.4193954324635
                                    ],
                                    "value": 2015.0952658895658
                                  }
                                }
                              }
                            ],
                            "name": "NODE_0000016",
                            "node_attrs": {
                              "div": 0.0074893924391992465,
                              "num_date": {
                                "confidence": [
                                  2006.117746522338,
                                  2015.9087172319125
                                ],
                                "value": 2010.6752926714255
                              }
                            }
                          }
                        ],
                        "name": "NODE_0000013",
                        "node_attrs": {
                          "div": 0.007489392439199245,
                          "num_date": {
                            "confidence": [
                              2008.7950555860652,
                              2010.7359631956865
                            ],
                            "value": 2009.496792182186
                          }
                        }
                      }
                    ],
                    "name": "NODE_0000003",
                    "node_attrs": {
                      "div": 0.004992700893484931,
                      "num_date": {
                        "confidence": [
                          1986.2340137083613,
                          1993.1001364177848
                        ],
                        "value": 1989.7895580027057
                      }
                    }
                  }
                ],
                "name": "NODE_0000009",
                "node_attrs": {
                  "div": 0.004992700893484929,
                  "num_date": {
                    "confidence": [
                      1984.9350934727643,
                      1993.0481821204123
                    ],
                    "value": 1989.66525439404
                  }
                }
              }
            ],
            "name": "NODE_0000020",
            "node_attrs": {
              "div": 0.004992700893484928,
              "num_date": {
                "confidence": [
                  1798.954906248703,
                  1993.0113122004877
                ],
                "value": 1989.66525439404
              }
            }
          }
        ],
        "name": "NODE_0000021",
        "node_attrs": {
          "div": 0.0024960093677170916,
          "num_date": {
            "confidence": [
              1683.571318432456,
              1989.1027397260275
            ],
            "value": 1987.2536176159003
          }
        }
      }
    ],
    "name": "NODE_0000000",
    "node_attrs": {
      "div": 0,
      "num_date": {
        "confidence": [
          1364.7691947422586,
          1989.065823696497
        ],
        "value": 1970.0134258959688
      }
    }
  },
  "version": "v2"
}