{
  "meta": {
    "colorings": [
      {
        "key": "num_date",
        "title": "Sampling date",
        "type": "continuous"
      },
      {
        "key": "gt",
        "title": "Genotype",
        "type": "categorical"
      },
      {
        "key": "country",
        "title": "country",
        "type": "categorical"
      }
    ],
    "display_defaults": {
      "color_by": "country",
      "map_triplicate": true
    },
    "filters": [
      "host"
    ],
    "genome_annotations": {
      "nuc": {
        "end": 12258,
        "seqid": "config/229e_replicase1a_reference.gb",
        "start": 1,
        "strand": "+",
        "type": "source"
      }
    },
    "maintainers": [
      {
        "name": "Katie Kistler"
      }
    ],
    "panels": [
      "tree"
    ],
    "title": "Genetic diversity of seasonal coronaviruses. Data collected by Vipr",
    "updated": "2020-04-18"
  },
  "tree": {
    "branch_attrs": {
      "mutations": {}
    },
    "children": [
      {
        "branch_attrs": {
          "mutations": {
            "nuc": [
              "T55A",
              "T174C",
              "G439A",
              "G452A",
              "C516T",
              "C558T",
              "G765T",
              "T802G",
              "T864C",
              "G886A",
              "T972G",
              "C1029T",
              "C1152T",
              "G1540C",
              "A1622C",
              "G1777T",
              "A1781C",
              "C1881T",
              "T1951C",
              "A2045G",
              "T2067C",
              "C2106T",
              "A2198C",
              "T2328G",
              "T2352C",
              "T2490C",
              "T2593G",
              "A2883T",
              "C3004T",
              "G3090T",
              "A3091G",
              "T3216C",
              "T3333G",
              "C3549T",
              "A3740T",
              "C3768T",
              "C3990T",
              "G4022A",
              "G4114A",
              "T4173C",
              "G4189A",
              "G4209A",
              "T4243G",
              "C4325A",
              "A4326G",
              "A4343C",
              "T4357G",
              "G4494A",
              "A4598G",
              "T4866C",
              "C5088T",
              "A5279C",
              "A5374G",
              "T5525C",
              "T5580C",
              "C5604T",
              "A5693G",
              "G5711A",
              "T5860G",
              "T6003C",
              "T6031C",
              "G6057T",
              "T6156C",
              "A6228G",
              "T6678C",
              "T6702C",
              "G6753A",
              "G6763T",
              "T7338C",
              "T7535C",
              "G7555A",
              "T7635C",
              "A7940C",
              "T8001C",
              "C8049T",
              "A8061G",
              "T8073C",
              "C8106A",
              "A8110G",
              "T8151C",
              "C8226T",
              "C8298T",
              "T8676G",
              "T8793C",
              "C9195T",
              "T9333C",
              "T9561A",
              "A9708C",
              "G9840A",
              "A10057G",
              "A10163T",
              "C10320T",
              "A10572G",
              "T10605C",
              "C10713T",
              "T10758C",
              "G11043A",
              "A11145C",
              "C11376T",
              "A11490G",
              "T11540C",
              "T11586C",
              "C11703T",
              "C11880T",
              "A11968T",
              "T11982C",
              "T12081C",
              "G12215A"
            ]
          }
        },
        "name": "229E",
        "node_attrs": {
          "accession": "KF293666",
          "country": {
            "value": "thailand"
          },
          "div": 0.007216028924773815,
          "num_date": {
            "confidence": [
              2011.9493150684932,
              2011.9493150684932
            ],
            "value": 2011.9493150684932
          }
        }
      },
      {
        "branch_attrs": {
          "mutations": {}
        },
        "children": [
          {
            "branch_attrs": {
              "mutations": {
                "nuc": [
                  "C276T",
                  "A485G",
                  "C3926T",
                  "T4107G",
                  "G4366A",
                  "C4793T",
                  "C6993T",
                  "C7854T",
                  "C8072T",
                  "G8431T",
                  "C8853T"
                ]
              }
            },
            "name": "229E/human/USA/892_11/1989",
            "node_attrs": {
              "accession": "KF514429",
              "country": {
                "value": "usa"
              },
              "div": 0.0025342922942914337,
              "num_date": {
                "confidence": [
                  1989.1027397260275,
                  1989.1027397260275
                ],
                "value": 1989.1027397260275
              }
            }
          },
          {
            "branch_attrs": {
              "mutations": {
                "nuc": [
                  "T1706C",
                  "G2448A",
                  "C3141T",
                  "C4611T",
                  "T4902C",
                  "A4932C",
                  "G5471A",
                  "A5737T",
                  "A5738C",
                  "G5754T",
                  "C6342T",
                  "T7011C",
                  "C11952T"
                ]
              }
            },
            "children": [
              {
                "branch_attrs": {
                  "mutations": {
                    "nuc": [
                      "C1238A",
                      "C2333T",
                      "A2673G",
                      "A3836G",
                      "C5662T",
                      "C6210T",
                      "C8472T",
                      "T9201C",
                      "C9300T",
                      "T9507G",
                      "T9870A",
                      "G10360A",
                      "T11121C",
                      "A11283G",
                      "G11508A",
                      "G12096A"
                    ]
                  }
                },
                "name": "229E/human/USA/933_50/1993",
                "node_attrs": {
                  "accession": "KF514430",
                  "country": {
                    "value": "usa"
                  },
                  "div": 0.00399862465772216,
                  "num_date": {
                    "confidence": [
                      1993.2095890410958,
                      1993.2095890410958
                    ],
                    "value": 1993.2095890410958
                  }
                }
              },
              {
                "branch_attrs": {
                  "mutations": {
                    "nuc": [
                      "A5242G",
                      "C7464T"
                    ]
                  }
                },
                "children": [
                  {
                    "branch_attrs": {
                      "mutations": {
                        "nuc": [
                          "T1195C",
                          "C9630T",
                          "C10221T",
                          "T10773C",
                          "G10972A",
                          "G11572T",
                          "C11873T"
                        ]
                      }
                    },
                    "name": "229E/human/USA/932_72/1993",
                    "node_attrs": {
                      "accession": "KF514432",
                      "country": {
                        "value": "usa"
                      },
                      "div": 0.003426645164968577,
                      "num_date": {
                        "confidence": [
                          1993.1438356164383,
                          1993.1438356164383
                        ],
                        "value": 1993.1438356164383
                      }
                    }
                  },
                  {
                    "branch_attrs": {
                      "mutations": {
                        "nuc": [
                          "C3782T",
                          "C6018T",
                          "C6528T",
                          "G7068T",
                          "T10626C"
                        ]
                      }
                    },
                    "children": [
                      {
                        "branch_attrs": {
                          "mutations": {
                            "nuc": [
                              "G387A",
                              "C1883T",
                              "T2487C",
                              "A2829C",
                              "G3793A",
                              "T5739G",
                              "G7948A",
                              "T12099C"
                            ]
                          }
                        },
                        "name": "229E/human/USA/933_40/1993",
                        "node_attrs": {
                          "accession": "KF514433",
                          "country": {
                            "value": "usa"
                          },
                          "div": 0.003915956287071105,
                          "num_date": {
                            "confidence": [
                              1993.190410958904,
                              1993.190410958904
                            ],
                            "value": 1993.190410958904
                          }
                        }
                      },
                      {
                        "branch_attrs": {
                          "mutations": {
                            "nuc": [
                              "C7521T"
                            ]
                          }
                        },
                        "children": [
                          {
                            "branch_attrs": {
                              "mutations": {
                                "nuc": [
                                  "A393G",
                                  "T3867C",
                                  "C3888A",
                                  "T7827C"
                                ]
                              }
                            },
                            "name": "229E/human/USA/953_49/1995",
                            "node_attrs": {
                              "accession": "KF514431",
                              "country": {
                                "value": "usa"
                              },
                              "div": 0.003676187462890251,
                              "num_date": {
                                "confidence": [
                                  1995.2232876712328,
                                  1995.2232876712328
                                ],
                                "value": 1995.2232876712328
                              }
                            }
                          },
                          {
                            "branch_attrs": {
                              "mutations": {
                                "nuc": [
                                  "T537C",
                                  "T828G",
                                  "G1402A",
                                  "G1800T",
                                  "G2320A",
                                  "A3836G",
                                  "A5788G",
                                  "T8416C",
                                  "T9090C",
                                  "A9261G",
                                  "G9924T",
                                  "C10713T",
                                  "A11283G",
                                  "C11703T"
                                ]
                              }
                            },
                            "children": [
                              {
                                "branch_attrs": {
                                  "mutations": {
                                    "nuc": [
                                      "G480A",
                                      "C740A",
                                      "C1653T",
                                      "T1672C",
                                      "C1902T",
                                      "A1906G",
                                      "G2607T",
                                      "C3054T",
                                      "A3339G",
                                      "A3345G",
                                      "C3483T",
                                      "G4055A",
                                      "T4323A",
                                      "T4701C",
                                      "C6466A",
                                      "T6894C",
                                      "C7118A",
                                      "T7407C",
                                      "T8290C",
                                      "T8307C",
                                      "C8466T",
                                      "T8929C",
                                      "T9189C",
                                      "T9426C",
                                      "T9738C",
                                      "C10675T",
                                      "C10767T",
                                      "C11415T",
                                      "T11423C",
                                      "C11475T",
                                      "C11784T",
                                      "C11805T",
                                      "T11922C",
                                      "T12063G"
                                    ]
                                  }
                                },
                                "name": "J0304",
                                "node_attrs": {
                                  "accession": "JX503061",
                                  "country": {
                                    "value": "italy"
                                  },
                                  "div": 0.007265341208019931,
                                  "num_date": {
                                    "confidence": [
                                      2009.1148335420676,
                                      2009.9986301369863
                                    ],
                                    "value": 2009.9986301369863
                                  }
                                }
                              },
                              {
                                "branch_attrs": {
                                  "mutations": {
                                    "nuc": [
                                      "T1661C",
                                      "A2160C",
                                      "T2220G",
                                      "T2478C",
                                      "C3845T",
                                      "T3870C",
                                      "T4140C",
                                      "G4272A",
                                      "C5138T",
                                      "C5145T",
                                      "C5300T",
                                      "A6055G",
                                      "C6243T",
                                      "C6400T",
                                      "T7549C",
                                      "T7962G",
                                      "C8361T",
                                      "G8373T",
                                      "T8751C",
                                      "C9405T",
                                      "C9849T",
                                      "T11851G",
                                      "C12234A"
                                    ]
                                  }
                                },
                                "children": [
                                  {
                                    "branch_attrs": {
                                      "mutations": {
                                        "nuc": [
                                          "A2056G",
                                          "G2287T",
                                          "T11253A",
                                          "T11423C"
                                        ]
                                      }
                                    },
                                    "name": "V349",
                                    "node_attrs": {
                                      "accession": "JX503060",
                                      "country": {
                                        "value": "netherlands"
                                      },
                                      "div": 0.006691398233675834,
                                      "num_date": {
                                        "confidence": [
                                          2010.0013698630137,
                                          2010.813871800259
                                        ],
                                        "value": 2010.0013698630137
                                      }
                                    }
                                  },
                                  {
                                    "branch_attrs": {
                                      "mutations": {
                                        "nuc": [
                                          "G2097A",
                                          "A2898G",
                                          "C2975T",
                                          "T4593C",
                                          "T6609C",
                                          "G8937A"
                                        ]
                                      }
                                    },
                                    "children": [
                                      {
                                        "branch_attrs": {
                                          "mutations": {
                                            "nuc": [
                                              "A141G",
                                              "C1239T",
                                              "G2064T",
                                              "C2383A",
                                              "T3201C",
                                              "C3434T",
                                              "C3832T",
                                              "G4435A",
                                              "C6071T",
                                              "C6210T",
                                              "T6329G",
                                              "C7665T",
                                              "A8078C",
                                              "C9181T",
                                              "C9300A",
                                              "T9321A",
                                              "C10422A",
                                              "G11439A"
                                            ]
                                          }
                                        },
                                        "children": [
                                          {
                                            "branch_attrs": {
                                              "mutations": {}
                                            },
                                            "name": "HCoV_229E/Seattle/USA/SC1143/2016",
                                            "node_attrs": {
                                              "accession": "KY369910",
                                              "country": {
                                                "value": "usa"
                                              },
                                              "div": 0.00848780415823588,
                                              "num_date": {
                                                "confidence": [
                                                  2016.0013661202186,
                                                  2016.7907060587406
                                                ],
                                                "value": 2016.0013661202186
                                              }
                                            }
                                          },
                                          {
                                            "branch_attrs": {
                                              "mutations": {}
                                            },
                                            "name": "HCoV_229E/Seattle/USA/SC1212/2016",
                                            "node_attrs": {
                                              "accession": "KY369911",
                                              "country": {
                                                "value": "usa"
                                              },
                                              "div": 0.00848780415823588,
                                              "num_date": {
                                                "confidence": [
                                                  2016.0013661202186,
                                                  2016.7907060587406
                                                ],
                                                "value": 2016.0013661202186
                                              }
                                            }
                                          }
                                        ],
                                        "name": "NODE_0000014",
                                        "node_attrs": {
                                          "div": 0.008487804158235843,
                                          "num_date": {
                                            "confidence": [
                                              2015.5946666023697,
                                              2016.5639289447765
                                            ],
                                            "value": 2015.883758751487
                                          }
                                        }
                                      },
                                      {
                                        "branch_attrs": {
                                          "mutations": {
                                            "nuc": [
                                              "C7557A",
                                              "C12075T"
                                            ]
                                          }
                                        },
                                        "children": [
                                          {
                                            "branch_attrs": {
                                              "mutations": {
                                                "nuc": [
                                                  "T8961C",
                                                  "C11805T",
                                                  "C11865T"
                                                ]
                                              }
                                            },
                                            "children": [
                                              {
                                                "branch_attrs": {
                                                  "mutations": {
                                                    "nuc": [
                                                      "T846A",
                                                      "T4572C",
                                                      "C6132T",
                                                      "T7296C",
                                                      "T7500A",
                                                      "T11253C"
                                                    ]
                                                  }
                                                },
                                                "name": "HCoV_229E/BN1/GER/2015",
                                                "node_attrs": {
                                                  "accession": "KU291448",
                                                  "country": {
                                                    "value": "germany"
                                                  },
                                                  "div": 0.007915102763332965,
                                                  "num_date": {
                                                    "confidence": [
                                                      2015.0013698630137,
                                                      2015.8375978499507
                                                    ],
                                                    "value": 2015.0013698630137
                                                  }
                                                }
                                              },
                                              {
                                                "branch_attrs": {
                                                  "mutations": {
                                                    "nuc": [
                                                      "A335G",
                                                      "G452A",
                                                      "T453C",
                                                      "C4197T",
                                                      "G4321T",
                                                      "A4668C",
                                                      "G6025A",
                                                      "C7087T",
                                                      "G9790A",
                                                      "C11037T"
                                                    ]
                                                  }
                                                },
                                                "children": [
                                                  {
                                                    "branch_attrs": {
                                                      "mutations": {
                                                        "nuc": [
                                                          "A1539G",
                                                          "C2160T",
                                                          "C2999T",
                                                          "T4954C",
                                                          "G5440A",
                                                          "C6510T",
                                                          "C9009T",
                                                          "C10116A"
                                                        ]
                                                      }
                                                    },
                                                    "name": "HCoV_229E/Seattle/USA/SC1073/2016",
                                                    "node_attrs": {
                                                      "accession": "KY369913",
                                                      "country": {
                                                        "value": "usa"
                                                      },
                                                      "div": 0.008894460795090816,
                                                      "num_date": {
                                                        "confidence": [
                                                          2016.1976590253112,
                                                          2016.9986338797814
                                                        ],
                                                        "value": 2016.9986338797814
                                                      }
                                                    }
                                                  },
                                                  {
                                                    "branch_attrs": {
                                                      "mutations": {
                                                        "nuc": [
                                                          "T3426C",
                                                          "G4351T",
                                                          "A5071G",
                                                          "T8448C",
                                                          "C8859T"
                                                        ]
                                                      }
                                                    },
                                                    "children": [
                                                      {
                                                        "branch_attrs": {
                                                          "mutations": {}
                                                        },
                                                        "name": "HCoV_229E/Seattle/USA/SC677/2016",
                                                        "node_attrs": {
                                                          "accession": "KY369909",
                                                          "country": {
                                                            "value": "usa"
                                                          },
                                                          "div": 0.00864944353485223,
                                                          "num_date": {
                                                            "confidence": [
                                                              2016.0013661202186,
                                                              2016.735764797282
                                                            ],
                                                            "value": 2016.0013661202186
                                                          }
                                                        }
                                                      },
                                                      {
                                                        "branch_attrs": {
                                                          "mutations": {}
                                                        },
                                                        "children": [
                                                          {
                                                            "branch_attrs": {
                                                              "mutations": {}
                                                            },
                                                            "name": "HCoV_229E/Seattle/USA/SC379/2016",
                                                            "node_attrs": {
                                                              "accession": "KY621348",
                                                              "country": {
                                                                "value": "usa"
                                                              },
                                                              "div": 0.00864944353485223,
                                                              "num_date": {
                                                                "confidence": [
                                                                  2016.0013661202186,
                                                                  2016.9986338797814
                                                                ],
                                                                "value": 2016.1789105304692
                                                              }
                                                            }
                                                          },
                                                          {
                                                            "branch_attrs": {
                                                              "mutations": {}
                                                            },
                                                            "name": "HCoV_229E/Seattle/USA/SC399/2016",
                                                            "node_attrs": {
                                                              "accession": "KY674914",
                                                              "country": {
                                                                "value": "usa"
                                                              },
                                                              "div": 0.00864944353485223,
                                                              "num_date": {
                                                                "confidence": [
                                                                  2016.0013661202186,
                                                                  2016.9986338797814
                                                                ],
                                                                "value": 2016.1789105304692
                                                              }
                                                            }
                                                          }
                                                        ],
                                                        "name": "NODE_0000023",
                                                        "node_attrs": {
                                                          "div": 0.00864944353485223,
                                                          "num_date": {
                                                            "confidence": [
                                                              2015.7570409913544,
                                                              2016.5679675171298
                                                            ],
                                                            "value": 2015.883758751487
                                                          }
                                                        }
                                                      }
                                                    ],
                                                    "name": "NODE_0000001",
                                                    "node_attrs": {
                                                      "div": 0.00864944353485223,
                                                      "num_date": {
                                                        "confidence": [
                                                          2015.4978232514763,
                                                          2016.3543623057087
                                                        ],
                                                        "value": 2015.8720510280489
                                                      }
                                                    }
                                                  }
                                                ],
                                                "name": "NODE_0000000",
                                                "node_attrs": {
                                                  "div": 0.00824153908012335,
                                                  "num_date": {
                                                    "confidence": [
                                                      2013.8908115778693,
                                                      2015.1845617034921
                                                    ],
                                                    "value": 2014.7042792900247
                                                  }
                                                }
                                              }
                                            ],
                                            "name": "NODE_0000003",
                                            "node_attrs": {
                                              "div": 0.007425450815927801,
                                              "num_date": {
                                                "confidence": [
                                                  2011.047934183121,
                                                  2013.2556914947104
                                                ],
                                                "value": 2011.6775299018507
                                              }
                                            }
                                          },
                                          {
                                            "branch_attrs": {
                                              "mutations": {
                                                "nuc": [
                                                  "C831T",
                                                  "C1239T",
                                                  "C2383A",
                                                  "T4243G",
                                                  "C6545T",
                                                  "C7410T",
                                                  "C8165G",
                                                  "T9569C",
                                                  "T11139A",
                                                  "C11201A"
                                                ]
                                              }
                                            },
                                            "children": [
                                              {
                                                "branch_attrs": {
                                                  "mutations": {}
                                                },
                                                "children": [
                                                  {
                                                    "branch_attrs": {
                                                      "mutations": {
                                                        "nuc": [
                                                          "G3717A",
                                                          "G4351T",
                                                          "G7463T",
                                                          "T10848C",
                                                          "A11280G"
                                                        ]
                                                      }
                                                    },
                                                    "name": "HCoV_229E/Seattle/USA/SC2282/2017",
                                                    "node_attrs": {
                                                      "accession": "KY684760",
                                                      "country": {
                                                        "value": "usa"
                                                      },
                                                      "div": 0.008405517800255658,
                                                      "num_date": {
                                                        "confidence": [
                                                          2016.0013661202186,
                                                          2016.869182885542
                                                        ],
                                                        "value": 2016.0013661202186
                                                      }
                                                    }
                                                  },
                                                  {
                                                    "branch_attrs": {
                                                      "mutations": {
                                                        "nuc": [
                                                          "C3822T",
                                                          "G4306T",
                                                          "C7842T"
                                                        ]
                                                      }
                                                    },
                                                    "children": [
                                                      {
                                                        "branch_attrs": {
                                                          "mutations": {
                                                            "nuc": [
                                                              "T1847C",
                                                              "G2839A",
                                                              "C5723T",
                                                              "G9646T",
                                                              "C11511A"
                                                            ]
                                                          }
                                                        },
                                                        "name": "HCoV_229E/Seattle/USA/SC9731/2016",
                                                        "node_attrs": {
                                                          "accession": "KY369912",
                                                          "country": {
                                                            "value": "usa"
                                                          },
                                                          "div": 0.008650475404766024,
                                                          "num_date": {
                                                            "confidence": [
                                                              2016.1296296195205,
                                                              2016.9986338797814
                                                            ],
                                                            "value": 2016.9986338797814
                                                          }
                                                        }
                                                      },
                                                      {
                                                        "branch_attrs": {
                                                          "mutations": {
                                                            "nuc": [
                                                              "T5187C",
                                                              "T7302C",
                                                              "C7710A",
                                                              "C8416T"
                                                            ]
                                                          }
                                                        },
                                                        "name": "HCoV_229E/Seattle/USA/SC9773/2016",
                                                        "node_attrs": {
                                                          "accession": "KY369914",
                                                          "country": {
                                                            "value": "usa"
                                                          },
                                                          "div": 0.008568797627480852,
                                                          "num_date": {
                                                            "confidence": [
                                                              2016.0013661202186,
                                                              2016.9986338797814
                                                            ],
                                                            "value": 2016.6781785127218
                                                          }
                                                        }
                                                      }
                                                    ],
                                                    "name": "NODE_0000007",
                                                    "node_attrs": {
                                                      "div": 0.008242281691763631,
                                                      "num_date": {
                                                        "confidence": [
                                                          2014.578394447577,
                                                          2015.7457528726454
                                                        ],
                                                        "value": 2014.9171068066205
                                                      }
                                                    }
                                                  }
                                                ],
                                                "name": "NODE_0000016",
                                                "node_attrs": {
                                                  "div": 0.007997432985207378,
                                                  "num_date": {
                                                    "confidence": [
                                                      2013.7163673946193,
                                                      2014.7879427897576
                                                    ],
                                                    "value": 2014.0987846617145
                                                  }
                                                }
                                              },
                                              {
                                                "branch_attrs": {
                                                  "mutations": {
                                                    "nuc": [
                                                      "C7486T"
                                                    ]
                                                  }
                                                },
                                                "children": [
                                                  {
                                                    "branch_attrs": {
                                                      "mutations": {
                                                        "nuc": [
                                                          "T468G",
                                                          "T6163C",
                                                          "C9614T",
                                                          "G9970A",
                                                          "C11351T",
                                                          "T11988C"
                                                        ]
                                                      }
                                                    },
                                                    "children": [
                                                      {
                                                        "branch_attrs": {
                                                          "mutations": {
                                                            "nuc": [
                                                              "G1736A",
                                                              "G2159A",
                                                              "A2439C",
                                                              "T2845C",
                                                              "T3961C",
                                                              "C6648T",
                                                              "C9342T",
                                                              "C10113T"
                                                            ]
                                                          }
                                                        },
                                                        "name": "HCoV_229E/Seattle/USA/SC9724/2018",
                                                        "node_attrs": {
                                                          "accession": "MN369046",
                                                          "country": {
                                                            "value": "usa"
                                                          },
                                                          "div": 0.00922198621950421,
                                                          "num_date": {
                                                            "confidence": [
                                                              2018.0013698630137,
                                                              2018.9986301369863
                                                            ],
                                                            "value": 2018.9070639451136
                                                          }
                                                        }
                                                      },
                                                      {
                                                        "branch_attrs": {
                                                          "mutations": {
                                                            "nuc": [
                                                              "G452A",
                                                              "C2296T",
                                                              "A3936G",
                                                              "A5160G",
                                                              "T7725C",
                                                              "G7962A",
                                                              "C8199T",
                                                              "T10188C",
                                                              "A11793G"
                                                            ]
                                                          }
                                                        },
                                                        "name": "HCoV_229E/Seattle/USA/SC0865/2019",
                                                        "node_attrs": {
                                                          "accession": "MN306046",
                                                          "country": {
                                                            "value": "usa"
                                                          },
                                                          "div": 0.009303658847496855,
                                                          "num_date": {
                                                            "confidence": [
                                                              2019.0013698630137,
                                                              2019.9986301369863
                                                            ],
                                                            "value": 2019.2282335734546
                                                          }
                                                        }
                                                      }
                                                    ],
                                                    "name": "NODE_0000009",
                                                    "node_attrs": {
                                                      "div": 0.008568831405362827,
                                                      "num_date": {
                                                        "confidence": [
                                                          2015.0669487619357,
                                                          2016.3472848965803
                                                        ],
                                                        "value": 2015.883938172645
                                                      }
                                                    }
                                                  },
                                                  {
                                                    "branch_attrs": {
                                                      "mutations": {
                                                        "nuc": [
                                                          "T2593G"
                                                        ]
                                                      }
                                                    },
                                                    "children": [
                                                      {
                                                        "branch_attrs": {
                                                          "mutations": {
                                                            "nuc": [
                                                              "G1216T",
                                                              "A3754G",
                                                              "C5670T",
                                                              "C12201T"
                                                            ]
                                                          }
                                                        },
                                                        "name": "HCoV_229E/Seattle/USA/SC579/2016",
                                                        "node_attrs": {
                                                          "accession": "KY369908",
                                                          "country": {
                                                            "value": "usa"
                                                          },
                                                          "div": 0.008487155442782633,
                                                          "num_date": {
                                                            "confidence": [
                                                              2016.0013661202186,
                                                              2016.8530217678112
                                                            ],
                                                            "value": 2016.0013661202186
                                                          }
                                                        }
                                                      },
                                                      {
                                                        "branch_attrs": {
                                                          "mutations": {
                                                            "nuc": [
                                                              "C558T",
                                                              "T2292C",
                                                              "C2662T",
                                                              "C2751T",
                                                              "C3825T",
                                                              "A5206G",
                                                              "A5449G"
                                                            ]
                                                          }
                                                        },
                                                        "name": "HCoV_229E/Seattle/USA/SC2872/2015",
                                                        "node_attrs": {
                                                          "accession": "KY967357",
                                                          "country": {
                                                            "value": "usa"
                                                          },
                                                          "div": 0.00873216114216999,
                                                          "num_date": {
                                                            "confidence": [
                                                              2015.3587403384015,
                                                              2015.9986301369863
                                                            ],
                                                            "value": 2015.9986301369863
                                                          }
                                                        }
                                                      },
                                                      {
                                                        "branch_attrs": {
                                                          "mutations": {
                                                            "nuc": [
                                                              "G1225T",
                                                              "A2428G",
                                                              "C8416T",
                                                              "G9360A"
                                                            ]
                                                          }
                                                        },
                                                        "children": [
                                                          {
                                                            "branch_attrs": {
                                                              "mutations": {
                                                                "nuc": [
                                                                  "G11607A"
                                                                ]
                                                              }
                                                            },
                                                            "name": "HCoV_229E/Seattle/USA/SC3112/2015",
                                                            "node_attrs": {
                                                              "accession": "KY983587",
                                                              "country": {
                                                                "value": "usa"
                                                              },
                                                              "div": 0.008568757725910089,
                                                              "num_date": {
                                                                "confidence": [
                                                                  2015.0013698630137,
                                                                  2015.9986301369863
                                                                ],
                                                                "value": 2015.4553921964068
                                                              }
                                                            }
                                                          },
                                                          {
                                                            "branch_attrs": {
                                                              "mutations": {
                                                                "nuc": [
                                                                  "G2593T",
                                                                  "T2848G",
                                                                  "A2956T",
                                                                  "G3621C",
                                                                  "T3629G",
                                                                  "G3664C",
                                                                  "G3717A",
                                                                  "G4351T",
                                                                  "C9650T"
                                                                ]
                                                              }
                                                            },
                                                            "name": "229E/Haiti_1/2016",
                                                            "node_attrs": {
                                                              "accession": "MF542265",
                                                              "country": {
                                                                "value": "haiti"
                                                              },
                                                              "div": 0.009222662572148481,
                                                              "num_date": {
                                                                "confidence": [
                                                                  2016.1744405125328,
                                                                  2016.2472677595629
                                                                ],
                                                                "value": 2016.2472677595629
                                                              }
                                                            }
                                                          }
                                                        ],
                                                        "name": "NODE_0000012",
                                                        "node_attrs": {
                                                          "div": 0.00848714466236514,
                                                          "num_date": {
                                                            "confidence": [
                                                              2014.6009952939937,
                                                              2015.3548478909847
                                                            ],
                                                            "value": 2014.8979154964832
                                                          }
                                                        }
                                                      }
                                                    ],
                                                    "name": "NODE_0000010",
                                                    "node_attrs": {
                                                      "div": 0.00816064218811465,
                                                      "num_date": {
                                                        "confidence": [
                                                          2014.013525046083,
                                                          2014.7584242465634
                                                        ],
                                                        "value": 2014.280228275436
                                                      }
                                                    }
                                                  }
                                                ],
                                                "name": "NODE_0000008",
                                                "node_attrs": {
                                                  "div": 0.008079035206709616,
                                                  "num_date": {
                                                    "confidence": [
                                                      2013.7061540491115,
                                                      2014.5195221476142
                                                    ],
                                                    "value": 2014.1267640162782
                                                  }
                                                }
                                              }
                                            ],
                                            "name": "NODE_0000005",
                                            "node_attrs": {
                                              "div": 0.00799743298520734,
                                              "num_date": {
                                                "confidence": [
                                                  2013.244996534353,
                                                  2014.3295157117284
                                                ],
                                                "value": 2013.8819675325299
                                              }
                                            }
                                          }
                                        ],
                                        "name": "NODE_0000004",
                                        "node_attrs": {
                                          "div": 0.007180757948063089,
                                          "num_date": {
                                            "confidence": [
                                              2009.7474762291522,
                                              2012.1020466048492
                                            ],
                                            "value": 2010.7577400888647
                                          }
                                        }
                                      }
                                    ],
                                    "name": "NODE_0000013",
                                    "node_attrs": {
                                      "div": 0.0070176586566003596,
                                      "num_date": {
                                        "confidence": [
                                          2008.986612732021,
                                          2011.66868816599
                                        ],
                                        "value": 2009.7661515338468
                                      }
                                    }
                                  }
                                ],
                                "name": "NODE_0000015",
                                "node_attrs": {
                                  "div": 0.006446702213142694,
                                  "num_date": {
                                    "confidence": [
                                      2006.8699914753818,
                                      2009.5789862152221
                                    ],
                                    "value": 2008.0266340939463
                                  }
                                }
                              }
                            ],
                            "name": "NODE_0000017",
                            "node_attrs": {
                              "div": 0.004568964899207695,
                              "num_date": {
                                "confidence": [
                                  1996.9412389088773,
                                  2000.4308136714278
                                ],
                                "value": 1998.2102947330657
                              }
                            }
                          }
                        ],
                        "name": "NODE_0000018",
                        "node_attrs": {
                          "div": 0.0033450457166683246,
                          "num_date": {
                            "confidence": [
                              1991.2091031957016,
                              1993.2119335920884
                            ],
                            "value": 1992.6327127659715
                          }
                        }
                      }
                    ],
                    "name": "NODE_0000019",
                    "node_attrs": {
                      "div": 0.0032635199869960854,
                      "num_date": {
                        "confidence": [
                          1990.6630995380324,
                          1992.584382301079
                        ],
                        "value": 1991.4683887412273
                      }
                    }
                  }
                ],
                "name": "NODE_0000020",
                "node_attrs": {
                  "div": 0.0028558349946007653,
                  "num_date": {
                    "confidence": [
                      1988.7157201468606,
                      1991.1122139932645
                    ],
                    "value": 1989.8106698974389
                  }
                }
              }
            ],
            "name": "NODE_0000021",
            "node_attrs": {
              "div": 0.002692811152027053,
              "num_date": {
                "confidence": [
                  1987.7007379526617,
                  1990.4288840498116
                ],
                "value": 1988.474467405239
              }
            }
          }
        ],
        "name": "NODE_0000022",
        "node_attrs": {
          "div": 0.0016321540345393425,
          "num_date": {
            "confidence": [
              1983.158099605229,
              1986.6872448041815
            ],
            "value": 1984.476268946476
          }
        }
      }
    ],
    "name": "NODE_0000002",
    "node_attrs": {
      "div": 0,
      "num_date": {
        "confidence": [
          1975.9090018770578,
          1982.6864076263894
        ],
        "value": 1978.2590802181417
      }
    }
  },
  "version": "v2"
}