{
  "meta": {
    "colorings": [
      {
        "key": "num_date",
        "title": "Sampling date",
        "type": "continuous"
      },
      {
        "key": "gt",
        "title": "Genotype",
        "type": "categorical"
      },
      {
        "key": "country",
        "title": "country",
        "type": "categorical"
      }
    ],
    "display_defaults": {
      "color_by": "country",
      "map_triplicate": true
    },
    "filters": [
      "host"
    ],
    "genome_annotations": {
      "nuc": {
        "end": 678,
        "seqid": "config/229e_membrane_reference.gb",
        "start": 1,
        "strand": "+",
        "type": "source"
      }
    },
    "maintainers": [
      {
        "name": "Katie Kistler"
      }
    ],
    "panels": [
      "tree"
    ],
    "title": "Genetic diversity of seasonal coronaviruses. Data collected by Vipr",
    "updated": "2020-04-18"
  },
  "tree": {
    "branch_attrs": {
      "mutations": {}
    },
    "children": [
      {
        "branch_attrs": {
          "mutations": {}
        },
        "name": "229E/human/USA/892_11/1989",
        "node_attrs": {
          "accession": "KF514429",
          "country": {
            "value": "usa"
          },
          "div": 0.001478750997369639,
          "num_date": {
            "confidence": [
              1989.1027397260275,
              1989.1027397260275
            ],
            "value": 1989.1027397260275
          }
        }
      },
      {
        "branch_attrs": {
          "mutations": {
            "nuc": [
              "T213C",
              "T285C",
              "C672T"
            ]
          }
        },
        "children": [
          {
            "branch_attrs": {
              "mutations": {
                "nuc": [
                  "C9T",
                  "T171C",
                  "C213T",
                  "T345C",
                  "T430C",
                  "T564A",
                  "C630T"
                ]
              }
            },
            "name": "229E",
            "node_attrs": {
              "accession": "KF293666",
              "country": {
                "value": "thailand"
              },
              "div": 0.010405781834683124,
              "num_date": {
                "confidence": [
                  2011.9493150684932,
                  2011.9493150684932
                ],
                "value": 2011.9493150684932
              }
            }
          },
          {
            "branch_attrs": {
              "mutations": {}
            },
            "children": [
              {
                "branch_attrs": {
                  "mutations": {}
                },
                "name": "229E/human/USA/932_72/1993",
                "node_attrs": {
                  "accession": "KF514432",
                  "country": {
                    "value": "usa"
                  },
                  "div": 0.002956346392150003,
                  "num_date": {
                    "confidence": [
                      1993.1438356164383,
                      1993.1438356164383
                    ],
                    "value": 1993.1438356164383
                  }
                }
              },
              {
                "branch_attrs": {
                  "mutations": {
                    "nuc": [
                      "C108T"
                    ]
                  }
                },
                "name": "229E/human/USA/933_50/1993",
                "node_attrs": {
                  "accession": "KF514430",
                  "country": {
                    "value": "usa"
                  },
                  "div": 0.004433941218008846,
                  "num_date": {
                    "confidence": [
                      1993.2095890410958,
                      1993.2095890410958
                    ],
                    "value": 1993.2095890410958
                  }
                }
              },
              {
                "branch_attrs": {
                  "mutations": {
                    "nuc": [
                      "C291T"
                    ]
                  }
                },
                "children": [
                  {
                    "branch_attrs": {
                      "mutations": {}
                    },
                    "children": [
                      {
                        "branch_attrs": {
                          "mutations": {}
                        },
                        "name": "229E/human/USA/953_49/1995",
                        "node_attrs": {
                          "accession": "KF514431",
                          "country": {
                            "value": "usa"
                          },
                          "div": 0.004433941218008846,
                          "num_date": {
                            "confidence": [
                              1995.2232876712328,
                              1995.2232876712328
                            ],
                            "value": 1995.2232876712328
                          }
                        }
                      },
                      {
                        "branch_attrs": {
                          "mutations": {}
                        },
                        "name": "229E/human/USA/933_40/1993",
                        "node_attrs": {
                          "accession": "KF514433",
                          "country": {
                            "value": "usa"
                          },
                          "div": 0.004433941218008846,
                          "num_date": {
                            "confidence": [
                              1993.190410958904,
                              1993.190410958904
                            ],
                            "value": 1993.190410958904
                          }
                        }
                      }
                    ],
                    "name": "NODE_0000015",
                    "node_attrs": {
                      "div": 0.004433941218008846,
                      "num_date": {
                        "confidence": [
                          1992.5551467886364,
                          1993.190410958904
                        ],
                        "value": 1992.9798132742621
                      }
                    }
                  },
                  {
                    "branch_attrs": {
                      "mutations": {
                        "nuc": [
                          "T243C",
                          "C285T"
                        ]
                      }
                    },
                    "children": [
                      {
                        "branch_attrs": {
                          "mutations": {
                            "nuc": [
                              "T181C",
                              "C307A"
                            ]
                          }
                        },
                        "children": [
                          {
                            "branch_attrs": {
                              "mutations": {
                                "nuc": [
                                  "G516A"
                                ]
                              }
                            },
                            "name": "HCoV_229E/Seattle/USA/SC3112/2015",
                            "node_attrs": {
                              "accession": "KY983587",
                              "country": {
                                "value": "usa"
                              },
                              "div": 0.011836569238389825,
                              "num_date": {
                                "confidence": [
                                  2015.0013698630137,
                                  2015.9247113700053
                                ],
                                "value": 2015.0013698630137
                              }
                            }
                          },
                          {
                            "branch_attrs": {
                              "mutations": {
                                "nuc": [
                                  "G276T",
                                  "A505G"
                                ]
                              }
                            },
                            "children": [
                              {
                                "branch_attrs": {
                                  "mutations": {}
                                },
                                "name": "HCoV_229E/Seattle/USA/SC1143/2016",
                                "node_attrs": {
                                  "accession": "KY369910",
                                  "country": {
                                    "value": "usa"
                                  },
                                  "div": 0.013319575634015732,
                                  "num_date": {
                                    "confidence": [
                                      2016.0013661202186,
                                      2016.9986338797814
                                    ],
                                    "value": 2016.3539532512766
                                  }
                                }
                              },
                              {
                                "branch_attrs": {
                                  "mutations": {}
                                },
                                "name": "HCoV_229E/Seattle/USA/SC1212/2016",
                                "node_attrs": {
                                  "accession": "KY369911",
                                  "country": {
                                    "value": "usa"
                                  },
                                  "div": 0.013319575634015732,
                                  "num_date": {
                                    "confidence": [
                                      2016.0013661202186,
                                      2016.9986338797814
                                    ],
                                    "value": 2016.3539532512766
                                  }
                                }
                              }
                            ],
                            "name": "NODE_0000004",
                            "node_attrs": {
                              "div": 0.013319575634015732,
                              "num_date": {
                                "confidence": [
                                  2014.7958834680344,
                                  2016.193741960322
                                ],
                                "value": 2015.9800408517815
                              }
                            }
                          },
                          {
                            "branch_attrs": {
                              "mutations": {
                                "nuc": [
                                  "C522T",
                                  "C630T",
                                  "C633T"
                                ]
                              }
                            },
                            "children": [
                              {
                                "branch_attrs": {
                                  "mutations": {}
                                },
                                "name": "HCoV_229E/Seattle/USA/SC677/2016",
                                "node_attrs": {
                                  "accession": "KY369909",
                                  "country": {
                                    "value": "usa"
                                  },
                                  "div": 0.0148100198970458,
                                  "num_date": {
                                    "confidence": [
                                      2016.0013661202186,
                                      2016.9986338797814
                                    ],
                                    "value": 2016.463290058963
                                  }
                                }
                              },
                              {
                                "branch_attrs": {
                                  "mutations": {}
                                },
                                "name": "HCoV_229E/Seattle/USA/SC379/2016",
                                "node_attrs": {
                                  "accession": "KY621348",
                                  "country": {
                                    "value": "usa"
                                  },
                                  "div": 0.0148100198970458,
                                  "num_date": {
                                    "confidence": [
                                      2016.0013661202186,
                                      2016.9986338797814
                                    ],
                                    "value": 2016.463290058963
                                  }
                                }
                              },
                              {
                                "branch_attrs": {
                                  "mutations": {}
                                },
                                "name": "HCoV_229E/Seattle/USA/SC399/2016",
                                "node_attrs": {
                                  "accession": "KY674914",
                                  "country": {
                                    "value": "usa"
                                  },
                                  "div": 0.0148100198970458,
                                  "num_date": {
                                    "confidence": [
                                      2016.0013661202186,
                                      2016.9986338797814
                                    ],
                                    "value": 2016.463290058963
                                  }
                                }
                              }
                            ],
                            "name": "NODE_0000006",
                            "node_attrs": {
                              "div": 0.0148100198970458,
                              "num_date": {
                                "confidence": [
                                  2015.0677966806722,
                                  2016.0734802758936
                                ],
                                "value": 2016.0037940499653
                              }
                            }
                          },
                          {
                            "branch_attrs": {
                              "mutations": {}
                            },
                            "children": [
                              {
                                "branch_attrs": {
                                  "mutations": {}
                                },
                                "name": "HCoV_229E/Seattle/USA/SC2872/2015",
                                "node_attrs": {
                                  "accession": "KY967357",
                                  "country": {
                                    "value": "usa"
                                  },
                                  "div": 0.010356839286312303,
                                  "num_date": {
                                    "confidence": [
                                      2015.0013698630137,
                                      2015.9986301369863
                                    ],
                                    "value": 2015.4454027090487
                                  }
                                }
                              },
                              {
                                "branch_attrs": {
                                  "mutations": {}
                                },
                                "children": [
                                  {
                                    "branch_attrs": {
                                      "mutations": {}
                                    },
                                    "name": "HCoV_229E/Seattle/USA/SC1073/2016",
                                    "node_attrs": {
                                      "accession": "KY369913",
                                      "country": {
                                        "value": "usa"
                                      },
                                      "div": 0.010356839286312303,
                                      "num_date": {
                                        "confidence": [
                                          2016.0013661202186,
                                          2016.9986338797814
                                        ],
                                        "value": 2016.3515117682136
                                      }
                                    }
                                  },
                                  {
                                    "branch_attrs": {
                                      "mutations": {}
                                    },
                                    "name": "HCoV_229E/Seattle/USA/SC579/2016",
                                    "node_attrs": {
                                      "accession": "KY369908",
                                      "country": {
                                        "value": "usa"
                                      },
                                      "div": 0.010356839286312303,
                                      "num_date": {
                                        "confidence": [
                                          2016.0013661202186,
                                          2016.9986338797814
                                        ],
                                        "value": 2016.3515117682136
                                      }
                                    }
                                  }
                                ],
                                "name": "NODE_0000019",
                                "node_attrs": {
                                  "div": 0.010356839286312303,
                                  "num_date": {
                                    "confidence": [
                                      2014.770536376892,
                                      2016.143698241513
                                    ],
                                    "value": 2015.9800408517815
                                  }
                                }
                              }
                            ],
                            "name": "NODE_0000017",
                            "node_attrs": {
                              "div": 0.010356839286312303,
                              "num_date": {
                                "confidence": [
                                  2013.8957335157297,
                                  2015.8413299879494
                                ],
                                "value": 2015.0803518855305
                              }
                            }
                          }
                        ],
                        "name": "NODE_0000005",
                        "node_attrs": {
                          "div": 0.010356839286312303,
                          "num_date": {
                            "confidence": [
                              2010.1026389237413,
                              2015.3460142703693
                            ],
                            "value": 2013.9517209186429
                          }
                        }
                      },
                      {
                        "branch_attrs": {
                          "mutations": {}
                        },
                        "children": [
                          {
                            "branch_attrs": {
                              "mutations": {}
                            },
                            "children": [
                              {
                                "branch_attrs": {
                                  "mutations": {}
                                },
                                "name": "J0304",
                                "node_attrs": {
                                  "accession": "JX503061",
                                  "country": {
                                    "value": "italy"
                                  },
                                  "div": 0.007393463778395485,
                                  "num_date": {
                                    "confidence": [
                                      2009.1470893324542,
                                      2009.9986301369863
                                    ],
                                    "value": 2009.9986301369863
                                  }
                                }
                              },
                              {
                                "branch_attrs": {
                                  "mutations": {}
                                },
                                "children": [
                                  {
                                    "branch_attrs": {
                                      "mutations": {}
                                    },
                                    "name": "V349",
                                    "node_attrs": {
                                      "accession": "JX503060",
                                      "country": {
                                        "value": "netherlands"
                                      },
                                      "div": 0.007393463778395485,
                                      "num_date": {
                                        "confidence": [
                                          2010.0013698630137,
                                          2010.9986301369863
                                        ],
                                        "value": 2010.9986301369863
                                      }
                                    }
                                  },
                                  {
                                    "branch_attrs": {
                                      "mutations": {}
                                    },
                                    "children": [
                                      {
                                        "branch_attrs": {
                                          "mutations": {}
                                        },
                                        "name": "N08_434B",
                                        "node_attrs": {
                                          "accession": "KY674919",
                                          "country": {
                                            "value": "usa"
                                          },
                                          "div": 0.007393463778395485,
                                          "num_date": {
                                            "confidence": [
                                              2016.0013661202186,
                                              2016.8838973929114
                                            ],
                                            "value": 2016.0013661202186
                                          }
                                        }
                                      },
                                      {
                                        "branch_attrs": {
                                          "mutations": {}
                                        },
                                        "name": "HCoV_229E/BN1/GER/2015",
                                        "node_attrs": {
                                          "accession": "KU291448",
                                          "country": {
                                            "value": "germany"
                                          },
                                          "div": 0.007393463778395485,
                                          "num_date": {
                                            "confidence": [
                                              2015.0013698630137,
                                              2015.9986301369863
                                            ],
                                            "value": 2015.7709850038214
                                          }
                                        }
                                      }
                                    ],
                                    "name": "NODE_0000008",
                                    "node_attrs": {
                                      "div": 0.007393463778395485,
                                      "num_date": {
                                        "confidence": [
                                          2013.7629621131614,
                                          2015.986054914426
                                        ],
                                        "value": 2015.1768716973634
                                      }
                                    }
                                  }
                                ],
                                "name": "NODE_0000007",
                                "node_attrs": {
                                  "div": 0.007393463778395485,
                                  "num_date": {
                                    "confidence": [
                                      2009.154313662434,
                                      2010.7541784030682
                                    ],
                                    "value": 2009.8182902025785
                                  }
                                }
                              }
                            ],
                            "name": "NODE_0000023",
                            "node_attrs": {
                              "div": 0.007393463778395485,
                              "num_date": {
                                "confidence": [
                                  2007.1533039182095,
                                  2009.986054914426
                                ],
                                "value": 2009.0660212032537
                              }
                            }
                          },
                          {
                            "branch_attrs": {
                              "mutations": {
                                "nuc": [
                                  "G519T"
                                ]
                              }
                            },
                            "children": [
                              {
                                "branch_attrs": {
                                  "mutations": {
                                    "nuc": [
                                      "T387C"
                                    ]
                                  }
                                },
                                "children": [
                                  {
                                    "branch_attrs": {
                                      "mutations": {}
                                    },
                                    "name": "HCoV_229E/Seattle/USA/SC2282/2017",
                                    "node_attrs": {
                                      "accession": "KY684760",
                                      "country": {
                                        "value": "usa"
                                      },
                                      "div": 0.010348407510880637,
                                      "num_date": {
                                        "confidence": [
                                          2016.0013661202186,
                                          2016.8852506102196
                                        ],
                                        "value": 2016.0013661202186
                                      }
                                    }
                                  },
                                  {
                                    "branch_attrs": {
                                      "mutations": {
                                        "nuc": [
                                          "G270A",
                                          "C630T"
                                        ]
                                      }
                                    },
                                    "name": "229E/Haiti_1/2016",
                                    "node_attrs": {
                                      "accession": "MF542265",
                                      "country": {
                                        "value": "haiti"
                                      },
                                      "div": 0.013305154467026271,
                                      "num_date": {
                                        "confidence": [
                                          2016.1734972677596,
                                          2016.2472677595629
                                        ],
                                        "value": 2016.2472677595629
                                      }
                                    }
                                  }
                                ],
                                "name": "NODE_0000010",
                                "node_attrs": {
                                  "div": 0.010348407510880637,
                                  "num_date": {
                                    "confidence": [
                                      2013.7803481168444,
                                      2016.1426661243104
                                    ],
                                    "value": 2015.1768716973634
                                  }
                                }
                              },
                              {
                                "branch_attrs": {
                                  "mutations": {}
                                },
                                "children": [
                                  {
                                    "branch_attrs": {
                                      "mutations": {}
                                    },
                                    "children": [
                                      {
                                        "branch_attrs": {
                                          "mutations": {}
                                        },
                                        "name": "HCoV_229E/Seattle/USA/SC9731/2016",
                                        "node_attrs": {
                                          "accession": "KY369912",
                                          "country": {
                                            "value": "usa"
                                          },
                                          "div": 0.008871889994567143,
                                          "num_date": {
                                            "confidence": [
                                              2016.0013661202186,
                                              2016.9986338797814
                                            ],
                                            "value": 2016.336841335899
                                          }
                                        }
                                      },
                                      {
                                        "branch_attrs": {
                                          "mutations": {}
                                        },
                                        "name": "HCoV_229E/Seattle/USA/SC9773/2016",
                                        "node_attrs": {
                                          "accession": "KY369914",
                                          "country": {
                                            "value": "usa"
                                          },
                                          "div": 0.008871889994567143,
                                          "num_date": {
                                            "confidence": [
                                              2016.0013661202186,
                                              2016.9986338797814
                                            ],
                                            "value": 2016.336841335899
                                          }
                                        }
                                      }
                                    ],
                                    "name": "NODE_0000012",
                                    "node_attrs": {
                                      "div": 0.008871889994567143,
                                      "num_date": {
                                        "confidence": [
                                          2014.691199590395,
                                          2016.1308401626927
                                        ],
                                        "value": 2015.9800408517815
                                      }
                                    }
                                  },
                                  {
                                    "branch_attrs": {
                                      "mutations": {}
                                    },
                                    "children": [
                                      {
                                        "branch_attrs": {
                                          "mutations": {}
                                        },
                                        "name": "HCoV_229E/Seattle/USA/SC0865/2019",
                                        "node_attrs": {
                                          "accession": "MN306046",
                                          "country": {
                                            "value": "usa"
                                          },
                                          "div": 0.008871889994567143,
                                          "num_date": {
                                            "confidence": [
                                              2019.0013698630137,
                                              2019.9986301369863
                                            ],
                                            "value": 2019.1261562450964
                                          }
                                        }
                                      },
                                      {
                                        "branch_attrs": {
                                          "mutations": {
                                            "nuc": [
                                              "C522T"
                                            ]
                                          }
                                        },
                                        "name": "HCoV_229E/Seattle/USA/SC9724/2018",
                                        "node_attrs": {
                                          "accession": "MN369046",
                                          "country": {
                                            "value": "usa"
                                          },
                                          "div": 0.010349561942740311,
                                          "num_date": {
                                            "confidence": [
                                              2018.100648088013,
                                              2018.9986301369863
                                            ],
                                            "value": 2018.9986301369863
                                          }
                                        }
                                      }
                                    ],
                                    "name": "NODE_0000013",
                                    "node_attrs": {
                                      "div": 0.008871889994567143,
                                      "num_date": {
                                        "confidence": [
                                          2014.1222352475409,
                                          2016.3682975832176
                                        ],
                                        "value": 2015.9640420764922
                                      }
                                    }
                                  }
                                ],
                                "name": "NODE_0000011",
                                "node_attrs": {
                                  "div": 0.008871889994567143,
                                  "num_date": {
                                    "confidence": [
                                      2013.8293113087525,
                                      2015.8421795405982
                                    ],
                                    "value": 2015.129154973433
                                  }
                                }
                              }
                            ],
                            "name": "NODE_0000009",
                            "node_attrs": {
                              "div": 0.008871889994567143,
                              "num_date": {
                                "confidence": [
                                  2009.8179562210191,
                                  2015.9309297693517
                                ],
                                "value": 2013.8243650086113
                              }
                            }
                          }
                        ],
                        "name": "NODE_0000022",
                        "node_attrs": {
                          "div": 0.007393463778395485,
                          "num_date": {
                            "confidence": [
                              2003.0745925066042,
                              2009.961678344877
                            ],
                            "value": 2009.0660212032537
                          }
                        }
                      }
                    ],
                    "name": "NODE_0000014",
                    "node_attrs": {
                      "div": 0.007393463778395485,
                      "num_date": {
                        "confidence": [
                          1995.7760894068742,
                          2009.9262265331704
                        ],
                        "value": 2003.496022118048
                      }
                    }
                  }
                ],
                "name": "NODE_0000018",
                "node_attrs": {
                  "div": 0.004433941218008846,
                  "num_date": {
                    "confidence": [
                      1991.912411437484,
                      1993.1652645411805
                    ],
                    "value": 1992.790647053472
                  }
                }
              }
            ],
            "name": "NODE_0000020",
            "node_attrs": {
              "div": 0.002956346392150003,
              "num_date": {
                "confidence": [
                  1990.3061685759756,
                  1993.1290716556034
                ],
                "value": 1991.2742736189628
              }
            }
          }
        ],
        "name": "NODE_0000024",
        "node_attrs": {
          "div": 0.001478750997369639,
          "num_date": {
            "confidence": [
              1839.6561424434876,
              1992.635923600159
            ],
            "value": 1991.273903087872
          }
        }
      }
    ],
    "name": "NODE_0000000",
    "node_attrs": {
      "div": 0,
      "num_date": {
        "confidence": [
          1765.1482234844855,
          1989.1027397260275
        ],
        "value": 1987.4938594240525
      }
    }
  },
  "version": "v2"
}