{
  "meta": {
    "colorings": [
      {
        "key": "num_date",
        "title": "Sampling date",
        "type": "continuous"
      },
      {
        "key": "gt",
        "title": "Genotype",
        "type": "categorical"
      },
      {
        "key": "country",
        "title": "country",
        "type": "categorical"
      }
    ],
    "display_defaults": {
      "color_by": "country",
      "map_triplicate": true
    },
    "filters": [
      "host"
    ],
    "genome_annotations": {
      "nuc": {
        "end": 20277,
        "seqid": "config/229e_replicase1ab_reference.gb",
        "start": 1,
        "strand": "+",
        "type": "source"
      }
    },
    "maintainers": [
      {
        "name": "Katie Kistler"
      }
    ],
    "panels": [
      "tree"
    ],
    "title": "Genetic diversity of seasonal coronaviruses. Data collected by Vipr",
    "updated": "2020-04-18"
  },
  "tree": {
    "branch_attrs": {
      "mutations": {}
    },
    "children": [
      {
        "branch_attrs": {
          "mutations": {
            "nuc": [
              "T55A",
              "T174C",
              "G439A",
              "G452A",
              "C516T",
              "C558T",
              "G765T",
              "T802G",
              "T864C",
              "G886A",
              "T972G",
              "C1029T",
              "C1152T",
              "G1540C",
              "A1622C",
              "G1777T",
              "A1781C",
              "C1881T",
              "T1951C",
              "A2045G",
              "T2067C",
              "C2106T",
              "A2198C",
              "T2328G",
              "T2352C",
              "T2490C",
              "T2593G",
              "A2883T",
              "C3004T",
              "G3090T",
              "A3091G",
              "T3216C",
              "T3333G",
              "C3549T",
              "A3740T",
              "C3768T",
              "C3990T",
              "G4022A",
              "G4114A",
              "T4173C",
              "G4189A",
              "G4209A",
              "T4243G",
              "C4325A",
              "A4326G",
              "A4343C",
              "T4357G",
              "G4494A",
              "A4598G",
              "T4866C",
              "C5088T",
              "A5279C",
              "A5374G",
              "T5525C",
              "T5580C",
              "C5604T",
              "A5693G",
              "G5711A",
              "T5860G",
              "T6003C",
              "T6031C",
              "G6057T",
              "T6156C",
              "A6228G",
              "T6678C",
              "T6702C",
              "G6753A",
              "G6763T",
              "T7338C",
              "T7535C",
              "G7555A",
              "T7635C",
              "A7940C",
              "T8001C",
              "C8049T",
              "A8061G",
              "T8073C",
              "C8106A",
              "A8110G",
              "T8151C",
              "C8226T",
              "C8298T",
              "T8676G",
              "T8793C",
              "C9195T",
              "T9333C",
              "T9561A",
              "A9708C",
              "G9840A",
              "A10057G",
              "A10163T",
              "C10320T",
              "A10572G",
              "T10605C",
              "C10713T",
              "T10758C",
              "G11043A",
              "A11145C",
              "C11376T",
              "A11490G",
              "T11540C",
              "T11586C",
              "C11703T",
              "C11880T",
              "A11968T",
              "T11982C",
              "T12081C",
              "G12215A",
              "T12600C",
              "A12644G",
              "G12901T",
              "A13161G",
              "C13272T",
              "A13467G",
              "C13575T",
              "T13578G",
              "T13775C",
              "C13791T",
              "T13848C",
              "A13917G",
              "T13947C",
              "T13980G",
              "C14019T",
              "C14256T",
              "C14370T",
              "G14473A",
              "A14504G",
              "A14787C",
              "T14847C",
              "G14922T",
              "C15012T",
              "T15132G",
              "C15153T",
              "C15158A",
              "C15242T",
              "C15297T",
              "G15351T",
              "T15600C",
              "A15660G",
              "C15861T",
              "T15909C",
              "T15939C",
              "C16040A",
              "T16569C",
              "G16756A",
              "T16758C",
              "C16785T",
              "T17152C",
              "G17328A",
              "C17487T",
              "C17577T",
              "A17892T",
              "C17988T",
              "T18006G",
              "C18024T",
              "G18222A",
              "T18318G",
              "T18486C",
              "C18714G",
              "C18804T",
              "T18885C",
              "C19008T",
              "C19172T",
              "T19249G",
              "T19665C",
              "A19806G",
              "T20052C",
              "T20145G",
              "C20184A"
            ]
          }
        },
        "name": "229E",
        "node_attrs": {
          "accession": "KF293666",
          "country": {
            "value": "thailand"
          },
          "div": 0.006844705349163476,
          "num_date": {
            "confidence": [
              2011.9493150684932,
              2011.9493150684932
            ],
            "value": 2011.9493150684932
          }
        }
      },
      {
        "branch_attrs": {
          "mutations": {}
        },
        "children": [
          {
            "branch_attrs": {
              "mutations": {
                "nuc": [
                  "C276T",
                  "A485G",
                  "C3926T",
                  "T4107G",
                  "G4366A",
                  "C4793T",
                  "C6993T",
                  "C7854T",
                  "C8072T",
                  "G8431T",
                  "C8853T",
                  "T13074C",
                  "T18708C",
                  "C18719A",
                  "C19116T"
                ]
              }
            },
            "name": "229E/human/USA/892_11/1989",
            "node_attrs": {
              "accession": "KF514429",
              "country": {
                "value": "usa"
              },
              "div": 0.0022706630521820616,
              "num_date": {
                "confidence": [
                  1989.1027397260275,
                  1989.1027397260275
                ],
                "value": 1989.1027397260275
              }
            }
          },
          {
            "branch_attrs": {
              "mutations": {
                "nuc": [
                  "T1706C",
                  "G2448A",
                  "C3141T",
                  "C4611T",
                  "T4902C",
                  "A4932C",
                  "G5471A",
                  "A5737T",
                  "A5738C",
                  "G5754T",
                  "C6342T",
                  "T7011C",
                  "C11952T",
                  "A13176G",
                  "C14853T",
                  "C17317T"
                ]
              }
            },
            "children": [
              {
                "branch_attrs": {
                  "mutations": {
                    "nuc": [
                      "C1238A",
                      "C2333T",
                      "A2673G",
                      "A3836G",
                      "C5662T",
                      "C6210T",
                      "C8472T",
                      "T9201C",
                      "C9300T",
                      "T9507G",
                      "T9870A",
                      "G10360A",
                      "T11121C",
                      "A11283G",
                      "G11508A",
                      "G12096A",
                      "G14205T",
                      "T14799C",
                      "G14945A",
                      "C16443T",
                      "C17421T",
                      "C17577T",
                      "C18099T",
                      "C18951A",
                      "A18997G"
                    ]
                  }
                },
                "name": "229E/human/USA/933_50/1993",
                "node_attrs": {
                  "accession": "KF514430",
                  "country": {
                    "value": "usa"
                  },
                  "div": 0.003550367827811581,
                  "num_date": {
                    "confidence": [
                      1993.2095890410958,
                      1993.2095890410958
                    ],
                    "value": 1993.2095890410958
                  }
                }
              },
              {
                "branch_attrs": {
                  "mutations": {
                    "nuc": [
                      "A5242G",
                      "C7464T"
                    ]
                  }
                },
                "children": [
                  {
                    "branch_attrs": {
                      "mutations": {
                        "nuc": [
                          "T1195C",
                          "C9630T",
                          "C10221T",
                          "T10773C",
                          "G10972A",
                          "G11572T",
                          "C11873T",
                          "C13575T",
                          "T14106C",
                          "T15084C",
                          "T17106C",
                          "G17667T",
                          "C18036T",
                          "C19662T"
                        ]
                      }
                    },
                    "name": "229E/human/USA/932_72/1993",
                    "node_attrs": {
                      "accession": "KF514432",
                      "country": {
                        "value": "usa"
                      },
                      "div": 0.0031058872459012784,
                      "num_date": {
                        "confidence": [
                          1993.1438356164383,
                          1993.1438356164383
                        ],
                        "value": 1993.1438356164383
                      }
                    }
                  },
                  {
                    "branch_attrs": {
                      "mutations": {
                        "nuc": [
                          "C3782T",
                          "C6018T",
                          "C6528T",
                          "G7068T",
                          "T10626C",
                          "A12605G",
                          "A14728G",
                          "C19008T"
                        ]
                      }
                    },
                    "children": [
                      {
                        "branch_attrs": {
                          "mutations": {
                            "nuc": [
                              "G387A",
                              "C1883T",
                              "T2487C",
                              "A2829C",
                              "G3793A",
                              "T5739G",
                              "G7948A",
                              "T12099C",
                              "T17640C",
                              "A18538T"
                            ]
                          }
                        },
                        "name": "229E/human/USA/933_40/1993",
                        "node_attrs": {
                          "accession": "KF514433",
                          "country": {
                            "value": "usa"
                          },
                          "div": 0.0033028946743055426,
                          "num_date": {
                            "confidence": [
                              1993.190410958904,
                              1993.190410958904
                            ],
                            "value": 1993.190410958904
                          }
                        }
                      },
                      {
                        "branch_attrs": {
                          "mutations": {
                            "nuc": [
                              "C7521T",
                              "C18890A"
                            ]
                          }
                        },
                        "children": [
                          {
                            "branch_attrs": {
                              "mutations": {
                                "nuc": [
                                  "A393G",
                                  "T3867C",
                                  "C3888A",
                                  "T7827C",
                                  "C16956T",
                                  "T18066C",
                                  "T18106G",
                                  "T18417C"
                                ]
                              }
                            },
                            "name": "229E/human/USA/953_49/1995",
                            "node_attrs": {
                              "accession": "KF514431",
                              "country": {
                                "value": "usa"
                              },
                              "div": 0.003306742713157329,
                              "num_date": {
                                "confidence": [
                                  1995.2232876712328,
                                  1995.2232876712328
                                ],
                                "value": 1995.2232876712328
                              }
                            }
                          },
                          {
                            "branch_attrs": {
                              "mutations": {
                                "nuc": [
                                  "T537C",
                                  "T828G",
                                  "G1402A",
                                  "G1800T",
                                  "G2320A",
                                  "A3836G",
                                  "A5788G",
                                  "T8416C",
                                  "T9090C",
                                  "A9261G",
                                  "G9924T",
                                  "C10713T",
                                  "A11283G",
                                  "C11703T",
                                  "T12723C",
                                  "C12849T",
                                  "C13827T",
                                  "G17574A",
                                  "G18222A",
                                  "C19689T"
                                ]
                              }
                            },
                            "children": [
                              {
                                "branch_attrs": {
                                  "mutations": {
                                    "nuc": [
                                      "G480A",
                                      "C740A",
                                      "C1653T",
                                      "T1672C",
                                      "C1902T",
                                      "A1906G",
                                      "G2607T",
                                      "C3054T",
                                      "A3339G",
                                      "A3345G",
                                      "C3483T",
                                      "G4055A",
                                      "T4323A",
                                      "T4701C",
                                      "C6466A",
                                      "T6894C",
                                      "C7118A",
                                      "T7407C",
                                      "T8290C",
                                      "T8307C",
                                      "C8466T",
                                      "T8929C",
                                      "T9189C",
                                      "T9426C",
                                      "T9738C",
                                      "C10675T",
                                      "C10767T",
                                      "C11415T",
                                      "T11423C",
                                      "C11475T",
                                      "C11784T",
                                      "C11805T",
                                      "T11922C",
                                      "T12063G",
                                      "G12390T",
                                      "C12885T",
                                      "G13618T",
                                      "T13980C",
                                      "C14514T",
                                      "T14553C",
                                      "C15300T",
                                      "C15432T",
                                      "T16409C",
                                      "T16650C",
                                      "C16785T",
                                      "C17985T",
                                      "A18732G",
                                      "G19641T",
                                      "C20139T"
                                    ]
                                  }
                                },
                                "name": "J0304",
                                "node_attrs": {
                                  "accession": "JX503061",
                                  "country": {
                                    "value": "italy"
                                  },
                                  "div": 0.006313868783186899,
                                  "num_date": {
                                    "confidence": [
                                      2009.1148992580172,
                                      2009.9986301369863
                                    ],
                                    "value": 2009.9986301369863
                                  }
                                }
                              },
                              {
                                "branch_attrs": {
                                  "mutations": {
                                    "nuc": [
                                      "T1661C",
                                      "A2160C",
                                      "T2220G",
                                      "T2478C",
                                      "C3845T",
                                      "T3870C",
                                      "T4140C",
                                      "G4272A",
                                      "C5138T",
                                      "C5145T",
                                      "C5300T",
                                      "A6055G",
                                      "C6243T",
                                      "C6400T",
                                      "T7549C",
                                      "T7962G",
                                      "C8361T",
                                      "G8373T",
                                      "T8751C",
                                      "C9405T",
                                      "C9849T",
                                      "T11851G",
                                      "C12235A",
                                      "C14100T",
                                      "G15054T",
                                      "T16038C",
                                      "A17199T",
                                      "C17537A",
                                      "C18240T",
                                      "G18657A"
                                    ]
                                  }
                                },
                                "children": [
                                  {
                                    "branch_attrs": {
                                      "mutations": {
                                        "nuc": [
                                          "A2056G",
                                          "G2287T",
                                          "T11253A",
                                          "T11423C",
                                          "C12299T",
                                          "A12596G",
                                          "T13596G",
                                          "C14674T",
                                          "T16101C",
                                          "G16938T",
                                          "C20235T"
                                        ]
                                      }
                                    },
                                    "name": "V349",
                                    "node_attrs": {
                                      "accession": "JX503060",
                                      "country": {
                                        "value": "netherlands"
                                      },
                                      "div": 0.005916928328405224,
                                      "num_date": {
                                        "confidence": [
                                          2010.0013698630137,
                                          2010.8101535870799
                                        ],
                                        "value": 2010.0013698630137
                                      }
                                    }
                                  },
                                  {
                                    "branch_attrs": {
                                      "mutations": {
                                        "nuc": [
                                          "G2097A",
                                          "A2898G",
                                          "C2975T",
                                          "T4593C",
                                          "T6609C",
                                          "G8937A",
                                          "T13359C",
                                          "C13791T",
                                          "A13894C",
                                          "G14922T",
                                          "C15297T",
                                          "C15480T",
                                          "T18387C",
                                          "T18784C",
                                          "C19755T",
                                          "G19869A"
                                        ]
                                      }
                                    },
                                    "children": [
                                      {
                                        "branch_attrs": {
                                          "mutations": {
                                            "nuc": [
                                              "A141G",
                                              "C1239T",
                                              "G2064T",
                                              "C2383A",
                                              "T3201C",
                                              "C3434T",
                                              "C3832T",
                                              "G4435A",
                                              "C6071T",
                                              "C6210T",
                                              "T6329G",
                                              "C7665T",
                                              "A8078C",
                                              "C9181T",
                                              "C9300A",
                                              "T9321A",
                                              "C10422A",
                                              "G11439A",
                                              "C13428T",
                                              "C13575T",
                                              "C13632A",
                                              "G14008T",
                                              "C14862T",
                                              "C14927T",
                                              "A16197G",
                                              "C16497T",
                                              "C16722T",
                                              "A17316G",
                                              "C18279T",
                                              "C18564T"
                                            ]
                                          }
                                        },
                                        "children": [
                                          {
                                            "branch_attrs": {
                                              "mutations": {}
                                            },
                                            "name": "HCoV_229E/Seattle/USA/SC1143/2016",
                                            "node_attrs": {
                                              "accession": "KY369910",
                                              "country": {
                                                "value": "usa"
                                              },
                                              "div": 0.007644223431727453,
                                              "num_date": {
                                                "confidence": [
                                                  2016.0013661202186,
                                                  2016.9986338797814
                                                ],
                                                "value": 2016.0313605863703
                                              }
                                            }
                                          },
                                          {
                                            "branch_attrs": {
                                              "mutations": {}
                                            },
                                            "name": "HCoV_229E/Seattle/USA/SC1212/2016",
                                            "node_attrs": {
                                              "accession": "KY369911",
                                              "country": {
                                                "value": "usa"
                                              },
                                              "div": 0.007644223431727453,
                                              "num_date": {
                                                "confidence": [
                                                  2016.0013661202186,
                                                  2016.9986338797814
                                                ],
                                                "value": 2016.0313605863703
                                              }
                                            }
                                          }
                                        ],
                                        "name": "NODE_0000014",
                                        "node_attrs": {
                                          "div": 0.007644223431727453,
                                          "num_date": {
                                            "confidence": [
                                              2015.6509647317005,
                                              2016.6150045134948
                                            ],
                                            "value": 2015.9227435116243
                                          }
                                        }
                                      },
                                      {
                                        "branch_attrs": {
                                          "mutations": {
                                            "nuc": [
                                              "C7557A",
                                              "C12075T",
                                              "T14055C",
                                              "C17625T",
                                              "G17904A"
                                            ]
                                          }
                                        },
                                        "children": [
                                          {
                                            "branch_attrs": {
                                              "mutations": {
                                                "nuc": [
                                                  "T8961C",
                                                  "C11805T",
                                                  "C11865T",
                                                  "C16314T"
                                                ]
                                              }
                                            },
                                            "children": [
                                              {
                                                "branch_attrs": {
                                                  "mutations": {
                                                    "nuc": [
                                                      "T846A",
                                                      "T4572C",
                                                      "C6132T",
                                                      "T7296C",
                                                      "T7500A",
                                                      "T11253C",
                                                      "A12720G",
                                                      "T13767C",
                                                      "G14308A",
                                                      "T16194C",
                                                      "T18534C",
                                                      "C18714T",
                                                      "C18825T"
                                                    ]
                                                  }
                                                },
                                                "name": "HCoV_229E/BN1/GER/2015",
                                                "node_attrs": {
                                                  "accession": "KU291448",
                                                  "country": {
                                                    "value": "germany"
                                                  },
                                                  "div": 0.007248047636333763,
                                                  "num_date": {
                                                    "confidence": [
                                                      2015.0013698630137,
                                                      2015.8488561232514
                                                    ],
                                                    "value": 2015.0013698630137
                                                  }
                                                }
                                              },
                                              {
                                                "branch_attrs": {
                                                  "mutations": {
                                                    "nuc": [
                                                      "A335G",
                                                      "G452A",
                                                      "T453C",
                                                      "C4197T",
                                                      "G4321T",
                                                      "A4668C",
                                                      "G6025A",
                                                      "C7087T",
                                                      "G9790A",
                                                      "C11037T",
                                                      "T15084C",
                                                      "G17049T",
                                                      "T18027C"
                                                    ]
                                                  }
                                                },
                                                "children": [
                                                  {
                                                    "branch_attrs": {
                                                      "mutations": {
                                                        "nuc": [
                                                          "A1539G",
                                                          "C2160T",
                                                          "C2999T",
                                                          "T4954C",
                                                          "G5440A",
                                                          "C6510T",
                                                          "C9009T",
                                                          "C10116A",
                                                          "C12843T",
                                                          "C13281T",
                                                          "G15958T"
                                                        ]
                                                      }
                                                    },
                                                    "name": "HCoV_229E/Seattle/USA/SC1073/2016",
                                                    "node_attrs": {
                                                      "accession": "KY369913",
                                                      "country": {
                                                        "value": "usa"
                                                      },
                                                      "div": 0.00779023533085511,
                                                      "num_date": {
                                                        "confidence": [
                                                          2016.1763442851775,
                                                          2016.9986338797814
                                                        ],
                                                        "value": 2016.9986338797814
                                                      }
                                                    }
                                                  },
                                                  {
                                                    "branch_attrs": {
                                                      "mutations": {
                                                        "nuc": [
                                                          "T3426C",
                                                          "G4351T",
                                                          "A5071G",
                                                          "T8448C",
                                                          "C8859T",
                                                          "G17435A",
                                                          "T17472C",
                                                          "G19368A"
                                                        ]
                                                      }
                                                    },
                                                    "children": [
                                                      {
                                                        "branch_attrs": {
                                                          "mutations": {}
                                                        },
                                                        "name": "HCoV_229E/Seattle/USA/SC677/2016",
                                                        "node_attrs": {
                                                          "accession": "KY369909",
                                                          "country": {
                                                            "value": "usa"
                                                          },
                                                          "div": 0.007642188862337944,
                                                          "num_date": {
                                                            "confidence": [
                                                              2016.0013661202186,
                                                              2016.6532162147766
                                                            ],
                                                            "value": 2016.0013661202186
                                                          }
                                                        }
                                                      },
                                                      {
                                                        "branch_attrs": {
                                                          "mutations": {}
                                                        },
                                                        "children": [
                                                          {
                                                            "branch_attrs": {
                                                              "mutations": {}
                                                            },
                                                            "name": "HCoV_229E/Seattle/USA/SC379/2016",
                                                            "node_attrs": {
                                                              "accession": "KY621348",
                                                              "country": {
                                                                "value": "usa"
                                                              },
                                                              "div": 0.007642188862337944,
                                                              "num_date": {
                                                                "confidence": [
                                                                  2016.0013661202186,
                                                                  2016.9986338797814
                                                                ],
                                                                "value": 2016.0262781230172
                                                              }
                                                            }
                                                          },
                                                          {
                                                            "branch_attrs": {
                                                              "mutations": {}
                                                            },
                                                            "name": "HCoV_229E/Seattle/USA/SC399/2016",
                                                            "node_attrs": {
                                                              "accession": "KY674914",
                                                              "country": {
                                                                "value": "usa"
                                                              },
                                                              "div": 0.007642188862337944,
                                                              "num_date": {
                                                                "confidence": [
                                                                  2016.0013661202186,
                                                                  2016.9986338797814
                                                                ],
                                                                "value": 2016.0262781230172
                                                              }
                                                            }
                                                          }
                                                        ],
                                                        "name": "NODE_0000016",
                                                        "node_attrs": {
                                                          "div": 0.007642188862337944,
                                                          "num_date": {
                                                            "confidence": [
                                                              2015.743110991753,
                                                              2016.555111225946
                                                            ],
                                                            "value": 2015.9227435116243
                                                          }
                                                        }
                                                      }
                                                    ],
                                                    "name": "NODE_0000001",
                                                    "node_attrs": {
                                                      "div": 0.007642188862337944,
                                                      "num_date": {
                                                        "confidence": [
                                                          2015.546914129785,
                                                          2016.3737877378294
                                                        ],
                                                        "value": 2015.8835499562563
                                                      }
                                                    }
                                                  }
                                                ],
                                                "name": "NODE_0000000",
                                                "node_attrs": {
                                                  "div": 0.007247888930203559,
                                                  "num_date": {
                                                    "confidence": [
                                                      2013.5698585452535,
                                                      2014.9428029780483
                                                    ],
                                                    "value": 2014.3948746254503
                                                  }
                                                }
                                              }
                                            ],
                                            "name": "NODE_0000003",
                                            "node_attrs": {
                                              "div": 0.0066069519227512094,
                                              "num_date": {
                                                "confidence": [
                                                  2010.7987707978414,
                                                  2012.4525808551823
                                                ],
                                                "value": 2011.6272291817334
                                              }
                                            }
                                          },
                                          {
                                            "branch_attrs": {
                                              "mutations": {
                                                "nuc": [
                                                  "C831T",
                                                  "C1239T",
                                                  "C2383A",
                                                  "T4243G",
                                                  "C6545T",
                                                  "C7410T",
                                                  "C8165G",
                                                  "T9569C",
                                                  "T11139A",
                                                  "C11201A",
                                                  "T12732C",
                                                  "T14487C"
                                                ]
                                              }
                                            },
                                            "children": [
                                              {
                                                "branch_attrs": {
                                                  "mutations": {
                                                    "nuc": [
                                                      "G3717A",
                                                      "G4351T",
                                                      "G7463T",
                                                      "T10848C",
                                                      "A11280G",
                                                      "C12951T",
                                                      "C13174T",
                                                      "C13935T",
                                                      "C15207T",
                                                      "A16197G",
                                                      "T18984C"
                                                    ]
                                                  }
                                                },
                                                "name": "HCoV_229E/Seattle/USA/SC2282/2017",
                                                "node_attrs": {
                                                  "accession": "KY684760",
                                                  "country": {
                                                    "value": "usa"
                                                  },
                                                  "div": 0.007544204517225073,
                                                  "num_date": {
                                                    "confidence": [
                                                      2016.0013661202186,
                                                      2016.8731491017484
                                                    ],
                                                    "value": 2016.0013661202186
                                                  }
                                                }
                                              },
                                              {
                                                "branch_attrs": {
                                                  "mutations": {
                                                    "nuc": [
                                                      "C3822T",
                                                      "G4306T",
                                                      "C7842T",
                                                      "T17666C"
                                                    ]
                                                  }
                                                },
                                                "children": [
                                                  {
                                                    "branch_attrs": {
                                                      "mutations": {
                                                        "nuc": [
                                                          "T1847C",
                                                          "G2839A",
                                                          "C5723T",
                                                          "G9646T",
                                                          "C11511A",
                                                          "T14517C",
                                                          "C14865T"
                                                        ]
                                                      }
                                                    },
                                                    "name": "HCoV_229E/Seattle/USA/SC9731/2016",
                                                    "node_attrs": {
                                                      "accession": "KY369912",
                                                      "country": {
                                                        "value": "usa"
                                                      },
                                                      "div": 0.007544099981012251,
                                                      "num_date": {
                                                        "confidence": [
                                                          2016.0013661202186,
                                                          2016.9986338797814
                                                        ],
                                                        "value": 2016.467379289163
                                                      }
                                                    }
                                                  },
                                                  {
                                                    "branch_attrs": {
                                                      "mutations": {
                                                        "nuc": [
                                                          "T5187C",
                                                          "T7302C",
                                                          "C7710A",
                                                          "C8416T",
                                                          "T15729C",
                                                          "G15879T",
                                                          "A20168G"
                                                        ]
                                                      }
                                                    },
                                                    "name": "HCoV_229E/Seattle/USA/SC9773/2016",
                                                    "node_attrs": {
                                                      "accession": "KY369914",
                                                      "country": {
                                                        "value": "usa"
                                                      },
                                                      "div": 0.00754407933982912,
                                                      "num_date": {
                                                        "confidence": [
                                                          2016.0013661202186,
                                                          2016.9986338797814
                                                        ],
                                                        "value": 2016.4671578569685
                                                      }
                                                    }
                                                  }
                                                ],
                                                "name": "NODE_0000007",
                                                "node_attrs": {
                                                  "div": 0.007198966013678034,
                                                  "num_date": {
                                                    "confidence": [
                                                      2014.0891543906473,
                                                      2015.2969518584064
                                                    ],
                                                    "value": 2014.5765255805334
                                                  }
                                                }
                                              },
                                              {
                                                "branch_attrs": {
                                                  "mutations": {
                                                    "nuc": [
                                                      "C7486T"
                                                    ]
                                                  }
                                                },
                                                "children": [
                                                  {
                                                    "branch_attrs": {
                                                      "mutations": {
                                                        "nuc": [
                                                          "T468G",
                                                          "T6163C",
                                                          "C9614T",
                                                          "G9970A",
                                                          "C11351T",
                                                          "T11988C",
                                                          "C16524T"
                                                        ]
                                                      }
                                                    },
                                                    "children": [
                                                      {
                                                        "branch_attrs": {
                                                          "mutations": {
                                                            "nuc": [
                                                              "G1736A",
                                                              "G2159A",
                                                              "A2439C",
                                                              "T2845C",
                                                              "T3961C",
                                                              "C6648T",
                                                              "C9342T",
                                                              "C10113T",
                                                              "C12696T",
                                                              "C16035T",
                                                              "T17666C",
                                                              "A18030G",
                                                              "T19047C"
                                                            ]
                                                          }
                                                        },
                                                        "name": "HCoV_229E/Seattle/USA/SC9724/2018",
                                                        "node_attrs": {
                                                          "accession": "MN369046",
                                                          "country": {
                                                            "value": "usa"
                                                          },
                                                          "div": 0.008037355369332025,
                                                          "num_date": {
                                                            "confidence": [
                                                              2018.0013698630137,
                                                              2018.9986301369863
                                                            ],
                                                            "value": 2018.825579565515
                                                          }
                                                        }
                                                      },
                                                      {
                                                        "branch_attrs": {
                                                          "mutations": {
                                                            "nuc": [
                                                              "G452A",
                                                              "C2296T",
                                                              "A3936G",
                                                              "A5160G",
                                                              "T7725C",
                                                              "G7962A",
                                                              "C8199T",
                                                              "T10188C",
                                                              "A11793G",
                                                              "T15729C",
                                                              "C15944T",
                                                              "C16446T",
                                                              "A16608G",
                                                              "A16822G",
                                                              "A17550G",
                                                              "C17760T",
                                                              "C18342T"
                                                            ]
                                                          }
                                                        },
                                                        "name": "HCoV_229E/Seattle/USA/SC0865/2019",
                                                        "node_attrs": {
                                                          "accession": "MN306046",
                                                          "country": {
                                                            "value": "usa"
                                                          },
                                                          "div": 0.008234817228873073,
                                                          "num_date": {
                                                            "confidence": [
                                                              2019.0013698630137,
                                                              2019.9986301369863
                                                            ],
                                                            "value": 2019.6688015642571
                                                          }
                                                        }
                                                      }
                                                    ],
                                                    "name": "NODE_0000009",
                                                    "node_attrs": {
                                                      "div": 0.0073962082090147565,
                                                      "num_date": {
                                                        "confidence": [
                                                          2014.6689751084602,
                                                          2015.943298512939
                                                        ],
                                                        "value": 2015.3395233269189
                                                      }
                                                    }
                                                  },
                                                  {
                                                    "branch_attrs": {
                                                      "mutations": {
                                                        "nuc": [
                                                          "T2593G",
                                                          "A15104G",
                                                          "C16131T",
                                                          "G17173A",
                                                          "C17940T",
                                                          "C18321T"
                                                        ]
                                                      }
                                                    },
                                                    "children": [
                                                      {
                                                        "branch_attrs": {
                                                          "mutations": {
                                                            "nuc": [
                                                              "G1225T",
                                                              "A2428G",
                                                              "C8416T",
                                                              "G9360A",
                                                              "G11607A",
                                                              "C13269T",
                                                              "T14661G",
                                                              "C17475T",
                                                              "T17865C",
                                                              "C18537T"
                                                            ]
                                                          }
                                                        },
                                                        "name": "HCoV_229E/Seattle/USA/SC3112/2015",
                                                        "node_attrs": {
                                                          "accession": "KY983587",
                                                          "country": {
                                                            "value": "usa"
                                                          },
                                                          "div": 0.007840120695327588,
                                                          "num_date": {
                                                            "confidence": [
                                                              2015.4606430129136,
                                                              2015.9986301369863
                                                            ],
                                                            "value": 2015.9986301369863
                                                          }
                                                        }
                                                      },
                                                      {
                                                        "branch_attrs": {
                                                          "mutations": {
                                                            "nuc": [
                                                              "G1216T",
                                                              "A3754G",
                                                              "C5670T",
                                                              "C12201T",
                                                              "C14256T",
                                                              "C16443T",
                                                              "C17988T",
                                                              "T18039G"
                                                            ]
                                                          }
                                                        },
                                                        "name": "HCoV_229E/Seattle/USA/SC579/2016",
                                                        "node_attrs": {
                                                          "accession": "KY369908",
                                                          "country": {
                                                            "value": "usa"
                                                          },
                                                          "div": 0.007741460113047064,
                                                          "num_date": {
                                                            "confidence": [
                                                              2016.0013661202186,
                                                              2016.9986338797814
                                                            ],
                                                            "value": 2016.4122245976914
                                                          }
                                                        }
                                                      },
                                                      {
                                                        "branch_attrs": {
                                                          "mutations": {
                                                            "nuc": [
                                                              "C558T",
                                                              "T2292C",
                                                              "C2662T",
                                                              "C2751T",
                                                              "C3825T",
                                                              "A5206G",
                                                              "A5449G",
                                                              "C16419T",
                                                              "C18870T",
                                                              "A19908G"
                                                            ]
                                                          }
                                                        },
                                                        "name": "HCoV_229E/Seattle/USA/SC2872/2015",
                                                        "node_attrs": {
                                                          "accession": "KY967357",
                                                          "country": {
                                                            "value": "usa"
                                                          },
                                                          "div": 0.00784013066180474,
                                                          "num_date": {
                                                            "confidence": [
                                                              2015.4606500341938,
                                                              2015.9986301369863
                                                            ],
                                                            "value": 2015.9986301369863
                                                          }
                                                        }
                                                      }
                                                    ],
                                                    "name": "NODE_0000010",
                                                    "node_attrs": {
                                                      "div": 0.007346904600034392,
                                                      "num_date": {
                                                        "confidence": [
                                                          2013.9895690919057,
                                                          2014.7652879656998
                                                        ],
                                                        "value": 2014.437194890393
                                                      }
                                                    }
                                                  }
                                                ],
                                                "name": "NODE_0000008",
                                                "node_attrs": {
                                                  "div": 0.007051073386404951,
                                                  "num_date": {
                                                    "confidence": [
                                                      2013.1360760732643,
                                                      2013.9430670351267
                                                    ],
                                                    "value": 2013.493344471273
                                                  }
                                                }
                                              }
                                            ],
                                            "name": "NODE_0000005",
                                            "node_attrs": {
                                              "div": 0.007001783960892249,
                                              "num_date": {
                                                "confidence": [
                                                  2012.9811254229485,
                                                  2013.7429243231763
                                                ],
                                                "value": 2013.1887701533644
                                              }
                                            }
                                          }
                                        ],
                                        "name": "NODE_0000004",
                                        "node_attrs": {
                                          "div": 0.006409821238446539,
                                          "num_date": {
                                            "confidence": [
                                              2009.6085263239197,
                                              2011.4347340891893
                                            ],
                                            "value": 2010.4979254791704
                                          }
                                        }
                                      }
                                    ],
                                    "name": "NODE_0000013",
                                    "node_attrs": {
                                      "div": 0.00616342355799881,
                                      "num_date": {
                                        "confidence": [
                                          2008.3318360917756,
                                          2010.260298886387
                                        ],
                                        "value": 2009.5226020300825
                                      }
                                    }
                                  }
                                ],
                                "name": "NODE_0000015",
                                "node_attrs": {
                                  "div": 0.0053746114719131315,
                                  "num_date": {
                                    "confidence": [
                                      2005.0302181668367,
                                      2007.4356064188398
                                    ],
                                    "value": 2006.0445172628038
                                  }
                                }
                              }
                            ],
                            "name": "NODE_0000017",
                            "node_attrs": {
                              "div": 0.0038946113181552253,
                              "num_date": {
                                "confidence": [
                                  1996.6054296322295,
                                  1999.4168445964392
                                ],
                                "value": 1997.721234650205
                              }
                            }
                          }
                        ],
                        "name": "NODE_0000018",
                        "node_attrs": {
                          "div": 0.0029086837839277626,
                          "num_date": {
                            "confidence": [
                              1991.2659318811384,
                              1992.8792239901436
                            ],
                            "value": 1992.5101652536102
                          }
                        }
                      }
                    ],
                    "name": "NODE_0000019",
                    "node_attrs": {
                      "div": 0.0028101736563646224,
                      "num_date": {
                        "confidence": [
                          1990.6195856271772,
                          1992.1148439562808
                        ],
                        "value": 1991.316869564804
                      }
                    }
                  }
                ],
                "name": "NODE_0000020",
                "node_attrs": {
                  "div": 0.00241608343254503,
                  "num_date": {
                    "confidence": [
                      1987.9721595881247,
                      1990.0661512392096
                    ],
                    "value": 1989.3714440035108
                  }
                }
              }
            ],
            "name": "NODE_0000021",
            "node_attrs": {
              "div": 0.0023175938808410864,
              "num_date": {
                "confidence": [
                  1987.4947413810748,
                  1989.3508422341188
                ],
                "value": 1988.570899437079
              }
            }
          }
        ],
        "name": "NODE_0000022",
        "node_attrs": {
          "div": 0.001529096531504394,
          "num_date": {
            "confidence": [
              1983.7594978853424,
              1986.3120478323378
            ],
            "value": 1984.917469127171
          }
        }
      }
    ],
    "name": "NODE_0000002",
    "node_attrs": {
      "div": 0,
      "num_date": {
        "confidence": [
          1972.3066627383794,
          1979.9151505970483
        ],
        "value": 1976.9155283834648
      }
    }
  },
  "version": "v2"
}