{
  "meta": {
    "colorings": [
      {
        "key": "num_date",
        "title": "Sampling date",
        "type": "continuous"
      },
      {
        "key": "gt",
        "title": "Genotype",
        "type": "categorical"
      },
      {
        "key": "country",
        "title": "country",
        "type": "categorical"
      }
    ],
    "display_defaults": {
      "color_by": "country",
      "map_triplicate": true
    },
    "filters": [
      "host"
    ],
    "genome_annotations": {
      "nuc": {
        "end": 267,
        "seqid": "config/229e_protein4b_reference.gb",
        "start": 1,
        "strand": "+",
        "type": "source"
      }
    },
    "maintainers": [
      {
        "name": "Katie Kistler"
      }
    ],
    "panels": [
      "tree"
    ],
    "title": "Genetic diversity of seasonal coronaviruses. Data collected by Vipr",
    "updated": "2020-04-18"
  },
  "tree": {
    "branch_attrs": {
      "mutations": {}
    },
    "children": [
      {
        "branch_attrs": {
          "mutations": {
            "nuc": [
              "C51T",
              "A100T",
              "C106T",
              "T120C",
              "T240C"
            ]
          }
        },
        "name": "229E",
        "node_attrs": {
          "accession": "KF293666",
          "country": {
            "value": "thailand"
          },
          "div": 0.011425587332715469,
          "num_date": {
            "confidence": [
              2011.9493150684932,
              2011.9493150684932
            ],
            "value": 2011.9493150684932
          }
        }
      },
      {
        "branch_attrs": {
          "mutations": {}
        },
        "children": [
          {
            "branch_attrs": {
              "mutations": {}
            },
            "children": [
              {
                "branch_attrs": {
                  "mutations": {}
                },
                "name": "229E/human/USA/892_11/1989",
                "node_attrs": {
                  "accession": "KF514429",
                  "country": {
                    "value": "usa"
                  },
                  "div": 0.0075985891241559045,
                  "num_date": {
                    "confidence": [
                      1989.1027397260275,
                      1989.1027397260275
                    ],
                    "value": 1989.1027397260275
                  }
                }
              },
              {
                "branch_attrs": {
                  "mutations": {}
                },
                "children": [
                  {
                    "branch_attrs": {
                      "mutations": {}
                    },
                    "name": "229E/human/USA/932_72/1993",
                    "node_attrs": {
                      "accession": "KF514432",
                      "country": {
                        "value": "usa"
                      },
                      "div": 0.007598589124155905,
                      "num_date": {
                        "confidence": [
                          1993.1438356164383,
                          1993.1438356164383
                        ],
                        "value": 1993.1438356164383
                      }
                    }
                  },
                  {
                    "branch_attrs": {
                      "mutations": {}
                    },
                    "children": [
                      {
                        "branch_attrs": {
                          "mutations": {}
                        },
                        "name": "229E/human/USA/953_49/1995",
                        "node_attrs": {
                          "accession": "KF514431",
                          "country": {
                            "value": "usa"
                          },
                          "div": 0.007598589124155906,
                          "num_date": {
                            "confidence": [
                              1995.2232876712328,
                              1995.2232876712328
                            ],
                            "value": 1995.2232876712328
                          }
                        }
                      },
                      {
                        "branch_attrs": {
                          "mutations": {}
                        },
                        "name": "229E/human/USA/933_40/1993",
                        "node_attrs": {
                          "accession": "KF514433",
                          "country": {
                            "value": "usa"
                          },
                          "div": 0.007598589124155906,
                          "num_date": {
                            "confidence": [
                              1993.190410958904,
                              1993.190410958904
                            ],
                            "value": 1993.190410958904
                          }
                        }
                      }
                    ],
                    "name": "NODE_0000003",
                    "node_attrs": {
                      "div": 0.007598589124155905,
                      "num_date": {
                        "confidence": [
                          1990.812866351349,
                          1993.190410958904
                        ],
                        "value": 1993.190410958904
                      }
                    }
                  }
                ],
                "name": "NODE_0000002",
                "node_attrs": {
                  "div": 0.0075985891241559045,
                  "num_date": {
                    "confidence": [
                      1988.5180446737158,
                      1993.1362808006772
                    ],
                    "value": 1991.1753126488784
                  }
                }
              }
            ],
            "name": "NODE_0000004",
            "node_attrs": {
              "div": 0.007598589124155904,
              "num_date": {
                "confidence": [
                  1986.7252251275788,
                  1989.1027397260275
                ],
                "value": 1989.1027397260275
              }
            }
          },
          {
            "branch_attrs": {
              "mutations": {
                "nuc": [
                  "T69C",
                  "C87T"
                ]
              }
            },
            "children": [
              {
                "branch_attrs": {
                  "mutations": {}
                },
                "name": "V349",
                "node_attrs": {
                  "accession": "JX503060",
                  "country": {
                    "value": "netherlands"
                  },
                  "div": 0.015181753732988178,
                  "num_date": {
                    "confidence": [
                      2010.0013698630137,
                      2010.9986301369863
                    ],
                    "value": 2010.0013698630137
                  }
                }
              },
              {
                "branch_attrs": {
                  "mutations": {}
                },
                "children": [
                  {
                    "branch_attrs": {
                      "mutations": {}
                    },
                    "children": [
                      {
                        "branch_attrs": {
                          "mutations": {}
                        },
                        "children": [
                          {
                            "branch_attrs": {
                              "mutations": {}
                            },
                            "name": "HCoV_229E/Seattle/USA/SC2872/2015",
                            "node_attrs": {
                              "accession": "KY967357",
                              "country": {
                                "value": "usa"
                              },
                              "div": 0.015181753732988183,
                              "num_date": {
                                "confidence": [
                                  2015.0013698630137,
                                  2015.9986301369863
                                ],
                                "value": 2015.0091518758702
                              }
                            }
                          },
                          {
                            "branch_attrs": {
                              "mutations": {}
                            },
                            "children": [
                              {
                                "branch_attrs": {
                                  "mutations": {}
                                },
                                "name": "HCoV_229E/Seattle/USA/SC1073/2016",
                                "node_attrs": {
                                  "accession": "KY369913",
                                  "country": {
                                    "value": "usa"
                                  },
                                  "div": 0.015181753732988185,
                                  "num_date": {
                                    "confidence": [
                                      2016.0013661202186,
                                      2016.9986338797814
                                    ],
                                    "value": 2016.252282032003
                                  }
                                }
                              },
                              {
                                "branch_attrs": {
                                  "mutations": {}
                                },
                                "name": "HCoV_229E/Seattle/USA/SC0865/2019",
                                "node_attrs": {
                                  "accession": "MN306046",
                                  "country": {
                                    "value": "usa"
                                  },
                                  "div": 0.015181753732988185,
                                  "num_date": {
                                    "confidence": [
                                      2019.0013698630137,
                                      2019.8954957611518
                                    ],
                                    "value": 2019.0013698630137
                                  }
                                }
                              }
                            ],
                            "name": "NODE_0000008",
                            "node_attrs": {
                              "div": 0.015181753732988183,
                              "num_date": {
                                "confidence": [
                                  2014.430544063506,
                                  2016.3472492259823
                                ],
                                "value": 2014.9473207947485
                              }
                            }
                          }
                        ],
                        "name": "NODE_0000007",
                        "node_attrs": {
                          "div": 0.015181753732988182,
                          "num_date": {
                            "confidence": [
                              2014.2509219885737,
                              2015.985594368044
                            ],
                            "value": 2014.8516358273191
                          }
                        }
                      },
                      {
                        "branch_attrs": {
                          "mutations": {}
                        },
                        "children": [
                          {
                            "branch_attrs": {
                              "mutations": {}
                            },
                            "children": [
                              {
                                "branch_attrs": {
                                  "mutations": {}
                                },
                                "name": "HCoV_229E/Seattle/USA/SC579/2016",
                                "node_attrs": {
                                  "accession": "KY369908",
                                  "country": {
                                    "value": "usa"
                                  },
                                  "div": 0.015181753732988185,
                                  "num_date": {
                                    "confidence": [
                                      2016.0013661202186,
                                      2016.9986338797814
                                    ],
                                    "value": 2016.2948348580724
                                  }
                                }
                              },
                              {
                                "branch_attrs": {
                                  "mutations": {}
                                },
                                "name": "HCoV_229E/Seattle/USA/SC1143/2016",
                                "node_attrs": {
                                  "accession": "KY369910",
                                  "country": {
                                    "value": "usa"
                                  },
                                  "div": 0.015181753732988185,
                                  "num_date": {
                                    "confidence": [
                                      2016.0013661202186,
                                      2016.9986338797814
                                    ],
                                    "value": 2016.2948348580724
                                  }
                                }
                              }
                            ],
                            "name": "NODE_0000010",
                            "node_attrs": {
                              "div": 0.015181753732988183,
                              "num_date": {
                                "confidence": [
                                  2014.4334358539995,
                                  2016.5891599338427
                                ],
                                "value": 2014.9600813858287
                              }
                            }
                          },
                          {
                            "branch_attrs": {
                              "mutations": {}
                            },
                            "children": [
                              {
                                "branch_attrs": {
                                  "mutations": {}
                                },
                                "name": "HCoV_229E/Seattle/USA/SC1212/2016",
                                "node_attrs": {
                                  "accession": "KY369911",
                                  "country": {
                                    "value": "usa"
                                  },
                                  "div": 0.015181753732988185,
                                  "num_date": {
                                    "confidence": [
                                      2016.0013661202186,
                                      2016.9986338797814
                                    ],
                                    "value": 2016.2948348580724
                                  }
                                }
                              },
                              {
                                "branch_attrs": {
                                  "mutations": {}
                                },
                                "name": "HCoV_229E/Seattle/USA/SC9773/2016",
                                "node_attrs": {
                                  "accession": "KY369914",
                                  "country": {
                                    "value": "usa"
                                  },
                                  "div": 0.015181753732988185,
                                  "num_date": {
                                    "confidence": [
                                      2016.0013661202186,
                                      2016.9986338797814
                                    ],
                                    "value": 2016.2948348580724
                                  }
                                }
                              }
                            ],
                            "name": "NODE_0000011",
                            "node_attrs": {
                              "div": 0.015181753732988183,
                              "num_date": {
                                "confidence": [
                                  2014.4334358539995,
                                  2016.5891599338427
                                ],
                                "value": 2014.9600813858287
                              }
                            }
                          }
                        ],
                        "name": "NODE_0000009",
                        "node_attrs": {
                          "div": 0.015181753732988182,
                          "num_date": {
                            "confidence": [
                              2014.427427977662,
                              2016.2505626098882
                            ],
                            "value": 2014.9600813858287
                          }
                        }
                      }
                    ],
                    "name": "NODE_0000006",
                    "node_attrs": {
                      "div": 0.01518175373298818,
                      "num_date": {
                        "confidence": [
                          2009.5086392404992,
                          2015.9603240267177
                        ],
                        "value": 2014.8385429985474
                      }
                    }
                  },
                  {
                    "branch_attrs": {
                      "mutations": {}
                    },
                    "children": [
                      {
                        "branch_attrs": {
                          "mutations": {}
                        },
                        "children": [
                          {
                            "branch_attrs": {
                              "mutations": {}
                            },
                            "children": [
                              {
                                "branch_attrs": {
                                  "mutations": {}
                                },
                                "name": "HCoV_229E/Seattle/USA/SC2282/2017",
                                "node_attrs": {
                                  "accession": "KY684760",
                                  "country": {
                                    "value": "usa"
                                  },
                                  "div": 0.015181753732988185,
                                  "num_date": {
                                    "confidence": [
                                      2016.0013661202186,
                                      2016.9986338797814
                                    ],
                                    "value": 2016.3012039619734
                                  }
                                }
                              },
                              {
                                "branch_attrs": {
                                  "mutations": {}
                                },
                                "name": "HCoV_229E/Seattle/USA/SC9731/2016",
                                "node_attrs": {
                                  "accession": "KY369912",
                                  "country": {
                                    "value": "usa"
                                  },
                                  "div": 0.015181753732988185,
                                  "num_date": {
                                    "confidence": [
                                      2016.0013661202186,
                                      2016.9986338797814
                                    ],
                                    "value": 2016.3012039619734
                                  }
                                }
                              }
                            ],
                            "name": "NODE_0000015",
                            "node_attrs": {
                              "div": 0.015181753732988183,
                              "num_date": {
                                "confidence": [
                                  2014.74625042119,
                                  2016.2007073808134
                                ],
                                "value": 2015.9666151952347
                              }
                            }
                          },
                          {
                            "branch_attrs": {
                              "mutations": {}
                            },
                            "children": [
                              {
                                "branch_attrs": {
                                  "mutations": {}
                                },
                                "name": "HCoV_229E/Seattle/USA/SC379/2016",
                                "node_attrs": {
                                  "accession": "KY621348",
                                  "country": {
                                    "value": "usa"
                                  },
                                  "div": 0.015181753732988185,
                                  "num_date": {
                                    "confidence": [
                                      2016.0013661202186,
                                      2016.9986338797814
                                    ],
                                    "value": 2016.3012039619734
                                  }
                                }
                              },
                              {
                                "branch_attrs": {
                                  "mutations": {}
                                },
                                "name": "HCoV_229E/Seattle/USA/SC399/2016",
                                "node_attrs": {
                                  "accession": "KY674914",
                                  "country": {
                                    "value": "usa"
                                  },
                                  "div": 0.015181753732988185,
                                  "num_date": {
                                    "confidence": [
                                      2016.0013661202186,
                                      2016.9986338797814
                                    ],
                                    "value": 2016.3012039619734
                                  }
                                }
                              }
                            ],
                            "name": "NODE_0000016",
                            "node_attrs": {
                              "div": 0.015181753732988183,
                              "num_date": {
                                "confidence": [
                                  2014.74625042119,
                                  2016.2007073808134
                                ],
                                "value": 2015.9666151952347
                              }
                            }
                          }
                        ],
                        "name": "NODE_0000013",
                        "node_attrs": {
                          "div": 0.015181753732988182,
                          "num_date": {
                            "confidence": [
                              2014.0552822373636,
                              2016.39560459248
                            ],
                            "value": 2014.8950466817535
                          }
                        }
                      },
                      {
                        "branch_attrs": {
                          "mutations": {}
                        },
                        "children": [
                          {
                            "branch_attrs": {
                              "mutations": {}
                            },
                            "children": [
                              {
                                "branch_attrs": {
                                  "mutations": {}
                                },
                                "name": "229E/Haiti_1/2016",
                                "node_attrs": {
                                  "accession": "MF542265",
                                  "country": {
                                    "value": "haiti"
                                  },
                                  "div": 0.015181753732988185,
                                  "num_date": {
                                    "confidence": [
                                      2016.1653005464482,
                                      2016.2472677595629
                                    ],
                                    "value": 2016.1686053949295
                                  }
                                }
                              },
                              {
                                "branch_attrs": {
                                  "mutations": {}
                                },
                                "name": "HCoV_229E/Seattle/USA/SC9724/2018",
                                "node_attrs": {
                                  "accession": "MN369046",
                                  "country": {
                                    "value": "usa"
                                  },
                                  "div": 0.015181753732988185,
                                  "num_date": {
                                    "confidence": [
                                      2018.0013698630137,
                                      2018.8935390481972
                                    ],
                                    "value": 2018.0013698630137
                                  }
                                }
                              }
                            ],
                            "name": "NODE_0000019",
                            "node_attrs": {
                              "div": 0.015181753732988183,
                              "num_date": {
                                "confidence": [
                                  2014.5309021398687,
                                  2016.2342329059136
                                ],
                                "value": 2014.9678879450846
                              }
                            }
                          },
                          {
                            "branch_attrs": {
                              "mutations": {}
                            },
                            "children": [
                              {
                                "branch_attrs": {
                                  "mutations": {}
                                },
                                "name": "HCoV_229E/Seattle/USA/SC3112/2015",
                                "node_attrs": {
                                  "accession": "KY983587",
                                  "country": {
                                    "value": "usa"
                                  },
                                  "div": 0.015181753732988185,
                                  "num_date": {
                                    "confidence": [
                                      2015.0013698630137,
                                      2015.9986301369863
                                    ],
                                    "value": 2015.0013698630137
                                  }
                                }
                              },
                              {
                                "branch_attrs": {
                                  "mutations": {}
                                },
                                "name": "HCoV_229E/BN1/GER/2015",
                                "node_attrs": {
                                  "accession": "KU291448",
                                  "country": {
                                    "value": "germany"
                                  },
                                  "div": 0.015181753732988185,
                                  "num_date": {
                                    "confidence": [
                                      2015.0013698630137,
                                      2015.9986301369863
                                    ],
                                    "value": 2015.0013698630137
                                  }
                                }
                              }
                            ],
                            "name": "NODE_0000020",
                            "node_attrs": {
                              "div": 0.015181753732988183,
                              "num_date": {
                                "confidence": [
                                  2014.539776280655,
                                  2015.985594368044
                                ],
                                "value": 2014.9645273814867
                              }
                            }
                          }
                        ],
                        "name": "NODE_0000017",
                        "node_attrs": {
                          "div": 0.015181753732988182,
                          "num_date": {
                            "confidence": [
                              2013.8318725826405,
                              2015.9603240267177
                            ],
                            "value": 2014.9645273814867
                          }
                        }
                      }
                    ],
                    "name": "NODE_0000012",
                    "node_attrs": {
                      "div": 0.01518175373298818,
                      "num_date": {
                        "confidence": [
                          2009.134108511809,
                          2015.9235745928627
                        ],
                        "value": 2014.8386877762757
                      }
                    }
                  }
                ],
                "name": "NODE_0000005",
                "node_attrs": {
                  "div": 0.015181753732988178,
                  "num_date": {
                    "confidence": [
                      2005.0720159324662,
                      2015.8782353575668
                    ],
                    "value": 2014.8248037574724
                  }
                }
              }
            ],
            "name": "NODE_0000014",
            "node_attrs": {
              "div": 0.015181753732988176,
              "num_date": {
                "confidence": [
                  1999.0154350767032,
                  2010.985594368044
                ],
                "value": 2008.113100461799
              }
            }
          }
        ],
        "name": "NODE_0000018",
        "node_attrs": {
          "div": 0.007598589124155903,
          "num_date": {
            "confidence": [
              1624.5781231765825,
              1989.0766701826635
            ],
            "value": 1988.0512681436799
          }
        }
      }
    ],
    "name": "NODE_0000000",
    "node_attrs": {
      "div": 0,
      "num_date": {
        "confidence": [
          1523.1003027264862,
          1989.0397397655938
        ],
        "value": 1987.9271480789696
      }
    }
  },
  "version": "v2"
}