{
  "meta": {
    "colorings": [
      {
        "key": "num_date",
        "title": "Sampling date",
        "type": "continuous"
      },
      {
        "key": "gt",
        "title": "Genotype",
        "type": "categorical"
      },
      {
        "key": "country",
        "title": "country",
        "type": "categorical"
      }
    ],
    "display_defaults": {
      "color_by": "country",
      "map_triplicate": true
    },
    "filters": [
      "host"
    ],
    "genome_annotations": {
      "nuc": {
        "end": 1170,
        "seqid": "config/229e_nucleocapsid_reference.gb",
        "start": 1,
        "strand": "+",
        "type": "source"
      }
    },
    "maintainers": [
      {
        "name": "Katie Kistler"
      }
    ],
    "panels": [
      "tree"
    ],
    "title": "Genetic diversity of seasonal coronaviruses. Data collected by Vipr",
    "updated": "2020-04-18"
  },
  "tree": {
    "branch_attrs": {
      "mutations": {}
    },
    "children": [
      {
        "branch_attrs": {
          "mutations": {
            "nuc": [
              "T232C",
              "A234G",
              "T450G",
              "A459G",
              "T493C",
              "C558T",
              "C606T",
              "T670A",
              "G673T",
              "T683G",
              "C762T",
              "T894A",
              "T909G",
              "C966T",
              "C982T",
              "A1020G",
              "C1092T",
              "T1112C"
            ]
          }
        },
        "name": "229E",
        "node_attrs": {
          "accession": "KF293666",
          "country": {
            "value": "thailand"
          },
          "div": 0.013858621543814299,
          "num_date": {
            "confidence": [
              2011.9493150684932,
              2011.9493150684932
            ],
            "value": 2011.9493150684932
          }
        }
      },
      {
        "branch_attrs": {
          "mutations": {}
        },
        "children": [
          {
            "branch_attrs": {
              "mutations": {
                "nuc": [
                  "C432T",
                  "T660C",
                  "A1069G"
                ]
              }
            },
            "name": "229E/human/USA/892_11/1989",
            "node_attrs": {
              "accession": "KF514429",
              "country": {
                "value": "usa"
              },
              "div": 0.004284832833213593,
              "num_date": {
                "confidence": [
                  1989.1027397260275,
                  1989.1027397260275
                ],
                "value": 1989.1027397260275
              }
            }
          },
          {
            "branch_attrs": {
              "mutations": {
                "nuc": [
                  "T1053G"
                ]
              }
            },
            "children": [
              {
                "branch_attrs": {
                  "mutations": {
                    "nuc": [
                      "A972G"
                    ]
                  }
                },
                "name": "229E/human/USA/933_50/1993",
                "node_attrs": {
                  "accession": "KF514430",
                  "country": {
                    "value": "usa"
                  },
                  "div": 0.0034265577206704194,
                  "num_date": {
                    "confidence": [
                      1993.2095890410958,
                      1993.2095890410958
                    ],
                    "value": 1993.2095890410958
                  }
                }
              },
              {
                "branch_attrs": {
                  "mutations": {
                    "nuc": [
                      "A1164C"
                    ]
                  }
                },
                "children": [
                  {
                    "branch_attrs": {
                      "mutations": {
                        "nuc": [
                          "G52A"
                        ]
                      }
                    },
                    "name": "229E/human/USA/933_40/1993",
                    "node_attrs": {
                      "accession": "KF514433",
                      "country": {
                        "value": "usa"
                      },
                      "div": 0.004282765540843979,
                      "num_date": {
                        "confidence": [
                          1993.190410958904,
                          1993.190410958904
                        ],
                        "value": 1993.190410958904
                      }
                    }
                  },
                  {
                    "branch_attrs": {
                      "mutations": {}
                    },
                    "children": [
                      {
                        "branch_attrs": {
                          "mutations": {
                            "nuc": [
                              "C954T"
                            ]
                          }
                        },
                        "name": "229E/human/USA/953_49/1995",
                        "node_attrs": {
                          "accession": "KF514431",
                          "country": {
                            "value": "usa"
                          },
                          "div": 0.00428260817613987,
                          "num_date": {
                            "confidence": [
                              1995.2232876712328,
                              1995.2232876712328
                            ],
                            "value": 1995.2232876712328
                          }
                        }
                      },
                      {
                        "branch_attrs": {
                          "mutations": {}
                        },
                        "children": [
                          {
                            "branch_attrs": {
                              "mutations": {}
                            },
                            "name": "229E/human/USA/932_72/1993",
                            "node_attrs": {
                              "accession": "KF514432",
                              "country": {
                                "value": "usa"
                              },
                              "div": 0.003426661460689202,
                              "num_date": {
                                "confidence": [
                                  1993.1438356164383,
                                  1993.1438356164383
                                ],
                                "value": 1993.1438356164383
                              }
                            }
                          },
                          {
                            "branch_attrs": {
                              "mutations": {
                                "nuc": [
                                  "C300T",
                                  "G465T"
                                ]
                              }
                            },
                            "children": [
                              {
                                "branch_attrs": {
                                  "mutations": {
                                    "nuc": [
                                      "C588G",
                                      "C984T"
                                    ]
                                  }
                                },
                                "name": "N08_434B",
                                "node_attrs": {
                                  "accession": "KY674919",
                                  "country": {
                                    "value": "usa"
                                  },
                                  "div": 0.0068561209826629695,
                                  "num_date": {
                                    "confidence": [
                                      2016.0013661202186,
                                      2016.8791140989633
                                    ],
                                    "value": 2016.0013661202186
                                  }
                                }
                              },
                              {
                                "branch_attrs": {
                                  "mutations": {
                                    "nuc": [
                                      "A269C",
                                      "G658T",
                                      "C1083T"
                                    ]
                                  }
                                },
                                "children": [
                                  {
                                    "branch_attrs": {
                                      "mutations": {
                                        "nuc": [
                                          "A132G"
                                        ]
                                      }
                                    },
                                    "name": "J0304",
                                    "node_attrs": {
                                      "accession": "JX503061",
                                      "country": {
                                        "value": "italy"
                                      },
                                      "div": 0.008563746287665722,
                                      "num_date": {
                                        "confidence": [
                                          2009.0013698630137,
                                          2009.960142415695
                                        ],
                                        "value": 2009.0013698630137
                                      }
                                    }
                                  },
                                  {
                                    "branch_attrs": {
                                      "mutations": {
                                        "nuc": [
                                          "C966T"
                                        ]
                                      }
                                    },
                                    "name": "452_Yamagata_2008",
                                    "node_attrs": {
                                      "accession": "LC005736",
                                      "country": {
                                        "value": "japan"
                                      },
                                      "div": 0.008567750165031167,
                                      "num_date": {
                                        "confidence": [
                                          2008.1351039544625,
                                          2008.9986338797814
                                        ],
                                        "value": 2008.9986338797814
                                      }
                                    }
                                  }
                                ],
                                "name": "NODE_0000042",
                                "node_attrs": {
                                  "div": 0.007709041174153173,
                                  "num_date": {
                                    "confidence": [
                                      2005.831362424841,
                                      2008.560235604474
                                    ],
                                    "value": 2007.8404662334215
                                  }
                                }
                              },
                              {
                                "branch_attrs": {
                                  "mutations": {
                                    "nuc": [
                                      "T66C",
                                      "C261T",
                                      "G475A"
                                    ]
                                  }
                                },
                                "children": [
                                  {
                                    "branch_attrs": {
                                      "mutations": {
                                        "nuc": [
                                          "G971A"
                                        ]
                                      }
                                    },
                                    "name": "432A_2007",
                                    "node_attrs": {
                                      "accession": "KM055515",
                                      "country": {
                                        "value": "china"
                                      },
                                      "div": 0.008565753775841076,
                                      "num_date": {
                                        "confidence": [
                                          2007.1486077963766,
                                          2007.9986301369863
                                        ],
                                        "value": 2007.9986301369863
                                      }
                                    }
                                  },
                                  {
                                    "branch_attrs": {
                                      "mutations": {
                                        "nuc": [
                                          "T630C"
                                        ]
                                      }
                                    },
                                    "children": [
                                      {
                                        "branch_attrs": {
                                          "mutations": {}
                                        },
                                        "name": "756_Yamagata_2010",
                                        "node_attrs": {
                                          "accession": "LC005737",
                                          "country": {
                                            "value": "japan"
                                          },
                                          "div": 0.008565574999286093,
                                          "num_date": {
                                            "confidence": [
                                              2010.0013698630137,
                                              2010.9986301369863
                                            ],
                                            "value": 2010.2320235952238
                                          }
                                        }
                                      },
                                      {
                                        "branch_attrs": {
                                          "mutations": {
                                            "nuc": [
                                              "T795C"
                                            ]
                                          }
                                        },
                                        "name": "1060_Yamagata_2010",
                                        "node_attrs": {
                                          "accession": "LC005741",
                                          "country": {
                                            "value": "japan"
                                          },
                                          "div": 0.009425374847843311,
                                          "num_date": {
                                            "confidence": [
                                              2010.0013698630137,
                                              2010.9986301369863
                                            ],
                                            "value": 2010.1747729548322
                                          }
                                        }
                                      },
                                      {
                                        "branch_attrs": {
                                          "mutations": {
                                            "nuc": [
                                              "C801T"
                                            ]
                                          }
                                        },
                                        "name": "777_Yamagata_2010",
                                        "node_attrs": {
                                          "accession": "LC005739",
                                          "country": {
                                            "value": "japan"
                                          },
                                          "div": 0.009425396986495166,
                                          "num_date": {
                                            "confidence": [
                                              2010.0013698630137,
                                              2010.9986301369863
                                            ],
                                            "value": 2010.1747886329672
                                          }
                                        }
                                      },
                                      {
                                        "branch_attrs": {
                                          "mutations": {
                                            "nuc": [
                                              "C1075T"
                                            ]
                                          }
                                        },
                                        "name": "V349",
                                        "node_attrs": {
                                          "accession": "JX503060",
                                          "country": {
                                            "value": "netherlands"
                                          },
                                          "div": 0.009421493756513709,
                                          "num_date": {
                                            "confidence": [
                                              2010.0013698630137,
                                              2010.9986301369863
                                            ],
                                            "value": 2010.5995587641407
                                          }
                                        }
                                      },
                                      {
                                        "branch_attrs": {
                                          "mutations": {
                                            "nuc": [
                                              "G213A"
                                            ]
                                          }
                                        },
                                        "children": [
                                          {
                                            "branch_attrs": {
                                              "mutations": {}
                                            },
                                            "name": "775_Yamagata_2010",
                                            "node_attrs": {
                                              "accession": "LC005738",
                                              "country": {
                                                "value": "japan"
                                              },
                                              "div": 0.009421650634644113,
                                              "num_date": {
                                                "confidence": [
                                                  2010.0013698630137,
                                                  2010.9986301369863
                                                ],
                                                "value": 2010.4390453237343
                                              }
                                            }
                                          },
                                          {
                                            "branch_attrs": {
                                              "mutations": {}
                                            },
                                            "name": "882_Yamagata_2010",
                                            "node_attrs": {
                                              "accession": "LC005740",
                                              "country": {
                                                "value": "japan"
                                              },
                                              "div": 0.009421650634644113,
                                              "num_date": {
                                                "confidence": [
                                                  2010.0013698630137,
                                                  2010.9986301369863
                                                ],
                                                "value": 2010.4390453237343
                                              }
                                            }
                                          }
                                        ],
                                        "name": "NODE_0000038",
                                        "node_attrs": {
                                          "div": 0.009421650634644107,
                                          "num_date": {
                                            "confidence": [
                                              2009.629468715387,
                                              2010.5915940294253
                                            ],
                                            "value": 2010.2082720493481
                                          }
                                        }
                                      },
                                      {
                                        "branch_attrs": {
                                          "mutations": {
                                            "nuc": [
                                              "A136G",
                                              "T419C"
                                            ]
                                          }
                                        },
                                        "children": [
                                          {
                                            "branch_attrs": {
                                              "mutations": {
                                                "nuc": [
                                                  "C228A",
                                                  "C954T",
                                                  "C1167T"
                                                ]
                                              }
                                            },
                                            "name": "HCoV_229E/BN1/GER/2015",
                                            "node_attrs": {
                                              "accession": "KU291448",
                                              "country": {
                                                "value": "germany"
                                              },
                                              "div": 0.012849576894913685,
                                              "num_date": {
                                                "confidence": [
                                                  2015.0013698630137,
                                                  2015.8760574197886
                                                ],
                                                "value": 2015.0013698630137
                                              }
                                            }
                                          },
                                          {
                                            "branch_attrs": {
                                              "mutations": {
                                                "nuc": [
                                                  "T1113A"
                                                ]
                                              }
                                            },
                                            "name": "13MYKL1847",
                                            "node_attrs": {
                                              "accession": "KT359768",
                                              "country": {
                                                "value": "malaysia"
                                              },
                                              "div": 0.011135016741173943,
                                              "num_date": {
                                                "confidence": [
                                                  2013.0013698630137,
                                                  2013.9986301369863
                                                ],
                                                "value": 2013.143235146719
                                              }
                                            }
                                          },
                                          {
                                            "branch_attrs": {
                                              "mutations": {}
                                            },
                                            "name": "13MYKL1883",
                                            "node_attrs": {
                                              "accession": "KT359769",
                                              "country": {
                                                "value": "malaysia"
                                              },
                                              "div": 0.0102780983865019,
                                              "num_date": {
                                                "confidence": [
                                                  2013.0013698630137,
                                                  2013.855841918276
                                                ],
                                                "value": 2013.0013698630137
                                              }
                                            }
                                          },
                                          {
                                            "branch_attrs": {
                                              "mutations": {}
                                            },
                                            "name": "12MYKL1076",
                                            "node_attrs": {
                                              "accession": "KT359762",
                                              "country": {
                                                "value": "malaysia"
                                              },
                                              "div": 0.0102780983865019,
                                              "num_date": {
                                                "confidence": [
                                                  2012.0013661202186,
                                                  2012.9986338797814
                                                ],
                                                "value": 2012.2878773984871
                                              }
                                            }
                                          },
                                          {
                                            "branch_attrs": {
                                              "mutations": {}
                                            },
                                            "name": "12MYKL0543",
                                            "node_attrs": {
                                              "accession": "KT359760",
                                              "country": {
                                                "value": "malaysia"
                                              },
                                              "div": 0.0102780983865019,
                                              "num_date": {
                                                "confidence": [
                                                  2012.0013661202186,
                                                  2012.9986338797814
                                                ],
                                                "value": 2012.2878773984871
                                              }
                                            }
                                          },
                                          {
                                            "branch_attrs": {
                                              "mutations": {}
                                            },
                                            "name": "12MYKL1271",
                                            "node_attrs": {
                                              "accession": "KT359764",
                                              "country": {
                                                "value": "malaysia"
                                              },
                                              "div": 0.0102780983865019,
                                              "num_date": {
                                                "confidence": [
                                                  2012.0013661202186,
                                                  2012.9986338797814
                                                ],
                                                "value": 2012.2878773984871
                                              }
                                            }
                                          },
                                          {
                                            "branch_attrs": {
                                              "mutations": {}
                                            },
                                            "name": "12MYKL0667",
                                            "node_attrs": {
                                              "accession": "KT359761",
                                              "country": {
                                                "value": "malaysia"
                                              },
                                              "div": 0.0102780983865019,
                                              "num_date": {
                                                "confidence": [
                                                  2012.0013661202186,
                                                  2012.9986338797814
                                                ],
                                                "value": 2012.2878773984871
                                              }
                                            }
                                          },
                                          {
                                            "branch_attrs": {
                                              "mutations": {}
                                            },
                                            "name": "12MYKL0051",
                                            "node_attrs": {
                                              "accession": "KT359753",
                                              "country": {
                                                "value": "malaysia"
                                              },
                                              "div": 0.0102780983865019,
                                              "num_date": {
                                                "confidence": [
                                                  2012.0013661202186,
                                                  2012.9986338797814
                                                ],
                                                "value": 2012.2878773984871
                                              }
                                            }
                                          },
                                          {
                                            "branch_attrs": {
                                              "mutations": {}
                                            },
                                            "name": "12MYKL1586",
                                            "node_attrs": {
                                              "accession": "KT359765",
                                              "country": {
                                                "value": "malaysia"
                                              },
                                              "div": 0.0102780983865019,
                                              "num_date": {
                                                "confidence": [
                                                  2012.0013661202186,
                                                  2012.9986338797814
                                                ],
                                                "value": 2012.2878773984871
                                              }
                                            }
                                          },
                                          {
                                            "branch_attrs": {
                                              "mutations": {}
                                            },
                                            "name": "12MYKL1102",
                                            "node_attrs": {
                                              "accession": "KT359763",
                                              "country": {
                                                "value": "malaysia"
                                              },
                                              "div": 0.0102780983865019,
                                              "num_date": {
                                                "confidence": [
                                                  2012.0013661202186,
                                                  2012.9986338797814
                                                ],
                                                "value": 2012.2878773984871
                                              }
                                            }
                                          },
                                          {
                                            "branch_attrs": {
                                              "mutations": {}
                                            },
                                            "name": "12MYKL0106",
                                            "node_attrs": {
                                              "accession": "KT359755",
                                              "country": {
                                                "value": "malaysia"
                                              },
                                              "div": 0.0102780983865019,
                                              "num_date": {
                                                "confidence": [
                                                  2012.0013661202186,
                                                  2012.9986338797814
                                                ],
                                                "value": 2012.2878773984871
                                              }
                                            }
                                          },
                                          {
                                            "branch_attrs": {
                                              "mutations": {}
                                            },
                                            "name": "12MYKL1616",
                                            "node_attrs": {
                                              "accession": "KT359766",
                                              "country": {
                                                "value": "malaysia"
                                              },
                                              "div": 0.0102780983865019,
                                              "num_date": {
                                                "confidence": [
                                                  2012.0013661202186,
                                                  2012.9986338797814
                                                ],
                                                "value": 2012.2878773984871
                                              }
                                            }
                                          },
                                          {
                                            "branch_attrs": {
                                              "mutations": {}
                                            },
                                            "name": "12MYKL0335",
                                            "node_attrs": {
                                              "accession": "KT359757",
                                              "country": {
                                                "value": "malaysia"
                                              },
                                              "div": 0.0102780983865019,
                                              "num_date": {
                                                "confidence": [
                                                  2012.0013661202186,
                                                  2012.9986338797814
                                                ],
                                                "value": 2012.2878773984871
                                              }
                                            }
                                          },
                                          {
                                            "branch_attrs": {
                                              "mutations": {}
                                            },
                                            "name": "12MYKL0367",
                                            "node_attrs": {
                                              "accession": "KT359758",
                                              "country": {
                                                "value": "malaysia"
                                              },
                                              "div": 0.0102780983865019,
                                              "num_date": {
                                                "confidence": [
                                                  2012.0013661202186,
                                                  2012.9986338797814
                                                ],
                                                "value": 2012.2878773984871
                                              }
                                            }
                                          },
                                          {
                                            "branch_attrs": {
                                              "mutations": {}
                                            },
                                            "name": "12MYKL0011",
                                            "node_attrs": {
                                              "accession": "KT359752",
                                              "country": {
                                                "value": "malaysia"
                                              },
                                              "div": 0.0102780983865019,
                                              "num_date": {
                                                "confidence": [
                                                  2012.0013661202186,
                                                  2012.9986338797814
                                                ],
                                                "value": 2012.2878773984871
                                              }
                                            }
                                          },
                                          {
                                            "branch_attrs": {
                                              "mutations": {
                                                "nuc": [
                                                  "C508T"
                                                ]
                                              }
                                            },
                                            "name": "13MYKL1719",
                                            "node_attrs": {
                                              "accession": "KT359767",
                                              "country": {
                                                "value": "malaysia"
                                              },
                                              "div": 0.01113372765555832,
                                              "num_date": {
                                                "confidence": [
                                                  2013.0013698630137,
                                                  2013.9986301369863
                                                ],
                                                "value": 2013.1387319583885
                                              }
                                            }
                                          },
                                          {
                                            "branch_attrs": {
                                              "mutations": {
                                                "nuc": [
                                                  "C413A",
                                                  "C659T"
                                                ]
                                              }
                                            },
                                            "name": "12MYKL0415",
                                            "node_attrs": {
                                              "accession": "KT359759",
                                              "country": {
                                                "value": "malaysia"
                                              },
                                              "div": 0.011991464741024188,
                                              "num_date": {
                                                "confidence": [
                                                  2012.0013661202186,
                                                  2012.9986338797814
                                                ],
                                                "value": 2012.8297647526454
                                              }
                                            }
                                          },
                                          {
                                            "branch_attrs": {
                                              "mutations": {}
                                            },
                                            "name": "12MYKL0126",
                                            "node_attrs": {
                                              "accession": "KT359756",
                                              "country": {
                                                "value": "malaysia"
                                              },
                                              "div": 0.0102780983865019,
                                              "num_date": {
                                                "confidence": [
                                                  2012.0013661202186,
                                                  2012.9986338797814
                                                ],
                                                "value": 2012.2878773984871
                                              }
                                            }
                                          },
                                          {
                                            "branch_attrs": {
                                              "mutations": {
                                                "nuc": [
                                                  "A185G",
                                                  "T429G",
                                                  "T438C",
                                                  "C447T",
                                                  "T639C",
                                                  "T770C"
                                                ]
                                              }
                                            },
                                            "children": [
                                              {
                                                "branch_attrs": {
                                                  "mutations": {}
                                                },
                                                "name": "HCoV_229E/Seattle/USA/SC1143/2016",
                                                "node_attrs": {
                                                  "accession": "KY369910",
                                                  "country": {
                                                    "value": "usa"
                                                  },
                                                  "div": 0.015426479418879329,
                                                  "num_date": {
                                                    "confidence": [
                                                      2016.0013661202186,
                                                      2016.9986338797814
                                                    ],
                                                    "value": 2016.2794535676437
                                                  }
                                                }
                                              },
                                              {
                                                "branch_attrs": {
                                                  "mutations": {}
                                                },
                                                "name": "HCoV_229E/Seattle/USA/SC1212/2016",
                                                "node_attrs": {
                                                  "accession": "KY369911",
                                                  "country": {
                                                    "value": "usa"
                                                  },
                                                  "div": 0.015426479418879329,
                                                  "num_date": {
                                                    "confidence": [
                                                      2016.0013661202186,
                                                      2016.9986338797814
                                                    ],
                                                    "value": 2016.2794535676437
                                                  }
                                                }
                                              }
                                            ],
                                            "name": "NODE_0000013",
                                            "node_attrs": {
                                              "div": 0.015426479418879322,
                                              "num_date": {
                                                "confidence": [
                                                  2015.0740156160894,
                                                  2016.4485396113018
                                                ],
                                                "value": 2016.0794689474124
                                              }
                                            }
                                          },
                                          {
                                            "branch_attrs": {
                                              "mutations": {
                                                "nuc": [
                                                  "C66T"
                                                ]
                                              }
                                            },
                                            "children": [
                                              {
                                                "branch_attrs": {
                                                  "mutations": {
                                                    "nuc": [
                                                      "A99C",
                                                      "A423T"
                                                    ]
                                                  }
                                                },
                                                "children": [
                                                  {
                                                    "branch_attrs": {
                                                      "mutations": {}
                                                    },
                                                    "name": "HCoV_229E/Seattle/USA/SC2282/2017",
                                                    "node_attrs": {
                                                      "accession": "KY684760",
                                                      "country": {
                                                        "value": "usa"
                                                      },
                                                      "div": 0.01284741741581819,
                                                      "num_date": {
                                                        "confidence": [
                                                          2016.0013661202186,
                                                          2016.86257715626
                                                        ],
                                                        "value": 2016.0013661202186
                                                      }
                                                    }
                                                  },
                                                  {
                                                    "branch_attrs": {
                                                      "mutations": {
                                                        "nuc": [
                                                          "G482T"
                                                        ]
                                                      }
                                                    },
                                                    "name": "229E/Haiti_1/2016",
                                                    "node_attrs": {
                                                      "accession": "MF542265",
                                                      "country": {
                                                        "value": "haiti"
                                                      },
                                                      "div": 0.013701859077951089,
                                                      "num_date": {
                                                        "confidence": [
                                                          2016.173633771787,
                                                          2016.2472677595629
                                                        ],
                                                        "value": 2016.2472677595629
                                                      }
                                                    }
                                                  }
                                                ],
                                                "name": "NODE_0000008",
                                                "node_attrs": {
                                                  "div": 0.012847417415818184,
                                                  "num_date": {
                                                    "confidence": [
                                                      2014.561263380856,
                                                      2016.0947393223946
                                                    ],
                                                    "value": 2015.9177001305413
                                                  }
                                                }
                                              },
                                              {
                                                "branch_attrs": {
                                                  "mutations": {
                                                    "nuc": [
                                                      "G114T",
                                                      "G178A"
                                                    ]
                                                  }
                                                },
                                                "children": [
                                                  {
                                                    "branch_attrs": {
                                                      "mutations": {
                                                        "nuc": [
                                                          "T561G",
                                                          "T654C"
                                                        ]
                                                      }
                                                    },
                                                    "name": "HCoV_229E/Seattle/USA/SC9731/2016",
                                                    "node_attrs": {
                                                      "accession": "KY369912",
                                                      "country": {
                                                        "value": "usa"
                                                      },
                                                      "div": 0.014558785181939296,
                                                      "num_date": {
                                                        "confidence": [
                                                          2016.1787657338534,
                                                          2016.9986338797814
                                                        ],
                                                        "value": 2016.9986338797814
                                                      }
                                                    }
                                                  },
                                                  {
                                                    "branch_attrs": {
                                                      "mutations": {}
                                                    },
                                                    "name": "HCoV_229E/Seattle/USA/SC9773/2016",
                                                    "node_attrs": {
                                                      "accession": "KY369914",
                                                      "country": {
                                                        "value": "usa"
                                                      },
                                                      "div": 0.012846168361420917,
                                                      "num_date": {
                                                        "confidence": [
                                                          2016.0013661202186,
                                                          2016.8655257180176
                                                        ],
                                                        "value": 2016.0013661202186
                                                      }
                                                    }
                                                  }
                                                ],
                                                "name": "NODE_0000010",
                                                "node_attrs": {
                                                  "div": 0.01284616836142091,
                                                  "num_date": {
                                                    "confidence": [
                                                      2014.3569739925774,
                                                      2016.2293611301498
                                                    ],
                                                    "value": 2015.893955584369
                                                  }
                                                }
                                              },
                                              {
                                                "branch_attrs": {
                                                  "mutations": {
                                                    "nuc": [
                                                      "C474T",
                                                      "T867C"
                                                    ]
                                                  }
                                                },
                                                "children": [
                                                  {
                                                    "branch_attrs": {
                                                      "mutations": {
                                                        "nuc": [
                                                          "C494T"
                                                        ]
                                                      }
                                                    },
                                                    "name": "HCoV_229E/Seattle/USA/SC9724/2018",
                                                    "node_attrs": {
                                                      "accession": "MN369046",
                                                      "country": {
                                                        "value": "usa"
                                                      },
                                                      "div": 0.01370321502126304,
                                                      "num_date": {
                                                        "confidence": [
                                                          2018.0013698630137,
                                                          2018.9986301369863
                                                        ],
                                                        "value": 2018.227399170321
                                                      }
                                                    }
                                                  },
                                                  {
                                                    "branch_attrs": {
                                                      "mutations": {
                                                        "nuc": [
                                                          "A339G",
                                                          "C966T"
                                                        ]
                                                      }
                                                    },
                                                    "name": "HCoV_229E/Seattle/USA/SC0865/2019",
                                                    "node_attrs": {
                                                      "accession": "MN306046",
                                                      "country": {
                                                        "value": "usa"
                                                      },
                                                      "div": 0.01455796830116246,
                                                      "num_date": {
                                                        "confidence": [
                                                          2019.1051059027452,
                                                          2019.9986301369863
                                                        ],
                                                        "value": 2019.9986301369863
                                                      }
                                                    }
                                                  }
                                                ],
                                                "name": "NODE_0000011",
                                                "node_attrs": {
                                                  "div": 0.012845936353507819,
                                                  "num_date": {
                                                    "confidence": [
                                                      2014.5876484858884,
                                                      2016.9722225821495
                                                    ],
                                                    "value": 2016.0780024206845
                                                  }
                                                }
                                              }
                                            ],
                                            "name": "NODE_0000007",
                                            "node_attrs": {
                                              "div": 0.01113372765555832,
                                              "num_date": {
                                                "confidence": [
                                                  2010.3371155015423,
                                                  2015.9992907412375
                                                ],
                                                "value": 2013.2812610412636
                                              }
                                            }
                                          },
                                          {
                                            "branch_attrs": {
                                              "mutations": {
                                                "nuc": [
                                                  "T240C",
                                                  "G482T"
                                                ]
                                              }
                                            },
                                            "children": [
                                              {
                                                "branch_attrs": {
                                                  "mutations": {
                                                    "nuc": [
                                                      "C435T",
                                                      "A1029G",
                                                      "C1167T"
                                                    ]
                                                  }
                                                },
                                                "name": "HCoV_229E/Seattle/USA/SC2872/2015",
                                                "node_attrs": {
                                                  "accession": "KY967357",
                                                  "country": {
                                                    "value": "usa"
                                                  },
                                                  "div": 0.014558591787463738,
                                                  "num_date": {
                                                    "confidence": [
                                                      2015.0013698630137,
                                                      2015.9986301369863
                                                    ],
                                                    "value": 2015.8377300983072
                                                  }
                                                }
                                              },
                                              {
                                                "branch_attrs": {
                                                  "mutations": {
                                                    "nuc": [
                                                      "G504T",
                                                      "T694G"
                                                    ]
                                                  }
                                                },
                                                "children": [
                                                  {
                                                    "branch_attrs": {
                                                      "mutations": {}
                                                    },
                                                    "name": "HCoV_229E/Seattle/USA/SC399/2016",
                                                    "node_attrs": {
                                                      "accession": "KY674914",
                                                      "country": {
                                                        "value": "usa"
                                                      },
                                                      "div": 0.013702046077054884,
                                                      "num_date": {
                                                        "confidence": [
                                                          2016.0013661202186,
                                                          2016.8734911081822
                                                        ],
                                                        "value": 2016.0013661202186
                                                      }
                                                    }
                                                  },
                                                  {
                                                    "branch_attrs": {
                                                      "mutations": {}
                                                    },
                                                    "children": [
                                                      {
                                                        "branch_attrs": {
                                                          "mutations": {}
                                                        },
                                                        "name": "HCoV_229E/Seattle/USA/SC379/2016",
                                                        "node_attrs": {
                                                          "accession": "KY621348",
                                                          "country": {
                                                            "value": "usa"
                                                          },
                                                          "div": 0.013702046077054891,
                                                          "num_date": {
                                                            "confidence": [
                                                              2016.0013661202186,
                                                              2016.9986338797814
                                                            ],
                                                            "value": 2016.2597435312402
                                                          }
                                                        }
                                                      },
                                                      {
                                                        "branch_attrs": {
                                                          "mutations": {}
                                                        },
                                                        "name": "HCoV_229E/Seattle/USA/SC677/2016",
                                                        "node_attrs": {
                                                          "accession": "KY369909",
                                                          "country": {
                                                            "value": "usa"
                                                          },
                                                          "div": 0.013702046077054891,
                                                          "num_date": {
                                                            "confidence": [
                                                              2016.0013661202186,
                                                              2016.9986338797814
                                                            ],
                                                            "value": 2016.2597435312402
                                                          }
                                                        }
                                                      }
                                                    ],
                                                    "name": "NODE_0000019",
                                                    "node_attrs": {
                                                      "div": 0.013702046077054884,
                                                      "num_date": {
                                                        "confidence": [
                                                          2015.4722161078307,
                                                          2016.4917736576115
                                                        ],
                                                        "value": 2016.0794689474124
                                                      }
                                                    }
                                                  }
                                                ],
                                                "name": "NODE_0000003",
                                                "node_attrs": {
                                                  "div": 0.013702046077054877,
                                                  "num_date": {
                                                    "confidence": [
                                                      2014.6620816891002,
                                                      2016.196958258974
                                                    ],
                                                    "value": 2015.893955584369
                                                  }
                                                }
                                              },
                                              {
                                                "branch_attrs": {
                                                  "mutations": {}
                                                },
                                                "children": [
                                                  {
                                                    "branch_attrs": {
                                                      "mutations": {
                                                        "nuc": [
                                                          "C440T"
                                                        ]
                                                      }
                                                    },
                                                    "name": "HCoV_229E/Seattle/USA/SC1073/2016",
                                                    "node_attrs": {
                                                      "accession": "KY369913",
                                                      "country": {
                                                        "value": "usa"
                                                      },
                                                      "div": 0.012845447742142024,
                                                      "num_date": {
                                                        "confidence": [
                                                          2016.0013661202186,
                                                          2016.9986338797814
                                                        ],
                                                        "value": 2016.0013661202186
                                                      }
                                                    }
                                                  },
                                                  {
                                                    "branch_attrs": {
                                                      "mutations": {}
                                                    },
                                                    "children": [
                                                      {
                                                        "branch_attrs": {
                                                          "mutations": {
                                                            "nuc": [
                                                              "T28C"
                                                            ]
                                                          }
                                                        },
                                                        "name": "HCoV_229E/Seattle/USA/SC579/2016",
                                                        "node_attrs": {
                                                          "accession": "KY369908",
                                                          "country": {
                                                            "value": "usa"
                                                          },
                                                          "div": 0.012845425791571422,
                                                          "num_date": {
                                                            "confidence": [
                                                              2016.0013661202186,
                                                              2016.9986338797814
                                                            ],
                                                            "value": 2016.5035802350133
                                                          }
                                                        }
                                                      },
                                                      {
                                                        "branch_attrs": {
                                                          "mutations": {}
                                                        },
                                                        "name": "HCoV_229E/Seattle/USA/SC3112/2015",
                                                        "node_attrs": {
                                                          "accession": "KY983587",
                                                          "country": {
                                                            "value": "usa"
                                                          },
                                                          "div": 0.01199013552907677,
                                                          "num_date": {
                                                            "confidence": [
                                                              2015.1494085218715,
                                                              2015.9986301369863
                                                            ],
                                                            "value": 2015.9986301369863
                                                          }
                                                        }
                                                      }
                                                    ],
                                                    "name": "NODE_0000021",
                                                    "node_attrs": {
                                                      "div": 0.011990135529076762,
                                                      "num_date": {
                                                        "confidence": [
                                                          2014.126029266291,
                                                          2015.9884451100838
                                                        ],
                                                        "value": 2015.1125068518506
                                                      }
                                                    }
                                                  }
                                                ],
                                                "name": "NODE_0000020",
                                                "node_attrs": {
                                                  "div": 0.011990135529076755,
                                                  "num_date": {
                                                    "confidence": [
                                                      2013.061789328103,
                                                      2015.956856463571
                                                    ],
                                                    "value": 2014.6659939625933
                                                  }
                                                }
                                              }
                                            ],
                                            "name": "NODE_0000005",
                                            "node_attrs": {
                                              "div": 0.011990135529076748,
                                              "num_date": {
                                                "confidence": [
                                                  2012.057585116571,
                                                  2015.632358241169
                                                ],
                                                "value": 2013.2820519856834
                                              }
                                            }
                                          }
                                        ],
                                        "name": "NODE_0000032",
                                        "node_attrs": {
                                          "div": 0.010278098386501892,
                                          "num_date": {
                                            "confidence": [
                                              2009.7327837508487,
                                              2010.3525306644922
                                            ],
                                            "value": 2010.1457192284922
                                          }
                                        }
                                      }
                                    ],
                                    "name": "NODE_0000034",
                                    "node_attrs": {
                                      "div": 0.008565574999286086,
                                      "num_date": {
                                        "confidence": [
                                          2008.0748788154785,
                                          2010.1066356068952
                                        ],
                                        "value": 2009.5871042343836
                                      }
                                    }
                                  }
                                ],
                                "name": "NODE_0000039",
                                "node_attrs": {
                                  "div": 0.007709656309166009,
                                  "num_date": {
                                    "confidence": [
                                      2005.1514051280892,
                                      2007.988436391562
                                    ],
                                    "value": 2006.683126578231
                                  }
                                }
                              }
                            ],
                            "name": "NODE_0000041",
                            "node_attrs": {
                              "div": 0.005139377993023082,
                              "num_date": {
                                "confidence": [
                                  1997.7211138330106,
                                  2006.7760755334766
                                ],
                                "value": 2003.1104283130248
                              }
                            }
                          }
                        ],
                        "name": "NODE_0000006",
                        "node_attrs": {
                          "div": 0.003426661460689195,
                          "num_date": {
                            "confidence": [
                              1992.0631259386435,
                              1993.1438356164383
                            ],
                            "value": 1993.1438356164383
                          }
                        }
                      }
                    ],
                    "name": "NODE_0000004",
                    "node_attrs": {
                      "div": 0.0034266614606891874,
                      "num_date": {
                        "confidence": [
                          1991.003656803401,
                          1993.1234675571538
                        ],
                        "value": 1992.410585482194
                      }
                    }
                  }
                ],
                "name": "NODE_0000044",
                "node_attrs": {
                  "div": 0.00342666146068918,
                  "num_date": {
                    "confidence": [
                      1989.3750432766094,
                      1993.1030928807027
                    ],
                    "value": 1991.1974794004655
                  }
                }
              }
            ],
            "name": "NODE_0000046",
            "node_attrs": {
              "div": 0.002570135978458049,
              "num_date": {
                "confidence": [
                  1985.4252376156232,
                  1992.152320838764
                ],
                "value": 1989.2303539383795
              }
            }
          }
        ],
        "name": "NODE_0000047",
        "node_attrs": {
          "div": 0.0017136674658312023,
          "num_date": {
            "confidence": [
              1975.7376159910061,
              1988.2765508885147
            ],
            "value": 1986.4687934990332
          }
        }
      }
    ],
    "name": "NODE_0000000",
    "node_attrs": {
      "div": 0,
      "num_date": {
        "confidence": [
          1951.1253957179304,
          1989.0167351806808
        ],
        "value": 1981.8290530251838
      }
    }
  },
  "version": "v2"
}