{
  "annotations": {
    "nuc": {
      "end": 4086,
      "seqid": "config/oc43_spike_reference.gb",
      "start": 1,
      "strand": "+",
      "type": "source"
    }
  },
  "generated_by": {
    "program": "augur",
    "version": "6.4.1"
  },
  "nodes": {
    "HCoV_OC43/FRA_EPI/Caen/1967/VR759": {
      "aa_muts": {}
    },
    "HCoV_OC43/FRA_EPI/Caen/2001/01": {
      "aa_muts": {}
    },
    "HCoV_OC43/FRA_EPI/Caen/2001/02": {
      "aa_muts": {}
    },
    "HCoV_OC43/FRA_EPI/Caen/2002/03": {
      "aa_muts": {}
    },
    "HCoV_OC43/FRA_EPI/Caen/2002/04": {
      "aa_muts": {}
    },
    "HCoV_OC43/FRA_EPI/Caen/2003/05": {
      "aa_muts": {}
    },
    "HCoV_OC43/FRA_EPI/Caen/2004/06": {
      "aa_muts": {}
    },
    "HCoV_OC43/FRA_EPI/Caen/2005/07": {
      "aa_muts": {}
    },
    "HCoV_OC43/FRA_EPI/Caen/2006/08": {
      "aa_muts": {}
    },
    "HCoV_OC43/FRA_EPI/Caen/2007/09": {
      "aa_muts": {}
    },
    "HCoV_OC43/FRA_EPI/Caen/2008/10": {
      "aa_muts": {}
    },
    "HCoV_OC43/FRA_EPI/Caen/2009/11": {
      "aa_muts": {}
    },
    "HCoV_OC43/FRA_EPI/Caen/2010/12": {
      "aa_muts": {}
    },
    "HCoV_OC43/FRA_EPI/Caen/2011/13": {
      "aa_muts": {}
    },
    "HCoV_OC43/FRA_EPI/Caen/2012/14": {
      "aa_muts": {}
    },
    "HCoV_OC43/FRA_EPI/Caen/2013/15": {
      "aa_muts": {}
    },
    "HCoV_OC43/Seattle/USA/SC0682/2019": {
      "aa_muts": {}
    },
    "HCoV_OC43/Seattle/USA/SC0776/2019": {
      "aa_muts": {}
    },
    "HCoV_OC43/Seattle/USA/SC0810/2019": {
      "aa_muts": {}
    },
    "HCoV_OC43/Seattle/USA/SC0839/2019": {
      "aa_muts": {}
    },
    "HCoV_OC43/Seattle/USA/SC0841/2019": {
      "aa_muts": {}
    },
    "HCoV_OC43/Seattle/USA/SC2269/2016": {
      "aa_muts": {}
    },
    "HCoV_OC43/Seattle/USA/SC2345/2015": {
      "aa_muts": {}
    },
    "HCoV_OC43/Seattle/USA/SC2476/2015": {
      "aa_muts": {}
    },
    "HCoV_OC43/Seattle/USA/SC2481/2015": {
      "aa_muts": {}
    },
    "HCoV_OC43/Seattle/USA/SC2730/2015": {
      "aa_muts": {}
    },
    "HCoV_OC43/Seattle/USA/SC2770/2015": {
      "aa_muts": {}
    },
    "HCoV_OC43/Seattle/USA/SC2854/2015": {
      "aa_muts": {}
    },
    "HCoV_OC43/Seattle/USA/SC2924/2015": {
      "aa_muts": {}
    },
    "HCoV_OC43/Seattle/USA/SC3118/2015": {
      "aa_muts": {}
    },
    "HCoV_OC43/Seattle/USA/SC622/2016": {
      "aa_muts": {}
    },
    "HCoV_OC43/Seattle/USA/SC831/2016": {
      "aa_muts": {}
    },
    "HCoV_OC43/Seattle/USA/SC9428/2018": {
      "aa_muts": {}
    },
    "HCoV_OC43/Seattle/USA/SC9430/2018": {
      "aa_muts": {}
    },
    "HCoV_OC43/Seattle/USA/SC9741/2016": {
      "aa_muts": {}
    },
    "HCoV_OC43/UK/London/2011": {
      "aa_muts": {}
    },
    "HCoV_OC43/USA/ACRI_0052/2016": {
      "aa_muts": {}
    },
    "HCoV_OC43/USA/ACRI_0213/2016": {
      "aa_muts": {}
    },
    "HCoV_OC43/USA/TCNP_00204/2017": {
      "aa_muts": {}
    },
    "HCoV_OC43/USA/TCNP_00212/2017": {
      "aa_muts": {}
    },
    "HCoV_OC43/USA/TCNP_0070/2016": {
      "aa_muts": {}
    },
    "HCoV_OC43/Yamagata.JPN/01.2011_0064": {
      "aa_muts": {}
    },
    "HCoV_OC43/Yamagata.JPN/02.15_0022": {
      "aa_muts": {}
    },
    "HCoV_OC43/Yamagata.JPN/02.15_0076": {
      "aa_muts": {}
    },
    "HCoV_OC43/Yamagata.JPN/02.15_0083": {
      "aa_muts": {}
    },
    "HCoV_OC43/Yamagata.JPN/02.2009_0058": {
      "aa_muts": {}
    },
    "HCoV_OC43/Yamagata.JPN/02.2009_0063": {
      "aa_muts": {}
    },
    "HCoV_OC43/Yamagata.JPN/02.2015_0077": {
      "aa_muts": {}
    },
    "HCoV_OC43/Yamagata.JPN/03.15_0087": {
      "aa_muts": {}
    },
    "HCoV_OC43/Yamagata.JPN/03.2009_0118": {
      "aa_muts": {}
    },
    "HCoV_OC43/Yamagata.JPN/03.2010_0241": {
      "aa_muts": {}
    },
    "HCoV_OC43/Yamagata.JPN/03.2014_0174": {
      "aa_muts": {}
    },
    "HCoV_OC43/Yamagata.JPN/03.2015_0086": {
      "aa_muts": {}
    },
    "HCoV_OC43/Yamagata.JPN/03.2015_0088": {
      "aa_muts": {}
    },
    "HCoV_OC43/Yamagata.JPN/03.2015_0093": {
      "aa_muts": {}
    },
    "HCoV_OC43/Yamagata.JPN/03.2015_0101": {
      "aa_muts": {}
    },
    "HCoV_OC43/Yamagata.JPN/03.2015_0128": {
      "aa_muts": {}
    },
    "HCoV_OC43/Yamagata.JPN/03.2015_0129": {
      "aa_muts": {}
    },
    "HCoV_OC43/Yamagata.JPN/03.2015_0130": {
      "aa_muts": {}
    },
    "HCoV_OC43/Yamagata.JPN/03.2015_0131": {
      "aa_muts": {}
    },
    "HCoV_OC43/Yamagata.JPN/03.2015_0134": {
      "aa_muts": {}
    },
    "HCoV_OC43/Yamagata.JPN/03.2015_0136": {
      "aa_muts": {}
    },
    "HCoV_OC43/Yamagata.JPN/04.15_0214": {
      "aa_muts": {}
    },
    "HCoV_OC43/Yamagata.JPN/04.2010_0251": {
      "aa_muts": {}
    },
    "HCoV_OC43/Yamagata.JPN/04.2012_0168": {
      "aa_muts": {}
    },
    "HCoV_OC43/Yamagata.JPN/04.2013_0289": {
      "aa_muts": {}
    },
    "HCoV_OC43/Yamagata.JPN/04.2014_0225": {
      "aa_muts": {}
    },
    "HCoV_OC43/Yamagata.JPN/04.2015_0137": {
      "aa_muts": {}
    },
    "HCoV_OC43/Yamagata.JPN/04.2015_0140": {
      "aa_muts": {}
    },
    "HCoV_OC43/Yamagata.JPN/04.2015_0142": {
      "aa_muts": {}
    },
    "HCoV_OC43/Yamagata.JPN/04.2015_0144": {
      "aa_muts": {}
    },
    "HCoV_OC43/Yamagata.JPN/04.2015_0147": {
      "aa_muts": {}
    },
    "HCoV_OC43/Yamagata.JPN/04.2015_0151": {
      "aa_muts": {}
    },
    "HCoV_OC43/Yamagata.JPN/04.2015_0152": {
      "aa_muts": {}
    },
    "HCoV_OC43/Yamagata.JPN/04.2015_0154": {
      "aa_muts": {}
    },
    "HCoV_OC43/Yamagata.JPN/04.2015_0155": {
      "aa_muts": {}
    },
    "HCoV_OC43/Yamagata.JPN/04.2015_0158": {
      "aa_muts": {}
    },
    "HCoV_OC43/Yamagata.JPN/04.2015_0159": {
      "aa_muts": {}
    },
    "HCoV_OC43/Yamagata.JPN/04.2015_0209": {
      "aa_muts": {}
    },
    "HCoV_OC43/Yamagata.JPN/04.2015_0210": {
      "aa_muts": {}
    },
    "HCoV_OC43/Yamagata.JPN/04.2015_0211": {
      "aa_muts": {}
    },
    "HCoV_OC43/Yamagata.JPN/04.2015_0213": {
      "aa_muts": {}
    },
    "HCoV_OC43/Yamagata.JPN/05.15_0234": {
      "aa_muts": {}
    },
    "HCoV_OC43/Yamagata.JPN/05.15_0248": {
      "aa_muts": {}
    },
    "HCoV_OC43/Yamagata.JPN/05.2009_0292": {
      "aa_muts": {}
    },
    "HCoV_OC43/Yamagata.JPN/05.2012_0279": {
      "aa_muts": {}
    },
    "HCoV_OC43/Yamagata.JPN/05.2012_0283": {
      "aa_muts": {}
    },
    "HCoV_OC43/Yamagata.JPN/05.2013_0300": {
      "aa_muts": {}
    },
    "HCoV_OC43/Yamagata.JPN/05.2014_0285": {
      "aa_muts": {}
    },
    "HCoV_OC43/Yamagata.JPN/05.2015_0215": {
      "aa_muts": {}
    },
    "HCoV_OC43/Yamagata.JPN/05.2015_0216": {
      "aa_muts": {}
    },
    "HCoV_OC43/Yamagata.JPN/05.2015_0218": {
      "aa_muts": {}
    },
    "HCoV_OC43/Yamagata.JPN/05.2015_0220": {
      "aa_muts": {}
    },
    "HCoV_OC43/Yamagata.JPN/05.2015_0223": {
      "aa_muts": {}
    },
    "HCoV_OC43/Yamagata.JPN/05.2015_0224": {
      "aa_muts": {}
    },
    "HCoV_OC43/Yamagata.JPN/05.2015_0225": {
      "aa_muts": {}
    },
    "HCoV_OC43/Yamagata.JPN/05.2015_0228": {
      "aa_muts": {}
    },
    "HCoV_OC43/Yamagata.JPN/05.2015_0229": {
      "aa_muts": {}
    },
    "HCoV_OC43/Yamagata.JPN/05.2015_0230": {
      "aa_muts": {}
    },
    "HCoV_OC43/Yamagata.JPN/05.2015_0232": {
      "aa_muts": {}
    },
    "HCoV_OC43/Yamagata.JPN/05.2015_0233": {
      "aa_muts": {}
    },
    "HCoV_OC43/Yamagata.JPN/05.2015_0235": {
      "aa_muts": {}
    },
    "HCoV_OC43/Yamagata.JPN/05.2015_0236": {
      "aa_muts": {}
    },
    "HCoV_OC43/Yamagata.JPN/05.2015_0275": {
      "aa_muts": {}
    },
    "HCoV_OC43/Yamagata.JPN/05.2015_0279": {
      "aa_muts": {}
    },
    "HCoV_OC43/Yamagata.JPN/05.2015_0282": {
      "aa_muts": {}
    },
    "HCoV_OC43/Yamagata.JPN/05.2015_0284": {
      "aa_muts": {}
    },
    "HCoV_OC43/Yamagata.JPN/05.2015_0285": {
      "aa_muts": {}
    },
    "HCoV_OC43/Yamagata.JPN/05.2015_0287": {
      "aa_muts": {}
    },
    "HCoV_OC43/Yamagata.JPN/05.2015_0288": {
      "aa_muts": {}
    },
    "HCoV_OC43/Yamagata.JPN/05.2017_0193": {
      "aa_muts": {}
    },
    "HCoV_OC43/Yamagata.JPN/05.2017_0247": {
      "aa_muts": {}
    },
    "HCoV_OC43/Yamagata.JPN/06.15_0350": {
      "aa_muts": {}
    },
    "HCoV_OC43/Yamagata.JPN/06.2012_0291": {
      "aa_muts": {}
    },
    "HCoV_OC43/Yamagata.JPN/06.2012_0369": {
      "aa_muts": {}
    },
    "HCoV_OC43/Yamagata.JPN/06.2012_0371": {
      "aa_muts": {}
    },
    "HCoV_OC43/Yamagata.JPN/06.2013_0348": {
      "aa_muts": {}
    },
    "HCoV_OC43/Yamagata.JPN/06.2013_0375": {
      "aa_muts": {}
    },
    "HCoV_OC43/Yamagata.JPN/06.2013_0378": {
      "aa_muts": {}
    },
    "HCoV_OC43/Yamagata.JPN/06.2014_0296": {
      "aa_muts": {}
    },
    "HCoV_OC43/Yamagata.JPN/06.2014_0297": {
      "aa_muts": {}
    },
    "HCoV_OC43/Yamagata.JPN/06.2014_0370": {
      "aa_muts": {}
    },
    "HCoV_OC43/Yamagata.JPN/06.2014_0371": {
      "aa_muts": {}
    },
    "HCoV_OC43/Yamagata.JPN/06.2014_0375": {
      "aa_muts": {}
    },
    "HCoV_OC43/Yamagata.JPN/06.2014_0378": {
      "aa_muts": {}
    },
    "HCoV_OC43/Yamagata.JPN/06.2015_0290": {
      "aa_muts": {}
    },
    "HCoV_OC43/Yamagata.JPN/06.2015_0291": {
      "aa_muts": {}
    },
    "HCoV_OC43/Yamagata.JPN/06.2015_0294": {
      "aa_muts": {}
    },
    "HCoV_OC43/Yamagata.JPN/06.2015_0297": {
      "aa_muts": {}
    },
    "HCoV_OC43/Yamagata.JPN/06.2015_0300": {
      "aa_muts": {}
    },
    "HCoV_OC43/Yamagata.JPN/06.2015_0301": {
      "aa_muts": {}
    },
    "HCoV_OC43/Yamagata.JPN/06.2015_0303": {
      "aa_muts": {}
    },
    "HCoV_OC43/Yamagata.JPN/06.2015_0351": {
      "aa_muts": {}
    },
    "HCoV_OC43/Yamagata.JPN/06.2015_0359": {
      "aa_muts": {}
    },
    "HCoV_OC43/Yamagata.JPN/06.2017_0266": {
      "aa_muts": {}
    },
    "HCoV_OC43/Yamagata.JPN/06.2017_0300": {
      "aa_muts": {}
    },
    "HCoV_OC43/Yamagata.JPN/07.2009_0467": {
      "aa_muts": {}
    },
    "HCoV_OC43/Yamagata.JPN/07.2009_0469": {
      "aa_muts": {}
    },
    "HCoV_OC43/Yamagata.JPN/07.2009_0536": {
      "aa_muts": {}
    },
    "HCoV_OC43/Yamagata.JPN/07.2013_0380": {
      "aa_muts": {}
    },
    "HCoV_OC43/Yamagata.JPN/07.2014_0380": {
      "aa_muts": {}
    },
    "HCoV_OC43/Yamagata.JPN/07.2014_0446": {
      "aa_muts": {}
    },
    "HCoV_OC43/Yamagata.JPN/07.2015_0353": {
      "aa_muts": {}
    },
    "HCoV_OC43/Yamagata.JPN/07.2015_0361": {
      "aa_muts": {}
    },
    "HCoV_OC43/Yamagata.JPN/07.2015_0368": {
      "aa_muts": {}
    },
    "HCoV_OC43/Yamagata.JPN/07.2015_0369": {
      "aa_muts": {}
    },
    "HCoV_OC43/Yamagata.JPN/07.2015_0373": {
      "aa_muts": {}
    },
    "HCoV_OC43/Yamagata.JPN/07.2015_0416": {
      "aa_muts": {}
    },
    "HCoV_OC43/Yamagata.JPN/07.2015_0417": {
      "aa_muts": {}
    },
    "HCoV_OC43/Yamagata.JPN/07.2015_0418": {
      "aa_muts": {}
    },
    "HCoV_OC43/Yamagata.JPN/07.2015_0424": {
      "aa_muts": {}
    },
    "HCoV_OC43/Yamagata.JPN/07.2015_0425": {
      "aa_muts": {}
    },
    "HCoV_OC43/Yamagata.JPN/07.2017_0304": {
      "aa_muts": {}
    },
    "HCoV_OC43/Yamagata.JPN/07.2017_0305": {
      "aa_muts": {}
    },
    "HCoV_OC43/Yamagata.JPN/07.2017_0306": {
      "aa_muts": {}
    },
    "HCoV_OC43/Yamagata.JPN/07.2017_0314": {
      "aa_muts": {}
    },
    "HCoV_OC43/Yamagata.JPN/07.2017_0354": {
      "aa_muts": {}
    },
    "HCoV_OC43/Yamagata.JPN/07.2017_0361": {
      "aa_muts": {}
    },
    "HCoV_OC43/Yamagata.JPN/07.2017_0362": {
      "aa_muts": {}
    },
    "HCoV_OC43/Yamagata.JPN/08.2009_0554": {
      "aa_muts": {}
    },
    "HCoV_OC43/Yamagata.JPN/08.2013_0498": {
      "aa_muts": {}
    },
    "HCoV_OC43/Yamagata.JPN/08.2014_0432": {
      "aa_muts": {}
    },
    "HCoV_OC43/Yamagata.JPN/08.2014_0434": {
      "aa_muts": {}
    },
    "HCoV_OC43/Yamagata.JPN/08.2014_0435": {
      "aa_muts": {}
    },
    "HCoV_OC43/Yamagata.JPN/08.2014_0436": {
      "aa_muts": {}
    },
    "HCoV_OC43/Yamagata.JPN/08.2014_0484": {
      "aa_muts": {}
    },
    "HCoV_OC43/Yamagata.JPN/08.2014_0485": {
      "aa_muts": {}
    },
    "HCoV_OC43/Yamagata.JPN/08.2015_0433": {
      "aa_muts": {}
    },
    "HCoV_OC43/Yamagata.JPN/08.2015_0434": {
      "aa_muts": {}
    },
    "HCoV_OC43/Yamagata.JPN/08.2015_0486": {
      "aa_muts": {}
    },
    "HCoV_OC43/Yamagata.JPN/08.2017_0364": {
      "aa_muts": {}
    },
    "HCoV_OC43/Yamagata.JPN/08.2017_0375": {
      "aa_muts": {}
    },
    "HCoV_OC43/Yamagata.JPN/08.2017_0379": {
      "aa_muts": {}
    },
    "HCoV_OC43/Yamagata.JPN/09.2009_0623": {
      "aa_muts": {}
    },
    "HCoV_OC43/Yamagata.JPN/09.2011_0752": {
      "aa_muts": {}
    },
    "HCoV_OC43/Yamagata.JPN/09.2012_0501": {
      "aa_muts": {}
    },
    "HCoV_OC43/Yamagata.JPN/09.2015_0492": {
      "aa_muts": {}
    },
    "HCoV_OC43/Yamagata.JPN/09.2017_0410": {
      "aa_muts": {}
    },
    "HCoV_OC43/Yamagata.JPN/09.2017_0411": {
      "aa_muts": {}
    },
    "HCoV_OC43/Yamagata.JPN/09.2017_0478": {
      "aa_muts": {}
    },
    "HCoV_OC43/Yamagata.JPN/09.2017_0480": {
      "aa_muts": {}
    },
    "HCoV_OC43/Yamagata.JPN/09.2017_0482": {
      "aa_muts": {}
    },
    "HCoV_OC43/Yamagata.JPN/10.15_0600": {
      "aa_muts": {}
    },
    "HCoV_OC43/Yamagata.JPN/10.2009_0762": {
      "aa_muts": {}
    },
    "HCoV_OC43/Yamagata.JPN/10.2013_0627": {
      "aa_muts": {}
    },
    "HCoV_OC43/Yamagata.JPN/10.2017_0491": {
      "aa_muts": {}
    },
    "HCoV_OC43/Yamagata.JPN/10.2017_0516": {
      "aa_muts": {}
    },
    "HCoV_OC43/Yamagata.JPN/11.15_0612": {
      "aa_muts": {}
    },
    "HCoV_OC43/Yamagata.JPN/11.15_0615": {
      "aa_muts": {}
    },
    "HCoV_OC43/Yamagata.JPN/11.16_0552": {
      "aa_muts": {}
    },
    "HCoV_OC43/Yamagata.JPN/11.2009_0765": {
      "aa_muts": {}
    },
    "HCoV_OC43/Yamagata.JPN/11.2009_0842": {
      "aa_muts": {}
    },
    "HCoV_OC43/Yamagata.JPN/11.2013_0666": {
      "aa_muts": {}
    },
    "HCoV_OC43/Yamagata.JPN/11.2015_0604": {
      "aa_muts": {}
    },
    "HCoV_OC43/Yamagata.JPN/11.2017_0521": {
      "aa_muts": {}
    },
    "HCoV_OC43/Yamagata.JPN/11.2017_0634": {
      "aa_muts": {}
    },
    "HCoV_OC43/Yamagata.JPN/12.2017_0640": {
      "aa_muts": {}
    },
    "HCoV_OC43/Yamagata.JPN/12.2017_0642": {
      "aa_muts": {}
    },
    "HCoV_OC43/Yamagata.JPN/12.2017_0751": {
      "aa_muts": {}
    },
    "HCoV_OC43/Yamagata.JPN/13.2011_0825": {
      "aa_muts": {}
    },
    "HCoV_OC43/Yamagata.JPN/13.2011_0857": {
      "aa_muts": {}
    },
    "HCoV_OC43/Yamagata.JPN/13.2012_0719": {
      "aa_muts": {}
    },
    "HCoV_OC43/Yamagata.JPN/13.2015_0693": {
      "aa_muts": {}
    },
    "HCoV_OC43/Yamagata.JPN/14.16_0684": {
      "aa_muts": {}
    },
    "HCoV_OC43/Yamagata.JPN/14.2011_0874": {
      "aa_muts": {}
    },
    "HCoV_OC43/Yamagata.JPN/14.2011_0897": {
      "aa_muts": {}
    },
    "HCoV_OC43/Yamagata.JPN/14.2012_0781": {
      "aa_muts": {}
    },
    "HCoV_OC43/Yamagata.JPN/14.2017_0959": {
      "aa_muts": {}
    },
    "HCoV_OC43/Yamagata.JPN/16.2011_0969": {
      "aa_muts": {}
    },
    "HCoV_OC43/Yamagata.JPN/16.2017_1199": {
      "aa_muts": {}
    },
    "HCoV_OC43/Yamagata.JPN/19.2015_0902": {
      "aa_muts": {}
    },
    "HCoV_OC43/Yamagata.JPN/20.16_0885": {
      "aa_muts": {}
    },
    "HCoV_OC43/Yamagata.JPN/20.16_0914": {
      "aa_muts": {}
    },
    "HCoV_OC43/Yamagata.JPN/20.2010_1337": {
      "aa_muts": {}
    },
    "HCoV_OC43/Yamagata.JPN/20.2010_1341": {
      "aa_muts": {}
    },
    "HCoV_OC43/Yamagata.JPN/20.2011_1168": {
      "aa_muts": {}
    },
    "HCoV_OC43/Yamagata.JPN/20.2017_1370": {
      "aa_muts": {}
    },
    "HCoV_OC43/Yamagata.JPN/21.2010_1394": {
      "aa_muts": {}
    },
    "HCoV_OC43/Yamagata.JPN/21.2011_1174": {
      "aa_muts": {}
    },
    "HCoV_OC43/Yamagata.JPN/21.2011_1236": {
      "aa_muts": {}
    },
    "HCoV_OC43/Yamagata.JPN/22.16_0950": {
      "aa_muts": {}
    },
    "HCoV_OC43/Yamagata.JPN/22.2011_1255": {
      "aa_muts": {}
    },
    "HCoV_OC43/Yamagata.JPN/23.16_0980": {
      "aa_muts": {}
    },
    "HCoV_OC43/Yamagata.JPN/24.16_1002": {
      "aa_muts": {}
    },
    "HCoV_OC43/Yamagata.JPN/24.16_1005": {
      "aa_muts": {}
    },
    "HCoV_OC43/Yamagata.JPN/24.16_1006": {
      "aa_muts": {}
    },
    "HCoV_OC43/Yamagata.JPN/24.16_1008": {
      "aa_muts": {}
    },
    "HCoV_OC43/Yamagata.JPN/24.16_1027": {
      "aa_muts": {}
    },
    "HCoV_OC43/Yamagata.JPN/25.16_1044": {
      "aa_muts": {}
    },
    "HCoV_OC43/Yamagata.JPN/26.16_1046": {
      "aa_muts": {}
    },
    "HCoV_OC43/Yamagata.JPN/26.16_1049": {
      "aa_muts": {}
    },
    "HCoV_OC43/Yamagata.JPN/26.2017_1566": {
      "aa_muts": {}
    },
    "HCoV_OC43/Yamagata.JPN/27.16_1096": {
      "aa_muts": {}
    },
    "HCoV_OC43/Yamagata.JPN/27.2011_1525": {
      "aa_muts": {}
    },
    "HCoV_OC43/Yamagata.JPN/38.2010_2108": {
      "aa_muts": {}
    },
    "HCoV_OC43/Yamagata.JPN/39.2010_2197": {
      "aa_muts": {}
    },
    "HCoV_OC43/Yamagata.JPN/43.2010_2375": {
      "aa_muts": {}
    },
    "HCoV_OC43/Yamagata.JPN/43.2010_2382": {
      "aa_muts": {}
    },
    "HCoV_OC43/Yamagata.JPN/43.2010_2384": {
      "aa_muts": {}
    },
    "HCoV_OC43/Yamagata.JPN/43.2010_2385": {
      "aa_muts": {}
    },
    "HCoV_OC43/Yamagata.JPN/43.2010_2388": {
      "aa_muts": {}
    },
    "HCoV_OC43/Yamagata.JPN/43.2010_2412": {
      "aa_muts": {}
    },
    "HCoV_OC43/Yamagata.JPN/45.2010_2465": {
      "aa_muts": {}
    },
    "HCoV_OC43/Yamagata.JPN/46.2010_2506": {
      "aa_muts": {}
    },
    "HCoV_OC43/Yamagata.JPN/46.2010_2510": {
      "aa_muts": {}
    },
    "HCoV_OC43/Yamagata.JPN/46.2010_2512": {
      "aa_muts": {}
    },
    "HCoV_OC43/Yamagata.JPN/46.2010_2513": {
      "aa_muts": {}
    },
    "HCoV_OC43/Yamagata.JPN/46.2010_2538": {
      "aa_muts": {}
    },
    "HCoV_OC43/Yamagata.JPN/46.2012_2185": {
      "aa_muts": {}
    },
    "HCoV_OC43/Yamagata.JPN/46.2014_2103": {
      "aa_muts": {}
    },
    "HCoV_OC43/Yamagata.JPN/47.2010_2547": {
      "aa_muts": {}
    },
    "HCoV_OC43/Yamagata.JPN/48.2010_2590": {
      "aa_muts": {}
    },
    "HCoV_OC43/Yamagata.JPN/48.2010_2644": {
      "aa_muts": {}
    },
    "HCoV_OC43/Yamagata.JPN/48.2017_2515": {
      "aa_muts": {}
    },
    "HCoV_OC43/Yamagata.JPN/49.2012_2416": {
      "aa_muts": {}
    },
    "HCoV_OC43/Yamagata.JPN/50.2017_2568": {
      "aa_muts": {}
    },
    "HCoV_OC43/Yamagata.JPN/51.2012_2581": {
      "aa_muts": {}
    },
    "HCoV_OC43/Yamagata.JPN/51.2017_2650": {
      "aa_muts": {}
    },
    "HCoV_OC43/Yamagata.JPN/51.2017_2652": {
      "aa_muts": {}
    },
    "HCoV_OC43/Yamagata.JPN/52.2012_2586": {
      "aa_muts": {}
    },
    "HCoV_OC43/Yamagata.JPN/52.2012_2590": {
      "aa_muts": {}
    },
    "HCoV_OC43/Yamagata.JPN/52.2014_2417": {
      "aa_muts": {}
    },
    "HCoV_OC43/Yamagata.JPN/52.2014_2419": {
      "aa_muts": {}
    },
    "HCoV_OC43/Yamagata.JPN/53.2014_2422": {
      "aa_muts": {}
    },
    "NODE_0000000": {
      "aa_muts": {},
      "aa_sequences": {}
    },
    "NODE_0000004": {
      "aa_muts": {}
    },
    "NODE_0000006": {
      "aa_muts": {}
    },
    "NODE_0000007": {
      "aa_muts": {}
    },
    "NODE_0000008": {
      "aa_muts": {}
    },
    "NODE_0000010": {
      "aa_muts": {}
    },
    "NODE_0000011": {
      "aa_muts": {}
    },
    "NODE_0000012": {
      "aa_muts": {}
    },
    "NODE_0000013": {
      "aa_muts": {}
    },
    "NODE_0000014": {
      "aa_muts": {}
    },
    "NODE_0000015": {
      "aa_muts": {}
    },
    "NODE_0000016": {
      "aa_muts": {}
    },
    "NODE_0000017": {
      "aa_muts": {}
    },
    "NODE_0000019": {
      "aa_muts": {}
    },
    "NODE_0000020": {
      "aa_muts": {}
    },
    "NODE_0000022": {
      "aa_muts": {}
    },
    "NODE_0000023": {
      "aa_muts": {}
    },
    "NODE_0000024": {
      "aa_muts": {}
    },
    "NODE_0000029": {
      "aa_muts": {}
    },
    "NODE_0000034": {
      "aa_muts": {}
    },
    "NODE_0000035": {
      "aa_muts": {}
    },
    "NODE_0000036": {
      "aa_muts": {}
    },
    "NODE_0000037": {
      "aa_muts": {}
    },
    "NODE_0000038": {
      "aa_muts": {}
    },
    "NODE_0000039": {
      "aa_muts": {}
    },
    "NODE_0000040": {
      "aa_muts": {}
    },
    "NODE_0000041": {
      "aa_muts": {}
    },
    "NODE_0000042": {
      "aa_muts": {}
    },
    "NODE_0000045": {
      "aa_muts": {}
    },
    "NODE_0000046": {
      "aa_muts": {}
    },
    "NODE_0000047": {
      "aa_muts": {}
    },
    "NODE_0000050": {
      "aa_muts": {}
    },
    "NODE_0000051": {
      "aa_muts": {}
    },
    "NODE_0000053": {
      "aa_muts": {}
    },
    "NODE_0000054": {
      "aa_muts": {}
    },
    "NODE_0000055": {
      "aa_muts": {}
    },
    "NODE_0000056": {
      "aa_muts": {}
    },
    "NODE_0000057": {
      "aa_muts": {}
    },
    "NODE_0000058": {
      "aa_muts": {}
    },
    "NODE_0000059": {
      "aa_muts": {}
    },
    "NODE_0000060": {
      "aa_muts": {}
    },
    "NODE_0000061": {
      "aa_muts": {}
    },
    "NODE_0000062": {
      "aa_muts": {}
    },
    "NODE_0000063": {
      "aa_muts": {}
    },
    "NODE_0000064": {
      "aa_muts": {}
    },
    "NODE_0000065": {
      "aa_muts": {}
    },
    "NODE_0000066": {
      "aa_muts": {}
    },
    "NODE_0000067": {
      "aa_muts": {}
    },
    "NODE_0000068": {
      "aa_muts": {}
    },
    "NODE_0000069": {
      "aa_muts": {}
    },
    "NODE_0000071": {
      "aa_muts": {}
    },
    "NODE_0000072": {
      "aa_muts": {}
    },
    "NODE_0000073": {
      "aa_muts": {}
    },
    "NODE_0000074": {
      "aa_muts": {}
    },
    "NODE_0000075": {
      "aa_muts": {}
    },
    "NODE_0000076": {
      "aa_muts": {}
    },
    "NODE_0000077": {
      "aa_muts": {}
    },
    "NODE_0000078": {
      "aa_muts": {}
    },
    "NODE_0000079": {
      "aa_muts": {}
    },
    "NODE_0000080": {
      "aa_muts": {}
    },
    "NODE_0000081": {
      "aa_muts": {}
    },
    "NODE_0000082": {
      "aa_muts": {}
    },
    "NODE_0000083": {
      "aa_muts": {}
    },
    "NODE_0000084": {
      "aa_muts": {}
    },
    "NODE_0000085": {
      "aa_muts": {}
    },
    "NODE_0000086": {
      "aa_muts": {}
    },
    "NODE_0000087": {
      "aa_muts": {}
    },
    "NODE_0000088": {
      "aa_muts": {}
    },
    "NODE_0000089": {
      "aa_muts": {}
    },
    "NODE_0000090": {
      "aa_muts": {}
    },
    "NODE_0000091": {
      "aa_muts": {}
    },
    "NODE_0000092": {
      "aa_muts": {}
    },
    "NODE_0000093": {
      "aa_muts": {}
    },
    "NODE_0000094": {
      "aa_muts": {}
    },
    "NODE_0000095": {
      "aa_muts": {}
    },
    "NODE_0000096": {
      "aa_muts": {}
    },
    "NODE_0000097": {
      "aa_muts": {}
    },
    "NODE_0000099": {
      "aa_muts": {}
    },
    "NODE_0000101": {
      "aa_muts": {}
    },
    "NODE_0000102": {
      "aa_muts": {}
    },
    "NODE_0000103": {
      "aa_muts": {}
    },
    "NODE_0000104": {
      "aa_muts": {}
    },
    "NODE_0000105": {
      "aa_muts": {}
    },
    "NODE_0000106": {
      "aa_muts": {}
    },
    "NODE_0000107": {
      "aa_muts": {}
    },
    "NODE_0000108": {
      "aa_muts": {}
    },
    "NODE_0000109": {
      "aa_muts": {}
    },
    "NODE_0000110": {
      "aa_muts": {}
    },
    "NODE_0000111": {
      "aa_muts": {}
    },
    "NODE_0000112": {
      "aa_muts": {}
    },
    "NODE_0000113": {
      "aa_muts": {}
    },
    "NODE_0000114": {
      "aa_muts": {}
    },
    "NODE_0000115": {
      "aa_muts": {}
    },
    "NODE_0000116": {
      "aa_muts": {}
    },
    "NODE_0000117": {
      "aa_muts": {}
    },
    "NODE_0000118": {
      "aa_muts": {}
    },
    "NODE_0000119": {
      "aa_muts": {}
    },
    "NODE_0000120": {
      "aa_muts": {}
    },
    "NODE_0000121": {
      "aa_muts": {}
    },
    "NODE_0000122": {
      "aa_muts": {}
    },
    "NODE_0000123": {
      "aa_muts": {}
    },
    "NODE_0000124": {
      "aa_muts": {}
    },
    "NODE_0000125": {
      "aa_muts": {}
    },
    "NODE_0000126": {
      "aa_muts": {}
    },
    "NODE_0000127": {
      "aa_muts": {}
    },
    "NODE_0000128": {
      "aa_muts": {}
    },
    "NODE_0000129": {
      "aa_muts": {}
    },
    "NODE_0000131": {
      "aa_muts": {}
    },
    "NODE_0000132": {
      "aa_muts": {}
    },
    "NODE_0000133": {
      "aa_muts": {}
    },
    "NODE_0000134": {
      "aa_muts": {}
    },
    "NODE_0000135": {
      "aa_muts": {}
    },
    "NODE_0000136": {
      "aa_muts": {}
    },
    "NODE_0000137": {
      "aa_muts": {}
    },
    "NODE_0000138": {
      "aa_muts": {}
    },
    "NODE_0000139": {
      "aa_muts": {}
    },
    "NODE_0000140": {
      "aa_muts": {}
    },
    "NODE_0000141": {
      "aa_muts": {}
    },
    "NODE_0000142": {
      "aa_muts": {}
    },
    "NODE_0000143": {
      "aa_muts": {}
    },
    "NODE_0000144": {
      "aa_muts": {}
    },
    "NODE_0000147": {
      "aa_muts": {}
    },
    "NODE_0000152": {
      "aa_muts": {}
    },
    "NODE_0000153": {
      "aa_muts": {}
    },
    "NODE_0000154": {
      "aa_muts": {}
    },
    "NODE_0000155": {
      "aa_muts": {}
    },
    "NODE_0000156": {
      "aa_muts": {}
    },
    "NODE_0000157": {
      "aa_muts": {}
    },
    "NODE_0000158": {
      "aa_muts": {}
    },
    "NODE_0000159": {
      "aa_muts": {}
    },
    "NODE_0000161": {
      "aa_muts": {}
    },
    "NODE_0000162": {
      "aa_muts": {}
    },
    "NODE_0000163": {
      "aa_muts": {}
    },
    "NODE_0000164": {
      "aa_muts": {}
    },
    "NODE_0000165": {
      "aa_muts": {}
    },
    "NODE_0000166": {
      "aa_muts": {}
    },
    "NODE_0000167": {
      "aa_muts": {}
    },
    "NODE_0000168": {
      "aa_muts": {}
    },
    "NODE_0000169": {
      "aa_muts": {}
    },
    "NODE_0000170": {
      "aa_muts": {}
    },
    "NODE_0000178": {
      "aa_muts": {}
    },
    "NODE_0000179": {
      "aa_muts": {}
    },
    "NODE_0000181": {
      "aa_muts": {}
    },
    "NODE_0000182": {
      "aa_muts": {}
    },
    "NODE_0000186": {
      "aa_muts": {}
    },
    "NODE_0000187": {
      "aa_muts": {}
    },
    "NODE_0000188": {
      "aa_muts": {}
    },
    "NODE_0000189": {
      "aa_muts": {}
    },
    "NODE_0000190": {
      "aa_muts": {}
    },
    "NODE_0000191": {
      "aa_muts": {}
    },
    "NODE_0000192": {
      "aa_muts": {}
    },
    "NODE_0000194": {
      "aa_muts": {}
    },
    "NODE_0000195": {
      "aa_muts": {}
    },
    "NODE_0000196": {
      "aa_muts": {}
    },
    "NODE_0000198": {
      "aa_muts": {}
    },
    "NODE_0000199": {
      "aa_muts": {}
    },
    "NODE_0000200": {
      "aa_muts": {}
    },
    "NODE_0000201": {
      "aa_muts": {}
    },
    "NODE_0000202": {
      "aa_muts": {}
    },
    "NODE_0000203": {
      "aa_muts": {}
    },
    "NODE_0000204": {
      "aa_muts": {}
    },
    "NODE_0000205": {
      "aa_muts": {}
    },
    "NODE_0000206": {
      "aa_muts": {}
    },
    "NODE_0000207": {
      "aa_muts": {}
    },
    "NODE_0000208": {
      "aa_muts": {}
    },
    "NODE_0000209": {
      "aa_muts": {}
    },
    "NODE_0000218": {
      "aa_muts": {}
    },
    "NODE_0000219": {
      "aa_muts": {}
    },
    "NODE_0000221": {
      "aa_muts": {}
    },
    "NODE_0000222": {
      "aa_muts": {}
    },
    "NODE_0000223": {
      "aa_muts": {}
    },
    "NODE_0000225": {
      "aa_muts": {}
    },
    "NODE_0000226": {
      "aa_muts": {}
    },
    "NODE_0000227": {
      "aa_muts": {}
    },
    "NODE_0000228": {
      "aa_muts": {}
    },
    "NODE_0000230": {
      "aa_muts": {}
    },
    "NODE_0000231": {
      "aa_muts": {}
    },
    "NODE_0000232": {
      "aa_muts": {}
    },
    "NODE_0000233": {
      "aa_muts": {}
    },
    "NODE_0000234": {
      "aa_muts": {}
    },
    "NODE_0000235": {
      "aa_muts": {}
    },
    "NODE_0000236": {
      "aa_muts": {}
    },
    "NODE_0000237": {
      "aa_muts": {}
    },
    "NODE_0000238": {
      "aa_muts": {}
    },
    "NODE_0000239": {
      "aa_muts": {}
    },
    "NODE_0000240": {
      "aa_muts": {}
    },
    "NODE_0000241": {
      "aa_muts": {}
    },
    "NODE_0000242": {
      "aa_muts": {}
    },
    "NODE_0000243": {
      "aa_muts": {}
    },
    "NODE_0000244": {
      "aa_muts": {}
    },
    "NODE_0000245": {
      "aa_muts": {}
    },
    "NODE_0000246": {
      "aa_muts": {}
    },
    "NODE_0000247": {
      "aa_muts": {}
    },
    "NODE_0000248": {
      "aa_muts": {}
    },
    "NODE_0000249": {
      "aa_muts": {}
    },
    "NODE_0000250": {
      "aa_muts": {}
    },
    "NODE_0000251": {
      "aa_muts": {}
    },
    "NODE_0000252": {
      "aa_muts": {}
    },
    "NODE_0000253": {
      "aa_muts": {}
    },
    "NODE_0000254": {
      "aa_muts": {}
    },
    "NODE_0000255": {
      "aa_muts": {}
    },
    "NODE_0000256": {
      "aa_muts": {}
    },
    "NODE_0000257": {
      "aa_muts": {}
    },
    "NODE_0000258": {
      "aa_muts": {}
    },
    "NODE_0000259": {
      "aa_muts": {}
    },
    "NODE_0000260": {
      "aa_muts": {}
    },
    "NODE_0000261": {
      "aa_muts": {}
    },
    "NODE_0000263": {
      "aa_muts": {}
    },
    "NODE_0000265": {
      "aa_muts": {}
    },
    "NODE_0000266": {
      "aa_muts": {}
    },
    "NODE_0000267": {
      "aa_muts": {}
    },
    "NODE_0000268": {
      "aa_muts": {}
    },
    "NODE_0000269": {
      "aa_muts": {}
    },
    "NODE_0000270": {
      "aa_muts": {}
    },
    "NODE_0000271": {
      "aa_muts": {}
    },
    "NODE_0000272": {
      "aa_muts": {}
    },
    "NODE_0000273": {
      "aa_muts": {}
    },
    "NODE_0000274": {
      "aa_muts": {}
    },
    "NODE_0000275": {
      "aa_muts": {}
    },
    "NODE_0000276": {
      "aa_muts": {}
    },
    "NODE_0000277": {
      "aa_muts": {}
    },
    "NODE_0000279": {
      "aa_muts": {}
    },
    "NODE_0000280": {
      "aa_muts": {}
    },
    "NODE_0000281": {
      "aa_muts": {}
    },
    "NODE_0000282": {
      "aa_muts": {}
    },
    "NODE_0000283": {
      "aa_muts": {}
    },
    "NODE_0000284": {
      "aa_muts": {}
    },
    "NODE_0000285": {
      "aa_muts": {}
    },
    "NODE_0000286": {
      "aa_muts": {}
    },
    "NODE_0000287": {
      "aa_muts": {}
    },
    "NODE_0000288": {
      "aa_muts": {}
    },
    "NODE_0000289": {
      "aa_muts": {}
    },
    "NODE_0000290": {
      "aa_muts": {}
    },
    "NODE_0000291": {
      "aa_muts": {}
    },
    "NODE_0000292": {
      "aa_muts": {}
    },
    "NODE_0000293": {
      "aa_muts": {}
    },
    "NODE_0000294": {
      "aa_muts": {}
    },
    "NODE_0000299": {
      "aa_muts": {}
    },
    "NODE_0000300": {
      "aa_muts": {}
    },
    "NODE_0000301": {
      "aa_muts": {}
    },
    "NODE_0000302": {
      "aa_muts": {}
    },
    "NODE_0000303": {
      "aa_muts": {}
    },
    "NODE_0000304": {
      "aa_muts": {}
    },
    "NODE_0000305": {
      "aa_muts": {}
    },
    "NODE_0000306": {
      "aa_muts": {}
    },
    "NODE_0000307": {
      "aa_muts": {}
    },
    "NODE_0000308": {
      "aa_muts": {}
    },
    "NODE_0000309": {
      "aa_muts": {}
    },
    "NODE_0000315": {
      "aa_muts": {}
    },
    "NODE_0000316": {
      "aa_muts": {}
    },
    "NODE_0000317": {
      "aa_muts": {}
    },
    "NODE_0000318": {
      "aa_muts": {}
    },
    "NODE_0000319": {
      "aa_muts": {}
    },
    "NODE_0000320": {
      "aa_muts": {}
    },
    "NODE_0000321": {
      "aa_muts": {}
    },
    "NODE_0000322": {
      "aa_muts": {}
    },
    "NODE_0000323": {
      "aa_muts": {}
    },
    "NODE_0000324": {
      "aa_muts": {}
    },
    "NODE_0000325": {
      "aa_muts": {}
    },
    "NODE_0000326": {
      "aa_muts": {}
    },
    "NODE_0000327": {
      "aa_muts": {}
    },
    "NODE_0000328": {
      "aa_muts": {}
    },
    "NODE_0000329": {
      "aa_muts": {}
    },
    "NODE_0000330": {
      "aa_muts": {}
    },
    "NODE_0000331": {
      "aa_muts": {}
    },
    "NODE_0000332": {
      "aa_muts": {}
    },
    "NODE_0000333": {
      "aa_muts": {}
    },
    "NODE_0000334": {
      "aa_muts": {}
    },
    "NODE_0000335": {
      "aa_muts": {}
    },
    "NODE_0000336": {
      "aa_muts": {}
    },
    "NODE_0000337": {
      "aa_muts": {}
    },
    "NODE_0000338": {
      "aa_muts": {}
    },
    "NODE_0000339": {
      "aa_muts": {}
    },
    "NODE_0000340": {
      "aa_muts": {}
    },
    "NODE_0000341": {
      "aa_muts": {}
    },
    "NODE_0000342": {
      "aa_muts": {}
    },
    "NODE_0000343": {
      "aa_muts": {}
    },
    "NODE_0000344": {
      "aa_muts": {}
    },
    "NODE_0000345": {
      "aa_muts": {}
    },
    "NODE_0000346": {
      "aa_muts": {}
    },
    "NODE_0000347": {
      "aa_muts": {}
    },
    "OC43/human/Mex/LRTI_238/2011": {
      "aa_muts": {}
    },
    "OC43/human/USA/007_11/2000": {
      "aa_muts": {}
    },
    "OC43/human/USA/008_5/2000": {
      "aa_muts": {}
    },
    "OC43/human/USA/832_27/1983": {
      "aa_muts": {}
    },
    "OC43/human/USA/851_15/1985": {
      "aa_muts": {}
    },
    "OC43/human/USA/871_25/1987": {
      "aa_muts": {}
    },
    "OC43/human/USA/872_5/1987": {
      "aa_muts": {}
    },
    "OC43/human/USA/873_16/1987": {
      "aa_muts": {}
    },
    "OC43/human/USA/873_19/1987": {
      "aa_muts": {}
    },
    "OC43/human/USA/873_6/1987": {
      "aa_muts": {}
    },
    "OC43/human/USA/8912_37/1989": {
      "aa_muts": {}
    },
    "OC43/human/USA/901_33/1990": {
      "aa_muts": {}
    },
    "OC43/human/USA/901_41/1990": {
      "aa_muts": {}
    },
    "OC43/human/USA/901_43/1990": {
      "aa_muts": {}
    },
    "OC43/human/USA/901_54/1990": {
      "aa_muts": {}
    },
    "OC43/human/USA/911_11/1991": {
      "aa_muts": {}
    },
    "OC43/human/USA/911_38/1991": {
      "aa_muts": {}
    },
    "OC43/human/USA/911_58/1991": {
      "aa_muts": {}
    },
    "OC43/human/USA/911_66/1991": {
      "aa_muts": {}
    },
    "OC43/human/USA/912_10/1991": {
      "aa_muts": {}
    },
    "OC43/human/USA/912_11/1991": {
      "aa_muts": {}
    },
    "OC43/human/USA/912_36/1991": {
      "aa_muts": {}
    },
    "OC43/human/USA/912_6/1991": {
      "aa_muts": {}
    },
    "OC43/human/USA/913_29/1991": {
      "aa_muts": {}
    },
    "OC43/human/USA/9211_43/1992": {
      "aa_muts": {}
    },
    "OC43/human/USA/9212_33/1992": {
      "aa_muts": {}
    },
    "OC43/human/USA/925_1/1992": {
      "aa_muts": {}
    },
    "OC43/human/USA/931_85/1993": {
      "aa_muts": {}
    },
    "OC43/human/USA/951_15/1995": {
      "aa_muts": {}
    },
    "OC43/human/USA/951_18/1995": {
      "aa_muts": {}
    },
    "OC43/human/USA/952_23/1995": {
      "aa_muts": {}
    },
    "OC43/human/USA/953_23/1995": {
      "aa_muts": {}
    },
    "OC43/human/USA/9612_29/1996": {
      "aa_muts": {}
    },
    "OC43/human/USA/9612_48/1996": {
      "aa_muts": {}
    },
    "OC43/human/USA/9612_9/1996": {
      "aa_muts": {}
    },
    "OC43/human/USA/965_6/1996": {
      "aa_muts": {}
    },
    "OC43/human/USA/9712_13/1997": {
      "aa_muts": {}
    },
    "OC43/human/USA/9712_31/1997": {
      "aa_muts": {}
    },
    "OC43/human/USA/971_5/1997": {
      "aa_muts": {}
    },
    "OC43/human/USA/982_4/1998": {
      "aa_muts": {}
    },
    "OC43/human/USA/991_19/1999": {
      "aa_muts": {}
    },
    "OC43/human/USA/991_5/1999": {
      "aa_muts": {}
    },
    "OC43_KLF_01_2018": {
      "aa_muts": {}
    },
    "OC43_KLF_02_2017": {
      "aa_muts": {}
    }
  },
  "reference": {}
}