{
  "annotations": {
    "nuc": {
      "end": 21288,
      "seqid": "config/oc43_replicase1ab_reference.gb",
      "start": 1,
      "strand": "+",
      "type": "source"
    }
  },
  "generated_by": {
    "program": "augur",
    "version": "6.4.1"
  },
  "nodes": {
    "HCoV_OC43/Seattle/USA/SC0682/2019": {
      "aa_muts": {}
    },
    "HCoV_OC43/Seattle/USA/SC0776/2019": {
      "aa_muts": {}
    },
    "HCoV_OC43/Seattle/USA/SC0810/2019": {
      "aa_muts": {}
    },
    "HCoV_OC43/Seattle/USA/SC0839/2019": {
      "aa_muts": {}
    },
    "HCoV_OC43/Seattle/USA/SC0841/2019": {
      "aa_muts": {}
    },
    "HCoV_OC43/Seattle/USA/SC2269/2016": {
      "aa_muts": {}
    },
    "HCoV_OC43/Seattle/USA/SC2345/2015": {
      "aa_muts": {}
    },
    "HCoV_OC43/Seattle/USA/SC2476/2015": {
      "aa_muts": {}
    },
    "HCoV_OC43/Seattle/USA/SC2481/2015": {
      "aa_muts": {}
    },
    "HCoV_OC43/Seattle/USA/SC2730/2015": {
      "aa_muts": {}
    },
    "HCoV_OC43/Seattle/USA/SC2770/2015": {
      "aa_muts": {}
    },
    "HCoV_OC43/Seattle/USA/SC2854/2015": {
      "aa_muts": {}
    },
    "HCoV_OC43/Seattle/USA/SC2924/2015": {
      "aa_muts": {}
    },
    "HCoV_OC43/Seattle/USA/SC3118/2015": {
      "aa_muts": {}
    },
    "HCoV_OC43/Seattle/USA/SC622/2016": {
      "aa_muts": {}
    },
    "HCoV_OC43/Seattle/USA/SC831/2016": {
      "aa_muts": {}
    },
    "HCoV_OC43/Seattle/USA/SC9428/2018": {
      "aa_muts": {}
    },
    "HCoV_OC43/Seattle/USA/SC9430/2018": {
      "aa_muts": {}
    },
    "HCoV_OC43/Seattle/USA/SC9741/2016": {
      "aa_muts": {}
    },
    "HCoV_OC43/UK/London/2011": {
      "aa_muts": {}
    },
    "HCoV_OC43/USA/ACRI_0052/2016": {
      "aa_muts": {}
    },
    "HCoV_OC43/USA/ACRI_0213/2016": {
      "aa_muts": {}
    },
    "HCoV_OC43/USA/TCNP_00204/2017": {
      "aa_muts": {}
    },
    "HCoV_OC43/USA/TCNP_00212/2017": {
      "aa_muts": {}
    },
    "HCoV_OC43/USA/TCNP_0070/2016": {
      "aa_muts": {}
    },
    "NODE_0000000": {
      "aa_muts": {}
    },
    "NODE_0000001": {
      "aa_muts": {}
    },
    "NODE_0000002": {
      "aa_muts": {},
      "aa_sequences": {}
    },
    "NODE_0000004": {
      "aa_muts": {}
    },
    "NODE_0000005": {
      "aa_muts": {}
    },
    "NODE_0000006": {
      "aa_muts": {}
    },
    "NODE_0000007": {
      "aa_muts": {}
    },
    "NODE_0000012": {
      "aa_muts": {}
    },
    "NODE_0000013": {
      "aa_muts": {}
    },
    "NODE_0000017": {
      "aa_muts": {}
    },
    "NODE_0000018": {
      "aa_muts": {}
    },
    "NODE_0000019": {
      "aa_muts": {}
    },
    "NODE_0000020": {
      "aa_muts": {}
    },
    "NODE_0000021": {
      "aa_muts": {}
    },
    "NODE_0000022": {
      "aa_muts": {}
    },
    "NODE_0000023": {
      "aa_muts": {}
    },
    "NODE_0000024": {
      "aa_muts": {}
    },
    "NODE_0000025": {
      "aa_muts": {}
    },
    "NODE_0000026": {
      "aa_muts": {}
    },
    "NODE_0000027": {
      "aa_muts": {}
    },
    "NODE_0000028": {
      "aa_muts": {}
    },
    "NODE_0000029": {
      "aa_muts": {}
    },
    "NODE_0000030": {
      "aa_muts": {}
    },
    "NODE_0000031": {
      "aa_muts": {}
    },
    "NODE_0000032": {
      "aa_muts": {}
    },
    "NODE_0000033": {
      "aa_muts": {}
    },
    "NODE_0000034": {
      "aa_muts": {}
    },
    "NODE_0000037": {
      "aa_muts": {}
    },
    "NODE_0000038": {
      "aa_muts": {}
    },
    "NODE_0000039": {
      "aa_muts": {}
    },
    "NODE_0000040": {
      "aa_muts": {}
    },
    "NODE_0000041": {
      "aa_muts": {}
    },
    "NODE_0000042": {
      "aa_muts": {}
    },
    "NODE_0000043": {
      "aa_muts": {}
    },
    "NODE_0000044": {
      "aa_muts": {}
    },
    "NODE_0000045": {
      "aa_muts": {}
    },
    "NODE_0000046": {
      "aa_muts": {}
    },
    "NODE_0000047": {
      "aa_muts": {}
    },
    "NODE_0000048": {
      "aa_muts": {}
    },
    "NODE_0000049": {
      "aa_muts": {}
    },
    "NODE_0000050": {
      "aa_muts": {}
    },
    "NODE_0000052": {
      "aa_muts": {}
    },
    "NODE_0000053": {
      "aa_muts": {}
    },
    "NODE_0000054": {
      "aa_muts": {}
    },
    "NODE_0000055": {
      "aa_muts": {}
    },
    "NODE_0000057": {
      "aa_muts": {}
    },
    "NODE_0000058": {
      "aa_muts": {}
    },
    "NODE_0000059": {
      "aa_muts": {}
    },
    "NODE_0000060": {
      "aa_muts": {}
    },
    "NODE_0000063": {
      "aa_muts": {}
    },
    "NODE_0000064": {
      "aa_muts": {}
    },
    "NODE_0000065": {
      "aa_muts": {}
    },
    "NODE_0000066": {
      "aa_muts": {}
    },
    "NODE_0000067": {
      "aa_muts": {}
    },
    "NODE_0000068": {
      "aa_muts": {}
    },
    "NODE_0000069": {
      "aa_muts": {}
    },
    "NODE_0000070": {
      "aa_muts": {}
    },
    "OC43/human/Mex/LRTI_238/2011": {
      "aa_muts": {}
    },
    "OC43/human/USA/007_11/2000": {
      "aa_muts": {}
    },
    "OC43/human/USA/008_5/2000": {
      "aa_muts": {}
    },
    "OC43/human/USA/832_27/1983": {
      "aa_muts": {}
    },
    "OC43/human/USA/851_15/1985": {
      "aa_muts": {}
    },
    "OC43/human/USA/871_25/1987": {
      "aa_muts": {}
    },
    "OC43/human/USA/872_5/1987": {
      "aa_muts": {}
    },
    "OC43/human/USA/873_16/1987": {
      "aa_muts": {}
    },
    "OC43/human/USA/873_19/1987": {
      "aa_muts": {}
    },
    "OC43/human/USA/873_6/1987": {
      "aa_muts": {}
    },
    "OC43/human/USA/8912_37/1989": {
      "aa_muts": {}
    },
    "OC43/human/USA/901_33/1990": {
      "aa_muts": {}
    },
    "OC43/human/USA/901_41/1990": {
      "aa_muts": {}
    },
    "OC43/human/USA/901_43/1990": {
      "aa_muts": {}
    },
    "OC43/human/USA/901_54/1990": {
      "aa_muts": {}
    },
    "OC43/human/USA/911_11/1991": {
      "aa_muts": {}
    },
    "OC43/human/USA/911_38/1991": {
      "aa_muts": {}
    },
    "OC43/human/USA/911_58/1991": {
      "aa_muts": {}
    },
    "OC43/human/USA/911_66/1991": {
      "aa_muts": {}
    },
    "OC43/human/USA/912_10/1991": {
      "aa_muts": {}
    },
    "OC43/human/USA/912_11/1991": {
      "aa_muts": {}
    },
    "OC43/human/USA/912_36/1991": {
      "aa_muts": {}
    },
    "OC43/human/USA/912_6/1991": {
      "aa_muts": {}
    },
    "OC43/human/USA/913_29/1991": {
      "aa_muts": {}
    },
    "OC43/human/USA/9211_43/1992": {
      "aa_muts": {}
    },
    "OC43/human/USA/9212_33/1992": {
      "aa_muts": {}
    },
    "OC43/human/USA/925_1/1992": {
      "aa_muts": {}
    },
    "OC43/human/USA/931_85/1993": {
      "aa_muts": {}
    },
    "OC43/human/USA/951_15/1995": {
      "aa_muts": {}
    },
    "OC43/human/USA/951_18/1995": {
      "aa_muts": {}
    },
    "OC43/human/USA/952_23/1995": {
      "aa_muts": {}
    },
    "OC43/human/USA/953_23/1995": {
      "aa_muts": {}
    },
    "OC43/human/USA/9612_29/1996": {
      "aa_muts": {}
    },
    "OC43/human/USA/9612_48/1996": {
      "aa_muts": {}
    },
    "OC43/human/USA/9612_9/1996": {
      "aa_muts": {}
    },
    "OC43/human/USA/965_6/1996": {
      "aa_muts": {}
    },
    "OC43/human/USA/9712_13/1997": {
      "aa_muts": {}
    },
    "OC43/human/USA/9712_31/1997": {
      "aa_muts": {}
    },
    "OC43/human/USA/971_5/1997": {
      "aa_muts": {}
    },
    "OC43/human/USA/982_4/1998": {
      "aa_muts": {}
    },
    "OC43/human/USA/991_19/1999": {
      "aa_muts": {}
    },
    "OC43/human/USA/991_5/1999": {
      "aa_muts": {}
    },
    "OC43_KLF_01_2018": {
      "aa_muts": {}
    },
    "OC43_KLF_02_2017": {
      "aa_muts": {}
    }
  },
  "reference": {}
}