{
  "alignment": "results/aligned_oc43_nonstructural2.fasta",
  "clock": {
    "intercept": -0.47060661376874513,
    "rate": 0.00024049968456323805,
    "rtt_Tmrca": 1956.786823331578
  },
  "generated_by": {
    "program": "augur",
    "version": "6.4.1"
  },
  "input_tree": "results/tree_raw_oc43_nonstructural2.nwk",
  "nodes": {
    "HCoV_OC43/Seattle/USA/SC0682/2019": {
      "branch_length": 0.0004775978598681202,
      "clock_length": 0.0004775978598681202,
      "date": "2019-01-01",
      "mutation_length": 2.1332588486912887e-20,
      "num_date_confidence": [
        2019.0013698630137,
        2019.8992741089671
      ],
      "numdate": 2019.0013698630137,
      "raw_date": "2019-XX-XX"
    },
    "HCoV_OC43/Seattle/USA/SC0776/2019": {
      "branch_length": 0.0004775978598681202,
      "clock_length": 0.0004775978598681202,
      "date": "2019-01-01",
      "mutation_length": 2.1332588486912887e-20,
      "num_date_confidence": [
        2019.0013698630137,
        2019.8992741089671
      ],
      "numdate": 2019.0013698630137,
      "raw_date": "2019-XX-XX"
    },
    "HCoV_OC43/Seattle/USA/SC0810/2019": {
      "branch_length": 0.0004775978598681202,
      "clock_length": 0.0004775978598681202,
      "date": "2019-01-01",
      "mutation_length": 2.1332588486912887e-20,
      "num_date_confidence": [
        2019.0013698630137,
        2019.8920604758712
      ],
      "numdate": 2019.0013698630137,
      "raw_date": "2019-XX-XX"
    },
    "HCoV_OC43/Seattle/USA/SC0839/2019": {
      "branch_length": 0.00036325781591246684,
      "clock_length": 0.00036325781591246684,
      "date": "2019-01-01",
      "mutation_length": 2.1332588486912887e-20,
      "num_date_confidence": [
        2019.0013698630137,
        2019.894409726823
      ],
      "numdate": 2019.0013698630137,
      "raw_date": "2019-XX-XX"
    },
    "HCoV_OC43/Seattle/USA/SC0841/2019": {
      "branch_length": 0.0004775978598681202,
      "clock_length": 0.0004775978598681202,
      "date": "2019-01-01",
      "mutation_length": 2.88057971390831e-20,
      "num_date_confidence": [
        2019.0013698630137,
        2019.9003678103936
      ],
      "numdate": 2019.0013698630137,
      "raw_date": "2019-XX-XX"
    },
    "HCoV_OC43/Seattle/USA/SC2269/2016": {
      "branch_length": 0.00021770891189086213,
      "clock_length": 0.00021770891189086213,
      "date": "2016-01-01",
      "mutation_length": 2.569196640413391e-19,
      "num_date_confidence": [
        2016.0013661202186,
        2016.9986338797814
      ],
      "numdate": 2016.0021602173736,
      "raw_date": "2016-XX-XX"
    },
    "HCoV_OC43/Seattle/USA/SC2345/2015": {
      "branch_length": 0.0,
      "clock_length": 0.0,
      "date": "2015-02-09",
      "mutation_length": 2.569196640413391e-19,
      "num_date_confidence": [
        2015.0013698630137,
        2015.9986301369863
      ],
      "numdate": 2015.1083430948381,
      "raw_date": "2015-XX-XX"
    },
    "HCoV_OC43/Seattle/USA/SC2476/2015": {
      "branch_length": 0.0048034046588109605,
      "clock_length": 0.0048034046588109605,
      "date": "2015-01-01",
      "mutation_length": 1.5934823453187669e-21,
      "num_date_confidence": [
        2015.0013698630137,
        2015.8838955286546
      ],
      "numdate": 2015.0013698630137,
      "raw_date": "2015-XX-XX"
    },
    "HCoV_OC43/Seattle/USA/SC2481/2015": {
      "branch_length": 0.0020372924530717047,
      "clock_length": 0.0020372924530717047,
      "date": "2015-01-01",
      "mutation_length": 0.003102011837292657,
      "num_date_confidence": [
        2015.0013698630137,
        2015.9986301369863
      ],
      "numdate": 2015.0013698630137,
      "raw_date": "2015-XX-XX"
    },
    "HCoV_OC43/Seattle/USA/SC2730/2015": {
      "branch_length": 0.002271128444092504,
      "clock_length": 0.002271128444092504,
      "date": "2015-12-22",
      "mutation_length": 0.0030889862318680666,
      "num_date_confidence": [
        2015.0013698630137,
        2015.9986301369863
      ],
      "numdate": 2015.9736621612155,
      "raw_date": "2015-XX-XX"
    },
    "HCoV_OC43/Seattle/USA/SC2770/2015": {
      "branch_length": 0.0,
      "clock_length": 0.0,
      "date": "2015-02-05",
      "mutation_length": 2.569196640413391e-19,
      "num_date_confidence": [
        2015.0013698630137,
        2015.9986301369863
      ],
      "numdate": 2015.0978607845109,
      "raw_date": "2015-XX-XX"
    },
    "HCoV_OC43/Seattle/USA/SC2854/2015": {
      "branch_length": 0.0,
      "clock_length": 0.0,
      "date": "2015-02-09",
      "mutation_length": 2.569196640413391e-19,
      "num_date_confidence": [
        2015.0013698630137,
        2015.9986301369863
      ],
      "numdate": 2015.1083430948381,
      "raw_date": "2015-XX-XX"
    },
    "HCoV_OC43/Seattle/USA/SC2924/2015": {
      "branch_length": 0.00019945030896948682,
      "clock_length": 0.00019945030896948682,
      "date": "2015-12-31",
      "mutation_length": 1.0719201766966366e-19,
      "num_date_confidence": [
        2015.111478005559,
        2015.9986301369863
      ],
      "numdate": 2015.9986301369863,
      "raw_date": "2015-XX-XX"
    },
    "HCoV_OC43/Seattle/USA/SC3118/2015": {
      "branch_length": 0.0,
      "clock_length": 0.0,
      "date": "2015-02-05",
      "mutation_length": 2.569196640413391e-19,
      "num_date_confidence": [
        2015.0013698630137,
        2015.9986301369863
      ],
      "numdate": 2015.0978607845109,
      "raw_date": "2015-XX-XX"
    },
    "HCoV_OC43/Seattle/USA/SC622/2016": {
      "branch_length": 0.0002541028095890954,
      "clock_length": 0.0002541028095890954,
      "date": "2016-01-01",
      "mutation_length": 2.569196640413391e-19,
      "num_date_confidence": [
        2016.0013661202186,
        2016.8736770921712
      ],
      "numdate": 2016.0013661202186,
      "raw_date": "2016-XX-XX"
    },
    "HCoV_OC43/Seattle/USA/SC831/2016": {
      "branch_length": 0.0002175179317755471,
      "clock_length": 0.0002175179317755471,
      "date": "2016-01-01",
      "mutation_length": 2.569196640413391e-19,
      "num_date_confidence": [
        2016.0013661202186,
        2016.870028737842
      ],
      "numdate": 2016.0013661202186,
      "raw_date": "2016-XX-XX"
    },
    "HCoV_OC43/Seattle/USA/SC9428/2018": {
      "branch_length": 0.0007174386411859891,
      "clock_length": 0.0007174386411859891,
      "date": "2019-12-31",
      "mutation_length": 0.0030762544206928704,
      "num_date_confidence": [
        2019.101204670029,
        2019.9986301369863
      ],
      "numdate": 2019.9986301369863,
      "raw_date": "2019-XX-XX"
    },
    "HCoV_OC43/Seattle/USA/SC9430/2018": {
      "branch_length": 0.00036325781591246684,
      "clock_length": 0.00036325781591246684,
      "date": "2019-01-01",
      "mutation_length": 2.1332588486912887e-20,
      "num_date_confidence": [
        2019.0013698630137,
        2019.894409726823
      ],
      "numdate": 2019.0013698630137,
      "raw_date": "2019-XX-XX"
    },
    "HCoV_OC43/Seattle/USA/SC9741/2016": {
      "branch_length": 0.00024812384000059734,
      "clock_length": 0.00024812384000059734,
      "date": "2016-01-01",
      "mutation_length": 2.569196640413391e-19,
      "num_date_confidence": [
        2016.0013661202186,
        2016.8725845745546
      ],
      "numdate": 2016.0013661202186,
      "raw_date": "2016-XX-XX"
    },
    "HCoV_OC43/UK/London/2011": {
      "branch_length": 0.002897520704733275,
      "clock_length": 0.002897520704733275,
      "date": "2011-08-20",
      "mutation_length": 1.5934823453187669e-21,
      "num_date_confidence": [
        2011.6342465753426,
        2011.6342465753426
      ],
      "numdate": 2011.6342465753426,
      "raw_date": "2011-08-20"
    },
    "HCoV_OC43/USA/ACRI_0052/2016": {
      "branch_length": 0.0,
      "clock_length": 0.0,
      "date": "2016-03-07",
      "mutation_length": 1.5934823453187669e-21,
      "num_date_confidence": [
        2016.181693989071,
        2016.181693989071
      ],
      "numdate": 2016.181693989071,
      "raw_date": "2016-03-07"
    },
    "HCoV_OC43/USA/ACRI_0213/2016": {
      "branch_length": 0.0004860601556295871,
      "clock_length": 0.0004860601556295871,
      "date": "2016-12-19",
      "mutation_length": 2.569196640413391e-19,
      "num_date_confidence": [
        2016.9658469945355,
        2016.9658469945355
      ],
      "numdate": 2016.9658469945355,
      "raw_date": "2016-12-19"
    },
    "HCoV_OC43/USA/TCNP_00204/2017": {
      "branch_length": 0.0004959212007841164,
      "clock_length": 0.0004959212007841164,
      "date": "2017-01-03",
      "mutation_length": 2.569196640413391e-19,
      "num_date_confidence": [
        2017.0068493150684,
        2017.0068493150684
      ],
      "numdate": 2017.0068493150684,
      "raw_date": "2017-01-03"
    },
    "HCoV_OC43/USA/TCNP_00212/2017": {
      "branch_length": 0.0013323609354190223,
      "clock_length": 0.0013323609354190223,
      "date": "2017-01-17",
      "mutation_length": 2.569196640413391e-19,
      "num_date_confidence": [
        2017.045205479452,
        2017.045205479452
      ],
      "numdate": 2017.045205479452,
      "raw_date": "2017-01-17"
    },
    "HCoV_OC43/USA/TCNP_0070/2016": {
      "branch_length": 0.0002204785039357027,
      "clock_length": 0.0002204785039357027,
      "date": "2016-02-01",
      "mutation_length": 1.0719201766966366e-19,
      "num_date_confidence": [
        2016.0860655737704,
        2016.0860655737704
      ],
      "numdate": 2016.0860655737704,
      "raw_date": "2016-02-01"
    },
    "NODE_0000000": {
      "branch_length": 0.001,
      "clock_length": 0.001,
      "date": "1936-05-25",
      "mutation_length": 0.001,
      "num_date_confidence": [
        1408.4936185495533,
        1983.1159028328188
      ],
      "numdate": 1936.3970065515728
    },
    "NODE_0000002": {
      "branch_length": 0.0024230238981306426,
      "clock_length": 0.0024230238981306426,
      "date": "1973-10-30",
      "mutation_length": 1.386133994737443e-22,
      "num_date_confidence": [
        1957.5604411639004,
        1984.9872838683127
      ],
      "numdate": 1973.8296453916626
    },
    "NODE_0000003": {
      "branch_length": 0.001605820753341728,
      "clock_length": 0.001605820753341728,
      "date": "2009-07-09",
      "mutation_length": 0.00307607037520705,
      "num_date_confidence": [
        2006.1767761473948,
        2019.907012717692
      ],
      "numdate": 2009.519345635771
    },
    "NODE_0000004": {
      "branch_length": 0.003213918807690336,
      "clock_length": 0.003213918807690336,
      "date": "1987-03-12",
      "mutation_length": 1.386133994737443e-22,
      "num_date_confidence": [
        1975.4035322152615,
        1987.1931506849314
      ],
      "numdate": 1987.1931506849314
    },
    "NODE_0000005": {
      "branch_length": 0.0023941532258064512,
      "clock_length": 0.0023941532258064512,
      "date": "1983-10-14",
      "mutation_length": 1.386133994737443e-22,
      "num_date_confidence": [
        1972.1116762685142,
        1985.0205479452054
      ],
      "numdate": 1983.7845575162019
    },
    "NODE_0000006": {
      "branch_length": 0.0015719913160843098,
      "clock_length": 0.0015719913160843098,
      "date": "2002-11-04",
      "mutation_length": 0.003076070175017465,
      "num_date_confidence": [
        1999.7199650138261,
        2015.738543200553
      ],
      "numdate": 2002.8423275088742
    },
    "NODE_0000007": {
      "branch_length": 0.0008869533976898812,
      "clock_length": 0.0008869533976898812,
      "date": "2006-07-13",
      "mutation_length": 0.003088986385711026,
      "num_date_confidence": [
        1998.0276665602817,
        2015.7708912456592
      ],
      "numdate": 2006.5302882615074
    },
    "NODE_0000008": {
      "branch_length": 0.0007999984845225364,
      "clock_length": 0.0007999984845225364,
      "date": "1987-02-10",
      "mutation_length": 1.386133994737443e-22,
      "num_date_confidence": [
        1980.0861566442236,
        1987.1109589041096
      ],
      "numdate": 1987.1109589041096
    },
    "NODE_0000011": {
      "branch_length": 0.0002863819648093839,
      "clock_length": 0.0002863819648093839,
      "date": "1988-02-11",
      "mutation_length": 2.1332588486912887e-20,
      "num_date_confidence": [
        1981.8506534093622,
        1990.0119414080389
      ],
      "numdate": 1988.1136176955781
    },
    "NODE_0000012": {
      "branch_length": 0.00046454625272788,
      "clock_length": 0.00046454625272788,
      "date": "1990-01-17",
      "mutation_length": 2.1332588486912887e-20,
      "num_date_confidence": [
        1986.9346049933138,
        1990.045205479452
      ],
      "numdate": 1990.045205479452
    },
    "NODE_0000013": {
      "branch_length": 0.0017666794474319666,
      "clock_length": 0.0017666794474319666,
      "date": "1981-07-14",
      "mutation_length": 1.5934823453187669e-21,
      "num_date_confidence": [
        1966.4149692361475,
        1992.8806703930527
      ],
      "numdate": 1981.53163671635
    },
    "NODE_0000014": {
      "branch_length": 0.0027374390088309294,
      "clock_length": 0.0027374390088309294,
      "date": "1992-11-30",
      "mutation_length": 1.5934823453187669e-21,
      "num_date_confidence": [
        1988.8660481679728,
        1992.9139344262296
      ],
      "numdate": 1992.9139344262296
    },
    "NODE_0000015": {
      "branch_length": 0.002243511213503021,
      "clock_length": 0.002243511213503021,
      "date": "1990-11-10",
      "mutation_length": 1.5934823453187669e-21,
      "num_date_confidence": [
        1977.737106238616,
        1993.0365989368058
      ],
      "numdate": 1990.8601779058213
    },
    "NODE_0000016": {
      "branch_length": 0.0005314285714285716,
      "clock_length": 0.0005314285714285716,
      "date": "1993-01-26",
      "mutation_length": 1.5934823453187669e-21,
      "num_date_confidence": [
        1988.156973568131,
        1993.0698630136985
      ],
      "numdate": 1993.0698630136985
    },
    "NODE_0000017": {
      "branch_length": 0.00555838805925594,
      "clock_length": 0.00555838805925594,
      "date": "2016-03-07",
      "mutation_length": 1.5934823453187669e-21,
      "num_date_confidence": [
        2010.131696876983,
        2016.181693989071
      ],
      "numdate": 2016.181693989071
    },
    "NODE_0000018": {
      "branch_length": -6.594396680997469e-07,
      "clock_length": -6.594396680997469e-07,
      "date": "1990-11-09",
      "mutation_length": 1.5934823453187669e-21,
      "num_date_confidence": [
        1982.4492294072838,
        1994.9765388048097
      ],
      "numdate": 1990.857435949343
    },
    "NODE_0000019": {
      "branch_length": 0.001003203831542501,
      "clock_length": 0.001003203831542501,
      "date": "1995-01-11",
      "mutation_length": 1.5934823453187669e-21,
      "num_date_confidence": [
        1991.960446969308,
        1995.0287671232877
      ],
      "numdate": 1995.0287671232877
    },
    "NODE_0000020": {
      "branch_length": 0.00032766383849507866,
      "clock_length": 0.00032766383849507866,
      "date": "1992-03-21",
      "mutation_length": 1.5934823453187669e-21,
      "num_date_confidence": [
        1987.3918905245928,
        1995.0380653980083
      ],
      "numdate": 1992.2198653391783
    },
    "NODE_0000021": {
      "branch_length": 0.0011098092268294595,
      "clock_length": 0.0011098092268294595,
      "date": "1997-04-10",
      "mutation_length": 0.0030632620486790844,
      "num_date_confidence": [
        1995.2622557263587,
        1999.0064634804507
      ],
      "numdate": 1997.2721704573914
    },
    "NODE_0000022": {
      "branch_length": 0.00474826774299571,
      "clock_length": 0.00474826774299571,
      "date": "2017-01-06",
      "mutation_length": 0.006145861211004568,
      "num_date_confidence": [
        2014.0903813461416,
        2018.9622224139675
      ],
      "numdate": 2017.015513371204
    },
    "NODE_0000023": {
      "branch_length": 0.00034802285323685955,
      "clock_length": 0.00034802285323685955,
      "date": "1993-09-01",
      "mutation_length": 1.5934823453187669e-21,
      "num_date_confidence": [
        1991.2533464759997,
        1995.0859140710525
      ],
      "numdate": 1993.6669477079927
    },
    "NODE_0000024": {
      "branch_length": 0.0007920700318928874,
      "clock_length": 0.0007920700318928874,
      "date": "1996-12-17",
      "mutation_length": 1.5934823453187669e-21,
      "num_date_confidence": [
        1994.119227169465,
        1996.9603825136612
      ],
      "numdate": 1996.9603825136612
    },
    "NODE_0000025": {
      "branch_length": 0.005756638762963565,
      "clock_length": 0.005756638762963565,
      "date": "1992-08-28",
      "mutation_length": 0.0030791994722468596,
      "num_date_confidence": [
        1896.020735877667,
        1994.9215691881768
      ],
      "numdate": 1992.6575730251955
    },
    "NODE_0000026": {
      "branch_length": 0.00034926094690807246,
      "clock_length": 0.00034926094690807246,
      "date": "1995-02-13",
      "mutation_length": 1.5934823453187669e-21,
      "num_date_confidence": [
        1993.3800899577138,
        1995.1191780821919
      ],
      "numdate": 1995.1191780821919
    },
    "NODE_0000027": {
      "branch_length": 0.0009773992094833112,
      "clock_length": 0.0009773992094833112,
      "date": "1996-04-13",
      "mutation_length": 1.5934823453187669e-21,
      "num_date_confidence": [
        1993.0924741615904,
        1996.8916003492357
      ],
      "numdate": 1996.2839006465772
    },
    "NODE_0000028": {
      "branch_length": 0.00015415133712368915,
      "clock_length": 0.00015415133712368915,
      "date": "1996-12-04",
      "mutation_length": 1.5934823453187669e-21,
      "num_date_confidence": [
        1995.5406007351016,
        1996.9248633879781
      ],
      "numdate": 1996.9248633879781
    },
    "NODE_0000029": {
      "branch_length": 0.0007942326490713589,
      "clock_length": 0.0007942326490713589,
      "date": "1999-08-03",
      "mutation_length": 1.5934823453187669e-21,
      "num_date_confidence": [
        1997.3284122339953,
        2000.6024590163934
      ],
      "numdate": 1999.5863276352602
    },
    "NODE_0000030": {
      "branch_length": 0.007774009727291819,
      "clock_length": 0.007774009727291819,
      "date": "1968-09-21",
      "mutation_length": 0.006147881936148981,
      "num_date_confidence": [
        1795.8436792133236,
        1989.9189863497015
      ],
      "numdate": 1968.721413718301
    },
    "NODE_0000032": {
      "branch_length": 0.005376771715756798,
      "clock_length": 0.005376771715756798,
      "date": "1991-01-29",
      "mutation_length": 0.0030812838931232036,
      "num_date_confidence": [
        1983.4994980708918,
        1991.0780821917808
      ],
      "numdate": 1991.0780821917808
    },
    "NODE_0000033": {
      "branch_length": 0.0019148404402123467,
      "clock_length": 0.0019148404402123467,
      "date": "1976-09-07",
      "mutation_length": 1.1742953168955616e-22,
      "num_date_confidence": [
        1958.3094814114943,
        1989.980529765599
      ],
      "numdate": 1976.6833386733786
    },
    "NODE_0000034": {
      "branch_length": 0.0021113748052727695,
      "clock_length": 0.0021113748052727695,
      "date": "1985-06-18",
      "mutation_length": 1.1742953168955616e-22,
      "num_date_confidence": [
        1973.2461855282388,
        1990.028380703929
      ],
      "numdate": 1985.4624554073866
    },
    "NODE_0000035": {
      "branch_length": 0.0011061033662361748,
      "clock_length": 0.0011061033662361748,
      "date": "1990-01-23",
      "mutation_length": 1.1742953168955616e-22,
      "num_date_confidence": [
        1983.730216511321,
        1990.0616438356165
      ],
      "numdate": 1990.0616438356165
    },
    "NODE_0000036": {
      "branch_length": 0.0013413318248364052,
      "clock_length": 0.0013413318248364052,
      "date": "1991-01-15",
      "mutation_length": 1.1742953168955616e-22,
      "num_date_confidence": [
        1985.7642596577757,
        1991.0397260273974
      ],
      "numdate": 1991.0397260273974
    },
    "NODE_0000037": {
      "branch_length": 0.0015926786261313292,
      "clock_length": 0.0015926786261313292,
      "date": "1983-04-22",
      "mutation_length": 1.1742953168955616e-22,
      "num_date_confidence": [
        1970.1442664274423,
        1991.0216298674623
      ],
      "numdate": 1983.305711709018
    },
    "NODE_0000038": {
      "branch_length": 0.0018659581331862225,
      "clock_length": 0.0018659581331862225,
      "date": "1991-01-24",
      "mutation_length": 1.1742953168955616e-22,
      "num_date_confidence": [
        1985.0017821822,
        1991.0643835616438
      ],
      "numdate": 1991.0643835616438
    },
    "NODE_0000039": {
      "branch_length": 0.0010765001692872173,
      "clock_length": 0.0010765001692872173,
      "date": "1987-10-13",
      "mutation_length": 1.1742953168955616e-22,
      "num_date_confidence": [
        1979.6722904010867,
        1991.0694756902305
      ],
      "numdate": 1987.7818097598
    },
    "NODE_0000040": {
      "branch_length": 0.0010962827411251643,
      "clock_length": 0.0010962827411251643,
      "date": "1992-05-04",
      "mutation_length": 1.1742953168955616e-22,
      "num_date_confidence": [
        1989.2282256612052,
        1992.3401639344263
      ],
      "numdate": 1992.3401639344263
    },
    "NODE_0000041": {
      "branch_length": 0.0007986826093343367,
      "clock_length": 0.0007986826093343367,
      "date": "1991-02-07",
      "mutation_length": 1.1742953168955616e-22,
      "num_date_confidence": [
        1987.4531359820644,
        1991.1027397260275
      ],
      "numdate": 1991.1027397260275
    },
    "NODE_0000043": {
      "branch_length": 0.006579513935280574,
      "clock_length": 0.006579513935280574,
      "date": "1963-10-03",
      "mutation_length": 0.006105135027183473,
      "num_date_confidence": [
        1810.110273951082,
        1983.1493150684933
      ],
      "numdate": 1963.754688734106
    },
    "NODE_0000045": {
      "branch_length": 0.00042509655703440105,
      "clock_length": 0.00042509655703440105,
      "date": "1999-01-15",
      "mutation_length": 1.5934823453187669e-21,
      "num_date_confidence": [
        1997.5613070406066,
        1999.0397260273974
      ],
      "numdate": 1999.0397260273974
    },
    "NODE_0000046": {
      "branch_length": 0.0006407204646458617,
      "clock_length": 0.0006407204646458617,
      "date": "1995-04-28",
      "mutation_length": 2.1332588486912887e-20,
      "num_date_confidence": [
        1990.9866159374362,
        1996.3232939395007
      ],
      "numdate": 1995.32169487554
    },
    "NODE_0000047": {
      "branch_length": 0.0002488841051793162,
      "clock_length": 0.0002488841051793162,
      "date": "1996-05-10",
      "mutation_length": 2.1332588486912887e-20,
      "num_date_confidence": [
        1994.379012369374,
        1996.3565573770493
      ],
      "numdate": 1996.3565573770493
    },
    "NODE_0000048": {
      "branch_length": 0.00023671845994857957,
      "clock_length": 0.00023671845994857957,
      "date": "1996-04-21",
      "mutation_length": 2.1332588486912887e-20,
      "num_date_confidence": [
        1995.319491184878,
        1998.0640092080387
      ],
      "numdate": 1996.3059725072485
    },
    "NODE_0000049": {
      "branch_length": 0.00043080414285909686,
      "clock_length": 0.00043080414285909686,
      "date": "1998-02-05",
      "mutation_length": 2.1332588486912887e-20,
      "num_date_confidence": [
        1996.5451596170733,
        1998.0972602739726
      ],
      "numdate": 1998.0972602739726
    },
    "NODE_0000050": {
      "branch_length": 0.002508670934794798,
      "clock_length": 0.002508670934794798,
      "date": "1974-03-09",
      "mutation_length": 0.0030505602989283212,
      "num_date_confidence": [
        1914.8175017462763,
        1989.937917851531
      ],
      "numdate": 1974.1857665933169
    },
    "NODE_0000051": {
      "branch_length": 0.0030632618319282046,
      "clock_length": 0.0030632618319282046,
      "date": "1986-12-03",
      "mutation_length": 0.0030632618319282054,
      "num_date_confidence": [
        1975.9039234851432,
        1989.9712328767123
      ],
      "numdate": 1986.9228387333128
    },
    "NODE_0000052": {
      "branch_length": 0.002964636323109968,
      "clock_length": 0.002964636323109968,
      "date": "2015-03-03",
      "mutation_length": 1.0719201766966366e-19,
      "num_date_confidence": [
        2006.803320960481,
        2015.9819971012796
      ],
      "numdate": 2015.1693138352553
    },
    "NODE_0000053": {
      "branch_length": 0.0018028259758046897,
      "clock_length": 0.0018028259758046897,
      "date": "2017-01-06",
      "mutation_length": 2.1332588486912887e-20,
      "num_date_confidence": [
        2015.7154215659211,
        2019.2289037131322
      ],
      "numdate": 2017.015513371204
    },
    "NODE_0000054": {
      "branch_length": 0.0018028259758046897,
      "clock_length": 0.0018028259758046897,
      "date": "2017-01-06",
      "mutation_length": 2.1332588486912887e-20,
      "num_date_confidence": [
        2013.8369296208232,
        2019.0203882163598
      ],
      "numdate": 2017.015513371204
    },
    "NODE_0000055": {
      "branch_length": 0.00029055982526067893,
      "clock_length": 0.00029055982526067893,
      "date": "2007-09-27",
      "mutation_length": 2.569196640413391e-19,
      "num_date_confidence": [
        1999.4448953492497,
        2015.8187434967897
      ],
      "numdate": 2007.7384388076853
    },
    "NODE_0000056": {
      "branch_length": 0.0009059135134445498,
      "clock_length": 0.0009059135134445498,
      "date": "2011-07-04",
      "mutation_length": 2.569196640413391e-19,
      "num_date_confidence": [
        2005.4211985284282,
        2015.852005418745
      ],
      "numdate": 2011.5052359038634
    },
    "NODE_0000057": {
      "branch_length": 0.0008272150891995738,
      "clock_length": 0.0008272150891995738,
      "date": "2014-12-11",
      "mutation_length": 2.569196640413391e-19,
      "num_date_confidence": [
        2010.3605798713668,
        2015.8852683740567
      ],
      "numdate": 2014.9448041956132
    },
    "NODE_0000058": {
      "branch_length": 5.978969588498048e-06,
      "clock_length": 5.978969588498048e-06,
      "date": "2014-12-20",
      "mutation_length": 2.569196640413391e-19,
      "num_date_confidence": [
        2012.1670902764301,
        2015.9175109175565
      ],
      "numdate": 2014.9696648086297
    },
    "NODE_0000059": {
      "branch_length": 3.0605908225050243e-05,
      "clock_length": 3.0605908225050243e-05,
      "date": "2015-02-05",
      "mutation_length": 2.569196640413391e-19,
      "num_date_confidence": [
        2013.7016974699318,
        2015.9497534932987
      ],
      "numdate": 2015.0969244692012
    },
    "NODE_0000060": {
      "branch_length": 2.251835366649975e-07,
      "clock_length": 2.251835366649975e-07,
      "date": "2015-02-05",
      "mutation_length": 2.569196640413391e-19,
      "num_date_confidence": [
        2014.2493891743038,
        2015.9819971012796
      ],
      "numdate": 2015.0978607845109
    },
    "NODE_0000061": {
      "branch_length": 0.0009059135134445498,
      "clock_length": 0.0009059135134445498,
      "date": "2011-07-04",
      "mutation_length": 2.569196640413391e-19,
      "num_date_confidence": [
        2005.4557139629094,
        2015.8520053777427
      ],
      "numdate": 2011.5052359038634
    },
    "NODE_0000062": {
      "branch_length": 0.0008272150891995738,
      "clock_length": 0.0008272150891995738,
      "date": "2014-12-11",
      "mutation_length": 2.569196640413391e-19,
      "num_date_confidence": [
        2010.3430290477525,
        2015.8852683740567
      ],
      "numdate": 2014.9448041956132
    },
    "NODE_0000063": {
      "branch_length": 0.0,
      "clock_length": 0.0,
      "date": "2014-12-11",
      "mutation_length": 2.569196640413391e-19,
      "num_date_confidence": [
        2012.1472502170095,
        2015.9175109175565
      ],
      "numdate": 2014.9448041956132
    },
    "NODE_0000064": {
      "branch_length": 3.658487781354829e-05,
      "clock_length": 3.658487781354829e-05,
      "date": "2015-02-05",
      "mutation_length": 2.569196640413391e-19,
      "num_date_confidence": [
        2013.707294031207,
        2015.9497534932987
      ],
      "numdate": 2015.0969244692012
    },
    "NODE_0000065": {
      "branch_length": 2.7461758638294437e-06,
      "clock_length": 2.7461758638294437e-06,
      "date": "2015-02-09",
      "mutation_length": 2.569196640413391e-19,
      "num_date_confidence": [
        2014.2667932885147,
        2015.9819971012796
      ],
      "numdate": 2015.1083430948381
    },
    "NODE_0000066": {
      "branch_length": 0.00011434004395565335,
      "clock_length": 0.00011434004395565335,
      "date": "2017-06-29",
      "mutation_length": 2.1332588486912887e-20,
      "num_date_confidence": [
        2015.846636980119,
        2019.2521521858198
      ],
      "numdate": 2017.4909403729619
    },
    "OC43/human/Mex/LRTI_238/2011": {
      "branch_length": 0.003129131512303626,
      "clock_length": 0.003129131512303626,
      "date": "2011-02-09",
      "mutation_length": 2.1332588486912887e-20,
      "num_date_confidence": [
        2011.1082191780822,
        2011.1082191780822
      ],
      "numdate": 2011.1082191780822,
      "raw_date": "2011-02-09"
    },
    "OC43/human/USA/007_11/2000": {
      "branch_length": 0.00036795155535069256,
      "clock_length": 0.00036795155535069256,
      "date": "2000-07-27",
      "mutation_length": 1.5934823453187669e-21,
      "num_date_confidence": [
        2000.5696721311476,
        2000.5696721311476
      ],
      "numdate": 2000.5696721311476,
      "raw_date": "2000-07-27"
    },
    "OC43/human/USA/008_5/2000": {
      "branch_length": 0.00024437927663734094,
      "clock_length": 0.00024437927663734094,
      "date": "2000-08-08",
      "mutation_length": 1.5934823453187669e-21,
      "num_date_confidence": [
        2000.6024590163934,
        2000.6024590163934
      ],
      "numdate": 2000.6024590163934,
      "raw_date": "2000-08-08"
    },
    "OC43/human/USA/832_27/1983": {
      "branch_length": 0.00466440151564201,
      "clock_length": 0.00466440151564201,
      "date": "1983-02-24",
      "mutation_length": 0.0030505602989283212,
      "num_date_confidence": [
        1983.1493150684933,
        1983.1493150684933
      ],
      "numdate": 1983.1493150684933,
      "raw_date": "1983-02-24"
    },
    "OC43/human/USA/851_15/1985": {
      "branch_length": 0.00029725530829855136,
      "clock_length": 0.00029725530829855136,
      "date": "1985-01-08",
      "mutation_length": 1.386133994737443e-22,
      "num_date_confidence": [
        1985.0205479452054,
        1985.0205479452054
      ],
      "numdate": 1985.0205479452054,
      "raw_date": "1985-01-08"
    },
    "OC43/human/USA/871_25/1987": {
      "branch_length": 0.005604656446797453,
      "clock_length": 0.005604656446797453,
      "date": "1987-01-22",
      "mutation_length": 0.003037963773534515,
      "num_date_confidence": [
        1987.058904109589,
        1987.058904109589
      ],
      "numdate": 1987.058904109589,
      "raw_date": "1987-01-22"
    },
    "OC43/human/USA/872_5/1987": {
      "branch_length": 0.0,
      "clock_length": 0.0,
      "date": "1987-02-10",
      "mutation_length": 1.386133994737443e-22,
      "num_date_confidence": [
        1987.1109589041096,
        1987.1109589041096
      ],
      "numdate": 1987.1109589041096,
      "raw_date": "1987-02-10"
    },
    "OC43/human/USA/873_16/1987": {
      "branch_length": 0.0,
      "clock_length": 0.0,
      "date": "1987-03-12",
      "mutation_length": 1.386133994737443e-22,
      "num_date_confidence": [
        1987.1931506849314,
        1987.1931506849314
      ],
      "numdate": 1987.1931506849314,
      "raw_date": "1987-03-12"
    },
    "OC43/human/USA/873_19/1987": {
      "branch_length": 3.294516226900676e-06,
      "clock_length": 3.294516226900676e-06,
      "date": "1987-03-17",
      "mutation_length": 1.386133994737443e-22,
      "num_date_confidence": [
        1987.2068493150684,
        1987.2068493150684
      ],
      "numdate": 1987.2068493150684,
      "raw_date": "1987-03-17"
    },
    "OC43/human/USA/873_6/1987": {
      "branch_length": 1.515477464371015e-05,
      "clock_length": 1.515477464371015e-05,
      "date": "1987-03-05",
      "mutation_length": 1.386133994737443e-22,
      "num_date_confidence": [
        1987.1739726027397,
        1987.1739726027397
      ],
      "numdate": 1987.1739726027397,
      "raw_date": "1987-03-05"
    },
    "OC43/human/USA/8912_37/1989": {
      "branch_length": 0.0007331378299120237,
      "clock_length": 0.0007331378299120237,
      "date": "1989-12-21",
      "mutation_length": 2.1332588486912887e-20,
      "num_date_confidence": [
        1989.9712328767123,
        1989.9712328767123
      ],
      "numdate": 1989.9712328767123,
      "raw_date": "1989-12-21"
    },
    "OC43/human/USA/901_33/1990": {
      "branch_length": 0.00046388734948251027,
      "clock_length": 0.00046388734948251027,
      "date": "1990-01-16",
      "mutation_length": 2.1332588486912887e-20,
      "num_date_confidence": [
        1990.0424657534247,
        1990.0424657534247
      ],
      "numdate": 1990.0424657534247,
      "raw_date": "1990-01-16"
    },
    "OC43/human/USA/901_41/1990": {
      "branch_length": 0.0,
      "clock_length": 0.0,
      "date": "1990-01-17",
      "mutation_length": 2.1332588486912887e-20,
      "num_date_confidence": [
        1990.045205479452,
        1990.045205479452
      ],
      "numdate": 1990.045205479452,
      "raw_date": "1990-01-17"
    },
    "OC43/human/USA/901_43/1990": {
      "branch_length": 1.317806490737719e-06,
      "clock_length": 1.317806490737719e-06,
      "date": "1990-01-19",
      "mutation_length": 2.1332588486912887e-20,
      "num_date_confidence": [
        1990.0506849315068,
        1990.0506849315068
      ],
      "numdate": 1990.0506849315068,
      "raw_date": "1990-01-19"
    },
    "OC43/human/USA/901_54/1990": {
      "branch_length": 0.0,
      "clock_length": 0.0,
      "date": "1990-01-23",
      "mutation_length": 1.1742953168955616e-22,
      "num_date_confidence": [
        1990.0616438356165,
        1990.0616438356165
      ],
      "numdate": 1990.0616438356165,
      "raw_date": "1990-01-23"
    },
    "OC43/human/USA/911_11/1991": {
      "branch_length": 0.00022732161965563578,
      "clock_length": 0.00022732161965563578,
      "date": "1991-01-03",
      "mutation_length": 1.1742953168955616e-22,
      "num_date_confidence": [
        1991.0068493150684,
        1991.0068493150684
      ],
      "numdate": 1991.0068493150684,
      "raw_date": "1991-01-03"
    },
    "OC43/human/USA/911_38/1991": {
      "branch_length": 0.0,
      "clock_length": 0.0,
      "date": "1991-01-15",
      "mutation_length": 1.1742953168955616e-22,
      "num_date_confidence": [
        1991.0397260273974,
        1991.0397260273974
      ],
      "numdate": 1991.0397260273974,
      "raw_date": "1991-01-15"
    },
    "OC43/human/USA/911_58/1991": {
      "branch_length": 0.0,
      "clock_length": 0.0,
      "date": "1991-01-24",
      "mutation_length": 1.1742953168955616e-22,
      "num_date_confidence": [
        1991.0643835616438,
        1991.0643835616438
      ],
      "numdate": 1991.0643835616438,
      "raw_date": "1991-01-24"
    },
    "OC43/human/USA/911_66/1991": {
      "branch_length": 0.0,
      "clock_length": 0.0,
      "date": "1991-01-29",
      "mutation_length": 9.660547593186352e-21,
      "num_date_confidence": [
        1991.0780821917808,
        1991.0780821917808
      ],
      "numdate": 1991.0780821917808,
      "raw_date": "1991-01-29"
    },
    "OC43/human/USA/912_10/1991": {
      "branch_length": 0.0,
      "clock_length": 0.0,
      "date": "1991-02-07",
      "mutation_length": 1.1742953168955616e-22,
      "num_date_confidence": [
        1991.1027397260275,
        1991.1027397260275
      ],
      "numdate": 1991.1027397260275,
      "raw_date": "1991-02-07"
    },
    "OC43/human/USA/912_11/1991": {
      "branch_length": 5.930129208431625e-06,
      "clock_length": 5.930129208431625e-06,
      "date": "1991-02-07",
      "mutation_length": 9.660547593186352e-21,
      "num_date_confidence": [
        1991.1027397260275,
        1991.1027397260275
      ],
      "numdate": 1991.1027397260275,
      "raw_date": "1991-02-07"
    },
    "OC43/human/USA/912_36/1991": {
      "branch_length": 9.883548680646517e-06,
      "clock_length": 9.883548680646517e-06,
      "date": "1991-02-22",
      "mutation_length": 1.1742953168955616e-22,
      "num_date_confidence": [
        1991.1438356164383,
        1991.1438356164383
      ],
      "numdate": 1991.1438356164383,
      "raw_date": "1991-02-22"
    },
    "OC43/human/USA/912_6/1991": {
      "branch_length": 1.3836968152916053e-05,
      "clock_length": 1.3836968152916053e-05,
      "date": "1991-02-05",
      "mutation_length": 1.1742953168955616e-22,
      "num_date_confidence": [
        1991.0972602739726,
        1991.0972602739726
      ],
      "numdate": 1991.0972602739726,
      "raw_date": "1991-02-05"
    },
    "OC43/human/USA/913_29/1991": {
      "branch_length": 3.228625902357979e-05,
      "clock_length": 3.228625902357979e-05,
      "date": "1991-03-14",
      "mutation_length": 1.1742953168955616e-22,
      "num_date_confidence": [
        1991.1986301369864,
        1991.1986301369864
      ],
      "numdate": 1991.1986301369864,
      "raw_date": "1991-03-14"
    },
    "OC43/human/USA/9211_43/1992": {
      "branch_length": 0.0,
      "clock_length": 0.0,
      "date": "1992-11-30",
      "mutation_length": 1.5934823453187669e-21,
      "num_date_confidence": [
        1992.9139344262296,
        1992.9139344262296
      ],
      "numdate": 1992.9139344262296,
      "raw_date": "1992-11-30"
    },
    "OC43/human/USA/9212_33/1992": {
      "branch_length": 1.0513647412585536e-05,
      "clock_length": 1.0513647412585536e-05,
      "date": "1992-12-16",
      "mutation_length": 1.5934823453187669e-21,
      "num_date_confidence": [
        1992.957650273224,
        1992.957650273224
      ],
      "numdate": 1992.957650273224,
      "raw_date": "1992-12-16"
    },
    "OC43/human/USA/925_1/1992": {
      "branch_length": 0.0,
      "clock_length": 0.0,
      "date": "1992-05-04",
      "mutation_length": 1.1742953168955616e-22,
      "num_date_confidence": [
        1992.3401639344263,
        1992.3401639344263
      ],
      "numdate": 1992.3401639344263,
      "raw_date": "1992-05-04"
    },
    "OC43/human/USA/931_85/1993": {
      "branch_length": 0.0,
      "clock_length": 0.0,
      "date": "1993-01-26",
      "mutation_length": 1.5934823453187669e-21,
      "num_date_confidence": [
        1993.0698630136985,
        1993.0698630136985
      ],
      "numdate": 1993.0698630136985,
      "raw_date": "1993-01-26"
    },
    "OC43/human/USA/951_15/1995": {
      "branch_length": 0.0,
      "clock_length": 0.0,
      "date": "1995-01-11",
      "mutation_length": 1.5934823453187669e-21,
      "num_date_confidence": [
        1995.0287671232877,
        1995.0287671232877
      ],
      "numdate": 1995.0287671232877,
      "raw_date": "1995-01-11"
    },
    "OC43/human/USA/951_18/1995": {
      "branch_length": 0.0005709303358747463,
      "clock_length": 0.0005709303358747463,
      "date": "1995-01-12",
      "mutation_length": 0.003076070175017465,
      "num_date_confidence": [
        1995.031506849315,
        1995.031506849315
      ],
      "numdate": 1995.031506849315,
      "raw_date": "1995-01-12"
    },
    "OC43/human/USA/952_23/1995": {
      "branch_length": 0.0,
      "clock_length": 0.0,
      "date": "1995-02-13",
      "mutation_length": 1.5934823453187669e-21,
      "num_date_confidence": [
        1995.1191780821919,
        1995.1191780821919
      ],
      "numdate": 1995.1191780821919,
      "raw_date": "1995-02-13"
    },
    "OC43/human/USA/953_23/1995": {
      "branch_length": 1.5813677889078143e-05,
      "clock_length": 1.5813677889078143e-05,
      "date": "1995-03-09",
      "mutation_length": 1.5934823453187669e-21,
      "num_date_confidence": [
        1995.1849315068494,
        1995.1849315068494
      ],
      "numdate": 1995.1849315068494,
      "raw_date": "1995-03-09"
    },
    "OC43/human/USA/9612_29/1996": {
      "branch_length": 0.0,
      "clock_length": 0.0,
      "date": "1996-12-17",
      "mutation_length": 1.5934823453187669e-21,
      "num_date_confidence": [
        1996.9603825136612,
        1996.9603825136612
      ],
      "numdate": 1996.9603825136612,
      "raw_date": "1996-12-17"
    },
    "OC43/human/USA/9612_48/1996": {
      "branch_length": 0.0001537620934092699,
      "clock_length": 0.0001537620934092699,
      "date": "1996-12-30",
      "mutation_length": 2.1332588486912887e-20,
      "num_date_confidence": [
        1996.9959016393443,
        1996.9959016393443
      ],
      "numdate": 1996.9959016393443,
      "raw_date": "1996-12-30"
    },
    "OC43/human/USA/9612_9/1996": {
      "branch_length": 0.0,
      "clock_length": 0.0,
      "date": "1996-12-04",
      "mutation_length": 1.5934823453187669e-21,
      "num_date_confidence": [
        1996.9248633879781,
        1996.9248633879781
      ],
      "numdate": 1996.9248633879781,
      "raw_date": "1996-12-04"
    },
    "OC43/human/USA/965_6/1996": {
      "branch_length": 0.0,
      "clock_length": 0.0,
      "date": "1996-05-10",
      "mutation_length": 2.1332588486912887e-20,
      "num_date_confidence": [
        1996.3565573770493,
        1996.3565573770493
      ],
      "numdate": 1996.3565573770493,
      "raw_date": "1996-05-10"
    },
    "OC43/human/USA/9712_13/1997": {
      "branch_length": 0.00023652016100061783,
      "clock_length": 0.00023652016100061783,
      "date": "1997-12-11",
      "mutation_length": 1.5934823453187669e-21,
      "num_date_confidence": [
        1997.9438356164383,
        1997.9438356164383
      ],
      "numdate": 1997.9438356164383,
      "raw_date": "1997-12-11"
    },
    "OC43/human/USA/9712_31/1997": {
      "branch_length": 0.0002496748222410583,
      "clock_length": 0.0002496748222410583,
      "date": "1997-12-18",
      "mutation_length": 1.5934823453187669e-21,
      "num_date_confidence": [
        1997.9630136986302,
        1997.9630136986302
      ],
      "numdate": 1997.9630136986302,
      "raw_date": "1997-12-18"
    },
    "OC43/human/USA/971_5/1997": {
      "branch_length": 0.0011216774587549288,
      "clock_length": 0.0011216774587549288,
      "date": "1997-01-02",
      "mutation_length": 1.1742953168955616e-22,
      "num_date_confidence": [
        1997.004109589041,
        1997.004109589041
      ],
      "numdate": 1997.004109589041,
      "raw_date": "1997-01-02"
    },
    "OC43/human/USA/982_4/1998": {
      "branch_length": 0.0,
      "clock_length": 0.0,
      "date": "1998-02-05",
      "mutation_length": 2.1332588486912887e-20,
      "num_date_confidence": [
        1998.0972602739726,
        1998.0972602739726
      ],
      "numdate": 1998.0972602739726,
      "raw_date": "1998-02-05"
    },
    "OC43/human/USA/991_19/1999": {
      "branch_length": 0.0,
      "clock_length": 0.0,
      "date": "1999-01-15",
      "mutation_length": 1.5934823453187669e-21,
      "num_date_confidence": [
        1999.0397260273974,
        1999.0397260273974
      ],
      "numdate": 1999.0397260273974,
      "raw_date": "1999-01-15"
    },
    "OC43/human/USA/991_5/1999": {
      "branch_length": 0.0004198253310713383,
      "clock_length": 0.0004198253310713383,
      "date": "1999-01-07",
      "mutation_length": 1.5934823453187669e-21,
      "num_date_confidence": [
        1999.017808219178,
        1999.017808219178
      ],
      "numdate": 1999.017808219178,
      "raw_date": "1999-01-07"
    },
    "OC43_KLF_01_2018": {
      "branch_length": 0.0015735195232276294,
      "clock_length": 0.0015735195232276294,
      "date": "2018-01-18",
      "mutation_length": 2.569196640413391e-19,
      "num_date_confidence": [
        2018.0479452054794,
        2018.0479452054794
      ],
      "numdate": 2018.0479452054794,
      "raw_date": "2018-01-18"
    },
    "OC43_KLF_02_2017": {
      "branch_length": 0.0004145698601023158,
      "clock_length": 0.0004145698601023158,
      "date": "2017-11-27",
      "mutation_length": 1.5934823453187669e-21,
      "num_date_confidence": [
        2017.9054794520548,
        2017.9054794520548
      ],
      "numdate": 2017.9054794520548,
      "raw_date": "2017-11-27"
    }
  }
}