{
  "alignment": "results/aligned_oc43_he.fasta",
  "clock": {
    "intercept": -1.265509620605515,
    "rate": 0.0006411000696647039,
    "rtt_Tmrca": 1973.9658135856669
  },
  "generated_by": {
    "program": "augur",
    "version": "6.4.1"
  },
  "input_tree": "results/tree_raw_oc43_he.nwk",
  "nodes": {
    "HCoV_OC43/Seattle/USA/SC0682/2019": {
      "branch_length": 0.0008558058405811742,
      "clock_length": 0.0008558058405811742,
      "date": "2019-09-28",
      "mutation_length": 0.0007865417277856344,
      "num_date_confidence": [
        2019.0013698630137,
        2019.9986301369863
      ],
      "numdate": 2019.742172676901,
      "raw_date": "2019-XX-XX"
    },
    "HCoV_OC43/Seattle/USA/SC0776/2019": {
      "branch_length": 0.0008560661607992944,
      "clock_length": 0.0008560661607992944,
      "date": "2019-09-29",
      "mutation_length": 0.0007859614723526303,
      "num_date_confidence": [
        2019.0013698630137,
        2019.9986301369863
      ],
      "numdate": 2019.742578729295,
      "raw_date": "2019-XX-XX"
    },
    "HCoV_OC43/Seattle/USA/SC0810/2019": {
      "branch_length": 0.0008559163871660585,
      "clock_length": 0.0008559163871660585,
      "date": "2019-09-28",
      "mutation_length": 0.0007866435280837515,
      "num_date_confidence": [
        2019.0013698630137,
        2019.9986301369863
      ],
      "numdate": 2019.7423451095524,
      "raw_date": "2019-XX-XX"
    },
    "HCoV_OC43/Seattle/USA/SC0839/2019": {
      "branch_length": 0.0003808771049902595,
      "clock_length": 0.0003808771049902595,
      "date": "2019-01-01",
      "mutation_length": 2.741857294894653e-22,
      "num_date_confidence": [
        2019.0013698630137,
        2019.8611508433592
      ],
      "numdate": 2019.0013698630137,
      "raw_date": "2019-XX-XX"
    },
    "HCoV_OC43/Seattle/USA/SC0841/2019": {
      "branch_length": 0.008540137080194021,
      "clock_length": 0.008540137080194021,
      "date": "2019-01-01",
      "mutation_length": 0.003133696931006618,
      "num_date_confidence": [
        2019.0013698630137,
        2019.8658676322282
      ],
      "numdate": 2019.0013698630137,
      "raw_date": "2019-XX-XX"
    },
    "HCoV_OC43/Seattle/USA/SC2269/2016": {
      "branch_length": 0.00022702524482376982,
      "clock_length": 0.00022702524482376982,
      "date": "2016-10-09",
      "mutation_length": 2.8729362283433973e-22,
      "num_date_confidence": [
        2016.0013661202186,
        2016.9986338797814
      ],
      "numdate": 2016.7708457192034,
      "raw_date": "2016-XX-XX"
    },
    "HCoV_OC43/Seattle/USA/SC2345/2015": {
      "branch_length": 0.00024714692360348813,
      "clock_length": 0.00024714692360348813,
      "date": "2015-11-28",
      "mutation_length": 0.0007852806307252179,
      "num_date_confidence": [
        2015.0013698630137,
        2015.9986301369863
      ],
      "numdate": 2015.9089823750562,
      "raw_date": "2015-XX-XX"
    },
    "HCoV_OC43/Seattle/USA/SC2476/2015": {
      "branch_length": 0.000296847439297429,
      "clock_length": 0.000296847439297429,
      "date": "2015-12-31",
      "mutation_length": 3.3596001126439606e-22,
      "num_date_confidence": [
        2015.0475626087546,
        2015.9986301369863
      ],
      "numdate": 2015.9986301369863,
      "raw_date": "2015-XX-XX"
    },
    "HCoV_OC43/Seattle/USA/SC2481/2015": {
      "branch_length": 8.084761328284442e-05,
      "clock_length": 8.084761328284442e-05,
      "date": "2015-08-26",
      "mutation_length": 2.8729362283433973e-22,
      "num_date_confidence": [
        2015.0013698630137,
        2015.9986301369863
      ],
      "numdate": 2015.649585569176,
      "raw_date": "2015-XX-XX"
    },
    "HCoV_OC43/Seattle/USA/SC2730/2015": {
      "branch_length": 8.084761328284442e-05,
      "clock_length": 8.084761328284442e-05,
      "date": "2015-08-26",
      "mutation_length": 2.8729362283433973e-22,
      "num_date_confidence": [
        2015.0013698630137,
        2015.9986301369863
      ],
      "numdate": 2015.649585569176,
      "raw_date": "2015-XX-XX"
    },
    "HCoV_OC43/Seattle/USA/SC2770/2015": {
      "branch_length": 0.00024732806180839065,
      "clock_length": 0.00024732806180839065,
      "date": "2015-11-28",
      "mutation_length": 0.0007858599907902435,
      "num_date_confidence": [
        2015.0013698630137,
        2015.9986301369863
      ],
      "numdate": 2015.9092649178501,
      "raw_date": "2015-XX-XX"
    },
    "HCoV_OC43/Seattle/USA/SC2854/2015": {
      "branch_length": 8.084761328284442e-05,
      "clock_length": 8.084761328284442e-05,
      "date": "2015-08-26",
      "mutation_length": 2.8729362283433973e-22,
      "num_date_confidence": [
        2015.0013698630137,
        2015.9986301369863
      ],
      "numdate": 2015.649585569176,
      "raw_date": "2015-XX-XX"
    },
    "HCoV_OC43/Seattle/USA/SC2924/2015": {
      "branch_length": 0.001147343076505027,
      "clock_length": 0.001147343076505027,
      "date": "2015-12-31",
      "mutation_length": 0.003153909718237277,
      "num_date_confidence": [
        2015.1449136496208,
        2015.9986301369863
      ],
      "numdate": 2015.9986301369863,
      "raw_date": "2015-XX-XX"
    },
    "HCoV_OC43/Seattle/USA/SC3118/2015": {
      "branch_length": 8.084761328284442e-05,
      "clock_length": 8.084761328284442e-05,
      "date": "2015-08-26",
      "mutation_length": 2.8729362283433973e-22,
      "num_date_confidence": [
        2015.0013698630137,
        2015.9986301369863
      ],
      "numdate": 2015.649585569176,
      "raw_date": "2015-XX-XX"
    },
    "HCoV_OC43/Seattle/USA/SC622/2016": {
      "branch_length": 0.00024379031410610335,
      "clock_length": 0.00024379031410610335,
      "date": "2016-09-02",
      "mutation_length": 2.8729362283433973e-22,
      "num_date_confidence": [
        2016.0013661202186,
        2016.9986338797814
      ],
      "numdate": 2016.6719487913354,
      "raw_date": "2016-XX-XX"
    },
    "HCoV_OC43/Seattle/USA/SC831/2016": {
      "branch_length": 0.00024379031410610335,
      "clock_length": 0.00024379031410610335,
      "date": "2016-09-02",
      "mutation_length": 2.8729362283433973e-22,
      "num_date_confidence": [
        2016.0013661202186,
        2016.9986338797814
      ],
      "numdate": 2016.6719487913354,
      "raw_date": "2016-XX-XX"
    },
    "HCoV_OC43/Seattle/USA/SC9428/2018": {
      "branch_length": 0.006743503158885052,
      "clock_length": 0.006743503158885052,
      "date": "2019-01-01",
      "mutation_length": 0.007089418024901113,
      "num_date_confidence": [
        2019.0013698630137,
        2019.9986301369863
      ],
      "numdate": 2019.0013698630137,
      "raw_date": "2019-XX-XX"
    },
    "HCoV_OC43/Seattle/USA/SC9430/2018": {
      "branch_length": 0.0010202207361079624,
      "clock_length": 0.0010202207361079624,
      "date": "2019-12-31",
      "mutation_length": 0.0023640039164702573,
      "num_date_confidence": [
        2019.2566957414606,
        2019.9986301369863
      ],
      "numdate": 2019.9986301369863,
      "raw_date": "2019-XX-XX"
    },
    "HCoV_OC43/Seattle/USA/SC9741/2016": {
      "branch_length": 8.064516129032253e-05,
      "clock_length": 8.064516129032253e-05,
      "date": "2016-09-15",
      "mutation_length": 2.8349069271736982e-22,
      "num_date_confidence": [
        2016.0013661202186,
        2016.9986338797814
      ],
      "numdate": 2016.705926321113,
      "raw_date": "2016-XX-XX"
    },
    "HCoV_OC43/UK/London/2011": {
      "branch_length": 0.0013013997455273117,
      "clock_length": 0.0013013997455273117,
      "date": "2011-08-20",
      "mutation_length": 0.003135792596816171,
      "num_date_confidence": [
        2011.6342465753426,
        2011.6342465753426
      ],
      "numdate": 2011.6342465753426,
      "raw_date": "2011-08-20"
    },
    "HCoV_OC43/USA/ACRI_0052/2016": {
      "branch_length": 0.0034392030857488287,
      "clock_length": 0.0034392030857488287,
      "date": "2016-03-07",
      "mutation_length": 0.0015641766934339526,
      "num_date_confidence": [
        2016.181693989071,
        2016.181693989071
      ],
      "numdate": 2016.181693989071,
      "raw_date": "2016-03-07"
    },
    "HCoV_OC43/USA/ACRI_0213/2016": {
      "branch_length": 0.0003520405760238728,
      "clock_length": 0.0003520405760238728,
      "date": "2016-12-19",
      "mutation_length": 2.8729362283433973e-22,
      "num_date_confidence": [
        2016.9658469945355,
        2016.9658469945355
      ],
      "numdate": 2016.9658469945355,
      "raw_date": "2016-12-19"
    },
    "HCoV_OC43/USA/TCNP_00204/2017": {
      "branch_length": 0.00028338292064264154,
      "clock_length": 0.00028338292064264154,
      "date": "2017-01-03",
      "mutation_length": 2.8729362283433973e-22,
      "num_date_confidence": [
        2017.0068493150684,
        2017.0068493150684
      ],
      "numdate": 2017.0068493150684,
      "raw_date": "2017-01-03"
    },
    "HCoV_OC43/USA/TCNP_00212/2017": {
      "branch_length": 0.00029815705333717003,
      "clock_length": 0.00029815705333717003,
      "date": "2017-01-17",
      "mutation_length": 2.8349069271736982e-22,
      "num_date_confidence": [
        2017.045205479452,
        2017.045205479452
      ],
      "numdate": 2017.045205479452,
      "raw_date": "2017-01-17"
    },
    "HCoV_OC43/USA/TCNP_0070/2016": {
      "branch_length": 0.001123926884934652,
      "clock_length": 0.001123926884934652,
      "date": "2016-02-01",
      "mutation_length": 0.0007866435280837515,
      "num_date_confidence": [
        2016.0860655737704,
        2016.0860655737704
      ],
      "numdate": 2016.0860655737704,
      "raw_date": "2016-02-01"
    },
    "NODE_0000000": {
      "branch_length": 0.001,
      "clock_length": 0.001,
      "date": "1974-07-04",
      "mutation_length": 0.001,
      "num_date_confidence": [
        1969.5943366678684,
        1983.1063525924142
      ],
      "numdate": 1974.5068162881757
    },
    "NODE_0000003": {
      "branch_length": 0.0011811930778877877,
      "clock_length": 0.0011811930778877877,
      "date": "2018-05-29",
      "mutation_length": 0.0007857203542958194,
      "num_date_confidence": [
        2017.9569227573434,
        2018.9606849279999
      ],
      "numdate": 2018.407270559313
    },
    "NODE_0000004": {
      "branch_length": 0.0007632519102990275,
      "clock_length": 0.0007632519102990275,
      "date": "2015-07-11",
      "mutation_length": 0.0007857202352002692,
      "num_date_confidence": [
        2014.7647755407722,
        2015.6999640182291
      ],
      "numdate": 2015.5234779346451
    },
    "NODE_0000005": {
      "branch_length": 0.000603940181589907,
      "clock_length": 0.000603940181589907,
      "date": "1984-02-03",
      "mutation_length": 3.3486473173130196e-19,
      "num_date_confidence": [
        1982.565711095193,
        1984.574572661705
      ],
      "numdate": 1984.0913523730685
    },
    "NODE_0000006": {
      "branch_length": 0.0007450552297782152,
      "clock_length": 0.0007450552297782152,
      "date": "1983-02-24",
      "mutation_length": 3.3486473173130196e-19,
      "num_date_confidence": [
        1982.0485274428966,
        1983.1493150684933
      ],
      "numdate": 1983.1493150684933
    },
    "NODE_0000007": {
      "branch_length": 0.0002460394028923202,
      "clock_length": 0.0002460394028923202,
      "date": "1986-11-11",
      "mutation_length": 3.1728885959160304e-19,
      "num_date_confidence": [
        1983.5944262585847,
        1987.1109589041096
      ],
      "numdate": 1986.8614764422202
    },
    "NODE_0000008": {
      "branch_length": 0.0018027575132321845,
      "clock_length": 0.0018027575132321845,
      "date": "1984-05-10",
      "mutation_length": 0.0007855455504304716,
      "num_date_confidence": [
        1982.4008486802422,
        1989.946256194867
      ],
      "numdate": 1984.3573979191965
    },
    "NODE_0000010": {
      "branch_length": 0.000594884419563256,
      "clock_length": 0.000594884419563256,
      "date": "2016-07-31",
      "mutation_length": 0.000785564233053431,
      "num_date_confidence": [
        2015.7684397897292,
        2016.7968278376813
      ],
      "numdate": 2016.580134475025
    },
    "NODE_0000011": {
      "branch_length": 2.8707608007917662e-05,
      "clock_length": 2.8707608007917662e-05,
      "date": "1988-07-24",
      "mutation_length": 2.905075183569341e-19,
      "num_date_confidence": [
        1987.956954626558,
        1990.02336802456
      ],
      "numdate": 1988.5625616818002
    },
    "NODE_0000012": {
      "branch_length": 0.000887271935068188,
      "clock_length": 0.000887271935068188,
      "date": "1989-12-12",
      "mutation_length": 2.905075183569341e-19,
      "num_date_confidence": [
        1987.796416810367,
        1990.045205479452
      ],
      "numdate": 1989.9465452080105
    },
    "NODE_0000014": {
      "branch_length": 0.000653663947667079,
      "clock_length": 0.000653663947667079,
      "date": "1992-11-10",
      "mutation_length": 3.070612580731022e-19,
      "num_date_confidence": [
        1992.0962798715523,
        1992.9139344262296
      ],
      "numdate": 1992.8589900017826
    },
    "NODE_0000016": {
      "branch_length": 0.0004444871957870501,
      "clock_length": 0.0004444871957870501,
      "date": "1994-12-03",
      "mutation_length": 3.241696290794099e-19,
      "num_date_confidence": [
        1993.995189170963,
        1995.0287671232877
      ],
      "numdate": 1994.9218575393086
    },
    "NODE_0000018": {
      "branch_length": 0.0021676839003846823,
      "clock_length": 0.0021676839003846823,
      "date": "2014-03-18",
      "mutation_length": 0.003149988197166739,
      "num_date_confidence": [
        2012.1249342255057,
        2014.6379198248128
      ],
      "numdate": 2014.208982731231
    },
    "NODE_0000019": {
      "branch_length": 0.0005920312759991973,
      "clock_length": 0.0005920312759991973,
      "date": "1996-12-17",
      "mutation_length": 3.3587245821473617e-19,
      "num_date_confidence": [
        1996.0011929358416,
        1996.9603825136612
      ],
      "numdate": 1996.9603825136612
    },
    "NODE_0000020": {
      "branch_length": 0.0015034195344542298,
      "clock_length": 0.0015034195344542298,
      "date": "2010-10-30",
      "mutation_length": 0.0031462492542133915,
      "num_date_confidence": [
        2009.367618963011,
        2011.1082191780822
      ],
      "numdate": 2010.8277884326274
    },
    "NODE_0000021": {
      "branch_length": 0.0017966339213089698,
      "clock_length": 0.0017966339213089698,
      "date": "2008-06-25",
      "mutation_length": 0.003929200211997723,
      "num_date_confidence": [
        2006.5973237293138,
        2010.379201612819
      ],
      "numdate": 2008.4827262409472
    },
    "NODE_0000022": {
      "branch_length": 0.0017234190362989486,
      "clock_length": 0.0017234190362989486,
      "date": "2005-09-06",
      "mutation_length": 0.0007818999577062807,
      "num_date_confidence": [
        2002.2178079819325,
        2007.5767654082078
      ],
      "numdate": 2005.6803027093936
    },
    "NODE_0000023": {
      "branch_length": 0.004469742142853107,
      "clock_length": 0.004469742142853107,
      "date": "2002-12-29",
      "mutation_length": 0.0023496317512224944,
      "num_date_confidence": [
        2000.2517684414604,
        2007.1108806717311
      ],
      "numdate": 2002.992081138617
    },
    "NODE_0000024": {
      "branch_length": 0.004239093118011241,
      "clock_length": 0.004239093118011241,
      "date": "2009-08-09",
      "mutation_length": 0.0031331530813270402,
      "num_date_confidence": [
        2007.1453514709244,
        2010.5938010606155
      ],
      "numdate": 2009.6042986668858
    },
    "NODE_0000025": {
      "branch_length": 0.0012895107494646507,
      "clock_length": 0.0012895107494646507,
      "date": "1990-07-25",
      "mutation_length": 3.86131313901176e-22,
      "num_date_confidence": [
        1987.012171219002,
        1991.0643835616438
      ],
      "numdate": 1990.564279048477
    },
    "NODE_0000026": {
      "branch_length": 0.0030249933981268636,
      "clock_length": 0.0030249933981268636,
      "date": "2015-07-15",
      "mutation_length": 0.0015642837829369935,
      "num_date_confidence": [
        2014.323864621632,
        2015.8871851308843
      ],
      "numdate": 2015.5356018932791
    },
    "NODE_0000027": {
      "branch_length": 0.0005886853695296866,
      "clock_length": 0.0005886853695296866,
      "date": "1988-07-23",
      "mutation_length": 3.8890199152238615e-19,
      "num_date_confidence": [
        1987.591964668149,
        1991.065603640649
      ],
      "numdate": 1988.5597914477942
    },
    "NODE_0000028": {
      "branch_length": 0.0005250978586994158,
      "clock_length": 0.0005250978586994158,
      "date": "1996-01-12",
      "mutation_length": 0.0007815958492297046,
      "num_date_confidence": [
        1995.0785226034266,
        1996.9295632922438
      ],
      "numdate": 1996.0324154925513
    },
    "NODE_0000029": {
      "branch_length": 0.0006009224798134913,
      "clock_length": 0.0006009224798134913,
      "date": "1995-03-19",
      "mutation_length": 0.0007818448076984609,
      "num_date_confidence": [
        1994.3241331455802,
        1996.4832271805108
      ],
      "numdate": 1995.2133579326699
    },
    "NODE_0000030": {
      "branch_length": 0.0008292033596319741,
      "clock_length": 0.0008292033596319741,
      "date": "1994-04-11",
      "mutation_length": 0.0007822469633080194,
      "num_date_confidence": [
        1993.1422865153572,
        1995.5247433737172
      ],
      "numdate": 1994.2760276963345
    },
    "NODE_0000031": {
      "branch_length": 0.001113731908273713,
      "clock_length": 0.001113731908273713,
      "date": "1996-01-05",
      "mutation_length": 0.0015655135727127836,
      "num_date_confidence": [
        1994.8997949594832,
        1998.1540269580437
      ],
      "numdate": 1996.0132477669176
    },
    "NODE_0000032": {
      "branch_length": 0.001234969730039566,
      "clock_length": 0.001234969730039566,
      "date": "1990-06-27",
      "mutation_length": 3.8890199152238615e-19,
      "num_date_confidence": [
        1988.463954862445,
        1991.0780821917808
      ],
      "numdate": 1990.486120563131
    },
    "NODE_0000033": {
      "branch_length": 0.0003953145882895255,
      "clock_length": 0.0003953145882895255,
      "date": "1991-02-07",
      "mutation_length": 3.8890199152238615e-19,
      "num_date_confidence": [
        1990.2605239841187,
        1991.1027397260275
      ],
      "numdate": 1991.1027397260275
    },
    "NODE_0000034": {
      "branch_length": 0.003424161467056784,
      "clock_length": 0.003424161467056784,
      "date": "1992-12-25",
      "mutation_length": 0.004714448793611109,
      "num_date_confidence": [
        1992.2591012798948,
        1995.031506849315
      ],
      "numdate": 1992.9826206310918
    },
    "NODE_0000035": {
      "branch_length": 0.00019593804532363167,
      "clock_length": 0.00019593804532363167,
      "date": "1996-01-14",
      "mutation_length": 3.3587245821473617e-19,
      "num_date_confidence": [
        1995.3968063371865,
        1996.9248633879781
      ],
      "numdate": 1996.0369209450034
    },
    "NODE_0000037": {
      "branch_length": 0.008420677984298026,
      "clock_length": 0.008420677984298026,
      "date": "1987-08-23",
      "mutation_length": 0.010273764904031276,
      "num_date_confidence": [
        1987.3456368309055,
        1989.0535586895292
      ],
      "numdate": 1987.6415488872567
    },
    "NODE_0000038": {
      "branch_length": 0.0018137732098435898,
      "clock_length": 0.0018137732098435898,
      "date": "1998-11-04",
      "mutation_length": 3.86131313901176e-22,
      "num_date_confidence": [
        1997.1063974364838,
        1999.0397260273974
      ],
      "numdate": 1998.842405484514
    },
    "NODE_0000041": {
      "branch_length": 0.000517197846382102,
      "clock_length": 0.000517197846382102,
      "date": "1996-01-08",
      "mutation_length": 4.1381774265032014e-19,
      "num_date_confidence": [
        1994.5715539099488,
        1996.932154078169
      ],
      "numdate": 1996.020092904096
    },
    "NODE_0000042": {
      "branch_length": 0.0018623160668053175,
      "clock_length": 0.0018623160668053175,
      "date": "1990-07-19",
      "mutation_length": 0.0015683203277901637,
      "num_date_confidence": [
        1989.0963670470392,
        1991.0397260273974
      ],
      "numdate": 1990.5464246701893
    },
    "NODE_0000043": {
      "branch_length": 0.0005842517605047226,
      "clock_length": 0.0005842517605047226,
      "date": "1988-07-21",
      "mutation_length": 0.001567363846891363,
      "num_date_confidence": [
        1987.9756597076973,
        1990.0616438356165
      ],
      "numdate": 1988.5528758206797
    },
    "NODE_0000044": {
      "branch_length": 0.0007775655135163241,
      "clock_length": 0.0007775655135163241,
      "date": "2010-10-26",
      "mutation_length": 3.855049035361353e-22,
      "num_date_confidence": [
        2009.335435323282,
        2015.9802841370933
      ],
      "numdate": 2010.8171600442415
    },
    "NODE_0000047": {
      "branch_length": 0.00451245105665302,
      "clock_length": 0.00451245105665302,
      "date": "1981-07-19",
      "mutation_length": 0.006314778509755756,
      "num_date_confidence": [
        1980.2969240727227,
        1983.1243500333244
      ],
      "numdate": 1981.5454226932773
    },
    "NODE_0000048": {
      "branch_length": 0.0002832002837073917,
      "clock_length": 0.0002832002837073917,
      "date": "1981-12-27",
      "mutation_length": 3.3486473173130196e-19,
      "num_date_confidence": [
        1981.238589273789,
        1983.1368365173614
      ],
      "numdate": 1981.98716384588
    },
    "NODE_0000049": {
      "branch_length": 0.0015298873308207464,
      "clock_length": 0.0015298873308207464,
      "date": "1986-06-24",
      "mutation_length": 0.0007853833133074795,
      "num_date_confidence": [
        1983.1846862356185,
        1987.0984803529777
      ],
      "numdate": 1986.4776995335374
    },
    "NODE_0000050": {
      "branch_length": 7.947105618380133e-05,
      "clock_length": 7.947105618380133e-05,
      "date": "2014-05-02",
      "mutation_length": 2.8200204519877983e-22,
      "num_date_confidence": [
        2013.137445232525,
        2015.1773135161736
      ],
      "numdate": 2014.3329431859934
    },
    "NODE_0000052": {
      "branch_length": 8.25381620859311e-05,
      "clock_length": 8.25381620859311e-05,
      "date": "2015-08-27",
      "mutation_length": 2.953010527657029e-22,
      "num_date_confidence": [
        2014.8405281147402,
        2015.8641211021927
      ],
      "numdate": 2015.6522225191359
    },
    "NODE_0000054": {
      "branch_length": 7.70331047864046e-05,
      "clock_length": 7.70331047864046e-05,
      "date": "2015-10-09",
      "mutation_length": 2.953010527657029e-22,
      "num_date_confidence": [
        2014.8138695595685,
        2016.7856215761153
      ],
      "numdate": 2015.772380211252
    },
    "NODE_0000055": {
      "branch_length": 0.002667223173148811,
      "clock_length": 0.002667223173148811,
      "date": "1988-07-08",
      "mutation_length": 0.001569058883333336,
      "num_date_confidence": [
        1987.1313002854513,
        1989.9712328767123
      ],
      "numdate": 1988.5177830124999
    },
    "NODE_0000056": {
      "branch_length": -1.2461780981800133e-05,
      "clock_length": -1.2461780981800133e-05,
      "date": "2015-10-02",
      "mutation_length": 2.953010527657029e-22,
      "num_date_confidence": [
        2014.8985486643776,
        2016.8948707025638
      ],
      "numdate": 2015.752942089855
    },
    "NODE_0000057": {
      "branch_length": 0.0003453849462352796,
      "clock_length": 0.0003453849462352796,
      "date": "2016-04-16",
      "mutation_length": 2.953010527657029e-22,
      "num_date_confidence": [
        2015.7497624974046,
        2016.8516762335446
      ],
      "numdate": 2016.2916800538299
    },
    "NODE_0000058": {
      "branch_length": 0.004796707328739679,
      "clock_length": 0.004796707328739679,
      "date": "1991-11-03",
      "mutation_length": 0.002355709602782282,
      "num_date_confidence": [
        1990.3406732102585,
        1992.9014559188136
      ],
      "numdate": 1991.839392627524
    },
    "NODE_0000059": {
      "branch_length": 0.00042555284286342407,
      "clock_length": 0.00042555284286342407,
      "date": "2016-06-01",
      "mutation_length": 2.953010527657029e-22,
      "num_date_confidence": [
        2015.8791358879319,
        2016.8701643892316
      ],
      "numdate": 2016.4167274534816
    },
    "NODE_0000060": {
      "branch_length": 0.0005080353078129284,
      "clock_length": 0.0005080353078129284,
      "date": "2016-07-25",
      "mutation_length": 2.953010527657029e-22,
      "num_date_confidence": [
        2015.817797457581,
        2017.0068493150684
      ],
      "numdate": 2016.5648232819237
    },
    "NODE_0000061": {
      "branch_length": 0.001531681273897096,
      "clock_length": 0.001531681273897096,
      "date": "1994-03-25",
      "mutation_length": 0.002354486490613173,
      "num_date_confidence": [
        1993.0465158421282,
        1995.0162886625667
      ],
      "numdate": 1994.2285380142935
    },
    "NODE_0000064": {
      "branch_length": 0.0009634163775349251,
      "clock_length": 0.0009634163775349251,
      "date": "1995-09-24",
      "mutation_length": 0.0015711888727976799,
      "num_date_confidence": [
        1994.506152886083,
        1996.9123848368463
      ],
      "numdate": 1995.7312930803455
    },
    "NODE_0000067": {
      "branch_length": 0.0014184611740251634,
      "clock_length": 0.0014184611740251634,
      "date": "1997-12-11",
      "mutation_length": 0.0007865436580597046,
      "num_date_confidence": [
        1996.5569236383722,
        1997.9438356164383
      ],
      "numdate": 1997.9438356164383
    },
    "OC43/human/Mex/LRTI_238/2011": {
      "branch_length": 0.00017978417044725147,
      "clock_length": 0.00017978417044725147,
      "date": "2011-02-09",
      "mutation_length": 0.0007849797156411168,
      "num_date_confidence": [
        2011.1082191780822,
        2011.1082191780822
      ],
      "numdate": 2011.1082191780822,
      "raw_date": "2011-02-09"
    },
    "OC43/human/USA/007_11/2000": {
      "branch_length": 0.001107350767486276,
      "clock_length": 0.001107350767486276,
      "date": "2000-07-27",
      "mutation_length": 3.996184586528923e-22,
      "num_date_confidence": [
        2000.5696721311476,
        2000.5696721311476
      ],
      "numdate": 2000.5696721311476,
      "raw_date": "2000-07-27"
    },
    "OC43/human/USA/008_5/2000": {
      "branch_length": 0.002334935499625764,
      "clock_length": 0.002334935499625764,
      "date": "2000-08-08",
      "mutation_length": 0.0007856780246239423,
      "num_date_confidence": [
        2000.6024590163934,
        2000.6024590163934
      ],
      "numdate": 2000.6024590163934,
      "raw_date": "2000-08-08"
    },
    "OC43/human/USA/832_27/1983": {
      "branch_length": 0.0,
      "clock_length": 0.0,
      "date": "1983-02-24",
      "mutation_length": 3.3486473173130196e-19,
      "num_date_confidence": [
        1983.1493150684933,
        1983.1493150684933
      ],
      "numdate": 1983.1493150684933,
      "raw_date": "1983-02-24"
    },
    "OC43/human/USA/851_15/1985": {
      "branch_length": 0.0019447027573972625,
      "clock_length": 0.0019447027573972625,
      "date": "1985-01-08",
      "mutation_length": 0.0015733583612969778,
      "num_date_confidence": [
        1985.0205479452054,
        1985.0205479452054
      ],
      "numdate": 1985.0205479452054,
      "raw_date": "1985-01-08"
    },
    "OC43/human/USA/871_25/1987": {
      "branch_length": 0.0019024976250169995,
      "clock_length": 0.0019024976250169995,
      "date": "1987-01-22",
      "mutation_length": 0.0007851322163052183,
      "num_date_confidence": [
        1987.058904109589,
        1987.058904109589
      ],
      "numdate": 1987.058904109589,
      "raw_date": "1987-01-22"
    },
    "OC43/human/USA/872_5/1987": {
      "branch_length": 0.00015994322369738967,
      "clock_length": 0.00015994322369738967,
      "date": "1987-02-10",
      "mutation_length": 3.1728885959160304e-19,
      "num_date_confidence": [
        1987.1109589041096,
        1987.1109589041096
      ],
      "numdate": 1987.1109589041096,
      "raw_date": "1987-02-10"
    },
    "OC43/human/USA/873_16/1987": {
      "branch_length": 0.0004586757830004687,
      "clock_length": 0.0004586757830004687,
      "date": "1987-03-12",
      "mutation_length": 0.0015711339607209166,
      "num_date_confidence": [
        1987.1931506849314,
        1987.1931506849314
      ],
      "numdate": 1987.1931506849314,
      "raw_date": "1987-03-12"
    },
    "OC43/human/USA/873_19/1987": {
      "branch_length": 0.00022141857284330158,
      "clock_length": 0.00022141857284330158,
      "date": "1987-03-17",
      "mutation_length": 0.0007855396606564858,
      "num_date_confidence": [
        1987.2068493150684,
        1987.2068493150684
      ],
      "numdate": 1987.2068493150684,
      "raw_date": "1987-03-17"
    },
    "OC43/human/USA/873_6/1987": {
      "branch_length": 0.0033252634553601855,
      "clock_length": 0.0033252634553601855,
      "date": "1987-03-05",
      "mutation_length": 0.0031481861583625885,
      "num_date_confidence": [
        1987.1739726027397,
        1987.1739726027397
      ],
      "numdate": 1987.1739726027397,
      "raw_date": "1987-03-05"
    },
    "OC43/human/USA/8912_37/1989": {
      "branch_length": 0.0009318068092007241,
      "clock_length": 0.0009318068092007241,
      "date": "1989-12-21",
      "mutation_length": 2.905075183569341e-19,
      "num_date_confidence": [
        1989.9712328767123,
        1989.9712328767123
      ],
      "numdate": 1989.9712328767123,
      "raw_date": "1989-12-21"
    },
    "OC43/human/USA/901_33/1990": {
      "branch_length": 0.0009487666034155608,
      "clock_length": 0.0009487666034155608,
      "date": "1990-01-16",
      "mutation_length": 2.905075183569341e-19,
      "num_date_confidence": [
        1990.0424657534247,
        1990.0424657534247
      ],
      "numdate": 1990.0424657534247,
      "raw_date": "1990-01-16"
    },
    "OC43/human/USA/901_41/1990": {
      "branch_length": 6.32511068943721e-05,
      "clock_length": 6.32511068943721e-05,
      "date": "1990-01-17",
      "mutation_length": 2.905075183569341e-19,
      "num_date_confidence": [
        1990.045205479452,
        1990.045205479452
      ],
      "numdate": 1990.045205479452,
      "raw_date": "1990-01-17"
    },
    "OC43/human/USA/901_43/1990": {
      "branch_length": 6.676398398837435e-05,
      "clock_length": 6.676398398837435e-05,
      "date": "1990-01-19",
      "mutation_length": 2.905075183569341e-19,
      "num_date_confidence": [
        1990.0506849315068,
        1990.0506849315068
      ],
      "numdate": 1990.0506849315068,
      "raw_date": "1990-01-19"
    },
    "OC43/human/USA/901_54/1990": {
      "branch_length": 0.0009672712794838965,
      "clock_length": 0.0009672712794838965,
      "date": "1990-01-23",
      "mutation_length": 0.0007825691352724964,
      "num_date_confidence": [
        1990.0616438356165,
        1990.0616438356165
      ],
      "numdate": 1990.0616438356165,
      "raw_date": "1990-01-23"
    },
    "OC43/human/USA/911_11/1991": {
      "branch_length": 0.0015732425782079978,
      "clock_length": 0.0015732425782079978,
      "date": "1991-01-03",
      "mutation_length": 0.0007825691352724964,
      "num_date_confidence": [
        1991.0068493150684,
        1991.0068493150684
      ],
      "numdate": 1991.0068493150684,
      "raw_date": "1991-01-03"
    },
    "OC43/human/USA/911_38/1991": {
      "branch_length": 0.0003162555344718536,
      "clock_length": 0.0003162555344718536,
      "date": "1991-01-15",
      "mutation_length": 3.833718732274281e-19,
      "num_date_confidence": [
        1991.0397260273974,
        1991.0397260273974
      ],
      "numdate": 1991.0397260273974,
      "raw_date": "1991-01-15"
    },
    "OC43/human/USA/911_58/1991": {
      "branch_length": 0.00032061703823095186,
      "clock_length": 0.00032061703823095186,
      "date": "1991-01-24",
      "mutation_length": 3.86131313901176e-22,
      "num_date_confidence": [
        1991.0643835616438,
        1991.0643835616438
      ],
      "numdate": 1991.0643835616438,
      "raw_date": "1991-01-24"
    },
    "OC43/human/USA/911_66/1991": {
      "branch_length": 0.0003795066413662222,
      "clock_length": 0.0003795066413662222,
      "date": "1991-01-29",
      "mutation_length": 3.8890199152238615e-19,
      "num_date_confidence": [
        1991.0780821917808,
        1991.0780821917808
      ],
      "numdate": 1991.0780821917808,
      "raw_date": "1991-01-29"
    },
    "OC43/human/USA/912_10/1991": {
      "branch_length": 0.002218969687858778,
      "clock_length": 0.002218969687858778,
      "date": "1991-02-07",
      "mutation_length": 0.0015651151454868241,
      "num_date_confidence": [
        1991.1027397260275,
        1991.1027397260275
      ],
      "numdate": 1991.1027397260275,
      "raw_date": "1991-02-07"
    },
    "OC43/human/USA/912_11/1991": {
      "branch_length": 0.0,
      "clock_length": 0.0,
      "date": "1991-02-07",
      "mutation_length": 3.8890199152238615e-19,
      "num_date_confidence": [
        1991.1027397260275,
        1991.1027397260275
      ],
      "numdate": 1991.1027397260275,
      "raw_date": "1991-02-07"
    },
    "OC43/human/USA/912_36/1991": {
      "branch_length": 2.634657820530656e-05,
      "clock_length": 2.634657820530656e-05,
      "date": "1991-02-22",
      "mutation_length": 3.8890199152238615e-19,
      "num_date_confidence": [
        1991.1438356164383,
        1991.1438356164383
      ],
      "numdate": 1991.1438356164383,
      "raw_date": "1991-02-22"
    },
    "OC43/human/USA/912_6/1991": {
      "branch_length": 0.0003531407439593126,
      "clock_length": 0.0003531407439593126,
      "date": "1991-02-05",
      "mutation_length": 0.0007839770914042395,
      "num_date_confidence": [
        1991.0972602739726,
        1991.0972602739726
      ],
      "numdate": 1991.0972602739726,
      "raw_date": "1991-02-05"
    },
    "OC43/human/USA/913_29/1991": {
      "branch_length": 0.001691759667475,
      "clock_length": 0.001691759667475,
      "date": "1991-03-14",
      "mutation_length": 0.0007830516971227305,
      "num_date_confidence": [
        1991.1986301369864,
        1991.1986301369864
      ],
      "numdate": 1991.1986301369864,
      "raw_date": "1991-03-14"
    },
    "OC43/human/USA/9211_43/1992": {
      "branch_length": 3.522487434076335e-05,
      "clock_length": 3.522487434076335e-05,
      "date": "1992-11-30",
      "mutation_length": 3.070612580731022e-19,
      "num_date_confidence": [
        1992.9139344262296,
        1992.9139344262296
      ],
      "numdate": 1992.9139344262296,
      "raw_date": "1992-11-30"
    },
    "OC43/human/USA/9212_33/1992": {
      "branch_length": 6.32511068943721e-05,
      "clock_length": 6.32511068943721e-05,
      "date": "1992-12-16",
      "mutation_length": 3.070612580731022e-19,
      "num_date_confidence": [
        1992.957650273224,
        1992.957650273224
      ],
      "numdate": 1992.957650273224,
      "raw_date": "1992-12-16"
    },
    "OC43/human/USA/925_1/1992": {
      "branch_length": 0.0011385199240986701,
      "clock_length": 0.0011385199240986701,
      "date": "1992-05-04",
      "mutation_length": 3.86131313901176e-22,
      "num_date_confidence": [
        1992.3401639344263,
        1992.3401639344263
      ],
      "numdate": 1992.3401639344263,
      "raw_date": "1992-05-04"
    },
    "OC43/human/USA/931_85/1993": {
      "branch_length": 0.0007888546502968774,
      "clock_length": 0.0007888546502968774,
      "date": "1993-01-26",
      "mutation_length": 0.0007832632410803604,
      "num_date_confidence": [
        1993.0698630136985,
        1993.0698630136985
      ],
      "numdate": 1993.0698630136985,
      "raw_date": "1993-01-26"
    },
    "OC43/human/USA/951_15/1995": {
      "branch_length": 6.853974173683455e-05,
      "clock_length": 6.853974173683455e-05,
      "date": "1995-01-11",
      "mutation_length": 1.4381652815175698e-19,
      "num_date_confidence": [
        1995.0287671232877,
        1995.0287671232877
      ],
      "numdate": 1995.0287671232877,
      "raw_date": "1995-01-11"
    },
    "OC43/human/USA/951_18/1995": {
      "branch_length": 0.0013135410972380523,
      "clock_length": 0.0013135410972380523,
      "date": "1995-01-12",
      "mutation_length": 0.001567391364299672,
      "num_date_confidence": [
        1995.031506849315,
        1995.031506849315
      ],
      "numdate": 1995.031506849315,
      "raw_date": "1995-01-12"
    },
    "OC43/human/USA/952_23/1995": {
      "branch_length": 0.00012650221378874074,
      "clock_length": 0.00012650221378874074,
      "date": "1995-02-13",
      "mutation_length": 1.3570574397140472e-19,
      "num_date_confidence": [
        1995.1191780821919,
        1995.1191780821919
      ],
      "numdate": 1995.1191780821919,
      "raw_date": "1995-02-13"
    },
    "OC43/human/USA/953_23/1995": {
      "branch_length": 0.0006131439347044007,
      "clock_length": 0.0006131439347044007,
      "date": "1995-03-09",
      "mutation_length": 0.0015687898846850788,
      "num_date_confidence": [
        1995.1849315068494,
        1995.1849315068494
      ],
      "numdate": 1995.1849315068494,
      "raw_date": "1995-03-09"
    },
    "OC43/human/USA/9612_29/1996": {
      "branch_length": 0.0,
      "clock_length": 0.0,
      "date": "1996-12-17",
      "mutation_length": 3.3587245821473617e-19,
      "num_date_confidence": [
        1996.9603825136612,
        1996.9603825136612
      ],
      "numdate": 1996.9603825136612,
      "raw_date": "1996-12-17"
    },
    "OC43/human/USA/9612_48/1996": {
      "branch_length": 0.0006176910358299034,
      "clock_length": 0.0006176910358299034,
      "date": "1996-12-30",
      "mutation_length": 0.0007822104576005821,
      "num_date_confidence": [
        1996.9959016393443,
        1996.9959016393443
      ],
      "numdate": 1996.9959016393443,
      "raw_date": "1996-12-30"
    },
    "OC43/human/USA/9612_9/1996": {
      "branch_length": 0.0005692599620493351,
      "clock_length": 0.0005692599620493351,
      "date": "1996-12-04",
      "mutation_length": 3.3587245821473617e-19,
      "num_date_confidence": [
        1996.9248633879781,
        1996.9248633879781
      ],
      "numdate": 1996.9248633879781,
      "raw_date": "1996-12-04"
    },
    "OC43/human/USA/965_6/1996": {
      "branch_length": 0.0021630310828777144,
      "clock_length": 0.0021630310828777144,
      "date": "1996-05-10",
      "mutation_length": 3.254753253483181e-19,
      "num_date_confidence": [
        1996.3565573770493,
        1996.3565573770493
      ],
      "numdate": 1996.3565573770493,
      "raw_date": "1996-05-10"
    },
    "OC43/human/USA/9712_13/1997": {
      "branch_length": 0.0,
      "clock_length": 0.0,
      "date": "1997-12-11",
      "mutation_length": 3.3070870214026476e-19,
      "num_date_confidence": [
        1997.9438356164383,
        1997.9438356164383
      ],
      "numdate": 1997.9438356164383,
      "raw_date": "1997-12-11"
    },
    "OC43/human/USA/9712_31/1997": {
      "branch_length": 1.2295069829299302e-05,
      "clock_length": 1.2295069829299302e-05,
      "date": "1997-12-18",
      "mutation_length": 3.3070870214026476e-19,
      "num_date_confidence": [
        1997.9630136986302,
        1997.9630136986302
      ],
      "numdate": 1997.9630136986302,
      "raw_date": "1997-12-18"
    },
    "OC43/human/USA/971_5/1997": {
      "branch_length": 0.0006229531529522783,
      "clock_length": 0.0006229531529522783,
      "date": "1997-01-02",
      "mutation_length": 0.0007822104576005821,
      "num_date_confidence": [
        1997.004109589041,
        1997.004109589041
      ],
      "numdate": 1997.004109589041,
      "raw_date": "1997-01-02"
    },
    "OC43/human/USA/982_4/1998": {
      "branch_length": 0.0013316721455332043,
      "clock_length": 0.0013316721455332043,
      "date": "1998-02-05",
      "mutation_length": 0.001564783808957327,
      "num_date_confidence": [
        1998.0972602739726,
        1998.0972602739726
      ],
      "numdate": 1998.0972602739726,
      "raw_date": "1998-02-05"
    },
    "OC43/human/USA/991_19/1999": {
      "branch_length": 0.00012650221378874074,
      "clock_length": 0.00012650221378874074,
      "date": "1999-01-15",
      "mutation_length": 3.996184586528923e-22,
      "num_date_confidence": [
        1999.0397260273974,
        1999.0397260273974
      ],
      "numdate": 1999.0397260273974,
      "raw_date": "1999-01-15"
    },
    "OC43/human/USA/991_5/1999": {
      "branch_length": 0.0019262239152560302,
      "clock_length": 0.0019262239152560302,
      "date": "1999-01-07",
      "mutation_length": 0.0031413848183801944,
      "num_date_confidence": [
        1999.017808219178,
        1999.017808219178
      ],
      "numdate": 1999.017808219178,
      "raw_date": "1999-01-07"
    },
    "OC43_KLF_01_2018": {
      "branch_length": 0.0016184361431980621,
      "clock_length": 0.0016184361431980621,
      "date": "2018-01-18",
      "mutation_length": 0.001574032219015494,
      "num_date_confidence": [
        2018.0479452054794,
        2018.0479452054794
      ],
      "numdate": 2018.0479452054794,
      "raw_date": "2018-01-18"
    },
    "OC43_KLF_02_2017": {
      "branch_length": 0.0015193286680279276,
      "clock_length": 0.0015193286680279276,
      "date": "2017-11-27",
      "mutation_length": 0.0007821927182443932,
      "num_date_confidence": [
        2017.9054794520548,
        2017.9054794520548
      ],
      "numdate": 2017.9054794520548,
      "raw_date": "2017-11-27"
    }
  }
}