{
  "alignment": "results/aligned_oc43_replicase1ab.fasta",
  "clock": {
    "intercept": -0.28918948957910273,
    "rate": 0.0001473245021954181,
    "rtt_Tmrca": 1962.9422483675412
  },
  "generated_by": {
    "program": "augur",
    "version": "6.4.1"
  },
  "input_tree": "results/tree_raw_oc43_replicase1ab.nwk",
  "nodes": {
    "HCoV_OC43/Seattle/USA/SC0682/2019": {
      "branch_length": 0.0001526265972077776,
      "clock_length": 0.0001526265972077776,
      "date": "2019-01-01",
      "mutation_length": 0.0002343951157761508,
      "num_date_confidence": [
        2019.0013698630137,
        2019.926259030825
      ],
      "numdate": 2019.0013698630137,
      "raw_date": "2019-XX-XX"
    },
    "HCoV_OC43/Seattle/USA/SC0776/2019": {
      "branch_length": 0.00024954734794272864,
      "clock_length": 0.00024954734794272864,
      "date": "2019-12-31",
      "mutation_length": 0.00032840643444592975,
      "num_date_confidence": [
        2019.1632107689798,
        2019.9986301369863
      ],
      "numdate": 2019.9986301369863,
      "raw_date": "2019-XX-XX"
    },
    "HCoV_OC43/Seattle/USA/SC0810/2019": {
      "branch_length": 0.0001526265972077776,
      "clock_length": 0.0001526265972077776,
      "date": "2019-01-01",
      "mutation_length": 0.00014060532484245746,
      "num_date_confidence": [
        2019.0013698630137,
        2019.7915034330783
      ],
      "numdate": 2019.0013698630137,
      "raw_date": "2019-XX-XX"
    },
    "HCoV_OC43/Seattle/USA/SC0839/2019": {
      "branch_length": 0.0001526265972077776,
      "clock_length": 0.0001526265972077776,
      "date": "2019-01-01",
      "mutation_length": 0.00018748172838863711,
      "num_date_confidence": [
        2019.0013698630137,
        2019.837776155018
      ],
      "numdate": 2019.0013698630137,
      "raw_date": "2019-XX-XX"
    },
    "HCoV_OC43/Seattle/USA/SC0841/2019": {
      "branch_length": 0.0012613997837734507,
      "clock_length": 0.0012613997837734507,
      "date": "2019-12-31",
      "mutation_length": 0.001925064244360106,
      "num_date_confidence": [
        2019.2484778866117,
        2019.9986301369863
      ],
      "numdate": 2019.9986301369863,
      "raw_date": "2019-XX-XX"
    },
    "HCoV_OC43/Seattle/USA/SC2269/2016": {
      "branch_length": 0.0002795565315280008,
      "clock_length": 0.0002795565315280008,
      "date": "2016-12-31",
      "mutation_length": 0.000328045465356808,
      "num_date_confidence": [
        2016.256095609966,
        2016.9986338797814
      ],
      "numdate": 2016.9986338797814,
      "raw_date": "2016-XX-XX"
    },
    "HCoV_OC43/Seattle/USA/SC2345/2015": {
      "branch_length": 7.663202944633912e-05,
      "clock_length": 7.663202944633912e-05,
      "date": "2015-06-12",
      "mutation_length": 9.370317621334506e-05,
      "num_date_confidence": [
        2015.0013698630137,
        2015.9986301369863
      ],
      "numdate": 2015.4450134550502,
      "raw_date": "2015-XX-XX"
    },
    "HCoV_OC43/Seattle/USA/SC2476/2015": {
      "branch_length": 0.00016481633967884595,
      "clock_length": 0.00016481633967884595,
      "date": "2015-12-31",
      "mutation_length": 0.000281435064698249,
      "num_date_confidence": [
        2015.409748037639,
        2015.9986301369863
      ],
      "numdate": 2015.9986301369863,
      "raw_date": "2015-XX-XX"
    },
    "HCoV_OC43/Seattle/USA/SC2481/2015": {
      "branch_length": 0.00013223147792715544,
      "clock_length": 0.00013223147792715544,
      "date": "2015-12-31",
      "mutation_length": 0.00023429855232041615,
      "num_date_confidence": [
        2015.6181292541523,
        2015.9986301369863
      ],
      "numdate": 2015.9986301369863,
      "raw_date": "2015-XX-XX"
    },
    "HCoV_OC43/Seattle/USA/SC2730/2015": {
      "branch_length": 0.00015819333151963926,
      "clock_length": 0.00015819333151963926,
      "date": "2015-12-31",
      "mutation_length": 0.0003280890893461068,
      "num_date_confidence": [
        2015.6127919930093,
        2015.9986301369863
      ],
      "numdate": 2015.9986301369863,
      "raw_date": "2015-XX-XX"
    },
    "HCoV_OC43/Seattle/USA/SC2770/2015": {
      "branch_length": 0.00015819333151963926,
      "clock_length": 0.00015819333151963926,
      "date": "2015-12-31",
      "mutation_length": 0.00018745830062556006,
      "num_date_confidence": [
        2015.4072723036961,
        2015.9986301369863
      ],
      "numdate": 2015.9986301369863,
      "raw_date": "2015-XX-XX"
    },
    "HCoV_OC43/Seattle/USA/SC2854/2015": {
      "branch_length": 0.00015819333151963926,
      "clock_length": 0.00015819333151963926,
      "date": "2015-12-31",
      "mutation_length": 0.0002811494032177171,
      "num_date_confidence": [
        2015.5542182560428,
        2015.9986301369863
      ],
      "numdate": 2015.9986301369863,
      "raw_date": "2015-XX-XX"
    },
    "HCoV_OC43/Seattle/USA/SC2924/2015": {
      "branch_length": 0.0007038550810398763,
      "clock_length": 0.0007038550810398763,
      "date": "2015-01-01",
      "mutation_length": 0.0007033623256203727,
      "num_date_confidence": [
        2015.0013698630137,
        2015.8470167080552
      ],
      "numdate": 2015.0013698630137,
      "raw_date": "2015-XX-XX"
    },
    "HCoV_OC43/Seattle/USA/SC3118/2015": {
      "branch_length": 0.00011202706100594975,
      "clock_length": 0.00011202706100594975,
      "date": "2015-12-31",
      "mutation_length": 0.00028123131046659916,
      "num_date_confidence": [
        2015.73042685151,
        2015.9986301369863
      ],
      "numdate": 2015.9986301369863,
      "raw_date": "2015-XX-XX"
    },
    "HCoV_OC43/Seattle/USA/SC622/2016": {
      "branch_length": 0.0002148260375190778,
      "clock_length": 0.0002148260375190778,
      "date": "2016-05-20",
      "mutation_length": 0.00023430354671319167,
      "num_date_confidence": [
        2016.0013661202186,
        2016.9986338797814
      ],
      "numdate": 2016.3830380606887,
      "raw_date": "2016-XX-XX"
    },
    "HCoV_OC43/Seattle/USA/SC831/2016": {
      "branch_length": 0.00011243013837365483,
      "clock_length": 0.00011243013837365483,
      "date": "2016-01-01",
      "mutation_length": 4.685707169302751e-05,
      "num_date_confidence": [
        2016.0013661202186,
        2016.6793443884346
      ],
      "numdate": 2016.0013661202186,
      "raw_date": "2016-XX-XX"
    },
    "HCoV_OC43/Seattle/USA/SC9428/2018": {
      "branch_length": 0.0011144789103511648,
      "clock_length": 0.0011144789103511648,
      "date": "2019-01-01",
      "mutation_length": 0.0007974035425273409,
      "num_date_confidence": [
        2019.0013698630137,
        2019.849920463151
      ],
      "numdate": 2019.0013698630137,
      "raw_date": "2019-XX-XX"
    },
    "HCoV_OC43/Seattle/USA/SC9430/2018": {
      "branch_length": 0.00024954734794272864,
      "clock_length": 0.00024954734794272864,
      "date": "2019-12-31",
      "mutation_length": 0.00028125798625885663,
      "num_date_confidence": [
        2019.1313135698367,
        2019.9986301369863
      ],
      "numdate": 2019.9986301369863,
      "raw_date": "2019-XX-XX"
    },
    "HCoV_OC43/Seattle/USA/SC9741/2016": {
      "branch_length": 9.125450901341131e-05,
      "clock_length": 9.125450901341131e-05,
      "date": "2016-05-30",
      "mutation_length": 9.370796078172183e-05,
      "num_date_confidence": [
        2016.0013661202186,
        2016.9986338797814
      ],
      "numdate": 2016.412455276207,
      "raw_date": "2016-XX-XX"
    },
    "HCoV_OC43/UK/London/2011": {
      "branch_length": 0.00034544831369277373,
      "clock_length": 0.00034544831369277373,
      "date": "2011-08-20",
      "mutation_length": 0.0006099775370982696,
      "num_date_confidence": [
        2011.6342465753426,
        2011.6342465753426
      ],
      "numdate": 2011.6342465753426,
      "raw_date": "2011-08-20"
    },
    "HCoV_OC43/USA/ACRI_0052/2016": {
      "branch_length": 0.00048069611060365316,
      "clock_length": 0.00048069611060365316,
      "date": "2016-03-07",
      "mutation_length": 0.0004222388601253006,
      "num_date_confidence": [
        2016.181693989071,
        2016.181693989071
      ],
      "numdate": 2016.181693989071,
      "raw_date": "2016-03-07"
    },
    "HCoV_OC43/USA/ACRI_0213/2016": {
      "branch_length": 0.00017278266843520564,
      "clock_length": 0.00017278266843520564,
      "date": "2016-12-19",
      "mutation_length": 0.00014057141401642892,
      "num_date_confidence": [
        2016.9658469945355,
        2016.9658469945355
      ],
      "numdate": 2016.9658469945355,
      "raw_date": "2016-12-19"
    },
    "HCoV_OC43/USA/TCNP_00204/2017": {
      "branch_length": 0.0002467735870615013,
      "clock_length": 0.0002467735870615013,
      "date": "2017-01-03",
      "mutation_length": 0.0002811494032177171,
      "num_date_confidence": [
        2017.0068493150684,
        2017.0068493150684
      ],
      "numdate": 2017.0068493150684,
      "raw_date": "2017-01-03"
    },
    "HCoV_OC43/USA/TCNP_00212/2017": {
      "branch_length": 0.00026501571143198527,
      "clock_length": 0.00026501571143198527,
      "date": "2017-01-17",
      "mutation_length": 0.0003280304536762331,
      "num_date_confidence": [
        2017.045205479452,
        2017.045205479452
      ],
      "numdate": 2017.045205479452,
      "raw_date": "2017-01-17"
    },
    "HCoV_OC43/USA/TCNP_0070/2016": {
      "branch_length": 0.0006932244037299019,
      "clock_length": 0.0006932244037299019,
      "date": "2016-02-01",
      "mutation_length": 0.0008440012184217016,
      "num_date_confidence": [
        2016.0860655737704,
        2016.0860655737704
      ],
      "numdate": 2016.0860655737704,
      "raw_date": "2016-02-01"
    },
    "NODE_0000000": {
      "branch_length": 5.000012268733476e-05,
      "clock_length": 5.000012268733476e-05,
      "date": "2018-04-22",
      "mutation_length": 4.6864464438115764e-05,
      "num_date_confidence": [
        2014.5903620911151,
        2018.7309517957885
      ],
      "numdate": 2018.304768327009
    },
    "NODE_0000001": {
      "branch_length": 0.0007510050760292265,
      "clock_length": 0.0007510050760292265,
      "date": "2017-12-19",
      "mutation_length": 0.0005625927072346555,
      "num_date_confidence": [
        2014.1397029682944,
        2018.5536259097153
      ],
      "numdate": 2017.9653806356052
    },
    "NODE_0000002": {
      "branch_length": 0.001,
      "clock_length": 0.001,
      "date": "1963-06-30",
      "mutation_length": 0.001,
      "num_date_confidence": [
        1960.8289263853674,
        1968.0142130751658
      ],
      "numdate": 1963.4940497675916
    },
    "NODE_0000004": {
      "branch_length": 0.0006198705421258826,
      "clock_length": 0.0006198705421258826,
      "date": "2012-11-13",
      "mutation_length": 0.0006564969475933652,
      "num_date_confidence": [
        2010.214466285892,
        2013.346348363326
      ],
      "numdate": 2012.867755564162
    },
    "NODE_0000005": {
      "branch_length": 0.0003030612063579783,
      "clock_length": 0.0003030612063579783,
      "date": "2014-12-04",
      "mutation_length": 0.0005626547528752055,
      "num_date_confidence": [
        2014.6716440706698,
        2015.265276933496
      ],
      "numdate": 2014.9248553801588
    },
    "NODE_0000006": {
      "branch_length": 4.616627051368951e-05,
      "clock_length": 4.616627051368951e-05,
      "date": "2015-03-28",
      "mutation_length": 9.370796078172183e-05,
      "num_date_confidence": [
        2015.0124702334215,
        2015.6060805303553
      ],
      "numdate": 2015.238219890649
    },
    "NODE_0000007": {
      "branch_length": 1.632353693805516e-05,
      "clock_length": 1.632353693805516e-05,
      "date": "1987-01-08",
      "mutation_length": 2.586401534749802e-22,
      "num_date_confidence": [
        1986.6508199204814,
        1987.1109589041096
      ],
      "numdate": 1987.0214169955489
    },
    "NODE_0000012": {
      "branch_length": 2.5186999932770224e-05,
      "clock_length": 2.5186999932770224e-05,
      "date": "1989-10-14",
      "mutation_length": 2.6290298373100364e-22,
      "num_date_confidence": [
        1989.5484601290725,
        1989.9545615962086
      ],
      "numdate": 1989.7860558963853
    },
    "NODE_0000013": {
      "branch_length": 2.5961853592483823e-05,
      "clock_length": 2.5961853592483823e-05,
      "date": "2015-02-06",
      "mutation_length": 4.685128408405209e-05,
      "num_date_confidence": [
        2014.9354640421006,
        2015.4706612908005
      ],
      "numdate": 2015.1010776188602
    },
    "NODE_0000017": {
      "branch_length": 0.000317865533236019,
      "clock_length": 0.000317865533236019,
      "date": "2008-08-29",
      "mutation_length": 0.00032813174865091536,
      "num_date_confidence": [
        2007.1327679158485,
        2010.0080269007412
      ],
      "numdate": 2008.6602372431182
    },
    "NODE_0000018": {
      "branch_length": 9.867629058599192e-05,
      "clock_length": 9.867629058599192e-05,
      "date": "2009-05-01",
      "mutation_length": 0.0001405713640265185,
      "num_date_confidence": [
        2008.5712510846827,
        2010.749657699353
      ],
      "numdate": 2009.3300259687921
    },
    "NODE_0000019": {
      "branch_length": 0.00013167283495534618,
      "clock_length": 0.00013167283495534618,
      "date": "2010-03-23",
      "mutation_length": 9.371068936257979e-05,
      "num_date_confidence": [
        2009.2456364749446,
        2011.2973071253532
      ],
      "numdate": 2010.223786565252
    },
    "NODE_0000020": {
      "branch_length": 0.00030210576788605725,
      "clock_length": 0.00030210576788605725,
      "date": "2011-05-19",
      "mutation_length": 0.0003749807213946464,
      "num_date_confidence": [
        2010.2729640003236,
        2012.4294429655672
      ],
      "numdate": 2011.3806405195564
    },
    "NODE_0000021": {
      "branch_length": 8.241246539672769e-06,
      "clock_length": 8.241246539672769e-06,
      "date": "2011-06-09",
      "mutation_length": 4.68500431814085e-05,
      "num_date_confidence": [
        2010.8261549379135,
        2013.0911949494173
      ],
      "numdate": 2011.4365799350433
    },
    "NODE_0000022": {
      "branch_length": 0.0017375700158738855,
      "clock_length": 0.0017375700158738855,
      "date": "2006-07-03",
      "mutation_length": 0.00197124016485591,
      "num_date_confidence": [
        2005.0186708603314,
        2007.7158155019335
      ],
      "numdate": 2006.502649547255
    },
    "NODE_0000023": {
      "branch_length": 8.599968785478595e-05,
      "clock_length": 8.599968785478595e-05,
      "date": "1994-09-16",
      "mutation_length": 9.366173283394575e-05,
      "num_date_confidence": [
        1993.6060749043434,
        1995.2524414195022
      ],
      "numdate": 1994.708480960355
    },
    "NODE_0000024": {
      "branch_length": 4.230472222455225e-05,
      "clock_length": 4.230472222455225e-05,
      "date": "1994-12-30",
      "mutation_length": 4.683016137628458e-05,
      "num_date_confidence": [
        1994.3846180890087,
        1995.6596291682056
      ],
      "numdate": 1994.995634295979
    },
    "NODE_0000025": {
      "branch_length": 0.0002542264101050391,
      "clock_length": 0.0002542264101050391,
      "date": "1996-09-20",
      "mutation_length": 0.0002341720087120083,
      "num_date_confidence": [
        1996.279276394229,
        1996.9401751361615
      ],
      "numdate": 1996.7212563501287
    },
    "NODE_0000026": {
      "branch_length": 0.0007715568032431461,
      "clock_length": 0.0007715568032431461,
      "date": "1994-02-15",
      "mutation_length": 0.0006560219965856355,
      "num_date_confidence": [
        1992.5742197057089,
        1994.9451207912332
      ],
      "numdate": 1994.1247376822632
    },
    "NODE_0000027": {
      "branch_length": 0.00040987309270401097,
      "clock_length": 0.00040987309270401097,
      "date": "1996-11-27",
      "mutation_length": 0.0004216525028960169,
      "num_date_confidence": [
        1996.2540380488667,
        1998.334413551117
      ],
      "numdate": 1996.906848509696
    },
    "NODE_0000028": {
      "branch_length": 0.00014971090227039983,
      "clock_length": 0.00014971090227039983,
      "date": "1997-12-03",
      "mutation_length": 4.6839265731633404e-05,
      "num_date_confidence": [
        1996.8616792077837,
        1998.4218830549587
      ],
      "numdate": 1997.923046766194
    },
    "NODE_0000029": {
      "branch_length": 4.133609351727671e-05,
      "clock_length": 4.133609351727671e-05,
      "date": "1988-11-20",
      "mutation_length": 9.367209261298635e-05,
      "num_date_confidence": [
        1986.9732595030075,
        1989.4056439039784
      ],
      "numdate": 1988.8876128880472
    },
    "NODE_0000030": {
      "branch_length": 4.88307034257722e-05,
      "clock_length": 4.88307034257722e-05,
      "date": "1989-03-31",
      "mutation_length": 2.4855143361527646e-22,
      "num_date_confidence": [
        1988.9175484549987,
        1990.0215081691515
      ],
      "numdate": 1989.2453741771203
    },
    "NODE_0000031": {
      "branch_length": 0.00026482530426744956,
      "clock_length": 0.00026482530426744956,
      "date": "1990-09-08",
      "mutation_length": 0.0006092854117327029,
      "num_date_confidence": [
        1990.1255039116902,
        1990.9557147373362
      ],
      "numdate": 1990.6851774500926
    },
    "NODE_0000032": {
      "branch_length": 0.0019030527648683073,
      "clock_length": 0.0019030527648683073,
      "date": "1988-08-10",
      "mutation_length": 0.0016892571497039847,
      "num_date_confidence": [
        1986.6456380997163,
        1989.1851346895303
      ],
      "numdate": 1988.6070343495062
    },
    "NODE_0000033": {
      "branch_length": 4.521239390896728e-05,
      "clock_length": 4.521239390896728e-05,
      "date": "1988-11-30",
      "mutation_length": 4.683386077181718e-05,
      "num_date_confidence": [
        1988.5646939868202,
        1989.7092793794204
      ],
      "numdate": 1988.9139241963085
    },
    "NODE_0000034": {
      "branch_length": 7.265964406265833e-05,
      "clock_length": 7.265964406265833e-05,
      "date": "1989-09-27",
      "mutation_length": 2.4855143361527646e-22,
      "num_date_confidence": [
        1989.1047966056844,
        1990.1469171445387
      ],
      "numdate": 1989.7385687440787
    },
    "NODE_0000037": {
      "branch_length": 4.981481932208112e-05,
      "clock_length": 4.981481932208112e-05,
      "date": "1989-04-02",
      "mutation_length": 4.6833812475304195e-05,
      "num_date_confidence": [
        1988.91389990072,
        1989.9273470200235
      ],
      "numdate": 1989.2520540971718
    },
    "NODE_0000038": {
      "branch_length": 7.795691458596394e-05,
      "clock_length": 7.795691458596394e-05,
      "date": "1989-10-13",
      "mutation_length": 9.367209261298635e-05,
      "num_date_confidence": [
        1989.4048256958488,
        1990.2375315955228
      ],
      "numdate": 1989.7812051441754
    },
    "NODE_0000039": {
      "branch_length": 0.00012596985935131328,
      "clock_length": 0.00012596985935131328,
      "date": "1990-08-21",
      "mutation_length": 0.00018736438797529057,
      "num_date_confidence": [
        1990.2364073502465,
        1990.8770276311575
      ],
      "numdate": 1990.6362554411328
    },
    "NODE_0000040": {
      "branch_length": 3.566890900982573e-05,
      "clock_length": 3.566890900982573e-05,
      "date": "1990-11-17",
      "mutation_length": 4.683400077794021e-05,
      "num_date_confidence": [
        1990.620677469195,
        1991.0279174439286
      ],
      "numdate": 1990.8783666207282
    },
    "NODE_0000041": {
      "branch_length": 0.0009491364670187767,
      "clock_length": 0.0009491364670187767,
      "date": "1996-03-22",
      "mutation_length": 0.0011727135233532149,
      "num_date_confidence": [
        1995.4957821919213,
        1996.7274668079258
      ],
      "numdate": 1996.223694023315
    },
    "NODE_0000042": {
      "branch_length": 7.249174789610013e-05,
      "clock_length": 7.249174789610013e-05,
      "date": "1996-09-18",
      "mutation_length": 4.6865101501329036e-05,
      "num_date_confidence": [
        1996.1265368589657,
        1996.8544294660037
      ],
      "numdate": 1996.7157489552226
    },
    "NODE_0000043": {
      "branch_length": 8.277826409999094e-05,
      "clock_length": 8.277826409999094e-05,
      "date": "1996-10-14",
      "mutation_length": 4.686766288422957e-05,
      "num_date_confidence": [
        1996.0351661304933,
        1997.1242371105784
      ],
      "numdate": 1996.7855711236373
    },
    "NODE_0000044": {
      "branch_length": 0.00010769823346229012,
      "clock_length": 0.00010769823346229012,
      "date": "1997-07-08",
      "mutation_length": 9.373656648762258e-05,
      "num_date_confidence": [
        1996.8470050638784,
        1997.763289692173
      ],
      "numdate": 1997.5165984263424
    },
    "NODE_0000045": {
      "branch_length": 0.00014690788456191584,
      "clock_length": 0.00014690788456191584,
      "date": "1997-10-13",
      "mutation_length": 9.373328336777059e-05,
      "num_date_confidence": [
        1996.7547909160126,
        1998.4603548271168
      ],
      "numdate": 1997.7827432326396
    },
    "NODE_0000046": {
      "branch_length": 0.0016952175209291108,
      "clock_length": 0.0016952175209291108,
      "date": "2009-04-16",
      "mutation_length": 0.0018318502799256656,
      "num_date_confidence": [
        2008.618287815032,
        2010.294362792157
      ],
      "numdate": 2009.2894342152467
    },
    "NODE_0000047": {
      "branch_length": 0.0005347026295764953,
      "clock_length": 0.0005347026295764953,
      "date": "2012-12-02",
      "mutation_length": 0.0002814027444029335,
      "num_date_confidence": [
        2011.5439502663987,
        2013.793833539817
      ],
      "numdate": 2012.9188551303587
    },
    "NODE_0000048": {
      "branch_length": 0.0002889099800464656,
      "clock_length": 0.0002889099800464656,
      "date": "2014-11-18",
      "mutation_length": 0.0002345047390682474,
      "num_date_confidence": [
        2014.0371047251488,
        2015.5367683349796
      ],
      "numdate": 2014.8799001414814
    },
    "NODE_0000049": {
      "branch_length": 0.0017967051873034766,
      "clock_length": 0.0017967051873034766,
      "date": "1975-09-09",
      "mutation_length": 0.0017362883899808515,
      "num_date_confidence": [
        1973.906551897965,
        1979.1594550241634
      ],
      "numdate": 1975.6896123558176
    },
    "NODE_0000050": {
      "branch_length": 0.002714386471454463,
      "clock_length": 0.002714386471454463,
      "date": "1994-02-11",
      "mutation_length": 0.0029139020676041093,
      "num_date_confidence": [
        1992.7919361280922,
        1994.51819524154
      ],
      "numdate": 1994.114154309158
    },
    "NODE_0000052": {
      "branch_length": 0.0028569328691107716,
      "clock_length": 0.0028569328691107716,
      "date": "1982-11-20",
      "mutation_length": 0.003008211011526711,
      "num_date_confidence": [
        1981.798337900796,
        1983.0432444106104
      ],
      "numdate": 1982.886159203137
    },
    "NODE_0000053": {
      "branch_length": 3.876930686343757e-05,
      "clock_length": 3.876930686343757e-05,
      "date": "1983-02-24",
      "mutation_length": 4.685808928456304e-05,
      "num_date_confidence": [
        1982.4690430195878,
        1983.1493150684933
      ],
      "numdate": 1983.1493150684933
    },
    "NODE_0000054": {
      "branch_length": 0.00017291804567621388,
      "clock_length": 0.00017291804567621388,
      "date": "1984-04-28",
      "mutation_length": 0.0003281320809326653,
      "num_date_confidence": [
        1983.7104686588773,
        1984.65967100666
      ],
      "numdate": 1984.3230373149588
    },
    "NODE_0000055": {
      "branch_length": 0.000381213906239135,
      "clock_length": 0.000381213906239135,
      "date": "1986-11-29",
      "mutation_length": 0.0003281924345789135,
      "num_date_confidence": [
        1986.2416467240264,
        1987.0281999683657
      ],
      "numdate": 1986.9106171170847
    },
    "NODE_0000057": {
      "branch_length": 4.528602493276187e-05,
      "clock_length": 4.528602493276187e-05,
      "date": "1983-03-12",
      "mutation_length": 4.685385930879953e-05,
      "num_date_confidence": [
        1982.2769704407249,
        1983.796493284376
      ],
      "numdate": 1983.1935488379763
    },
    "NODE_0000058": {
      "branch_length": 0.0002343450490443818,
      "clock_length": 0.0002343450490443818,
      "date": "1984-10-14",
      "mutation_length": 0.00028119745093579333,
      "num_date_confidence": [
        1983.907976666681,
        1985.431475407225
      ],
      "numdate": 1984.784221438611
    },
    "NODE_0000059": {
      "branch_length": 0.0005146011052658125,
      "clock_length": 0.0005146011052658125,
      "date": "1988-04-11",
      "mutation_length": 0.00042182011335362797,
      "num_date_confidence": [
        1986.8670790608994,
        1989.088077186048
      ],
      "numdate": 1988.2771984899314
    },
    "NODE_0000060": {
      "branch_length": 0.000197104666356915,
      "clock_length": 0.000197104666356915,
      "date": "1989-08-13",
      "mutation_length": 0.0002811665043980337,
      "num_date_confidence": [
        1989.209399600796,
        1989.833874174131
      ],
      "numdate": 1989.615093160673
    },
    "NODE_0000063": {
      "branch_length": 0.0002167965436969321,
      "clock_length": 0.0002167965436969321,
      "date": "1989-10-01",
      "mutation_length": 0.00018742058950845203,
      "num_date_confidence": [
        1988.914943052504,
        1990.613051980472
      ],
      "numdate": 1989.748756448494
    },
    "NODE_0000064": {
      "branch_length": 0.00041878325005270407,
      "clock_length": 0.00041878325005270407,
      "date": "1992-08-04",
      "mutation_length": 0.00037494500069712683,
      "num_date_confidence": [
        1991.9402618365766,
        1992.7904101046497
      ],
      "numdate": 1992.591347082177
    },
    "NODE_0000065": {
      "branch_length": 3.655071138504353e-05,
      "clock_length": 3.655071138504353e-05,
      "date": "1992-11-03",
      "mutation_length": 4.685580687466254e-05,
      "num_date_confidence": [
        1992.5454376197497,
        1992.9139344262296
      ],
      "numdate": 1992.8394437045336
    },
    "NODE_0000066": {
      "branch_length": 0.0006986376056506696,
      "clock_length": 0.0006986376056506696,
      "date": "1994-06-29",
      "mutation_length": 0.0007031636323901845,
      "num_date_confidence": [
        1993.9307122864877,
        1994.8089129163081
      ],
      "numdate": 1994.4909248946087
    },
    "NODE_0000067": {
      "branch_length": 1.988190822079525e-05,
      "clock_length": 1.988190822079525e-05,
      "date": "1994-08-17",
      "mutation_length": 4.6850748722613484e-05,
      "num_date_confidence": [
        1994.3213488670526,
        1994.949133289843
      ],
      "numdate": 1994.625878062103
    },
    "NODE_0000068": {
      "branch_length": 4.736381142642098e-05,
      "clock_length": 4.736381142642098e-05,
      "date": "2015-03-31",
      "mutation_length": 2.1907862819755887e-22,
      "num_date_confidence": [
        2014.9253369785934,
        2015.5308487001453
      ],
      "numdate": 2015.246348483618
    },
    "NODE_0000069": {
      "branch_length": 1.2591321546531861e-05,
      "clock_length": 1.2591321546531861e-05,
      "date": "2015-05-02",
      "mutation_length": 2.1907862819755887e-22,
      "num_date_confidence": [
        2015.1066128668945,
        2015.8302513800193
      ],
      "numdate": 2015.3318150649327
    },
    "NODE_0000070": {
      "branch_length": 6.795027216492547e-05,
      "clock_length": 6.795027216492547e-05,
      "date": "2015-10-17",
      "mutation_length": 2.1907862819755887e-22,
      "num_date_confidence": [
        2015.0349584654784,
        2016.296792477383
      ],
      "numdate": 2015.793043653201
    },
    "OC43/human/Mex/LRTI_238/2011": {
      "branch_length": 0.0006785132531879536,
      "clock_length": 0.0006785132531879536,
      "date": "2011-02-09",
      "mutation_length": 0.0007974060110602644,
      "num_date_confidence": [
        2011.1082191780822,
        2011.1082191780822
      ],
      "numdate": 2011.1082191780822,
      "raw_date": "2011-02-09"
    },
    "OC43/human/USA/007_11/2000": {
      "branch_length": 0.0003899127643895834,
      "clock_length": 0.0003899127643895834,
      "date": "2000-07-27",
      "mutation_length": 0.0006092380747682729,
      "num_date_confidence": [
        2000.5696721311476,
        2000.5696721311476
      ],
      "numdate": 2000.5696721311476,
      "raw_date": "2000-07-27"
    },
    "OC43/human/USA/008_5/2000": {
      "branch_length": 0.0004154132241740885,
      "clock_length": 0.0004154132241740885,
      "date": "2000-08-08",
      "mutation_length": 0.00032814064156400335,
      "num_date_confidence": [
        2000.6024590163934,
        2000.6024590163934
      ],
      "numdate": 2000.6024590163934,
      "raw_date": "2000-08-08"
    },
    "OC43/human/USA/832_27/1983": {
      "branch_length": 0.0,
      "clock_length": 0.0,
      "date": "1983-02-24",
      "mutation_length": 2.5679540761145144e-22,
      "num_date_confidence": [
        1983.1493150684933,
        1983.1493150684933
      ],
      "numdate": 1983.1493150684933,
      "raw_date": "1983-02-24"
    },
    "OC43/human/USA/851_15/1985": {
      "branch_length": 0.00010276040637710506,
      "clock_length": 0.00010276040637710506,
      "date": "1985-01-08",
      "mutation_length": 0.00023439274282948235,
      "num_date_confidence": [
        1985.0205479452054,
        1985.0205479452054
      ],
      "numdate": 1985.0205479452054,
      "raw_date": "1985-01-08"
    },
    "OC43/human/USA/871_25/1987": {
      "branch_length": 0.0003351164921544013,
      "clock_length": 0.0003351164921544013,
      "date": "1987-01-22",
      "mutation_length": 0.0005156909812963264,
      "num_date_confidence": [
        1987.058904109589,
        1987.058904109589
      ],
      "numdate": 1987.058904109589,
      "raw_date": "1987-01-22"
    },
    "OC43/human/USA/872_5/1987": {
      "branch_length": 1.3191717104316103e-05,
      "clock_length": 1.3191717104316103e-05,
      "date": "1987-02-10",
      "mutation_length": 2.586401534749802e-22,
      "num_date_confidence": [
        1987.1109589041096,
        1987.1109589041096
      ],
      "numdate": 1987.1109589041096,
      "raw_date": "1987-02-10"
    },
    "OC43/human/USA/873_16/1987": {
      "branch_length": 2.5300580298451454e-05,
      "clock_length": 2.5300580298451454e-05,
      "date": "1987-03-12",
      "mutation_length": 4.6862975501460323e-05,
      "num_date_confidence": [
        1987.1931506849314,
        1987.1931506849314
      ],
      "numdate": 1987.1931506849314,
      "raw_date": "1987-03-12"
    },
    "OC43/human/USA/873_19/1987": {
      "branch_length": 4.364226110220148e-05,
      "clock_length": 4.364226110220148e-05,
      "date": "1987-03-17",
      "mutation_length": 9.372730493342945e-05,
      "num_date_confidence": [
        1987.2068493150684,
        1987.2068493150684
      ],
      "numdate": 1987.2068493150684,
      "raw_date": "1987-03-17"
    },
    "OC43/human/USA/873_6/1987": {
      "branch_length": 0.0005864139496705723,
      "clock_length": 0.0005864139496705723,
      "date": "1987-03-05",
      "mutation_length": 0.0005156346086730841,
      "num_date_confidence": [
        1987.1739726027397,
        1987.1739726027397
      ],
      "numdate": 1987.1739726027397,
      "raw_date": "1987-03-05"
    },
    "OC43/human/USA/8912_37/1989": {
      "branch_length": 2.7281106444724222e-05,
      "clock_length": 2.7281106444724222e-05,
      "date": "1989-12-21",
      "mutation_length": 4.685521321438749e-05,
      "num_date_confidence": [
        1989.9712328767123,
        1989.9712328767123
      ],
      "numdate": 1989.9712328767123,
      "raw_date": "1989-12-21"
    },
    "OC43/human/USA/901_33/1990": {
      "branch_length": 3.777545454633057e-05,
      "clock_length": 3.777545454633057e-05,
      "date": "1990-01-16",
      "mutation_length": 2.6290298373100364e-22,
      "num_date_confidence": [
        1990.0424657534247,
        1990.0424657534247
      ],
      "numdate": 1990.0424657534247,
      "raw_date": "1990-01-16"
    },
    "OC43/human/USA/901_41/1990": {
      "branch_length": 6.336608325223283e-05,
      "clock_length": 6.336608325223283e-05,
      "date": "1990-01-17",
      "mutation_length": 9.370849476065938e-05,
      "num_date_confidence": [
        1990.045205479452,
        1990.045205479452
      ],
      "numdate": 1990.045205479452,
      "raw_date": "1990-01-17"
    },
    "OC43/human/USA/901_43/1990": {
      "branch_length": 6.417334079849776e-05,
      "clock_length": 6.417334079849776e-05,
      "date": "1990-01-19",
      "mutation_length": 0.0001874434199960277,
      "num_date_confidence": [
        1990.0506849315068,
        1990.0506849315068
      ],
      "numdate": 1990.0506849315068,
      "raw_date": "1990-01-19"
    },
    "OC43/human/USA/901_54/1990": {
      "branch_length": 0.00016908722452095137,
      "clock_length": 0.00016908722452095137,
      "date": "1990-01-23",
      "mutation_length": 0.00028110089821506266,
      "num_date_confidence": [
        1990.0616438356165,
        1990.0616438356165
      ],
      "numdate": 1990.0616438356165,
      "raw_date": "1990-01-23"
    },
    "OC43/human/USA/911_11/1991": {
      "branch_length": 0.0001868488037651602,
      "clock_length": 0.0001868488037651602,
      "date": "1991-01-03",
      "mutation_length": 0.0001405150056451916,
      "num_date_confidence": [
        1991.0068493150684,
        1991.0068493150684
      ],
      "numdate": 1991.0068493150684,
      "raw_date": "1991-01-03"
    },
    "OC43/human/USA/911_38/1991": {
      "branch_length": 5.2233692655519366e-05,
      "clock_length": 5.2233692655519366e-05,
      "date": "1991-01-15",
      "mutation_length": 0.0001405439573492242,
      "num_date_confidence": [
        1991.0397260273974,
        1991.0397260273974
      ],
      "numdate": 1991.0397260273974,
      "raw_date": "1991-01-15"
    },
    "OC43/human/USA/911_58/1991": {
      "branch_length": 0.00026798465206373,
      "clock_length": 0.00026798465206373,
      "date": "1991-01-24",
      "mutation_length": 0.00037483641272375386,
      "num_date_confidence": [
        1991.0643835616438,
        1991.0643835616438
      ],
      "numdate": 1991.0643835616438,
      "raw_date": "1991-01-24"
    },
    "OC43/human/USA/911_66/1991": {
      "branch_length": 2.9422997086013015e-05,
      "clock_length": 2.9422997086013015e-05,
      "date": "1991-01-29",
      "mutation_length": 4.683717623256456e-05,
      "num_date_confidence": [
        1991.0780821917808,
        1991.0780821917808
      ],
      "numdate": 1991.0780821917808,
      "raw_date": "1991-01-29"
    },
    "OC43/human/USA/912_10/1991": {
      "branch_length": 0.0003263424587051445,
      "clock_length": 0.0003263424587051445,
      "date": "1991-02-07",
      "mutation_length": 0.0004685906101084416,
      "num_date_confidence": [
        1991.1027397260275,
        1991.1027397260275
      ],
      "numdate": 1991.1027397260275,
      "raw_date": "1991-02-07"
    },
    "OC43/human/USA/912_11/1991": {
      "branch_length": 3.305565604426984e-05,
      "clock_length": 3.305565604426984e-05,
      "date": "1991-02-07",
      "mutation_length": 4.68355951810223e-05,
      "num_date_confidence": [
        1991.1027397260275,
        1991.1027397260275
      ],
      "numdate": 1991.1027397260275,
      "raw_date": "1991-02-07"
    },
    "OC43/human/USA/912_36/1991": {
      "branch_length": 7.477899665114633e-05,
      "clock_length": 7.477899665114633e-05,
      "date": "1991-02-22",
      "mutation_length": 9.367132670662935e-05,
      "num_date_confidence": [
        1991.1438356164383,
        1991.1438356164383
      ],
      "numdate": 1991.1438356164383,
      "raw_date": "1991-02-22"
    },
    "OC43/human/USA/912_6/1991": {
      "branch_length": 6.0709896891397025e-05,
      "clock_length": 6.0709896891397025e-05,
      "date": "1991-02-05",
      "mutation_length": 4.684243881366744e-05,
      "num_date_confidence": [
        1991.0972602739726,
        1991.0972602739726
      ],
      "numdate": 1991.0972602739726,
      "raw_date": "1991-02-05"
    },
    "OC43/human/USA/913_29/1991": {
      "branch_length": 0.000286778346051203,
      "clock_length": 0.000286778346051203,
      "date": "1991-03-14",
      "mutation_length": 0.00032790068773645676,
      "num_date_confidence": [
        1991.1986301369864,
        1991.1986301369864
      ],
      "numdate": 1991.1986301369864,
      "raw_date": "1991-03-14"
    },
    "OC43/human/USA/9211_43/1992": {
      "branch_length": 1.0974308492055218e-05,
      "clock_length": 1.0974308492055218e-05,
      "date": "1992-11-30",
      "mutation_length": 2.5189662316576964e-22,
      "num_date_confidence": [
        1992.9139344262296,
        1992.9139344262296
      ],
      "numdate": 1992.9139344262296,
      "raw_date": "1992-11-30"
    },
    "OC43/human/USA/9212_33/1992": {
      "branch_length": 1.7414723888566595e-05,
      "clock_length": 1.7414723888566595e-05,
      "date": "1992-12-16",
      "mutation_length": 4.6857384324419615e-05,
      "num_date_confidence": [
        1992.957650273224,
        1992.957650273224
      ],
      "numdate": 1992.957650273224,
      "raw_date": "1992-12-16"
    },
    "OC43/human/USA/925_1/1992": {
      "branch_length": 0.00038327871633193726,
      "clock_length": 0.00038327871633193726,
      "date": "1992-05-04",
      "mutation_length": 0.00046866086354172557,
      "num_date_confidence": [
        1992.3401639344263,
        1992.3401639344263
      ],
      "numdate": 1992.3401639344263,
      "raw_date": "1992-05-04"
    },
    "OC43/human/USA/931_85/1993": {
      "branch_length": 7.049712140399025e-05,
      "clock_length": 7.049712140399025e-05,
      "date": "1993-01-26",
      "mutation_length": 4.685478253695918e-05,
      "num_date_confidence": [
        1993.0698630136985,
        1993.0698630136985
      ],
      "numdate": 1993.0698630136985,
      "raw_date": "1993-01-26"
    },
    "OC43/human/USA/951_15/1995": {
      "branch_length": 5.935543037901463e-05,
      "clock_length": 5.935543037901463e-05,
      "date": "1995-01-11",
      "mutation_length": 9.373804378797795e-05,
      "num_date_confidence": [
        1995.0287671232877,
        1995.0287671232877
      ],
      "numdate": 1995.0287671232877,
      "raw_date": "1995-01-11"
    },
    "OC43/human/USA/951_18/1995": {
      "branch_length": 0.0001351485063163316,
      "clock_length": 0.0001351485063163316,
      "date": "1995-01-12",
      "mutation_length": 0.00032813310913339696,
      "num_date_confidence": [
        1995.031506849315,
        1995.031506849315
      ],
      "numdate": 1995.031506849315,
      "raw_date": "1995-01-12"
    },
    "OC43/human/USA/952_23/1995": {
      "branch_length": 7.267517989257991e-05,
      "clock_length": 7.267517989257991e-05,
      "date": "1995-02-13",
      "mutation_length": 0.00014062385887703813,
      "num_date_confidence": [
        1995.1191780821919,
        1995.1191780821919
      ],
      "numdate": 1995.1191780821919,
      "raw_date": "1995-02-13"
    },
    "OC43/human/USA/953_23/1995": {
      "branch_length": 0.00010224417866868361,
      "clock_length": 0.00010224417866868361,
      "date": "1995-03-09",
      "mutation_length": 4.6850748722613484e-05,
      "num_date_confidence": [
        1995.1849315068494,
        1995.1849315068494
      ],
      "numdate": 1995.1849315068494,
      "raw_date": "1995-03-09"
    },
    "OC43/human/USA/9612_29/1996": {
      "branch_length": 3.604051721725144e-05,
      "clock_length": 3.604051721725144e-05,
      "date": "1996-12-17",
      "mutation_length": 9.373672882691131e-05,
      "num_date_confidence": [
        1996.9603825136612,
        1996.9603825136612
      ],
      "numdate": 1996.9603825136612,
      "raw_date": "1996-12-17"
    },
    "OC43/human/USA/9612_48/1996": {
      "branch_length": 4.046198051401882e-05,
      "clock_length": 4.046198051401882e-05,
      "date": "1996-12-30",
      "mutation_length": 9.365451995640792e-05,
      "num_date_confidence": [
        1996.9959016393443,
        1996.9959016393443
      ],
      "numdate": 1996.9959016393443,
      "raw_date": "1996-12-30"
    },
    "OC43/human/USA/9612_9/1996": {
      "branch_length": 3.0807679707573095e-05,
      "clock_length": 3.0807679707573095e-05,
      "date": "1996-12-04",
      "mutation_length": 4.686670550989192e-05,
      "num_date_confidence": [
        1996.9248633879781,
        1996.9248633879781
      ],
      "numdate": 1996.9248633879781,
      "raw_date": "1996-12-04"
    },
    "OC43/human/USA/965_6/1996": {
      "branch_length": 0.00033036091569855174,
      "clock_length": 0.00033036091569855174,
      "date": "1996-05-10",
      "mutation_length": 0.00014060046820413066,
      "num_date_confidence": [
        1996.3565573770493,
        1996.3565573770493
      ],
      "numdate": 1996.3565573770493,
      "raw_date": "1996-05-10"
    },
    "OC43/human/USA/9712_13/1997": {
      "branch_length": 6.294250635023851e-05,
      "clock_length": 6.294250635023851e-05,
      "date": "1997-12-11",
      "mutation_length": 9.373763293444181e-05,
      "num_date_confidence": [
        1997.9438356164383,
        1997.9438356164383
      ],
      "numdate": 1997.9438356164383,
      "raw_date": "1997-12-11"
    },
    "OC43/human/USA/9712_31/1997": {
      "branch_length": 6.576790776223126e-05,
      "clock_length": 6.576790776223126e-05,
      "date": "1997-12-18",
      "mutation_length": 9.374175291388783e-05,
      "num_date_confidence": [
        1997.9630136986302,
        1997.9630136986302
      ],
      "numdate": 1997.9630136986302,
      "raw_date": "1997-12-18"
    },
    "OC43/human/USA/971_5/1997": {
      "branch_length": 4.167121261713404e-05,
      "clock_length": 4.167121261713404e-05,
      "date": "1997-01-02",
      "mutation_length": 2.486000320957354e-22,
      "num_date_confidence": [
        1997.004109589041,
        1997.004109589041
      ],
      "numdate": 1997.004109589041,
      "raw_date": "1997-01-02"
    },
    "OC43/human/USA/982_4/1998": {
      "branch_length": 0.00045694550320428884,
      "clock_length": 0.00045694550320428884,
      "date": "1998-02-05",
      "mutation_length": 0.0006092606709390516,
      "num_date_confidence": [
        1998.0972602739726,
        1998.0972602739726
      ],
      "numdate": 1998.0972602739726,
      "raw_date": "1998-02-05"
    },
    "OC43/human/USA/991_19/1999": {
      "branch_length": 0.00031422511853915636,
      "clock_length": 0.00031422511853915636,
      "date": "1999-01-15",
      "mutation_length": 0.00037479827419532023,
      "num_date_confidence": [
        1999.0397260273974,
        1999.0397260273974
      ],
      "numdate": 1999.0397260273974,
      "raw_date": "1999-01-15"
    },
    "OC43/human/USA/991_5/1999": {
      "branch_length": 0.00016128518608363174,
      "clock_length": 0.00016128518608363174,
      "date": "1999-01-07",
      "mutation_length": 4.6841810263750024e-05,
      "num_date_confidence": [
        1999.017808219178,
        1999.017808219178
      ],
      "numdate": 1999.017808219178,
      "raw_date": "1999-01-07"
    },
    "OC43_KLF_01_2018": {
      "branch_length": 0.0011526902767694793,
      "clock_length": 0.0011526902767694793,
      "date": "2018-01-18",
      "mutation_length": 0.0015487350416663373,
      "num_date_confidence": [
        2018.0479452054794,
        2018.0479452054794
      ],
      "numdate": 2018.0479452054794,
      "raw_date": "2018-01-18"
    },
    "OC43_KLF_02_2017": {
      "branch_length": 0.0004457419657829844,
      "clock_length": 0.0004457419657829844,
      "date": "2017-11-27",
      "mutation_length": 0.00014075206554208918,
      "num_date_confidence": [
        2017.9054794520548,
        2017.9054794520548
      ],
      "numdate": 2017.9054794520548,
      "raw_date": "2017-11-27"
    }
  }
}