{
  "alignment": "results/aligned_oc43_nucleocapsid.fasta",
  "clock": {
    "intercept": -0.47173090189692607,
    "rate": 0.0002409084292420704,
    "rtt_Tmrca": 1958.1336501219716
  },
  "generated_by": {
    "program": "augur",
    "version": "6.4.1"
  },
  "input_tree": "results/tree_raw_oc43_nucleocapsid.nwk",
  "nodes": {
    "HCoV_OC43/Seattle/USA/SC0682/2019": {
      "branch_length": 6.199114028679863e-06,
      "clock_length": 6.199114028679863e-06,
      "date": "2019-01-01",
      "mutation_length": 1.3169152832328436e-17,
      "num_date_confidence": [
        2019.0013698630137,
        2019.8889800188083
      ],
      "numdate": 2019.0013698630137,
      "raw_date": "2019-XX-XX"
    },
    "HCoV_OC43/Seattle/USA/SC0776/2019": {
      "branch_length": 0.0006653061281440104,
      "clock_length": 0.0006653061281440104,
      "date": "2019-01-01",
      "mutation_length": 0.0007434174639489742,
      "num_date_confidence": [
        2019.0013698630137,
        2019.8980474040475
      ],
      "numdate": 2019.0013698630137,
      "raw_date": "2019-XX-XX"
    },
    "HCoV_OC43/Seattle/USA/SC0810/2019": {
      "branch_length": 6.199114028679863e-06,
      "clock_length": 6.199114028679863e-06,
      "date": "2019-01-01",
      "mutation_length": 1.3169152832328436e-17,
      "num_date_confidence": [
        2019.0013698630137,
        2019.8889800188083
      ],
      "numdate": 2019.0013698630137,
      "raw_date": "2019-XX-XX"
    },
    "HCoV_OC43/Seattle/USA/SC0839/2019": {
      "branch_length": 6.199114028679863e-06,
      "clock_length": 6.199114028679863e-06,
      "date": "2019-01-01",
      "mutation_length": 1.3169152832328436e-17,
      "num_date_confidence": [
        2019.0013698630137,
        2019.8889800188083
      ],
      "numdate": 2019.0013698630137,
      "raw_date": "2019-XX-XX"
    },
    "HCoV_OC43/Seattle/USA/SC0841/2019": {
      "branch_length": 0.0055239473715090045,
      "clock_length": 0.0055239473715090045,
      "date": "2019-01-01",
      "mutation_length": 0.00597200765040993,
      "num_date_confidence": [
        2019.0013698630137,
        2019.9986301369863
      ],
      "numdate": 2019.0013698630137,
      "raw_date": "2019-XX-XX"
    },
    "HCoV_OC43/Seattle/USA/SC2269/2016": {
      "branch_length": 9.406140237219621e-05,
      "clock_length": 9.406140237219621e-05,
      "date": "2016-01-01",
      "mutation_length": 1.3187558477637724e-17,
      "num_date_confidence": [
        2016.0013661202186,
        2016.8717355458748
      ],
      "numdate": 2016.0013661202186,
      "raw_date": "2016-XX-XX"
    },
    "HCoV_OC43/Seattle/USA/SC2345/2015": {
      "branch_length": 6.722399741748816e-05,
      "clock_length": 6.722399741748816e-05,
      "date": "2015-07-28",
      "mutation_length": 1.3169152832328436e-17,
      "num_date_confidence": [
        2015.0013698630137,
        2015.9986301369863
      ],
      "numdate": 2015.5699222481808,
      "raw_date": "2015-XX-XX"
    },
    "HCoV_OC43/Seattle/USA/SC2476/2015": {
      "branch_length": 0.00010000600621015363,
      "clock_length": 0.00010000600621015363,
      "date": "2015-12-31",
      "mutation_length": 1.3163199587393152e-17,
      "num_date_confidence": [
        2015.2653824952324,
        2015.9986301369863
      ],
      "numdate": 2015.9986301369863,
      "raw_date": "2015-XX-XX"
    },
    "HCoV_OC43/Seattle/USA/SC2481/2015": {
      "branch_length": 8.578778323238686e-05,
      "clock_length": 8.578778323238686e-05,
      "date": "2015-12-19",
      "mutation_length": 1.3187558477637724e-17,
      "num_date_confidence": [
        2015.0013698630137,
        2015.9986301369863
      ],
      "numdate": 2015.9670227011616,
      "raw_date": "2015-XX-XX"
    },
    "HCoV_OC43/Seattle/USA/SC2730/2015": {
      "branch_length": 0.00024410297991241548,
      "clock_length": 0.00024410297991241548,
      "date": "2015-08-14",
      "mutation_length": 0.0007434174639489742,
      "num_date_confidence": [
        2015.0013698630137,
        2015.9986301369863
      ],
      "numdate": 2015.618821033222,
      "raw_date": "2015-XX-XX"
    },
    "HCoV_OC43/Seattle/USA/SC2770/2015": {
      "branch_length": 0.00024410297991241548,
      "clock_length": 0.00024410297991241548,
      "date": "2015-08-14",
      "mutation_length": 0.0007434174639489742,
      "num_date_confidence": [
        2015.0013698630137,
        2015.9986301369863
      ],
      "numdate": 2015.618821033222,
      "raw_date": "2015-XX-XX"
    },
    "HCoV_OC43/Seattle/USA/SC2854/2015": {
      "branch_length": 0.0003356021945120837,
      "clock_length": 0.0003356021945120837,
      "date": "2015-12-31",
      "mutation_length": 0.001487727030348926,
      "num_date_confidence": [
        2015.3422992795452,
        2015.9986301369863
      ],
      "numdate": 2015.9986301369863,
      "raw_date": "2015-XX-XX"
    },
    "HCoV_OC43/Seattle/USA/SC2924/2015": {
      "branch_length": 0.0013135715764578174,
      "clock_length": 0.0013135715764578174,
      "date": "2015-08-22",
      "mutation_length": 0.002979192015347783,
      "num_date_confidence": [
        2015.0013698630137,
        2015.9986301369863
      ],
      "numdate": 2015.6397679074537,
      "raw_date": "2015-XX-XX"
    },
    "HCoV_OC43/Seattle/USA/SC3118/2015": {
      "branch_length": 6.722399741748816e-05,
      "clock_length": 6.722399741748816e-05,
      "date": "2015-07-28",
      "mutation_length": 1.3169152832328436e-17,
      "num_date_confidence": [
        2015.0013698630137,
        2015.9986301369863
      ],
      "numdate": 2015.5699222481808,
      "raw_date": "2015-XX-XX"
    },
    "HCoV_OC43/Seattle/USA/SC622/2016": {
      "branch_length": 0.00033626131593499564,
      "clock_length": 0.00033626131593499564,
      "date": "2016-01-01",
      "mutation_length": 0.0007433358246138828,
      "num_date_confidence": [
        2016.0013661202186,
        2016.9986338797814
      ],
      "numdate": 2016.0013661202186,
      "raw_date": "2016-XX-XX"
    },
    "HCoV_OC43/Seattle/USA/SC831/2016": {
      "branch_length": 7.117029366077144e-05,
      "clock_length": 7.117029366077144e-05,
      "date": "2016-06-24",
      "mutation_length": 1.3169152832328436e-17,
      "num_date_confidence": [
        2016.0013661202186,
        2016.9986338797814
      ],
      "numdate": 2016.4804225453242,
      "raw_date": "2016-XX-XX"
    },
    "HCoV_OC43/Seattle/USA/SC9428/2018": {
      "branch_length": 0.005042731312473218,
      "clock_length": 0.005042731312473218,
      "date": "2019-01-01",
      "mutation_length": 0.0022346784389120572,
      "num_date_confidence": [
        2019.0013698630137,
        2019.8914705940037
      ],
      "numdate": 2019.0013698630137,
      "raw_date": "2019-XX-XX"
    },
    "HCoV_OC43/Seattle/USA/SC9430/2018": {
      "branch_length": 6.199114028679863e-06,
      "clock_length": 6.199114028679863e-06,
      "date": "2019-01-01",
      "mutation_length": 1.3169152832328436e-17,
      "num_date_confidence": [
        2019.0013698630137,
        2019.8889800188083
      ],
      "numdate": 2019.0013698630137,
      "raw_date": "2019-XX-XX"
    },
    "HCoV_OC43/Seattle/USA/SC9741/2016": {
      "branch_length": 7.117029366077144e-05,
      "clock_length": 7.117029366077144e-05,
      "date": "2016-06-24",
      "mutation_length": 1.3169152832328436e-17,
      "num_date_confidence": [
        2016.0013661202186,
        2016.9986338797814
      ],
      "numdate": 2016.4804225453242,
      "raw_date": "2016-XX-XX"
    },
    "HCoV_OC43/UK/London/2011": {
      "branch_length": 0.001085515138618163,
      "clock_length": 0.001085515138618163,
      "date": "2011-08-20",
      "mutation_length": 0.002229939809139164,
      "num_date_confidence": [
        2011.6342465753426,
        2011.6342465753426
      ],
      "numdate": 2011.6342465753426,
      "raw_date": "2011-08-20"
    },
    "HCoV_OC43/USA/ACRI_0052/2016": {
      "branch_length": 0.00035922120842014514,
      "clock_length": 0.00035922120842014514,
      "date": "2016-03-07",
      "mutation_length": 1.3155336142915008e-17,
      "num_date_confidence": [
        2016.181693989071,
        2016.181693989071
      ],
      "numdate": 2016.181693989071,
      "raw_date": "2016-03-07"
    },
    "HCoV_OC43/USA/ACRI_0213/2016": {
      "branch_length": 0.0005686128884007,
      "clock_length": 0.0005686128884007,
      "date": "2016-12-19",
      "mutation_length": 0.0007433370567034427,
      "num_date_confidence": [
        2016.9658469945355,
        2016.9658469945355
      ],
      "numdate": 2016.9658469945355,
      "raw_date": "2016-12-19"
    },
    "HCoV_OC43/USA/TCNP_00204/2017": {
      "branch_length": 0.00018480931584747813,
      "clock_length": 0.00018480931584747813,
      "date": "2017-01-03",
      "mutation_length": 1.3169152832328436e-17,
      "num_date_confidence": [
        2017.0068493150684,
        2017.0068493150684
      ],
      "numdate": 2017.0068493150684,
      "raw_date": "2017-01-03"
    },
    "HCoV_OC43/USA/TCNP_00212/2017": {
      "branch_length": 0.0005877310163489914,
      "clock_length": 0.0005877310163489914,
      "date": "2017-01-17",
      "mutation_length": 0.0007434174639489742,
      "num_date_confidence": [
        2017.045205479452,
        2017.045205479452
      ],
      "numdate": 2017.045205479452,
      "raw_date": "2017-01-17"
    },
    "HCoV_OC43/USA/TCNP_0070/2016": {
      "branch_length": 0.0002783663654533045,
      "clock_length": 0.0002783663654533045,
      "date": "2016-02-01",
      "mutation_length": 0.001487065716611149,
      "num_date_confidence": [
        2016.0860655737704,
        2016.0860655737704
      ],
      "numdate": 2016.0860655737704,
      "raw_date": "2016-02-01"
    },
    "NODE_0000000": {
      "branch_length": 0.001,
      "clock_length": 0.001,
      "date": "1960-05-26",
      "mutation_length": 0.001,
      "num_date_confidence": [
        1928.351577142176,
        1980.4664412764248
      ],
      "numdate": 1960.3993293346325
    },
    "NODE_0000004": {
      "branch_length": 0.000596930211923313,
      "clock_length": 0.000596930211923313,
      "date": "1986-09-12",
      "mutation_length": 1.3052129200346221e-17,
      "num_date_confidence": [
        1984.8026758112608,
        1987.1931506849314
      ],
      "numdate": 1986.6961136855061
    },
    "NODE_0000005": {
      "branch_length": 0.00024219991356279943,
      "clock_length": 0.00024219991356279943,
      "date": "2015-08-11",
      "mutation_length": 0.0007434174639489742,
      "num_date_confidence": [
        2014.9084079487277,
        2015.982025320538
      ],
      "numdate": 2015.6109214908292
    },
    "NODE_0000007": {
      "branch_length": 5.731201072457434e-06,
      "clock_length": 5.731201072457434e-06,
      "date": "1988-07-20",
      "mutation_length": 1.3172428964139045e-17,
      "num_date_confidence": [
        1987.4394765832124,
        1990.0119978465555
      ],
      "numdate": 1988.551354755149
    },
    "NODE_0000008": {
      "branch_length": 0.0003598812315139489,
      "clock_length": 0.0003598812315139489,
      "date": "1990-01-17",
      "mutation_length": 1.3172428964139045e-17,
      "num_date_confidence": [
        1988.6390954501935,
        1990.045205479452
      ],
      "numdate": 1990.045205479452
    },
    "NODE_0000009": {
      "branch_length": 0.0003358600256969397,
      "clock_length": 0.0003358600256969397,
      "date": "1988-06-14",
      "mutation_length": 1.3102437744524805e-17,
      "num_date_confidence": [
        1984.8568531832807,
        1992.678504037055
      ],
      "numdate": 1988.4530438943762
    },
    "NODE_0000010": {
      "branch_length": 0.0006149348944417907,
      "clock_length": 0.0006149348944417907,
      "date": "1987-01-22",
      "mutation_length": 1.3102437744524805e-17,
      "num_date_confidence": [
        1984.8867399350993,
        1987.058904109589
      ],
      "numdate": 1987.058904109589
    },
    "NODE_0000011": {
      "branch_length": 0.0007195861309047449,
      "clock_length": 0.0007195861309047449,
      "date": "1991-06-10",
      "mutation_length": 1.3102437744524805e-17,
      "num_date_confidence": [
        1988.266989787601,
        1992.999963258523
      ],
      "numdate": 1991.4400133963095
    },
    "NODE_0000013": {
      "branch_length": 0.0006624311337646805,
      "clock_length": 0.0006624311337646805,
      "date": "1995-02-13",
      "mutation_length": 1.3119798662416376e-17,
      "num_date_confidence": [
        1992.9405033324313,
        1995.1191780821919
      ],
      "numdate": 1995.1191780821919
    },
    "NODE_0000015": {
      "branch_length": 0.0002266542597298216,
      "clock_length": 0.0002266542597298216,
      "date": "1996-03-06",
      "mutation_length": 1.309326756314315e-17,
      "num_date_confidence": [
        1994.5077763882193,
        1996.9248633879781
      ],
      "numdate": 1996.1793078888404
    },
    "NODE_0000016": {
      "branch_length": 0.00018816746098643863,
      "clock_length": 0.00018816746098643863,
      "date": "1996-12-17",
      "mutation_length": 1.309326756314315e-17,
      "num_date_confidence": [
        1995.73998587899,
        1996.9603825136612
      ],
      "numdate": 1996.9603825136612
    },
    "NODE_0000017": {
      "branch_length": 0.0010644223179767402,
      "clock_length": 0.0010644223179767402,
      "date": "2014-08-10",
      "mutation_length": 0.0007435390816196341,
      "num_date_confidence": [
        2014.4473436650298,
        2015.240206336664
      ],
      "numdate": 2014.6055605977929
    },
    "NODE_0000018": {
      "branch_length": 7.829976279452198e-05,
      "clock_length": 7.829976279452198e-05,
      "date": "2014-12-06",
      "mutation_length": 0.0007449120926015715,
      "num_date_confidence": [
        2014.8629837121084,
        2015.83859936012
      ],
      "numdate": 2014.9305793737688
    },
    "NODE_0000019": {
      "branch_length": 0.0029193214891643786,
      "clock_length": 0.0029193214891643786,
      "date": "2010-03-10",
      "mutation_length": 0.0029803777898498025,
      "num_date_confidence": [
        2006.1478348981595,
        2012.6730725831037
      ],
      "numdate": 2010.1871916709538
    },
    "NODE_0000020": {
      "branch_length": 0.0007196586924622921,
      "clock_length": 0.0007196586924622921,
      "date": "1995-03-29",
      "mutation_length": 1.309326756314315e-17,
      "num_date_confidence": [
        1992.7696288118907,
        1996.803159757839
      ],
      "numdate": 1995.2384763021544
    },
    "NODE_0000021": {
      "branch_length": 0.0013855991698847863,
      "clock_length": 0.0013855991698847863,
      "date": "1998-01-26",
      "mutation_length": 0.002982320364374297,
      "num_date_confidence": [
        1996.2719715859985,
        2006.7668011991136
      ],
      "numdate": 1998.069220131523
    },
    "NODE_0000024": {
      "branch_length": 0.0008959145180872192,
      "clock_length": 0.0008959145180872192,
      "date": "1996-01-27",
      "mutation_length": 0.000744022301549374,
      "num_date_confidence": [
        1993.144262591584,
        1998.9733122918797
      ],
      "numdate": 1996.0717140228753
    },
    "NODE_0000025": {
      "branch_length": -8.14492780135817e-06,
      "clock_length": -8.14492780135817e-06,
      "date": "1988-07-10",
      "mutation_length": 1.3021847834367616e-17,
      "num_date_confidence": [
        1985.8138523093414,
        1990.940421869553
      ],
      "numdate": 1988.5228773088902
    },
    "NODE_0000026": {
      "branch_length": 2.8346148570922332e-05,
      "clock_length": 2.8346148570922332e-05,
      "date": "1988-08-22",
      "mutation_length": 1.3021847834367616e-17,
      "num_date_confidence": [
        1987.6783425902186,
        1991.1986301369864
      ],
      "numdate": 1988.640540890277
    },
    "NODE_0000027": {
      "branch_length": 1.1565901989618252e-05,
      "clock_length": 1.1565901989618252e-05,
      "date": "1988-07-27",
      "mutation_length": 1.3021847834367616e-17,
      "num_date_confidence": [
        1987.8536668267532,
        1990.9736417725828
      ],
      "numdate": 1988.5708868452355
    },
    "NODE_0000028": {
      "branch_length": 0.00035939438782193675,
      "clock_length": 0.00035939438782193675,
      "date": "1992-05-07",
      "mutation_length": 0.001489469155412737,
      "num_date_confidence": [
        1990.5552668546632,
        1994.2376375250287
      ],
      "numdate": 1992.3492814549247
    },
    "NODE_0000029": {
      "branch_length": 0.000935133890788923,
      "clock_length": 0.000935133890788923,
      "date": "1996-03-25",
      "mutation_length": 0.002234392022559854,
      "num_date_confidence": [
        1994.4576173237274,
        1996.9959016393443
      ],
      "numdate": 1996.230979964732
    },
    "NODE_0000030": {
      "branch_length": 0.004204027941763524,
      "clock_length": 0.004204027941763524,
      "date": "1990-11-09",
      "mutation_length": 0.004475569229669997,
      "num_date_confidence": [
        1985.9800315483214,
        1992.1120894033331
      ],
      "numdate": 1990.8574515967807
    },
    "NODE_0000031": {
      "branch_length": 0.003133590450073522,
      "clock_length": 0.003133590450073522,
      "date": "1973-05-29",
      "mutation_length": 0.0029795024400400207,
      "num_date_confidence": [
        1967.4560615682144,
        1990.028374355758
      ],
      "numdate": 1973.4067216451972
    },
    "NODE_0000032": {
      "branch_length": 0.0036497542449202454,
      "clock_length": 0.0036497542449202454,
      "date": "1988-07-22",
      "mutation_length": 0.0029804038618321373,
      "num_date_confidence": [
        1984.770891723835,
        1988.7780192745915
      ],
      "numdate": 1988.5566865360183
    },
    "NODE_0000033": {
      "branch_length": 0.0005981851436141451,
      "clock_length": 0.0005981851436141451,
      "date": "1991-01-15",
      "mutation_length": 0.001488987974099783,
      "num_date_confidence": [
        1989.8930749290164,
        1991.0397260273974
      ],
      "numdate": 1991.0397260273974
    },
    "NODE_0000034": {
      "branch_length": 0.0005868438923000699,
      "clock_length": 0.0005868438923000699,
      "date": "1991-01-03",
      "mutation_length": 1.3021847834367616e-17,
      "num_date_confidence": [
        1989.8817698517548,
        1991.0068493150684
      ],
      "numdate": 1991.0068493150684
    },
    "NODE_0000038": {
      "branch_length": 0.00016120228699788297,
      "clock_length": 0.00016120228699788297,
      "date": "1991-07-12",
      "mutation_length": 1.2970287539774005e-17,
      "num_date_confidence": [
        1989.8163060001154,
        1992.8670207839439
      ],
      "numdate": 1991.5265950032817
    },
    "NODE_0000039": {
      "branch_length": 0.00019904296564130734,
      "clock_length": 0.00019904296564130734,
      "date": "1992-05-09",
      "mutation_length": 1.2970287539774005e-17,
      "num_date_confidence": [
        1991.1305000269058,
        1994.191724187526
      ],
      "numdate": 1992.3528133563195
    },
    "NODE_0000040": {
      "branch_length": 1.4663660738287697e-05,
      "clock_length": 1.4663660738287697e-05,
      "date": "1988-08-14",
      "mutation_length": 0.0007441297407451509,
      "num_date_confidence": [
        1987.5852320882966,
        1991.0780821917808
      ],
      "numdate": 1988.6175547289015
    },
    "NODE_0000041": {
      "branch_length": 0.00023948080561343038,
      "clock_length": 0.00023948080561343038,
      "date": "1999-01-07",
      "mutation_length": 1.301233488953607e-17,
      "num_date_confidence": [
        1997.6984714035477,
        1999.0397260273974
      ],
      "numdate": 1999.017808219178
    },
    "NODE_0000042": {
      "branch_length": 0.0001905743728795265,
      "clock_length": 0.0001905743728795265,
      "date": "1992-04-26",
      "mutation_length": 1.2970287539774005e-17,
      "num_date_confidence": [
        1991.001825094142,
        1993.5611317993382
      ],
      "numdate": 1992.3176606105712
    },
    "NODE_0000043": {
      "branch_length": 0.004363469464123871,
      "clock_length": 0.004363469464123871,
      "date": "1978-07-06",
      "mutation_length": 0.005973148548061853,
      "num_date_confidence": [
        1972.7437364910877,
        1983.1160846226137
      ],
      "numdate": 1978.5118938382986
    },
    "NODE_0000044": {
      "branch_length": 0.0008710176390426365,
      "clock_length": 0.0008710176390426365,
      "date": "1982-02-16",
      "mutation_length": 0.0007429270625546303,
      "num_date_confidence": [
        1979.2602492105668,
        1983.1493150684933
      ],
      "numdate": 1982.1274486853538
    },
    "NODE_0000045": {
      "branch_length": 0.0004702581196170466,
      "clock_length": 0.0004702581196170466,
      "date": "1998-01-09",
      "mutation_length": 1.301233488953607e-17,
      "num_date_confidence": [
        1996.002430267181,
        1999.0065199189676
      ],
      "numdate": 1998.0237342203277
    },
    "NODE_0000047": {
      "branch_length": 0.0005036996969966286,
      "clock_length": 0.0005036996969966286,
      "date": "1984-03-20",
      "mutation_length": 0.0007430081935061329,
      "num_date_confidence": [
        1982.506768550891,
        1986.0018240183235
      ],
      "numdate": 1984.2182833588492
    },
    "NODE_0000048": {
      "branch_length": 8.050029493402344e-05,
      "clock_length": 8.050029493402344e-05,
      "date": "2014-12-09",
      "mutation_length": 1.3169152832328436e-17,
      "num_date_confidence": [
        2013.8925888283893,
        2015.9498376900067
      ],
      "numdate": 2014.939713683209
    },
    "NODE_0000049": {
      "branch_length": 0.0014441119247306546,
      "clock_length": 0.0014441119247306546,
      "date": "1984-07-04",
      "mutation_length": 0.0014875291037819238,
      "num_date_confidence": [
        1981.5451323791822,
        1987.025696471213
      ],
      "numdate": 1984.5063371596634
    },
    "NODE_0000050": {
      "branch_length": 0.000932620037920627,
      "clock_length": 0.000932620037920627,
      "date": "1992-04-28",
      "mutation_length": 0.0007426111848538964,
      "num_date_confidence": [
        1991.0951746794706,
        1992.5568266987573
      ],
      "numdate": 1992.3243075145608
    },
    "NODE_0000051": {
      "branch_length": 8.459855806472504e-05,
      "clock_length": 8.459855806472504e-05,
      "date": "2015-04-17",
      "mutation_length": 1.3169152832328436e-17,
      "num_date_confidence": [
        2014.4985661336627,
        2015.982025320538
      ],
      "numdate": 2015.2908784736271
    },
    "NODE_0000052": {
      "branch_length": 7.619855340247356e-05,
      "clock_length": 7.619855340247356e-05,
      "date": "2015-04-04",
      "mutation_length": 1.3169152832328436e-17,
      "num_date_confidence": [
        2014.4854243306193,
        2016.3618259983652
      ],
      "numdate": 2015.2560104339796
    },
    "NODE_0000053": {
      "branch_length": 0.00015084185964333793,
      "clock_length": 0.00015084185964333793,
      "date": "2015-11-18",
      "mutation_length": 1.3169152832328436e-17,
      "num_date_confidence": [
        2015.4285788027871,
        2017.8693030723912
      ],
      "numdate": 2015.8821481748544
    },
    "NODE_0000054": {
      "branch_length": 0.0009687476341125193,
      "clock_length": 0.0009687476341125193,
      "date": "1988-07-12",
      "mutation_length": 0.0007426450769605585,
      "num_date_confidence": [
        1985.8052514749486,
        1989.9712328767123
      ],
      "numdate": 1988.5275647985648
    },
    "NODE_0000055": {
      "branch_length": 0.0007452476833235844,
      "clock_length": 0.0007452476833235844,
      "date": "2018-12-23",
      "mutation_length": 1.3169152832328436e-17,
      "num_date_confidence": [
        2014.945695896213,
        2019.982025320538
      ],
      "numdate": 2018.975637620899
    },
    "NODE_0000056": {
      "branch_length": 0.0007452476833235844,
      "clock_length": 0.0007452476833235844,
      "date": "2018-12-23",
      "mutation_length": 1.3169152832328436e-17,
      "num_date_confidence": [
        2014.945695896213,
        2019.982025320538
      ],
      "numdate": 2018.975637620899
    },
    "NODE_0000057": {
      "branch_length": 0.0001624321264712212,
      "clock_length": 0.0001624321264712212,
      "date": "2015-12-06",
      "mutation_length": 1.3169152832328436e-17,
      "num_date_confidence": [
        2015.1648246727025,
        2016.4225964342143
      ],
      "numdate": 2015.930258848542
    },
    "NODE_0000058": {
      "branch_length": 0.00022391065163411116,
      "clock_length": 0.00022391065163411116,
      "date": "1992-05-15",
      "mutation_length": 0.0007426927545491524,
      "num_date_confidence": [
        1991.09497142999,
        1994.91387432765
      ],
      "numdate": 1992.3694563898096
    },
    "NODE_0000059": {
      "branch_length": 6.136877835706306e-05,
      "clock_length": 6.136877835706306e-05,
      "date": "2016-03-08",
      "mutation_length": 1.3169152832328436e-17,
      "num_date_confidence": [
        2015.7591829801077,
        2016.6522514460794
      ],
      "numdate": 2016.1849978734492
    },
    "NODE_0000060": {
      "branch_length": 0.00019542303971905976,
      "clock_length": 0.00019542303971905976,
      "date": "1992-04-01",
      "mutation_length": 0.0007426127238291631,
      "num_date_confidence": [
        1988.565955697933,
        1996.8584368332015
      ],
      "numdate": 1992.2512056004757
    },
    "NODE_0000061": {
      "branch_length": 7.455040238037061e-05,
      "clock_length": 7.455040238037061e-05,
      "date": "2016-03-28",
      "mutation_length": 1.3169152832328436e-17,
      "num_date_confidence": [
        2015.7437286915012,
        2017.0068493150684
      ],
      "numdate": 2016.239714198921
    },
    "NODE_0000064": {
      "branch_length": 0.0014044209163460884,
      "clock_length": 0.0014044209163460884,
      "date": "1998-01-30",
      "mutation_length": 0.0007426939851001837,
      "num_date_confidence": [
        1993.9575020048326,
        1999.4307780764059
      ],
      "numdate": 1998.080893340189
    },
    "NODE_0000065": {
      "branch_length": 0.0021796019002256204,
      "clock_length": 0.0021796019002256204,
      "date": "2007-02-16",
      "mutation_length": 0.0029756085706972766,
      "num_date_confidence": [
        2002.1583641446057,
        2009.9952656673925
      ],
      "numdate": 2007.1283223034798
    },
    "NODE_0000066": {
      "branch_length": 0.0018218123437002368,
      "clock_length": 0.0018218123437002368,
      "date": "2014-09-10",
      "mutation_length": 0.0014868822828692579,
      "num_date_confidence": [
        2010.6127419449015,
        2015.7329684234462
      ],
      "numdate": 2014.6905829907953
    },
    "NODE_0000067": {
      "branch_length": 0.00021511357715328422,
      "clock_length": 0.00021511357715328422,
      "date": "2015-08-01",
      "mutation_length": 0.000742897197495531,
      "num_date_confidence": [
        2014.6969199757802,
        2015.982025320538
      ],
      "numdate": 2015.5835097257795
    },
    "OC43/human/Mex/LRTI_238/2011": {
      "branch_length": 0.0031412047791954056,
      "clock_length": 0.0031412047791954056,
      "date": "2011-02-09",
      "mutation_length": 0.0029803105595188244,
      "num_date_confidence": [
        2011.1082191780822,
        2011.1082191780822
      ],
      "numdate": 2011.1082191780822,
      "raw_date": "2011-02-09"
    },
    "OC43/human/USA/007_11/2000": {
      "branch_length": 0.00037385709743004494,
      "clock_length": 0.00037385709743004494,
      "date": "2000-07-27",
      "mutation_length": 1.301233488953607e-17,
      "num_date_confidence": [
        2000.5696721311476,
        2000.5696721311476
      ],
      "numdate": 2000.5696721311476,
      "raw_date": "2000-07-27"
    },
    "OC43/human/USA/008_5/2000": {
      "branch_length": 0.0006074664262851201,
      "clock_length": 0.0006074664262851201,
      "date": "2000-08-08",
      "mutation_length": 0.0007427903710385796,
      "num_date_confidence": [
        2000.6024590163934,
        2000.6024590163934
      ],
      "numdate": 2000.6024590163934,
      "raw_date": "2000-08-08"
    },
    "OC43/human/USA/832_27/1983": {
      "branch_length": 0.0002461762252573968,
      "clock_length": 0.0002461762252573968,
      "date": "1983-02-24",
      "mutation_length": 0.0007429269640655626,
      "num_date_confidence": [
        1983.1493150684933,
        1983.1493150684933
      ],
      "numdate": 1983.1493150684933,
      "raw_date": "1983-02-24"
    },
    "OC43/human/USA/851_15/1985": {
      "branch_length": 0.0006969719983322426,
      "clock_length": 0.0006969719983322426,
      "date": "1985-01-08",
      "mutation_length": 0.0007434018491273182,
      "num_date_confidence": [
        1985.0205479452054,
        1985.0205479452054
      ],
      "numdate": 1985.0205479452054,
      "raw_date": "1985-01-08"
    },
    "OC43/human/USA/871_25/1987": {
      "branch_length": 0.0,
      "clock_length": 0.0,
      "date": "1987-01-22",
      "mutation_length": 1.3102437744524805e-17,
      "num_date_confidence": [
        1987.058904109589,
        1987.058904109589
      ],
      "numdate": 1987.058904109589,
      "raw_date": "1987-01-22"
    },
    "OC43/human/USA/872_5/1987": {
      "branch_length": 0.0006968699219156247,
      "clock_length": 0.0006968699219156247,
      "date": "1987-02-10",
      "mutation_length": 0.0022313111214098394,
      "num_date_confidence": [
        1987.1109589041096,
        1987.1109589041096
      ],
      "numdate": 1987.1109589041096,
      "raw_date": "1987-02-10"
    },
    "OC43/human/USA/873_16/1987": {
      "branch_length": 0.00011974040280671519,
      "clock_length": 0.00011974040280671519,
      "date": "1987-03-12",
      "mutation_length": 1.3052129200346221e-17,
      "num_date_confidence": [
        1987.1931506849314,
        1987.1931506849314
      ],
      "numdate": 1987.1931506849314,
      "raw_date": "1987-03-12"
    },
    "OC43/human/USA/873_19/1987": {
      "branch_length": 0.00012304051827579168,
      "clock_length": 0.00012304051827579168,
      "date": "1987-03-17",
      "mutation_length": 1.3052129200346221e-17,
      "num_date_confidence": [
        1987.2068493150684,
        1987.2068493150684
      ],
      "numdate": 1987.2068493150684,
      "raw_date": "1987-03-17"
    },
    "OC43/human/USA/873_6/1987": {
      "branch_length": 0.0012157501500699719,
      "clock_length": 0.0012157501500699719,
      "date": "1987-03-05",
      "mutation_length": 0.0014865801071232024,
      "num_date_confidence": [
        1987.1739726027397,
        1987.1739726027397
      ],
      "numdate": 1987.1739726027397,
      "raw_date": "1987-03-05"
    },
    "OC43/human/USA/8912_37/1989": {
      "branch_length": 0.00034779180905341635,
      "clock_length": 0.00034779180905341635,
      "date": "1989-12-21",
      "mutation_length": 1.3172428964139045e-17,
      "num_date_confidence": [
        1989.9712328767123,
        1989.9712328767123
      ],
      "numdate": 1989.9712328767123,
      "raw_date": "1989-12-21"
    },
    "OC43/human/USA/901_33/1990": {
      "branch_length": 0.0003592212084201447,
      "clock_length": 0.0003592212084201447,
      "date": "1990-01-16",
      "mutation_length": 1.3172428964139045e-17,
      "num_date_confidence": [
        1990.0424657534247,
        1990.0424657534247
      ],
      "numdate": 1990.0424657534247,
      "raw_date": "1990-01-16"
    },
    "OC43/human/USA/901_41/1990": {
      "branch_length": 0.0,
      "clock_length": 0.0,
      "date": "1990-01-17",
      "mutation_length": 1.3172428964139045e-17,
      "num_date_confidence": [
        1990.045205479452,
        1990.045205479452
      ],
      "numdate": 1990.045205479452,
      "raw_date": "1990-01-17"
    },
    "OC43/human/USA/901_43/1990": {
      "branch_length": 1.3200461876083924e-06,
      "clock_length": 1.3200461876083924e-06,
      "date": "1990-01-19",
      "mutation_length": 1.3172428964139045e-17,
      "num_date_confidence": [
        1990.0506849315068,
        1990.0506849315068
      ],
      "numdate": 1990.0506849315068,
      "raw_date": "1990-01-19"
    },
    "OC43/human/USA/901_54/1990": {
      "branch_length": 0.0003625568991225637,
      "clock_length": 0.0003625568991225637,
      "date": "1990-01-23",
      "mutation_length": 0.0007441297407451509,
      "num_date_confidence": [
        1990.0616438356165,
        1990.0616438356165
      ],
      "numdate": 1990.0616438356165,
      "raw_date": "1990-01-23"
    },
    "OC43/human/USA/911_11/1991": {
      "branch_length": 0.0,
      "clock_length": 0.0,
      "date": "1991-01-03",
      "mutation_length": 1.3021847834367616e-17,
      "num_date_confidence": [
        1991.0068493150684,
        1991.0068493150684
      ],
      "numdate": 1991.0068493150684,
      "raw_date": "1991-01-03"
    },
    "OC43/human/USA/911_38/1991": {
      "branch_length": 0.0,
      "clock_length": 0.0,
      "date": "1991-01-15",
      "mutation_length": 1.3039101806389379e-17,
      "num_date_confidence": [
        1991.0397260273974,
        1991.0397260273974
      ],
      "numdate": 1991.0397260273974,
      "raw_date": "1991-01-15"
    },
    "OC43/human/USA/911_58/1991": {
      "branch_length": 0.0006007043772701783,
      "clock_length": 0.0006007043772701783,
      "date": "1991-01-24",
      "mutation_length": 0.0007441297407451509,
      "num_date_confidence": [
        1991.0643835616438,
        1991.0643835616438
      ],
      "numdate": 1991.0643835616438,
      "raw_date": "1991-01-24"
    },
    "OC43/human/USA/911_66/1991": {
      "branch_length": 0.0005927618061892272,
      "clock_length": 0.0005927618061892272,
      "date": "1991-01-29",
      "mutation_length": 0.0007441284333768569,
      "num_date_confidence": [
        1991.0780821917808,
        1991.0780821917808
      ],
      "numdate": 1991.0780821917808,
      "raw_date": "1991-01-29"
    },
    "OC43/human/USA/912_10/1991": {
      "branch_length": 2.3100808283532843e-05,
      "clock_length": 2.3100808283532843e-05,
      "date": "1991-02-07",
      "mutation_length": 1.3021847834367616e-17,
      "num_date_confidence": [
        1991.1027397260275,
        1991.1027397260275
      ],
      "numdate": 1991.1027397260275,
      "raw_date": "1991-02-07"
    },
    "OC43/human/USA/912_11/1991": {
      "branch_length": 0.0005987020140335751,
      "clock_length": 0.0005987020140335751,
      "date": "1991-02-07",
      "mutation_length": 1.303164601320253e-17,
      "num_date_confidence": [
        1991.1027397260275,
        1991.1027397260275
      ],
      "numdate": 1991.1027397260275,
      "raw_date": "1991-02-07"
    },
    "OC43/human/USA/912_36/1991": {
      "branch_length": 0.000608602360440749,
      "clock_length": 0.000608602360440749,
      "date": "1991-02-22",
      "mutation_length": 0.0007441622793443132,
      "num_date_confidence": [
        1991.1438356164383,
        1991.1438356164383
      ],
      "numdate": 1991.1438356164383,
      "raw_date": "1991-02-22"
    },
    "OC43/human/USA/912_6/1991": {
      "branch_length": 1.3860484970054654e-05,
      "clock_length": 1.3860484970054654e-05,
      "date": "1991-02-05",
      "mutation_length": 1.3039101806389379e-17,
      "num_date_confidence": [
        1991.0972602739726,
        1991.0972602739726
      ],
      "numdate": 1991.0972602739726,
      "raw_date": "1991-02-05"
    },
    "OC43/human/USA/913_29/1991": {
      "branch_length": 0.0006162652622857777,
      "clock_length": 0.0006162652622857777,
      "date": "1991-03-14",
      "mutation_length": 0.0007442111392976956,
      "num_date_confidence": [
        1991.1986301369864,
        1991.1986301369864
      ],
      "numdate": 1991.1986301369864,
      "raw_date": "1991-03-14"
    },
    "OC43/human/USA/9211_43/1992": {
      "branch_length": 0.00014204609312900348,
      "clock_length": 0.00014204609312900348,
      "date": "1992-11-30",
      "mutation_length": 0.0014861782270232725,
      "num_date_confidence": [
        1992.9139344262296,
        1992.9139344262296
      ],
      "numdate": 1992.9139344262296,
      "raw_date": "1992-11-30"
    },
    "OC43/human/USA/9212_33/1992": {
      "branch_length": 0.00015257760916142886,
      "clock_length": 0.00015257760916142886,
      "date": "1992-12-16",
      "mutation_length": 1.3109795029632403e-17,
      "num_date_confidence": [
        1992.957650273224,
        1992.957650273224
      ],
      "numdate": 1992.957650273224,
      "raw_date": "1992-12-16"
    },
    "OC43/human/USA/925_1/1992": {
      "branch_length": 0.000891270376353768,
      "clock_length": 0.000891270376353768,
      "date": "1992-05-04",
      "mutation_length": 0.0007442111392976956,
      "num_date_confidence": [
        1992.3401639344263,
        1992.3401639344263
      ],
      "numdate": 1992.3401639344263,
      "raw_date": "1992-05-04"
    },
    "OC43/human/USA/931_85/1993": {
      "branch_length": 0.00017961060421007279,
      "clock_length": 0.00017961060421007279,
      "date": "1993-01-26",
      "mutation_length": 1.3109795029632403e-17,
      "num_date_confidence": [
        1993.0698630136985,
        1993.0698630136985
      ],
      "numdate": 1993.0698630136985,
      "raw_date": "1993-01-26"
    },
    "OC43/human/USA/951_15/1995": {
      "branch_length": 0.0006406503716688107,
      "clock_length": 0.0006406503716688107,
      "date": "1995-01-11",
      "mutation_length": 0.0007428368783436749,
      "num_date_confidence": [
        1995.0287671232877,
        1995.0287671232877
      ],
      "numdate": 1995.0287671232877,
      "raw_date": "1995-01-11"
    },
    "OC43/human/USA/951_18/1995": {
      "branch_length": 0.0006537884345802717,
      "clock_length": 0.0006537884345802717,
      "date": "1995-01-12",
      "mutation_length": 0.0014885805680513366,
      "num_date_confidence": [
        1995.031506849315,
        1995.031506849315
      ],
      "numdate": 1995.031506849315,
      "raw_date": "1995-01-12"
    },
    "OC43/human/USA/952_23/1995": {
      "branch_length": 0.0,
      "clock_length": 0.0,
      "date": "1995-02-13",
      "mutation_length": 1.3119798662416376e-17,
      "num_date_confidence": [
        1995.1191780821919,
        1995.1191780821919
      ],
      "numdate": 1995.1191780821919,
      "raw_date": "1995-02-13"
    },
    "OC43/human/USA/953_23/1995": {
      "branch_length": 1.5840554251521886e-05,
      "clock_length": 1.5840554251521886e-05,
      "date": "1995-03-09",
      "mutation_length": 1.3119798662416376e-17,
      "num_date_confidence": [
        1995.1849315068494,
        1995.1849315068494
      ],
      "numdate": 1995.1849315068494,
      "raw_date": "1995-03-09"
    },
    "OC43/human/USA/9612_29/1996": {
      "branch_length": 0.0,
      "clock_length": 0.0,
      "date": "1996-12-17",
      "mutation_length": 1.309326756314315e-17,
      "num_date_confidence": [
        1996.9603825136612,
        1996.9603825136612
      ],
      "numdate": 1996.9603825136612,
      "raw_date": "1996-12-17"
    },
    "OC43/human/USA/9612_48/1996": {
      "branch_length": 0.00018427607912407332,
      "clock_length": 0.00018427607912407332,
      "date": "1996-12-30",
      "mutation_length": 1.303164601320253e-17,
      "num_date_confidence": [
        1996.9959016393443,
        1996.9959016393443
      ],
      "numdate": 1996.9959016393443,
      "raw_date": "1996-12-30"
    },
    "OC43/human/USA/9612_9/1996": {
      "branch_length": 0.00017961060421007279,
      "clock_length": 0.00017961060421007279,
      "date": "1996-12-04",
      "mutation_length": 1.309326756314315e-17,
      "num_date_confidence": [
        1996.9248633879781,
        1996.9248633879781
      ],
      "numdate": 1996.9248633879781,
      "raw_date": "1996-12-04"
    },
    "OC43/human/USA/965_6/1996": {
      "branch_length": 0.0009645356831213181,
      "clock_length": 0.0009645356831213181,
      "date": "1996-05-10",
      "mutation_length": 0.0014882909519030314,
      "num_date_confidence": [
        1996.3565573770493,
        1996.3565573770493
      ],
      "numdate": 1996.3565573770493,
      "raw_date": "1996-05-10"
    },
    "OC43/human/USA/9712_13/1997": {
      "branch_length": 0.0006517438629395191,
      "clock_length": 0.0006517438629395191,
      "date": "1997-12-11",
      "mutation_length": 0.0007426125518603065,
      "num_date_confidence": [
        1997.9438356164383,
        1997.9438356164383
      ],
      "numdate": 1997.9438356164383,
      "raw_date": "1997-12-11"
    },
    "OC43/human/USA/9712_31/1997": {
      "branch_length": 0.0002415423038799984,
      "clock_length": 0.0002415423038799984,
      "date": "1997-12-18",
      "mutation_length": 1.309326756314315e-17,
      "num_date_confidence": [
        1997.9630136986302,
        1997.9630136986302
      ],
      "numdate": 1997.9630136986302,
      "raw_date": "1997-12-18"
    },
    "OC43/human/USA/971_5/1997": {
      "branch_length": 0.0001862534433928094,
      "clock_length": 0.0001862534433928094,
      "date": "1997-01-02",
      "mutation_length": 0.0007441284333768569,
      "num_date_confidence": [
        1997.004109589041,
        1997.004109589041
      ],
      "numdate": 1997.004109589041,
      "raw_date": "1997-01-02"
    },
    "OC43/human/USA/982_4/1998": {
      "branch_length": 0.0013847365486134777,
      "clock_length": 0.0013847365486134777,
      "date": "1998-02-05",
      "mutation_length": 0.0029804636852999427,
      "num_date_confidence": [
        1998.0972602739726,
        1998.0972602739726
      ],
      "numdate": 1998.0972602739726,
      "raw_date": "1998-02-05"
    },
    "OC43/human/USA/991_19/1999": {
      "branch_length": 5.280184750543725e-06,
      "clock_length": 5.280184750543725e-06,
      "date": "1999-01-15",
      "mutation_length": 1.301233488953607e-17,
      "num_date_confidence": [
        1999.0397260273974,
        1999.0397260273974
      ],
      "numdate": 1999.0397260273974,
      "raw_date": "1999-01-15"
    },
    "OC43/human/USA/991_5/1999": {
      "branch_length": 0.00023948080561343038,
      "clock_length": 0.00023948080561343038,
      "date": "1999-01-07",
      "mutation_length": 1.301233488953607e-17,
      "num_date_confidence": [
        1999.017808219178,
        1999.017808219178
      ],
      "numdate": 1999.017808219178,
      "raw_date": "1999-01-07"
    },
    "OC43_KLF_01_2018": {
      "branch_length": 0.000750999705890344,
      "clock_length": 0.000750999705890344,
      "date": "2018-01-18",
      "mutation_length": 0.002231938540307418,
      "num_date_confidence": [
        2018.0479452054794,
        2018.0479452054794
      ],
      "numdate": 2018.0479452054794,
      "raw_date": "2018-01-18"
    },
    "OC43_KLF_02_2017": {
      "branch_length": 0.0005593820795046201,
      "clock_length": 0.0005593820795046201,
      "date": "2017-11-27",
      "mutation_length": 1.3163199587393152e-17,
      "num_date_confidence": [
        2017.9054794520548,
        2017.9054794520548
      ],
      "numdate": 2017.9054794520548,
      "raw_date": "2017-11-27"
    }
  }
}