{
  "alignment": "results/aligned_oc43_nonstructural2a.fasta",
  "clock": {
    "intercept": -0.42672611813297967,
    "rate": 0.00021611796477426917,
    "rtt_Tmrca": 1974.505537189777
  },
  "generated_by": {
    "program": "augur",
    "version": "6.4.1"
  },
  "input_tree": "results/tree_raw_oc43_nonstructural2a.nwk",
  "nodes": {
    "HCoV_OC43/Seattle/USA/SC0682/2019": {
      "branch_length": 0.0007500011593210801,
      "clock_length": 0.0007500011593210801,
      "date": "2019-01-01",
      "mutation_length": 1.185234696550677e-18,
      "num_date_confidence": [
        2019.0013698630137,
        2019.890771389443
      ],
      "numdate": 2019.0013698630137,
      "raw_date": "2019-XX-XX"
    },
    "HCoV_OC43/Seattle/USA/SC0776/2019": {
      "branch_length": 0.0011237676208384927,
      "clock_length": 0.0011237676208384927,
      "date": "2019-01-01",
      "mutation_length": 1.185234696550677e-18,
      "num_date_confidence": [
        2019.0013698630137,
        2019.8909430719752
      ],
      "numdate": 2019.0013698630137,
      "raw_date": "2019-XX-XX"
    },
    "HCoV_OC43/Seattle/USA/SC0810/2019": {
      "branch_length": 0.001376841245869882,
      "clock_length": 0.001376841245869882,
      "date": "2019-01-01",
      "mutation_length": 0.0011962541758673848,
      "num_date_confidence": [
        2019.0013698630137,
        2019.9986301369863
      ],
      "numdate": 2019.0013698630137,
      "raw_date": "2019-XX-XX"
    },
    "HCoV_OC43/Seattle/USA/SC0839/2019": {
      "branch_length": 0.0007724872640737009,
      "clock_length": 0.0007724872640737009,
      "date": "2019-01-01",
      "mutation_length": 1.185234696550677e-18,
      "num_date_confidence": [
        2019.0013698630137,
        2019.8929621892237
      ],
      "numdate": 2019.0013698630137,
      "raw_date": "2019-XX-XX"
    },
    "HCoV_OC43/Seattle/USA/SC0841/2019": {
      "branch_length": 0.0048503533734585115,
      "clock_length": 0.0048503533734585115,
      "date": "2019-01-01",
      "mutation_length": 0.0023943807099860237,
      "num_date_confidence": [
        2019.0013698630137,
        2019.896547016414
      ],
      "numdate": 2019.0013698630137,
      "raw_date": "2019-XX-XX"
    },
    "HCoV_OC43/Seattle/USA/SC2269/2016": {
      "branch_length": 0.0003202063414035197,
      "clock_length": 0.0003202063414035197,
      "date": "2016-01-01",
      "mutation_length": 1.185234696550677e-18,
      "num_date_confidence": [
        2016.0013661202186,
        2016.8770516747788
      ],
      "numdate": 2016.0013661202186,
      "raw_date": "2016-XX-XX"
    },
    "HCoV_OC43/Seattle/USA/SC2345/2015": {
      "branch_length": 0.0004045196639923805,
      "clock_length": 0.0004045196639923805,
      "date": "2015-01-01",
      "mutation_length": 1.185234696550677e-18,
      "num_date_confidence": [
        2015.0013698630137,
        2015.9653070363217
      ],
      "numdate": 2015.0013698630137,
      "raw_date": "2015-XX-XX"
    },
    "HCoV_OC43/Seattle/USA/SC2476/2015": {
      "branch_length": 8.560461225342025e-05,
      "clock_length": 8.560461225342025e-05,
      "date": "2015-12-31",
      "mutation_length": 1.2333334165755255e-18,
      "num_date_confidence": [
        2015.0844119824603,
        2015.9986301369863
      ],
      "numdate": 2015.9986301369863,
      "raw_date": "2015-XX-XX"
    },
    "HCoV_OC43/Seattle/USA/SC2481/2015": {
      "branch_length": 0.000623361422253271,
      "clock_length": 0.000623361422253271,
      "date": "2015-01-01",
      "mutation_length": 0.0011958928459926785,
      "num_date_confidence": [
        2015.0013698630137,
        2015.9986301369863
      ],
      "numdate": 2015.0013698630137,
      "raw_date": "2015-XX-XX"
    },
    "HCoV_OC43/Seattle/USA/SC2730/2015": {
      "branch_length": 8.13028190363419e-06,
      "clock_length": 8.13028190363419e-06,
      "date": "2015-09-03",
      "mutation_length": 1.185234696550677e-18,
      "num_date_confidence": [
        2015.486252041121,
        2015.7711509839148
      ],
      "numdate": 2015.6734653943115,
      "raw_date": "2015-XX-XX"
    },
    "HCoV_OC43/Seattle/USA/SC2770/2015": {
      "branch_length": 8.13028190363419e-06,
      "clock_length": 8.13028190363419e-06,
      "date": "2015-09-03",
      "mutation_length": 1.185234696550677e-18,
      "num_date_confidence": [
        2015.486252041121,
        2015.7711509839148
      ],
      "numdate": 2015.6734653943115,
      "raw_date": "2015-XX-XX"
    },
    "HCoV_OC43/Seattle/USA/SC2854/2015": {
      "branch_length": 0.0,
      "clock_length": 0.0,
      "date": "2015-08-04",
      "mutation_length": 1.185234696550677e-18,
      "num_date_confidence": [
        2015.2128036004897,
        2015.703488996117
      ],
      "numdate": 2015.5910102360942,
      "raw_date": "2015-XX-XX"
    },
    "HCoV_OC43/Seattle/USA/SC2924/2015": {
      "branch_length": 0.000623361422253271,
      "clock_length": 0.000623361422253271,
      "date": "2015-01-01",
      "mutation_length": 0.0011958928459926785,
      "num_date_confidence": [
        2015.0013698630137,
        2015.9986301369863
      ],
      "numdate": 2015.0013698630137,
      "raw_date": "2015-XX-XX"
    },
    "HCoV_OC43/Seattle/USA/SC3118/2015": {
      "branch_length": 0.0,
      "clock_length": 0.0,
      "date": "2015-08-10",
      "mutation_length": 1.185234696550677e-18,
      "num_date_confidence": [
        2015.2145304065264,
        2015.7025836956077
      ],
      "numdate": 2015.6059597484061,
      "raw_date": "2015-XX-XX"
    },
    "HCoV_OC43/Seattle/USA/SC622/2016": {
      "branch_length": 8.610160594106533e-05,
      "clock_length": 8.610160594106533e-05,
      "date": "2016-01-01",
      "mutation_length": 1.185234696550677e-18,
      "num_date_confidence": [
        2016.0013661202186,
        2016.8754286828944
      ],
      "numdate": 2016.0013661202186,
      "raw_date": "2016-XX-XX"
    },
    "HCoV_OC43/Seattle/USA/SC831/2016": {
      "branch_length": 8.609406850993578e-05,
      "clock_length": 8.609406850993578e-05,
      "date": "2016-01-01",
      "mutation_length": 1.185234696550677e-18,
      "num_date_confidence": [
        2016.0013661202186,
        2016.8754506269383
      ],
      "numdate": 2016.0013661202186,
      "raw_date": "2016-XX-XX"
    },
    "HCoV_OC43/Seattle/USA/SC9428/2018": {
      "branch_length": 0.002803621869903159,
      "clock_length": 0.002803621869903159,
      "date": "2019-01-01",
      "mutation_length": 0.002397793783846887,
      "num_date_confidence": [
        2019.0013698630137,
        2019.9986301369863
      ],
      "numdate": 2019.0013698630137,
      "raw_date": "2019-XX-XX"
    },
    "HCoV_OC43/Seattle/USA/SC9430/2018": {
      "branch_length": 0.0010512234623969983,
      "clock_length": 0.0010512234623969983,
      "date": "2019-01-01",
      "mutation_length": 1.185234696550677e-18,
      "num_date_confidence": [
        2019.0013698630137,
        2019.8909850741418
      ],
      "numdate": 2019.0013698630137,
      "raw_date": "2019-XX-XX"
    },
    "HCoV_OC43/Seattle/USA/SC9741/2016": {
      "branch_length": 9.181105550117822e-05,
      "clock_length": 9.181105550117822e-05,
      "date": "2016-01-01",
      "mutation_length": 1.185234696550677e-18,
      "num_date_confidence": [
        2016.0013661202186,
        2016.8761979079427
      ],
      "numdate": 2016.0013661202186,
      "raw_date": "2016-XX-XX"
    },
    "HCoV_OC43/UK/London/2011": {
      "branch_length": 0.003374080157726348,
      "clock_length": 0.003374080157726348,
      "date": "2011-08-20",
      "mutation_length": 0.002397504802769333,
      "num_date_confidence": [
        2011.6342465753426,
        2011.6342465753426
      ],
      "numdate": 2011.6342465753426,
      "raw_date": "2011-08-20"
    },
    "HCoV_OC43/USA/ACRI_0052/2016": {
      "branch_length": 0.0008194732431166808,
      "clock_length": 0.0008194732431166808,
      "date": "2016-03-07",
      "mutation_length": 0.0011973092664324027,
      "num_date_confidence": [
        2016.181693989071,
        2016.181693989071
      ],
      "numdate": 2016.181693989071,
      "raw_date": "2016-03-07"
    },
    "HCoV_OC43/USA/ACRI_0213/2016": {
      "branch_length": 0.00028140649682735746,
      "clock_length": 0.00028140649682735746,
      "date": "2016-12-19",
      "mutation_length": 1.185234696550677e-18,
      "num_date_confidence": [
        2016.9658469945355,
        2016.9658469945355
      ],
      "numdate": 2016.9658469945355,
      "raw_date": "2016-12-19"
    },
    "HCoV_OC43/USA/TCNP_00204/2017": {
      "branch_length": 0.00029228763224837856,
      "clock_length": 0.00029228763224837856,
      "date": "2017-01-03",
      "mutation_length": 1.185234696550677e-18,
      "num_date_confidence": [
        2017.0068493150684,
        2017.0068493150684
      ],
      "numdate": 2017.0068493150684,
      "raw_date": "2017-01-03"
    },
    "HCoV_OC43/USA/TCNP_00212/2017": {
      "branch_length": 0.00031947622079885215,
      "clock_length": 0.00031947622079885215,
      "date": "2017-01-17",
      "mutation_length": 1.185234696550677e-18,
      "num_date_confidence": [
        2017.045205479452,
        2017.045205479452
      ],
      "numdate": 2017.045205479452,
      "raw_date": "2017-01-17"
    },
    "HCoV_OC43/USA/TCNP_0070/2016": {
      "branch_length": 9.635025243766142e-05,
      "clock_length": 9.635025243766142e-05,
      "date": "2016-02-01",
      "mutation_length": 1.185234696550677e-18,
      "num_date_confidence": [
        2016.0860655737704,
        2016.0860655737704
      ],
      "numdate": 2016.0860655737704,
      "raw_date": "2016-02-01"
    },
    "NODE_0000000": {
      "branch_length": 0.001,
      "clock_length": 0.001,
      "date": "1981-08-09",
      "mutation_length": 0.001,
      "num_date_confidence": [
        1932.5355664895728,
        1984.7265648839407
      ],
      "numdate": 1981.6051362340095
    },
    "NODE_0000002": {
      "branch_length": 0.0011372452678364434,
      "clock_length": 0.0011372452678364434,
      "date": "1987-01-22",
      "mutation_length": 1.1659097107531116e-18,
      "num_date_confidence": [
        1982.8212077479263,
        1987.058904109589
      ],
      "numdate": 1987.058904109589
    },
    "NODE_0000004": {
      "branch_length": 2.072364045779991e-05,
      "clock_length": 2.072364045779991e-05,
      "date": "1986-10-05",
      "mutation_length": 1.1757330956584105e-18,
      "num_date_confidence": [
        1985.0217627562815,
        1987.1931506849314
      ],
      "numdate": 1986.7610268100384
    },
    "NODE_0000007": {
      "branch_length": 0.00019999939372027271,
      "clock_length": 0.00019999939372027271,
      "date": "1992-12-16",
      "mutation_length": 1.2044860206889755e-18,
      "num_date_confidence": [
        1991.3170546577069,
        1992.957650273224
      ],
      "numdate": 1992.957650273224
    },
    "NODE_0000008": {
      "branch_length": 6.399987588000082e-05,
      "clock_length": 6.399987588000082e-05,
      "date": "1989-11-24",
      "mutation_length": 1.1914323407956123e-18,
      "num_date_confidence": [
        1988.8935750434405,
        1989.9859785747446
      ],
      "numdate": 1989.8971382176833
    },
    "NODE_0000009": {
      "branch_length": 1.6013186909989707e-05,
      "clock_length": 1.6013186909989707e-05,
      "date": "1989-12-21",
      "mutation_length": 1.1914323407956123e-18,
      "num_date_confidence": [
        1989.4593268190192,
        1990.045205479452
      ],
      "numdate": 1989.9712328767123
    },
    "NODE_0000010": {
      "branch_length": 0.00020422142301861502,
      "clock_length": 0.00020422142301861502,
      "date": "1989-08-08",
      "mutation_length": 1.1914323407956123e-18,
      "num_date_confidence": [
        1988.3910684609339,
        1989.9119450458757
      ],
      "numdate": 1989.6010042246262
    },
    "NODE_0000011": {
      "branch_length": 0.0002275243362061044,
      "clock_length": 0.0002275243362061044,
      "date": "1996-01-09",
      "mutation_length": 1.2176857162394287e-18,
      "num_date_confidence": [
        1993.3704943875439,
        1996.793757810861
      ],
      "numdate": 1996.0220314536125
    },
    "NODE_0000014": {
      "branch_length": 0.0,
      "clock_length": 0.0,
      "date": "1996-01-09",
      "mutation_length": 1.2176857162394287e-18,
      "num_date_confidence": [
        1994.2969607599844,
        1996.8585890445786
      ],
      "numdate": 1996.0220314536125
    },
    "NODE_0000015": {
      "branch_length": 0.00011679680616672773,
      "clock_length": 0.00011679680616672773,
      "date": "1996-07-24",
      "mutation_length": 1.2176857162394287e-18,
      "num_date_confidence": [
        1995.3065955632069,
        1996.8956047980912
      ],
      "numdate": 1996.5624622608743
    },
    "NODE_0000016": {
      "branch_length": 0.0013157885885528115,
      "clock_length": 0.0013157885885528115,
      "date": "2012-02-12",
      "mutation_length": 0.0023978635482496125,
      "num_date_confidence": [
        2007.8389992088853,
        2015.3591979232244
      ],
      "numdate": 2012.117012595887
    },
    "NODE_0000017": {
      "branch_length": 8.599771517475707e-05,
      "clock_length": 8.599771517475707e-05,
      "date": "1996-12-17",
      "mutation_length": 1.2176857162394287e-18,
      "num_date_confidence": [
        1995.96094153841,
        1996.9603825136612
      ],
      "numdate": 1996.9603825136612
    },
    "NODE_0000019": {
      "branch_length": 3.1538967384730707e-06,
      "clock_length": 3.1538967384730707e-06,
      "date": "1988-06-16",
      "mutation_length": 1.170118868613622e-18,
      "num_date_confidence": [
        1987.099831924531,
        1990.72884194046
      ],
      "numdate": 1988.456288689073
    },
    "NODE_0000020": {
      "branch_length": 0.002085697563832871,
      "clock_length": 0.002085697563832871,
      "date": "2006-01-11",
      "mutation_length": 0.0011967854903869785,
      "num_date_confidence": [
        1995.8815369051422,
        2014.2577049352462
      ],
      "numdate": 2006.0287237767363
    },
    "NODE_0000021": {
      "branch_length": 0.0012117423340957095,
      "clock_length": 0.0012117423340957095,
      "date": "1996-05-18",
      "mutation_length": 0.0011962672131035058,
      "num_date_confidence": [
        1989.6339486047054,
        2011.1082191780822
      ],
      "numdate": 1996.3779871245965
    },
    "NODE_0000022": {
      "branch_length": 0.0003075933883842875,
      "clock_length": 0.0003075933883842875,
      "date": "1989-11-18",
      "mutation_length": 1.170118868613622e-18,
      "num_date_confidence": [
        1988.70261346563,
        1990.9403972149942
      ],
      "numdate": 1989.879554860886
    },
    "NODE_0000023": {
      "branch_length": 0.000123663538875495,
      "clock_length": 0.000123663538875495,
      "date": "1990-06-14",
      "mutation_length": 1.170118868613622e-18,
      "num_date_confidence": [
        1988.9854070527201,
        1991.0379602894145
      ],
      "numdate": 1990.4517587450225
    },
    "NODE_0000024": {
      "branch_length": 0.0001261775476883286,
      "clock_length": 0.0001261775476883286,
      "date": "1991-01-13",
      "mutation_length": 1.170118868613622e-18,
      "num_date_confidence": [
        1990.2572105230204,
        1991.1027397260275
      ],
      "numdate": 1991.0355952059112
    },
    "NODE_0000025": {
      "branch_length": 0.0013197304764586094,
      "clock_length": 0.0013197304764586094,
      "date": "1996-07-23",
      "mutation_length": 1.170118868613622e-18,
      "num_date_confidence": [
        1992.353989198261,
        1997.004109589041
      ],
      "numdate": 1996.558287084011
    },
    "NODE_0000026": {
      "branch_length": 1.5614944497610063e-05,
      "clock_length": 1.5614944497610063e-05,
      "date": "1989-12-14",
      "mutation_length": 1.170118868613622e-18,
      "num_date_confidence": [
        1988.9676427123472,
        1991.0133131113519
      ],
      "numdate": 1989.951806811407
    },
    "NODE_0000027": {
      "branch_length": 0.000247553071073269,
      "clock_length": 0.000247553071073269,
      "date": "1991-02-05",
      "mutation_length": 1.170118868613622e-18,
      "num_date_confidence": [
        1990.1857607266327,
        1991.0972602739726
      ],
      "numdate": 1991.0972602739726
    },
    "NODE_0000028": {
      "branch_length": 0.00024340834298171906,
      "clock_length": 0.00024340834298171906,
      "date": "1991-01-29",
      "mutation_length": 1.170118868613622e-18,
      "num_date_confidence": [
        1990.1880390599808,
        1991.0780821917808
      ],
      "numdate": 1991.0780821917808
    },
    "NODE_0000029": {
      "branch_length": 0.0003100086088239397,
      "clock_length": 0.0003100086088239397,
      "date": "1989-11-22",
      "mutation_length": 1.170118868613622e-18,
      "num_date_confidence": [
        1988.688010420188,
        1990.855575676562
      ],
      "numdate": 1989.8907303336987
    },
    "NODE_0000030": {
      "branch_length": 3.517981481289227e-06,
      "clock_length": 3.517981481289227e-06,
      "date": "1989-11-28",
      "mutation_length": 1.170118868613622e-18,
      "num_date_confidence": [
        1989.2223465426418,
        1991.0746030155815
      ],
      "numdate": 1989.907008395011
    },
    "NODE_0000031": {
      "branch_length": 0.001114890088504781,
      "clock_length": 0.001114890088504781,
      "date": "1995-01-24",
      "mutation_length": 1.170118868613622e-18,
      "num_date_confidence": [
        1986.6722721528722,
        1996.71645306492
      ],
      "numdate": 1995.0657192391986
    },
    "NODE_0000032": {
      "branch_length": 0.00019875817958106903,
      "clock_length": 0.00019875817958106903,
      "date": "1990-10-29",
      "mutation_length": 1.170118868613622e-18,
      "num_date_confidence": [
        1989.956765593023,
        1991.1338526980576
      ],
      "numdate": 1990.826682887544
    },
    "NODE_0000033": {
      "branch_length": 8.03844825528607e-05,
      "clock_length": 8.03844825528607e-05,
      "date": "1991-03-14",
      "mutation_length": 1.170118868613622e-18,
      "num_date_confidence": [
        1990.4933244829908,
        1991.1986301369864
      ],
      "numdate": 1991.1986301369864
    },
    "NODE_0000034": {
      "branch_length": 4.0399027204001195e-06,
      "clock_length": 4.0399027204001195e-06,
      "date": "1989-11-28",
      "mutation_length": 1.170118868613622e-18,
      "num_date_confidence": [
        1989.2842061922395,
        1990.9284857789771
      ],
      "numdate": 1989.9094233781414
    },
    "NODE_0000035": {
      "branch_length": 0.0011013333222867063,
      "clock_length": 0.0011013333222867063,
      "date": "1995-01-02",
      "mutation_length": 1.170118868613622e-18,
      "num_date_confidence": [
        1990.3804490560258,
        1996.3565573770493
      ],
      "numdate": 1995.0054056739075
    },
    "NODE_0000036": {
      "branch_length": 0.0001862304978008239,
      "clock_length": 0.0001862304978008239,
      "date": "1990-10-09",
      "mutation_length": 1.170118868613622e-18,
      "num_date_confidence": [
        1989.1962944907364,
        1991.0027092311332
      ],
      "numdate": 1990.7711310015466
    },
    "NODE_0000037": {
      "branch_length": 5.8048210335352214e-05,
      "clock_length": 5.8048210335352214e-05,
      "date": "1991-01-15",
      "mutation_length": 1.170118868613622e-18,
      "num_date_confidence": [
        1990.3951549945937,
        1991.0397260273974
      ],
      "numdate": 1991.0397260273974
    },
    "NODE_0000041": {
      "branch_length": 0.001477503228208092,
      "clock_length": 0.001477503228208092,
      "date": "1988-06-10",
      "mutation_length": 0.004794894323560871,
      "num_date_confidence": [
        1983.069175182893,
        1990.0616438356165
      ],
      "numdate": 1988.4416952852264
    },
    "NODE_0000042": {
      "branch_length": 0.00010784972278042463,
      "clock_length": 0.00010784972278042463,
      "date": "2013-02-17",
      "mutation_length": 1.185234696550677e-18,
      "num_date_confidence": [
        2010.5773761264516,
        2015.4309755619158
      ],
      "numdate": 2013.1296158678524
    },
    "NODE_0000043": {
      "branch_length": 0.00014522390225096458,
      "clock_length": 0.00014522390225096458,
      "date": "2013-10-20",
      "mutation_length": 1.185234696550677e-18,
      "num_date_confidence": [
        2011.6968423286905,
        2015.4668510379931
      ],
      "numdate": 2013.801581765748
    },
    "NODE_0000044": {
      "branch_length": 7.254415844149442e-05,
      "clock_length": 7.254415844149442e-05,
      "date": "2014-02-20",
      "mutation_length": 1.185234696550677e-18,
      "num_date_confidence": [
        2012.3627393470954,
        2015.502726549946
      ],
      "numdate": 2014.1372510309907
    },
    "NODE_0000045": {
      "branch_length": 8.26624177854081e-05,
      "clock_length": 8.26624177854081e-05,
      "date": "2014-07-09",
      "mutation_length": 1.185234696550677e-18,
      "num_date_confidence": [
        2013.1706420418072,
        2015.538605097782
      ],
      "numdate": 2014.519738520505
    },
    "NODE_0000046": {
      "branch_length": 0.00019607378053788926,
      "clock_length": 0.00019607378053788926,
      "date": "2015-06-05",
      "mutation_length": 1.185234696550677e-18,
      "num_date_confidence": [
        2013.8562567999682,
        2015.574480681489
      ],
      "numdate": 2015.426992023205
    },
    "NODE_0000047": {
      "branch_length": 0.001052144991647289,
      "clock_length": 0.001052144991647289,
      "date": "1986-08-31",
      "mutation_length": 0.0011967320606077706,
      "num_date_confidence": [
        1983.1430018674696,
        1987.1109589041096
      ],
      "numdate": 1986.6651363990795
    },
    "NODE_0000048": {
      "branch_length": 2.2486104752620804e-05,
      "clock_length": 2.2486104752620804e-05,
      "date": "2015-07-13",
      "mutation_length": 1.185234696550677e-18,
      "num_date_confidence": [
        2014.410939122919,
        2015.6103563010713
      ],
      "numdate": 2015.5310375373117
    },
    "NODE_0000049": {
      "branch_length": 0.0014824173479320597,
      "clock_length": 0.0014824173479320597,
      "date": "1988-08-28",
      "mutation_length": 0.0023955641587435,
      "num_date_confidence": [
        1984.9115983682939,
        1989.8749282842418
      ],
      "numdate": 1988.6560507440956
    },
    "NODE_0000050": {
      "branch_length": 7.762673182982148e-06,
      "clock_length": 7.762673182982148e-06,
      "date": "2015-07-26",
      "mutation_length": 1.185234696550677e-18,
      "num_date_confidence": [
        2015.1248343312777,
        2015.6473717241593
      ],
      "numdate": 2015.5669562226976
    },
    "NODE_0000051": {
      "branch_length": 0.0007296535417889343,
      "clock_length": 0.0007296535417889343,
      "date": "1992-01-12",
      "mutation_length": 0.0011973438096303782,
      "num_date_confidence": [
        1989.641542499548,
        1992.8928710329835
      ],
      "numdate": 1992.0322325555014
    },
    "NODE_0000052": {
      "branch_length": 2.0727274288492425e-06,
      "clock_length": 2.0727274288492425e-06,
      "date": "2015-07-30",
      "mutation_length": 1.185234696550677e-18,
      "num_date_confidence": [
        2015.1893353515022,
        2015.6798632402683
      ],
      "numdate": 2015.5765469452042
    },
    "NODE_0000053": {
      "branch_length": 1.545276911970716e-06,
      "clock_length": 1.545276911970716e-06,
      "date": "2015-08-02",
      "mutation_length": 1.185234696550677e-18,
      "num_date_confidence": [
        2015.204823726591,
        2015.682276290757
      ],
      "numdate": 2015.583697100045
    },
    "NODE_0000054": {
      "branch_length": 4.164172648142171e-06,
      "clock_length": 4.164172648142171e-06,
      "date": "2015-08-09",
      "mutation_length": 1.185234696550677e-18,
      "num_date_confidence": [
        2015.2060723827858,
        2015.6817236866393
      ],
      "numdate": 2015.6029651541953
    },
    "NODE_0000055": {
      "branch_length": -2.583672569025225e-06,
      "clock_length": -2.583672569025225e-06,
      "date": "2015-08-04",
      "mutation_length": 1.185234696550677e-18,
      "num_date_confidence": [
        2015.2142264638867,
        2015.693124150095
      ],
      "numdate": 2015.5910102360942
    },
    "NODE_0000056": {
      "branch_length": 3.2308581752141675e-06,
      "clock_length": 3.2308581752141675e-06,
      "date": "2015-08-10",
      "mutation_length": 1.185234696550677e-18,
      "num_date_confidence": [
        2015.214929128361,
        2015.6929919433824
      ],
      "numdate": 2015.6059597484061
    },
    "NODE_0000057": {
      "branch_length": 0.00136439642330124,
      "clock_length": 0.00136439642330124,
      "date": "1994-12-20",
      "mutation_length": 0.002396936361477648,
      "num_date_confidence": [
        1991.6425830812009,
        1996.7005231887983
      ],
      "numdate": 1994.9692530025304
    },
    "NODE_0000058": {
      "branch_length": -6.396481750593937e-07,
      "clock_length": -6.396481750593937e-07,
      "date": "2015-08-09",
      "mutation_length": 1.185234696550677e-18,
      "num_date_confidence": [
        2015.2172084451083,
        2015.6975684242334
      ],
      "numdate": 2015.6030000306625
    },
    "NODE_0000059": {
      "branch_length": 1.110941794723241e-05,
      "clock_length": 1.110941794723241e-05,
      "date": "2015-08-27",
      "mutation_length": 1.185234696550677e-18,
      "num_date_confidence": [
        2015.4826996264417,
        2015.6952830882824
      ],
      "numdate": 2015.6544044474995
    },
    "NODE_0000060": {
      "branch_length": 2.019797356423098e-06,
      "clock_length": 2.019797356423098e-06,
      "date": "2015-08-31",
      "mutation_length": 1.185234696550677e-18,
      "num_date_confidence": [
        2015.4832193102957,
        2015.7172595042323
      ],
      "numdate": 2015.6637502571298
    },
    "NODE_0000061": {
      "branch_length": -5.0803257122689766e-06,
      "clock_length": -5.0803257122689766e-06,
      "date": "2015-08-22",
      "mutation_length": 1.185234696550677e-18,
      "num_date_confidence": [
        2015.4969919789744,
        2015.7352882262444
      ],
      "numdate": 2015.6402430687403
    },
    "NODE_0000062": {
      "branch_length": -9.503405161304795e-07,
      "clock_length": -9.503405161304795e-07,
      "date": "2015-08-21",
      "mutation_length": 1.185234696550677e-18,
      "num_date_confidence": [
        2015.50217619735,
        2015.7311503445144
      ],
      "numdate": 2015.635845745653
    },
    "NODE_0000063": {
      "branch_length": 0.003537391994582658,
      "clock_length": 0.003537391994582658,
      "date": "2012-05-22",
      "mutation_length": 0.0023981667512793744,
      "num_date_confidence": [
        2004.5586742145856,
        2014.7910748807474
      ],
      "numdate": 2012.3899072027546
    },
    "NODE_0000064": {
      "branch_length": 0.0006943052437269957,
      "clock_length": 0.0006943052437269957,
      "date": "2015-08-08",
      "mutation_length": 0.0011980146377125497,
      "num_date_confidence": [
        2013.3230101113645,
        2015.9517562925562
      ],
      "numdate": 2015.6025288117548
    },
    "NODE_0000065": {
      "branch_length": 4.1411945785111565e-05,
      "clock_length": 4.1411945785111565e-05,
      "date": "1981-10-18",
      "mutation_length": 1.1659097107531116e-18,
      "num_date_confidence": [
        1980.0864628762527,
        1984.6465781505767
      ],
      "numdate": 1981.7967535566524
    },
    "NODE_0000066": {
      "branch_length": 0.00011099203548046587,
      "clock_length": 0.00011099203548046587,
      "date": "2012-08-18",
      "mutation_length": 1.185234696550677e-18,
      "num_date_confidence": [
        2008.8470139497786,
        2015.3950961491425
      ],
      "numdate": 2012.6305841335259
    },
    "OC43/human/Mex/LRTI_238/2011": {
      "branch_length": 0.0031834677720520123,
      "clock_length": 0.0031834677720520123,
      "date": "2011-02-09",
      "mutation_length": 0.001196714781644643,
      "num_date_confidence": [
        2011.1082191780822,
        2011.1082191780822
      ],
      "numdate": 2011.1082191780822,
      "raw_date": "2011-02-09"
    },
    "OC43/human/USA/007_11/2000": {
      "branch_length": 0.0011895030972214893,
      "clock_length": 0.0011895030972214893,
      "date": "2000-07-27",
      "mutation_length": 0.0011959059248979205,
      "num_date_confidence": [
        2000.5696721311476,
        2000.5696721311476
      ],
      "numdate": 2000.5696721311476,
      "raw_date": "2000-07-27"
    },
    "OC43/human/USA/008_5/2000": {
      "branch_length": 0.00121743701887025,
      "clock_length": 0.00121743701887025,
      "date": "2000-08-08",
      "mutation_length": 0.0011981918200941978,
      "num_date_confidence": [
        2000.6024590163934,
        2000.6024590163934
      ],
      "numdate": 2000.6024590163934,
      "raw_date": "2000-08-08"
    },
    "OC43/human/USA/851_15/1985": {
      "branch_length": 0.0006967198821047548,
      "clock_length": 0.0006967198821047548,
      "date": "1985-01-08",
      "mutation_length": 0.0011966141729942187,
      "num_date_confidence": [
        1985.0205479452054,
        1985.0205479452054
      ],
      "numdate": 1985.0205479452054,
      "raw_date": "1985-01-08"
    },
    "OC43/human/USA/871_25/1987": {
      "branch_length": 0.0,
      "clock_length": 0.0,
      "date": "1987-01-22",
      "mutation_length": 1.1659097107531116e-18,
      "num_date_confidence": [
        1987.058904109589,
        1987.058904109589
      ],
      "numdate": 1987.058904109589,
      "raw_date": "1987-01-22"
    },
    "OC43/human/USA/872_5/1987": {
      "branch_length": 9.635025243766131e-05,
      "clock_length": 9.635025243766131e-05,
      "date": "1987-02-10",
      "mutation_length": 1.1757330956584105e-18,
      "num_date_confidence": [
        1987.1109589041096,
        1987.1109589041096
      ],
      "numdate": 1987.1109589041096,
      "raw_date": "1987-02-10"
    },
    "OC43/human/USA/873_16/1987": {
      "branch_length": 9.338973237225413e-05,
      "clock_length": 9.338973237225413e-05,
      "date": "1987-03-12",
      "mutation_length": 1.1757330956584105e-18,
      "num_date_confidence": [
        1987.1931506849314,
        1987.1931506849314
      ],
      "numdate": 1987.1931506849314,
      "raw_date": "1987-03-12"
    },
    "OC43/human/USA/873_19/1987": {
      "branch_length": 9.635025243766131e-05,
      "clock_length": 9.635025243766131e-05,
      "date": "1987-03-17",
      "mutation_length": 1.1757330956584105e-18,
      "num_date_confidence": [
        1987.2068493150684,
        1987.2068493150684
      ],
      "numdate": 1987.2068493150684,
      "raw_date": "1987-03-17"
    },
    "OC43/human/USA/873_6/1987": {
      "branch_length": 2.486836854934983e-05,
      "clock_length": 2.486836854934983e-05,
      "date": "1987-03-05",
      "mutation_length": 1.1659097107531116e-18,
      "num_date_confidence": [
        1987.1739726027397,
        1987.1739726027397
      ],
      "numdate": 1987.1739726027397,
      "raw_date": "1987-03-05"
    },
    "OC43/human/USA/8912_37/1989": {
      "branch_length": 8.001306278999053e-05,
      "clock_length": 8.001306278999053e-05,
      "date": "1989-12-21",
      "mutation_length": 1.1914323407956123e-18,
      "num_date_confidence": [
        1989.9712328767123,
        1989.9712328767123
      ],
      "numdate": 1989.9712328767123,
      "raw_date": "1989-12-21"
    },
    "OC43/human/USA/901_33/1990": {
      "branch_length": 3.140789125009608e-05,
      "clock_length": 3.140789125009608e-05,
      "date": "1990-01-16",
      "mutation_length": 1.1914323407956123e-18,
      "num_date_confidence": [
        1990.0424657534247,
        1990.0424657534247
      ],
      "numdate": 1990.0424657534247,
      "raw_date": "1990-01-16"
    },
    "OC43/human/USA/901_41/1990": {
      "branch_length": 1.5986808353178616e-05,
      "clock_length": 1.5986808353178616e-05,
      "date": "1990-01-17",
      "mutation_length": 1.1914323407956123e-18,
      "num_date_confidence": [
        1990.045205479452,
        1990.045205479452
      ],
      "numdate": 1990.045205479452,
      "raw_date": "1990-01-17"
    },
    "OC43/human/USA/901_43/1990": {
      "branch_length": 1.7171016379321363e-05,
      "clock_length": 1.7171016379321363e-05,
      "date": "1990-01-19",
      "mutation_length": 1.1914323407956123e-18,
      "num_date_confidence": [
        1990.0506849315068,
        1990.0506849315068
      ],
      "numdate": 1990.0506849315068,
      "raw_date": "1990-01-19"
    },
    "OC43/human/USA/901_54/1990": {
      "branch_length": 0.00035009998374934195,
      "clock_length": 0.00035009998374934195,
      "date": "1990-01-23",
      "mutation_length": 0.0011959059248979205,
      "num_date_confidence": [
        1990.0616438356165,
        1990.0616438356165
      ],
      "numdate": 1990.0616438356165,
      "raw_date": "1990-01-23"
    },
    "OC43/human/USA/911_11/1991": {
      "branch_length": 0.0005543758682619825,
      "clock_length": 0.0005543758682619825,
      "date": "1991-01-03",
      "mutation_length": 0.0023943807099860237,
      "num_date_confidence": [
        1991.0068493150684,
        1991.0068493150684
      ],
      "numdate": 1991.0068493150684,
      "raw_date": "1991-01-03"
    },
    "OC43/human/USA/911_38/1991": {
      "branch_length": 0.0,
      "clock_length": 0.0,
      "date": "1991-01-15",
      "mutation_length": 1.170118868613622e-18,
      "num_date_confidence": [
        1991.0397260273974,
        1991.0397260273974
      ],
      "numdate": 1991.0397260273974,
      "raw_date": "1991-01-15"
    },
    "OC43/human/USA/911_58/1991": {
      "branch_length": 5.328936117693535e-06,
      "clock_length": 5.328936117693535e-06,
      "date": "1991-01-24",
      "mutation_length": 1.170118868613622e-18,
      "num_date_confidence": [
        1991.0643835616438,
        1991.0643835616438
      ],
      "numdate": 1991.0643835616438,
      "raw_date": "1991-01-24"
    },
    "OC43/human/USA/911_66/1991": {
      "branch_length": 0.0,
      "clock_length": 0.0,
      "date": "1991-01-29",
      "mutation_length": 1.170118868613622e-18,
      "num_date_confidence": [
        1991.0780821917808,
        1991.0780821917808
      ],
      "numdate": 1991.0780821917808,
      "raw_date": "1991-01-29"
    },
    "OC43/human/USA/912_10/1991": {
      "branch_length": 1.4511137033247634e-05,
      "clock_length": 1.4511137033247634e-05,
      "date": "1991-02-07",
      "mutation_length": 1.170118868613622e-18,
      "num_date_confidence": [
        1991.1027397260275,
        1991.1027397260275
      ],
      "numdate": 1991.1027397260275,
      "raw_date": "1991-02-07"
    },
    "OC43/human/USA/912_11/1991": {
      "branch_length": 1.4511137033247634e-05,
      "clock_length": 1.4511137033247634e-05,
      "date": "1991-02-07",
      "mutation_length": 1.170118868613622e-18,
      "num_date_confidence": [
        1991.1027397260275,
        1991.1027397260275
      ],
      "numdate": 1991.1027397260275,
      "raw_date": "1991-02-07"
    },
    "OC43/human/USA/912_36/1991": {
      "branch_length": 0.0005839810689160039,
      "clock_length": 0.0005839810689160039,
      "date": "1991-02-22",
      "mutation_length": 0.0011968207287174034,
      "num_date_confidence": [
        1991.1438356164383,
        1991.1438356164383
      ],
      "numdate": 1991.1438356164383,
      "raw_date": "1991-02-22"
    },
    "OC43/human/USA/912_6/1991": {
      "branch_length": 0.0,
      "clock_length": 0.0,
      "date": "1991-02-05",
      "mutation_length": 1.170118868613622e-18,
      "num_date_confidence": [
        1991.0972602739726,
        1991.0972602739726
      ],
      "numdate": 1991.0972602739726,
      "raw_date": "1991-02-05"
    },
    "OC43/human/USA/913_29/1991": {
      "branch_length": 0.0,
      "clock_length": 0.0,
      "date": "1991-03-14",
      "mutation_length": 1.170118868613622e-18,
      "num_date_confidence": [
        1991.1986301369864,
        1991.1986301369864
      ],
      "numdate": 1991.1986301369864,
      "raw_date": "1991-03-14"
    },
    "OC43/human/USA/9211_43/1992": {
      "branch_length": 0.00019055161383944343,
      "clock_length": 0.00019055161383944343,
      "date": "1992-11-30",
      "mutation_length": 1.2044860206889755e-18,
      "num_date_confidence": [
        1992.9139344262296,
        1992.9139344262296
      ],
      "numdate": 1992.9139344262296,
      "raw_date": "1992-11-30"
    },
    "OC43/human/USA/9212_33/1992": {
      "branch_length": 0.0,
      "clock_length": 0.0,
      "date": "1992-12-16",
      "mutation_length": 1.2044860206889755e-18,
      "num_date_confidence": [
        1992.957650273224,
        1992.957650273224
      ],
      "numdate": 1992.957650273224,
      "raw_date": "1992-12-16"
    },
    "OC43/human/USA/925_1/1992": {
      "branch_length": 0.0002467059610237613,
      "clock_length": 0.0002467059610237613,
      "date": "1992-05-04",
      "mutation_length": 1.170118868613622e-18,
      "num_date_confidence": [
        1992.3401639344263,
        1992.3401639344263
      ],
      "numdate": 1992.3401639344263,
      "raw_date": "1992-05-04"
    },
    "OC43/human/USA/931_85/1993": {
      "branch_length": 2.425118909307744e-05,
      "clock_length": 2.425118909307744e-05,
      "date": "1993-01-26",
      "mutation_length": 1.2044860206889755e-18,
      "num_date_confidence": [
        1993.0698630136985,
        1993.0698630136985
      ],
      "numdate": 1993.0698630136985,
      "raw_date": "1993-01-26"
    },
    "OC43/human/USA/951_18/1995": {
      "branch_length": 0.0008502613627831626,
      "clock_length": 0.0008502613627831626,
      "date": "1995-01-12",
      "mutation_length": 1.170118868613622e-18,
      "num_date_confidence": [
        1995.031506849315,
        1995.031506849315
      ],
      "numdate": 1995.031506849315,
      "raw_date": "1995-01-12"
    },
    "OC43/human/USA/9612_29/1996": {
      "branch_length": 0.0,
      "clock_length": 0.0,
      "date": "1996-12-17",
      "mutation_length": 1.2176857162394287e-18,
      "num_date_confidence": [
        1996.9603825136612,
        1996.9603825136612
      ],
      "numdate": 1996.9603825136612,
      "raw_date": "1996-12-17"
    },
    "OC43/human/USA/9612_48/1996": {
      "branch_length": 0.001278947094909011,
      "clock_length": 0.001278947094909011,
      "date": "1996-12-30",
      "mutation_length": 1.170118868613622e-18,
      "num_date_confidence": [
        1996.9959016393443,
        1996.9959016393443
      ],
      "numdate": 1996.9959016393443,
      "raw_date": "1996-12-30"
    },
    "OC43/human/USA/9612_9/1996": {
      "branch_length": 0.00042264253639439763,
      "clock_length": 0.00042264253639439763,
      "date": "1996-12-04",
      "mutation_length": 1.2176857162394287e-18,
      "num_date_confidence": [
        1996.9248633879781,
        1996.9248633879781
      ],
      "numdate": 1996.9248633879781,
      "raw_date": "1996-12-04"
    },
    "OC43/human/USA/965_6/1996": {
      "branch_length": 0.0002920081561842737,
      "clock_length": 0.0002920081561842737,
      "date": "1996-05-10",
      "mutation_length": 0.0011960237902468136,
      "num_date_confidence": [
        1996.3565573770493,
        1996.3565573770493
      ],
      "numdate": 1996.3565573770493,
      "raw_date": "1996-05-10"
    },
    "OC43/human/USA/9712_13/1997": {
      "branch_length": 0.00021254188302311568,
      "clock_length": 0.00021254188302311568,
      "date": "1997-12-11",
      "mutation_length": 1.2176857162394287e-18,
      "num_date_confidence": [
        1997.9438356164383,
        1997.9438356164383
      ],
      "numdate": 1997.9438356164383,
      "raw_date": "1997-12-11"
    },
    "OC43/human/USA/9712_31/1997": {
      "branch_length": 0.0003026843262894721,
      "clock_length": 0.0003026843262894721,
      "date": "1997-12-18",
      "mutation_length": 1.2176857162394287e-18,
      "num_date_confidence": [
        1997.9630136986302,
        1997.9630136986302
      ],
      "numdate": 1997.9630136986302,
      "raw_date": "1997-12-18"
    },
    "OC43/human/USA/971_5/1997": {
      "branch_length": 9.635025243766131e-05,
      "clock_length": 9.635025243766131e-05,
      "date": "1997-01-02",
      "mutation_length": 1.170118868613622e-18,
      "num_date_confidence": [
        1997.004109589041,
        1997.004109589041
      ],
      "numdate": 1997.004109589041,
      "raw_date": "1997-01-02"
    },
    "OC43/human/USA/982_4/1998": {
      "branch_length": 0.000655170478565041,
      "clock_length": 0.000655170478565041,
      "date": "1998-02-05",
      "mutation_length": 0.0011960237902468136,
      "num_date_confidence": [
        1998.0972602739726,
        1998.0972602739726
      ],
      "numdate": 1998.0972602739726,
      "raw_date": "1998-02-05"
    },
    "OC43/human/USA/991_19/1999": {
      "branch_length": 0.0017749861679883716,
      "clock_length": 0.0017749861679883716,
      "date": "1999-01-15",
      "mutation_length": 0.0011960237902468136,
      "num_date_confidence": [
        1999.0397260273974,
        1999.0397260273974
      ],
      "numdate": 1999.0397260273974,
      "raw_date": "1999-01-15"
    },
    "OC43/human/USA/991_5/1999": {
      "branch_length": 0.0008671522719389526,
      "clock_length": 0.0008671522719389526,
      "date": "1999-01-07",
      "mutation_length": 1.170118868613622e-18,
      "num_date_confidence": [
        1999.017808219178,
        1999.017808219178
      ],
      "numdate": 1999.017808219178,
      "raw_date": "1999-01-07"
    },
    "OC43_KLF_01_2018": {
      "branch_length": 0.0005325682852453729,
      "clock_length": 0.0005325682852453729,
      "date": "2018-01-18",
      "mutation_length": 1.185234696550677e-18,
      "num_date_confidence": [
        2018.0479452054794,
        2018.0479452054794
      ],
      "numdate": 2018.0479452054794,
      "raw_date": "2018-01-18"
    },
    "OC43_KLF_02_2017": {
      "branch_length": 0.0004977090053572303,
      "clock_length": 0.0004977090053572303,
      "date": "2017-11-27",
      "mutation_length": 1.2333334165755255e-18,
      "num_date_confidence": [
        2017.9054794520548,
        2017.9054794520548
      ],
      "numdate": 2017.9054794520548,
      "raw_date": "2017-11-27"
    }
  }
}