{
  "alignment": "results/aligned_oc43_membrane.fasta",
  "clock": {
    "intercept": -0.7771662379039586,
    "rate": 0.00039433870277693153,
    "rtt_Tmrca": 1970.8089326032598
  },
  "generated_by": {
    "program": "augur",
    "version": "6.4.1"
  },
  "input_tree": "results/tree_raw_oc43_membrane.nwk",
  "nodes": {
    "HCoV_OC43/Seattle/USA/SC0682/2019": {
      "branch_length": 0.0010185219497448514,
      "clock_length": 0.0010185219497448514,
      "date": "2019-01-01",
      "mutation_length": 5.864870195242274e-18,
      "num_date_confidence": [
        2019.0013698630137,
        2019.8883604152957
      ],
      "numdate": 2019.0013698630137,
      "raw_date": "2019-XX-XX"
    },
    "HCoV_OC43/Seattle/USA/SC0776/2019": {
      "branch_length": 0.001024565385261997,
      "clock_length": 0.001024565385261997,
      "date": "2019-01-01",
      "mutation_length": 5.821682597896916e-18,
      "num_date_confidence": [
        2019.0013698630137,
        2019.889196047779
      ],
      "numdate": 2019.0013698630137,
      "raw_date": "2019-XX-XX"
    },
    "HCoV_OC43/Seattle/USA/SC0810/2019": {
      "branch_length": 0.0009802409357680094,
      "clock_length": 0.0009802409357680094,
      "date": "2019-01-01",
      "mutation_length": 5.864870195242274e-18,
      "num_date_confidence": [
        2019.0013698630137,
        2019.8860767621775
      ],
      "numdate": 2019.0013698630137,
      "raw_date": "2019-XX-XX"
    },
    "HCoV_OC43/Seattle/USA/SC0839/2019": {
      "branch_length": 0.0009812492325866266,
      "clock_length": 0.0009812492325866266,
      "date": "2019-01-01",
      "mutation_length": 5.864870195242274e-18,
      "num_date_confidence": [
        2019.0013698630137,
        2019.8869545646996
      ],
      "numdate": 2019.0013698630137,
      "raw_date": "2019-XX-XX"
    },
    "HCoV_OC43/Seattle/USA/SC2269/2016": {
      "branch_length": 0.00013850632711334319,
      "clock_length": 0.00013850632711334319,
      "date": "2016-11-18",
      "mutation_length": 5.864870195242274e-18,
      "num_date_confidence": [
        2016.1649773240354,
        2016.9986338797814
      ],
      "numdate": 2016.8810138523438,
      "raw_date": "2016-XX-XX"
    },
    "HCoV_OC43/Seattle/USA/SC2345/2015": {
      "branch_length": 0.00014504095536180327,
      "clock_length": 0.00014504095536180327,
      "date": "2015-10-08",
      "mutation_length": 5.864870195242274e-18,
      "num_date_confidence": [
        2015.0013698630137,
        2015.9986301369863
      ],
      "numdate": 2015.7677415235294,
      "raw_date": "2015-XX-XX"
    },
    "HCoV_OC43/Seattle/USA/SC2476/2015": {
      "branch_length": 0.00016725629741114667,
      "clock_length": 0.00016725629741114667,
      "date": "2015-10-11",
      "mutation_length": 5.247374005785759e-18,
      "num_date_confidence": [
        2015.0013698630137,
        2015.9986301369863
      ],
      "numdate": 2015.7765776405613,
      "raw_date": "2015-XX-XX"
    },
    "HCoV_OC43/Seattle/USA/SC2481/2015": {
      "branch_length": 0.00014504095536180327,
      "clock_length": 0.00014504095536180327,
      "date": "2015-10-08",
      "mutation_length": 5.864870195242274e-18,
      "num_date_confidence": [
        2015.0013698630137,
        2015.9986301369863
      ],
      "numdate": 2015.7677415235294,
      "raw_date": "2015-XX-XX"
    },
    "HCoV_OC43/Seattle/USA/SC2730/2015": {
      "branch_length": 0.00014504095536180327,
      "clock_length": 0.00014504095536180327,
      "date": "2015-10-08",
      "mutation_length": 5.864870195242274e-18,
      "num_date_confidence": [
        2015.0013698630137,
        2015.9986301369863
      ],
      "numdate": 2015.7677415235294,
      "raw_date": "2015-XX-XX"
    },
    "HCoV_OC43/Seattle/USA/SC2770/2015": {
      "branch_length": 0.00014504095536180327,
      "clock_length": 0.00014504095536180327,
      "date": "2015-10-08",
      "mutation_length": 5.864870195242274e-18,
      "num_date_confidence": [
        2015.0013698630137,
        2015.9986301369863
      ],
      "numdate": 2015.7677415235294,
      "raw_date": "2015-XX-XX"
    },
    "HCoV_OC43/Seattle/USA/SC2854/2015": {
      "branch_length": 0.00014504095536180327,
      "clock_length": 0.00014504095536180327,
      "date": "2015-10-08",
      "mutation_length": 5.864870195242274e-18,
      "num_date_confidence": [
        2015.0013698630137,
        2015.9986301369863
      ],
      "numdate": 2015.7677415235294,
      "raw_date": "2015-XX-XX"
    },
    "HCoV_OC43/Seattle/USA/SC2924/2015": {
      "branch_length": 0.00014504095536180327,
      "clock_length": 0.00014504095536180327,
      "date": "2015-10-08",
      "mutation_length": 5.864870195242274e-18,
      "num_date_confidence": [
        2015.0013698630137,
        2015.9986301369863
      ],
      "numdate": 2015.7677415235294,
      "raw_date": "2015-XX-XX"
    },
    "HCoV_OC43/Seattle/USA/SC3118/2015": {
      "branch_length": 0.00014504095536180327,
      "clock_length": 0.00014504095536180327,
      "date": "2015-10-08",
      "mutation_length": 5.864870195242274e-18,
      "num_date_confidence": [
        2015.0013698630137,
        2015.9986301369863
      ],
      "numdate": 2015.7677415235294,
      "raw_date": "2015-XX-XX"
    },
    "HCoV_OC43/Seattle/USA/SC622/2016": {
      "branch_length": 0.00013850632711334319,
      "clock_length": 0.00013850632711334319,
      "date": "2016-11-18",
      "mutation_length": 5.864870195242274e-18,
      "num_date_confidence": [
        2016.1649773240354,
        2016.9986338797814
      ],
      "numdate": 2016.8810138523438,
      "raw_date": "2016-XX-XX"
    },
    "HCoV_OC43/Seattle/USA/SC831/2016": {
      "branch_length": 0.0005970529844665233,
      "clock_length": 0.0005970529844665233,
      "date": "2016-11-30",
      "mutation_length": 0.0014536414561611422,
      "num_date_confidence": [
        2016.0013661202186,
        2016.9986338797814
      ],
      "numdate": 2016.9139947974832,
      "raw_date": "2016-XX-XX"
    },
    "HCoV_OC43/Seattle/USA/SC9428/2018": {
      "branch_length": 0.0029131541024859345,
      "clock_length": 0.0029131541024859345,
      "date": "2019-01-01",
      "mutation_length": 0.0014586511058399788,
      "num_date_confidence": [
        2019.0013698630137,
        2019.8927043351157
      ],
      "numdate": 2019.0013698630137,
      "raw_date": "2019-XX-XX"
    },
    "HCoV_OC43/Seattle/USA/SC9430/2018": {
      "branch_length": 0.0009812543165255132,
      "clock_length": 0.0009812543165255132,
      "date": "2019-01-01",
      "mutation_length": 5.864870195242274e-18,
      "num_date_confidence": [
        2019.0013698630137,
        2019.88811077717
      ],
      "numdate": 2019.0013698630137,
      "raw_date": "2019-XX-XX"
    },
    "HCoV_OC43/Seattle/USA/SC9741/2016": {
      "branch_length": 0.0002371681757570173,
      "clock_length": 0.0002371681757570173,
      "date": "2016-01-01",
      "mutation_length": 0.0014559622633300386,
      "num_date_confidence": [
        2016.0013661202186,
        2016.9986338797814
      ],
      "numdate": 2016.0013661202186,
      "raw_date": "2016-XX-XX"
    },
    "HCoV_OC43/UK/London/2011": {
      "branch_length": 0.0,
      "clock_length": 0.0,
      "date": "2011-08-20",
      "mutation_length": 5.094924414553805e-18,
      "num_date_confidence": [
        2011.6342465753426,
        2011.6342465753426
      ],
      "numdate": 2011.6342465753426,
      "raw_date": "2011-08-20"
    },
    "HCoV_OC43/USA/ACRI_0052/2016": {
      "branch_length": 0.0017117294901533488,
      "clock_length": 0.0017117294901533488,
      "date": "2016-03-07",
      "mutation_length": 5.094924414553805e-18,
      "num_date_confidence": [
        2016.181693989071,
        2016.181693989071
      ],
      "numdate": 2016.181693989071,
      "raw_date": "2016-03-07"
    },
    "HCoV_OC43/USA/ACRI_0213/2016": {
      "branch_length": 3.356062011888438e-05,
      "clock_length": 3.356062011888438e-05,
      "date": "2016-12-19",
      "mutation_length": 5.864870195242274e-18,
      "num_date_confidence": [
        2016.9658469945355,
        2016.9658469945355
      ],
      "numdate": 2016.9658469945355,
      "raw_date": "2016-12-19"
    },
    "HCoV_OC43/USA/TCNP_00204/2017": {
      "branch_length": 4.9729422008682e-05,
      "clock_length": 4.9729422008682e-05,
      "date": "2017-01-03",
      "mutation_length": 5.864870195242274e-18,
      "num_date_confidence": [
        2017.0068493150684,
        2017.0068493150684
      ],
      "numdate": 2017.0068493150684,
      "raw_date": "2017-01-03"
    },
    "HCoV_OC43/USA/TCNP_00212/2017": {
      "branch_length": 7.614215385828198e-05,
      "clock_length": 7.614215385828198e-05,
      "date": "2017-01-17",
      "mutation_length": 5.864870195242274e-18,
      "num_date_confidence": [
        2017.045205479452,
        2017.045205479452
      ],
      "numdate": 2017.045205479452,
      "raw_date": "2017-01-17"
    },
    "HCoV_OC43/USA/TCNP_0070/2016": {
      "branch_length": 0.0002705684483965572,
      "clock_length": 0.0002705684483965572,
      "date": "2016-02-01",
      "mutation_length": 0.0014577742363929896,
      "num_date_confidence": [
        2016.0860655737704,
        2016.0860655737704
      ],
      "numdate": 2016.0860655737704,
      "raw_date": "2016-02-01"
    },
    "NODE_0000000": {
      "branch_length": 0.001,
      "clock_length": 0.001,
      "date": "1973-04-16",
      "mutation_length": 0.001,
      "num_date_confidence": [
        1960.323989383836,
        1982.9782834941705
      ],
      "numdate": 1973.288974453569
    },
    "NODE_0000002": {
      "branch_length": 0.0003706950022249189,
      "clock_length": 0.0003706950022249189,
      "date": "1983-12-08",
      "mutation_length": 5.576292312600046e-18,
      "num_date_confidence": [
        1981.4712017379409,
        1987.0094338429687
      ],
      "numdate": 1983.9364457114166
    },
    "NODE_0000003": {
      "branch_length": 0.0009105002036924898,
      "clock_length": 0.0009105002036924898,
      "date": "1986-03-31",
      "mutation_length": 5.576292312600046e-18,
      "num_date_confidence": [
        1984.750465559721,
        1987.0386169809262
      ],
      "numdate": 1986.2453750589057
    },
    "NODE_0000004": {
      "branch_length": 0.0003208059905178383,
      "clock_length": 0.0003208059905178383,
      "date": "1987-01-22",
      "mutation_length": 5.576292312600046e-18,
      "num_date_confidence": [
        1986.1786973511587,
        1987.058904109589
      ],
      "numdate": 1987.058904109589
    },
    "NODE_0000006": {
      "branch_length": 0.00011637108411301916,
      "clock_length": 0.00011637108411301916,
      "date": "1992-11-30",
      "mutation_length": 5.736592051675981e-18,
      "num_date_confidence": [
        1990.618373718715,
        1992.957650273224
      ],
      "numdate": 1992.9139344262296
    },
    "NODE_0000007": {
      "branch_length": 0.00040678300868506566,
      "clock_length": 0.00040678300868506566,
      "date": "1987-04-12",
      "mutation_length": 5.576292312600046e-18,
      "num_date_confidence": [
        1986.1729924466365,
        1988.9694074424167
      ],
      "numdate": 1987.2769324632904
    },
    "NODE_0000008": {
      "branch_length": 0.002591364087512451,
      "clock_length": 0.002591364087512451,
      "date": "1993-11-06",
      "mutation_length": 5.576292312600046e-18,
      "num_date_confidence": [
        1989.9013908436366,
        1995.0287671232877
      ],
      "numdate": 1993.8483495452663
    },
    "NODE_0000009": {
      "branch_length": 0.0004902117814575366,
      "clock_length": 0.0004902117814575366,
      "date": "1995-02-03",
      "mutation_length": 5.576292312600046e-18,
      "num_date_confidence": [
        1993.576435830838,
        1995.1191780821919
      ],
      "numdate": 1995.0914732305791
    },
    "NODE_0000010": {
      "branch_length": 0.00017735243858604637,
      "clock_length": 0.00017735243858604637,
      "date": "1996-04-21",
      "mutation_length": 5.255534563301797e-18,
      "num_date_confidence": [
        1995.4125719769595,
        1996.9248633879781
      ],
      "numdate": 1996.3044638185443
    },
    "NODE_0000011": {
      "branch_length": 0.0004624490282424433,
      "clock_length": 0.0004624490282424433,
      "date": "1989-06-12",
      "mutation_length": 5.736592051675981e-18,
      "num_date_confidence": [
        1988.1883878179162,
        1990.0249183562687
      ],
      "numdate": 1989.4445597533913
    },
    "NODE_0000012": {
      "branch_length": 0.00023685785644326704,
      "clock_length": 0.00023685785644326704,
      "date": "1990-01-17",
      "mutation_length": 5.736592051675981e-18,
      "num_date_confidence": [
        1988.9924048980554,
        1990.045205479452
      ],
      "numdate": 1990.045205479452
    },
    "NODE_0000014": {
      "branch_length": 0.00047633192528023435,
      "clock_length": 0.00047633192528023435,
      "date": "1986-03-25",
      "mutation_length": 5.736592051675981e-18,
      "num_date_confidence": [
        1984.1244801639662,
        1987.070384845153
      ],
      "numdate": 1986.2284738270068
    },
    "NODE_0000015": {
      "branch_length": 0.0001959986363413175,
      "clock_length": 0.0001959986363413175,
      "date": "1986-09-22",
      "mutation_length": 5.736592051675981e-18,
      "num_date_confidence": [
        1985.4325194824098,
        1987.0906718576384
      ],
      "numdate": 1986.7255050211581
    },
    "NODE_0000016": {
      "branch_length": 0.00015199938418339679,
      "clock_length": 0.00015199938418339679,
      "date": "1987-02-10",
      "mutation_length": 5.736592051675981e-18,
      "num_date_confidence": [
        1986.2614140292708,
        1987.1109589041096
      ],
      "numdate": 1987.1109589041096
    },
    "NODE_0000017": {
      "branch_length": 0.0005874872865541756,
      "clock_length": 0.0005874872865541756,
      "date": "1982-12-30",
      "mutation_length": 5.576292312600046e-18,
      "num_date_confidence": [
        1981.6255907850632,
        1983.1493150684933
      ],
      "numdate": 1982.9964035608123
    },
    "NODE_0000019": {
      "branch_length": 0.001492968342469152,
      "clock_length": 0.001492968342469152,
      "date": "2015-05-26",
      "mutation_length": 0.0014577741619585197,
      "num_date_confidence": [
        2015.220081749433,
        2015.583315505301
      ],
      "numdate": 2015.3999334581774
    },
    "NODE_0000020": {
      "branch_length": 0.00024464756141395413,
      "clock_length": 0.00024464756141395413,
      "date": "1996-12-04",
      "mutation_length": 5.255534563301797e-18,
      "num_date_confidence": [
        1995.89399307377,
        1996.9603825136612
      ],
      "numdate": 1996.9248633879781
    },
    "NODE_0000021": {
      "branch_length": 0.0059673489089143925,
      "clock_length": 0.0059673489089143925,
      "date": "2010-04-11",
      "mutation_length": 0.005851536715826405,
      "num_date_confidence": [
        2007.8295984451163,
        2011.1082191780822
      ],
      "numdate": 2010.2743127298636
    },
    "NODE_0000022": {
      "branch_length": 8.15050239226121e-05,
      "clock_length": 8.15050239226121e-05,
      "date": "2011-11-03",
      "mutation_length": 5.094924414553805e-18,
      "num_date_confidence": [
        2009.1970431589552,
        2015.968806303122
      ],
      "numdate": 2011.8409344387164
    },
    "NODE_0000028": {
      "branch_length": 0.0007021742274536981,
      "clock_length": 0.0007021742274536981,
      "date": "1996-04-16",
      "mutation_length": 0.001457400438500863,
      "num_date_confidence": [
        1994.769541487619,
        1996.9838235535287
      ],
      "numdate": 1996.2918273398293
    },
    "NODE_0000029": {
      "branch_length": 0.0005276248096440315,
      "clock_length": 0.0005276248096440315,
      "date": "1988-08-12",
      "mutation_length": 5.3770733009045625e-18,
      "num_date_confidence": [
        1986.4689829598851,
        1990.041357652159
      ],
      "numdate": 1988.6143994395475
    },
    "NODE_0000030": {
      "branch_length": 0.0031859246618292057,
      "clock_length": 0.0031859246618292057,
      "date": "1994-07-06",
      "mutation_length": 0.00583959718276438,
      "num_date_confidence": [
        1992.66286280783,
        1994.8737218882366
      ],
      "numdate": 1994.511189977813
    },
    "NODE_0000031": {
      "branch_length": 0.005182816278053674,
      "clock_length": 0.005182816278053674,
      "date": "1986-06-07",
      "mutation_length": 0.002900226691953911,
      "num_date_confidence": [
        1983.4443093653376,
        1988.387878433485
      ],
      "numdate": 1986.432032037205
    },
    "NODE_0000032": {
      "branch_length": 0.00033296712077826585,
      "clock_length": 0.00033296712077826585,
      "date": "1987-04-11",
      "mutation_length": 0.0014483284393272662,
      "num_date_confidence": [
        1986.9899727658085,
        1989.0050807927294
      ],
      "numdate": 1987.2764003896737
    },
    "NODE_0000033": {
      "branch_length": 0.0005231858638492463,
      "clock_length": 0.0005231858638492463,
      "date": "1989-12-10",
      "mutation_length": 5.3770733009045625e-18,
      "num_date_confidence": [
        1986.4604295307802,
        1990.0616438356165
      ],
      "numdate": 1989.941141806363
    },
    "NODE_0000034": {
      "branch_length": 0.0003241230660585414,
      "clock_length": 0.0003241230660585414,
      "date": "1989-06-09",
      "mutation_length": 5.3770733009045625e-18,
      "num_date_confidence": [
        1987.0303720354245,
        1991.0780821917808
      ],
      "numdate": 1989.4363402325157
    },
    "NODE_0000035": {
      "branch_length": 0.00032421826235459403,
      "clock_length": 0.00032421826235459403,
      "date": "1990-04-05",
      "mutation_length": 5.3770733009045625e-18,
      "num_date_confidence": [
        1988.8624182378485,
        1991.1438356164383
      ],
      "numdate": 1990.2585224329223
    },
    "NODE_0000036": {
      "branch_length": 0.001157599677927829,
      "clock_length": 0.001157599677927829,
      "date": "1990-03-19",
      "mutation_length": 0.0014489628906242638,
      "num_date_confidence": [
        1988.5955426425423,
        1991.0397260273974
      ],
      "numdate": 1990.2119470904565
    },
    "NODE_0000037": {
      "branch_length": 0.0011446351178365424,
      "clock_length": 0.0011446351178365424,
      "date": "1990-03-07",
      "mutation_length": 0.0014489628906242638,
      "num_date_confidence": [
        1988.5588710648326,
        1991.0643835616438
      ],
      "numdate": 1990.1790703781278
    },
    "NODE_0000038": {
      "branch_length": 0.0002776437459292985,
      "clock_length": 0.0002776437459292985,
      "date": "1996-12-30",
      "mutation_length": 5.669198642950823e-18,
      "num_date_confidence": [
        1995.39402926591,
        1997.004109589041
      ],
      "numdate": 1996.9959016393443
    },
    "NODE_0000039": {
      "branch_length": 0.0002486604688428217,
      "clock_length": 0.0002486604688428217,
      "date": "1995-02-21",
      "mutation_length": 5.509693342565045e-18,
      "num_date_confidence": [
        1993.4662157886828,
        1997.6837368655167
      ],
      "numdate": 1995.141765843412
    },
    "NODE_0000040": {
      "branch_length": 0.00044260526455779277,
      "clock_length": 0.00044260526455779277,
      "date": "1996-04-06",
      "mutation_length": 5.509693342565045e-18,
      "num_date_confidence": [
        1994.9013724641268,
        1999.017808219178
      ],
      "numdate": 1996.2641645870326
    },
    "NODE_0000041": {
      "branch_length": 0.0008617691296450396,
      "clock_length": 0.0008617691296450396,
      "date": "1998-06-14",
      "mutation_length": 5.509693342565045e-18,
      "num_date_confidence": [
        1994.8808947707982,
        1999.0214004187028
      ],
      "numdate": 1998.4495172383865
    },
    "NODE_0000043": {
      "branch_length": 0.0032405277148952073,
      "clock_length": 0.0032405277148952073,
      "date": "1981-07-04",
      "mutation_length": 0.007274685957277938,
      "num_date_confidence": [
        1977.9469953790813,
        1983.1290279398304
      ],
      "numdate": 1981.5065997895438
    },
    "NODE_0000044": {
      "branch_length": 0.0005282622864606137,
      "clock_length": 0.0005282622864606137,
      "date": "2011-08-13",
      "mutation_length": 5.848083283397585e-18,
      "num_date_confidence": [
        2010.2899434946794,
        2015.8341361524697
      ],
      "numdate": 2011.6139283515122
    },
    "NODE_0000046": {
      "branch_length": 9.852835311505072e-05,
      "clock_length": 9.852835311505072e-05,
      "date": "2015-08-26",
      "mutation_length": 5.864870195242274e-18,
      "num_date_confidence": [
        2014.728251254642,
        2016.8662880867635
      ],
      "numdate": 2015.6497906302511
    },
    "NODE_0000047": {
      "branch_length": 0.0003031354571568802,
      "clock_length": 0.0003031354571568802,
      "date": "2016-06-02",
      "mutation_length": 5.864870195242274e-18,
      "num_date_confidence": [
        2015.507397245575,
        2016.90541428548
      ],
      "numdate": 2016.418509132955
    },
    "NODE_0000048": {
      "branch_length": 3.727271715822482e-05,
      "clock_length": 3.727271715822482e-05,
      "date": "2016-07-06",
      "mutation_length": 5.864870195242274e-18,
      "num_date_confidence": [
        2016.0674503147402,
        2016.6925966418764
      ],
      "numdate": 2016.5130286840306
    },
    "NODE_0000049": {
      "branch_length": -1.3775564591588267e-05,
      "clock_length": -1.3775564591588267e-05,
      "date": "2016-06-23",
      "mutation_length": 5.864870195242274e-18,
      "num_date_confidence": [
        2016.3942693162753,
        2016.877675250222
      ],
      "numdate": 2016.4780953526213
    },
    "NODE_0000050": {
      "branch_length": 0.0021924939756706105,
      "clock_length": 0.0021924939756706105,
      "date": "1992-08-14",
      "mutation_length": 0.001445777290819359,
      "num_date_confidence": [
        1988.6446567386738,
        1992.9139344262296
      ],
      "numdate": 1992.6188300317242
    },
    "NODE_0000051": {
      "branch_length": 2.03800313920532e-05,
      "clock_length": 2.03800313920532e-05,
      "date": "2016-07-12",
      "mutation_length": 5.864870195242274e-18,
      "num_date_confidence": [
        2015.9957632480382,
        2016.9884893181822
      ],
      "numdate": 2016.529776892497
    },
    "NODE_0000052": {
      "branch_length": 0.0002970920216397348,
      "clock_length": 0.0002970920216397348,
      "date": "2016-05-27",
      "mutation_length": 5.864870195242274e-18,
      "num_date_confidence": [
        2015.5898852924329,
        2016.8115928434897
      ],
      "numdate": 2016.403183638717
    },
    "NODE_0000053": {
      "branch_length": 0.00039233030543980515,
      "clock_length": 0.00039233030543980515,
      "date": "1988-04-09",
      "mutation_length": 0.001445777290819359,
      "num_date_confidence": [
        1986.9954864731922,
        1989.9712328767123
      ],
      "numdate": 1988.2718393863925
    },
    "NODE_0000054": {
      "branch_length": 4.4324449493987486e-05,
      "clock_length": 4.4324449493987486e-05,
      "date": "2016-07-07",
      "mutation_length": 5.864870195242274e-18,
      "num_date_confidence": [
        2016.1254952566344,
        2016.708918853691
      ],
      "numdate": 2016.5155856149418
    },
    "NODE_0000055": {
      "branch_length": -1.0133807575036635e-06,
      "clock_length": -1.0133807575036635e-06,
      "date": "2016-07-06",
      "mutation_length": 5.864870195242274e-18,
      "num_date_confidence": [
        2015.983811832427,
        2016.9252728778577
      ],
      "numdate": 2016.5130157917154
    },
    "NODE_0000056": {
      "branch_length": 0.0013856857573289975,
      "clock_length": 0.0013856857573289975,
      "date": "1985-01-08",
      "mutation_length": 0.001445777290819359,
      "num_date_confidence": [
        1983.0270387468763,
        1985.0205479452054
      ],
      "numdate": 1985.0205479452054
    },
    "NODE_0000057": {
      "branch_length": 0.00013372083723511407,
      "clock_length": 0.00013372083723511407,
      "date": "2016-11-07",
      "mutation_length": 5.864870195242274e-18,
      "num_date_confidence": [
        2016.1670763464438,
        2016.945559906875
      ],
      "numdate": 2016.852117270453
    },
    "NODE_0000058": {
      "branch_length": 1.1287411743038551e-05,
      "clock_length": 1.1287411743038551e-05,
      "date": "2016-11-18",
      "mutation_length": 5.864870195242274e-18,
      "num_date_confidence": [
        2016.6744954442786,
        2016.9658469945355
      ],
      "numdate": 2016.8807409172407
    },
    "NODE_0000060": {
      "branch_length": 0.0035169696529141967,
      "clock_length": 0.0035169696529141967,
      "date": "1995-02-23",
      "mutation_length": 0.004343733717611506,
      "num_date_confidence": [
        1992.432408144682,
        1996.352868183767
      ],
      "numdate": 1995.1471258085337
    },
    "NODE_0000062": {
      "branch_length": 0.00027903073095595504,
      "clock_length": 0.00027903073095595504,
      "date": "1995-11-08",
      "mutation_length": 0.0014411490215840172,
      "num_date_confidence": [
        1994.2489091789475,
        1996.9045762593153
      ],
      "numdate": 1995.8547173510096
    },
    "NODE_0000065": {
      "branch_length": 0.006501509815710053,
      "clock_length": 0.006501509815710053,
      "date": "2011-08-20",
      "mutation_length": 0.008703974619160641,
      "num_date_confidence": [
        2008.7859657596705,
        2011.6342465753426
      ],
      "numdate": 2011.6342465753426
    },
    "NODE_0000066": {
      "branch_length": 0.0013847201373972215,
      "clock_length": 0.0013847201373972215,
      "date": "2015-05-09",
      "mutation_length": 0.001438583772823844,
      "num_date_confidence": [
        2013.9105054846693,
        2015.9884855753946
      ],
      "numdate": 2015.3524338874038
    },
    "OC43/human/Mex/LRTI_238/2011": {
      "branch_length": 0.0003288415870278238,
      "clock_length": 0.0003288415870278238,
      "date": "2011-02-09",
      "mutation_length": 5.848083283397585e-18,
      "num_date_confidence": [
        2011.1082191780822,
        2011.1082191780822
      ],
      "numdate": 2011.1082191780822,
      "raw_date": "2011-02-09"
    },
    "OC43/human/USA/007_11/2000": {
      "branch_length": 0.0008360591300975379,
      "clock_length": 0.0008360591300975379,
      "date": "2000-07-27",
      "mutation_length": 5.509693342565045e-18,
      "num_date_confidence": [
        2000.5696721311476,
        2000.5696721311476
      ],
      "numdate": 2000.5696721311476,
      "raw_date": "2000-07-27"
    },
    "OC43/human/USA/008_5/2000": {
      "branch_length": 0.002151249020403338,
      "clock_length": 0.002151249020403338,
      "date": "2000-08-08",
      "mutation_length": 5.4104638700718784e-18,
      "num_date_confidence": [
        2000.6024590163934,
        2000.6024590163934
      ],
      "numdate": 2000.6024590163934,
      "raw_date": "2000-08-08"
    },
    "OC43/human/USA/832_27/1983": {
      "branch_length": 6.0298925578605375e-05,
      "clock_length": 6.0298925578605375e-05,
      "date": "1983-02-24",
      "mutation_length": 5.576292312600046e-18,
      "num_date_confidence": [
        1983.1493150684933,
        1983.1493150684933
      ],
      "numdate": 1983.1493150684933,
      "raw_date": "1983-02-24"
    },
    "OC43/human/USA/851_15/1985": {
      "branch_length": 0.0,
      "clock_length": 0.0,
      "date": "1985-01-08",
      "mutation_length": 5.736592051675981e-18,
      "num_date_confidence": [
        1985.0205479452054,
        1985.0205479452054
      ],
      "numdate": 1985.0205479452054,
      "raw_date": "1985-01-08"
    },
    "OC43/human/USA/871_25/1987": {
      "branch_length": 0.0,
      "clock_length": 0.0,
      "date": "1987-01-22",
      "mutation_length": 5.576292312600046e-18,
      "num_date_confidence": [
        1987.058904109589,
        1987.058904109589
      ],
      "numdate": 1987.058904109589,
      "raw_date": "1987-01-22"
    },
    "OC43/human/USA/872_5/1987": {
      "branch_length": 0.0,
      "clock_length": 0.0,
      "date": "1987-02-10",
      "mutation_length": 5.736592051675981e-18,
      "num_date_confidence": [
        1987.1109589041096,
        1987.1109589041096
      ],
      "numdate": 1987.1109589041096,
      "raw_date": "1987-02-10"
    },
    "OC43/human/USA/873_16/1987": {
      "branch_length": 3.241140022821644e-05,
      "clock_length": 3.241140022821644e-05,
      "date": "1987-03-12",
      "mutation_length": 5.736592051675981e-18,
      "num_date_confidence": [
        1987.1931506849314,
        1987.1931506849314
      ],
      "numdate": 1987.1931506849314,
      "raw_date": "1987-03-12"
    },
    "OC43/human/USA/873_19/1987": {
      "branch_length": 0.00018981268444966462,
      "clock_length": 0.00018981268444966462,
      "date": "1987-03-17",
      "mutation_length": 5.736592051675981e-18,
      "num_date_confidence": [
        1987.2068493150684,
        1987.2068493150684
      ],
      "numdate": 1987.2068493150684,
      "raw_date": "1987-03-17"
    },
    "OC43/human/USA/873_6/1987": {
      "branch_length": 0.0012766821545298328,
      "clock_length": 0.0012766821545298328,
      "date": "1987-03-05",
      "mutation_length": 0.0014451870045553187,
      "num_date_confidence": [
        1987.1739726027397,
        1987.1739726027397
      ],
      "numdate": 1987.1739726027397,
      "raw_date": "1987-03-05"
    },
    "OC43/human/USA/8912_37/1989": {
      "branch_length": 0.0006701366244802696,
      "clock_length": 0.0006701366244802696,
      "date": "1989-12-21",
      "mutation_length": 5.736592051675981e-18,
      "num_date_confidence": [
        1989.9712328767123,
        1989.9712328767123
      ],
      "numdate": 1989.9712328767123,
      "raw_date": "1989-12-21"
    },
    "OC43/human/USA/901_33/1990": {
      "branch_length": 0.00023577747643567515,
      "clock_length": 0.00023577747643567515,
      "date": "1990-01-16",
      "mutation_length": 5.736592051675981e-18,
      "num_date_confidence": [
        1990.0424657534247,
        1990.0424657534247
      ],
      "numdate": 1990.0424657534247,
      "raw_date": "1990-01-16"
    },
    "OC43/human/USA/901_41/1990": {
      "branch_length": 0.0,
      "clock_length": 0.0,
      "date": "1990-01-17",
      "mutation_length": 5.736592051675981e-18,
      "num_date_confidence": [
        1990.045205479452,
        1990.045205479452
      ],
      "numdate": 1990.045205479452,
      "raw_date": "1990-01-17"
    },
    "OC43/human/USA/901_43/1990": {
      "branch_length": 2.160760015185517e-06,
      "clock_length": 2.160760015185517e-06,
      "date": "1990-01-19",
      "mutation_length": 5.736592051675981e-18,
      "num_date_confidence": [
        1990.0506849315068,
        1990.0506849315068
      ],
      "numdate": 1990.0506849315068,
      "raw_date": "1990-01-19"
    },
    "OC43/human/USA/901_54/1990": {
      "branch_length": 4.751861389779878e-05,
      "clock_length": 4.751861389779878e-05,
      "date": "1990-01-23",
      "mutation_length": 5.3770733009045625e-18,
      "num_date_confidence": [
        1990.0616438356165,
        1990.0616438356165
      ],
      "numdate": 1990.0616438356165,
      "raw_date": "1990-01-23"
    },
    "OC43/human/USA/911_11/1991": {
      "branch_length": 0.00042024971652252635,
      "clock_length": 0.00042024971652252635,
      "date": "1991-01-03",
      "mutation_length": 5.3770733009045625e-18,
      "num_date_confidence": [
        1991.0068493150684,
        1991.0068493150684
      ],
      "numdate": 1991.0068493150684,
      "raw_date": "1991-01-03"
    },
    "OC43/human/USA/911_38/1991": {
      "branch_length": 0.00032642527217935195,
      "clock_length": 0.00032642527217935195,
      "date": "1991-01-15",
      "mutation_length": 5.534155608656973e-18,
      "num_date_confidence": [
        1991.0397260273974,
        1991.0397260273974
      ],
      "numdate": 1991.0397260273974,
      "raw_date": "1991-01-15"
    },
    "OC43/human/USA/911_58/1991": {
      "branch_length": 0.0003491132523390592,
      "clock_length": 0.0003491132523390592,
      "date": "1991-01-24",
      "mutation_length": 5.534155608656973e-18,
      "num_date_confidence": [
        1991.0643835616438,
        1991.0643835616438
      ],
      "numdate": 1991.0643835616438,
      "raw_date": "1991-01-24"
    },
    "OC43/human/USA/911_66/1991": {
      "branch_length": 0.0006474023945110801,
      "clock_length": 0.0006474023945110801,
      "date": "1991-01-29",
      "mutation_length": 5.3770733009045625e-18,
      "num_date_confidence": [
        1991.0780821917808,
        1991.0780821917808
      ],
      "numdate": 1991.0780821917808,
      "raw_date": "1991-01-29"
    },
    "OC43/human/USA/912_10/1991": {
      "branch_length": 0.0015088736902821621,
      "clock_length": 0.0015088736902821621,
      "date": "1991-02-07",
      "mutation_length": 0.001446900569956108,
      "num_date_confidence": [
        1991.1027397260275,
        1991.1027397260275
      ],
      "numdate": 1991.1027397260275,
      "raw_date": "1991-02-07"
    },
    "OC43/human/USA/912_11/1991": {
      "branch_length": 0.0015088736902821621,
      "clock_length": 0.0015088736902821621,
      "date": "1991-02-07",
      "mutation_length": 0.0014483279478762876,
      "num_date_confidence": [
        1991.1027397260275,
        1991.1027397260275
      ],
      "numdate": 1991.1027397260275,
      "raw_date": "1991-02-07"
    },
    "OC43/human/USA/912_36/1991": {
      "branch_length": 0.0003491132523390592,
      "clock_length": 0.0003491132523390592,
      "date": "1991-02-22",
      "mutation_length": 5.3770733009045625e-18,
      "num_date_confidence": [
        1991.1438356164383,
        1991.1438356164383
      ],
      "numdate": 1991.1438356164383,
      "raw_date": "1991-02-22"
    },
    "OC43/human/USA/912_6/1991": {
      "branch_length": 0.0003491132523390592,
      "clock_length": 0.0003491132523390592,
      "date": "1991-02-05",
      "mutation_length": 5.534155608656973e-18,
      "num_date_confidence": [
        1991.0972602739726,
        1991.0972602739726
      ],
      "numdate": 1991.0972602739726,
      "raw_date": "1991-02-05"
    },
    "OC43/human/USA/913_29/1991": {
      "branch_length": 0.0003707208524912648,
      "clock_length": 0.0003707208524912648,
      "date": "1991-03-14",
      "mutation_length": 5.3770733009045625e-18,
      "num_date_confidence": [
        1991.1986301369864,
        1991.1986301369864
      ],
      "numdate": 1991.1986301369864,
      "raw_date": "1991-03-14"
    },
    "OC43/human/USA/9211_43/1992": {
      "branch_length": 0.00011637108411301916,
      "clock_length": 0.00011637108411301916,
      "date": "1992-11-30",
      "mutation_length": 5.736592051675981e-18,
      "num_date_confidence": [
        1992.9139344262296,
        1992.9139344262296
      ],
      "numdate": 1992.9139344262296,
      "raw_date": "1992-11-30"
    },
    "OC43/human/USA/9212_33/1992": {
      "branch_length": 1.7238850394596036e-05,
      "clock_length": 1.7238850394596036e-05,
      "date": "1992-12-16",
      "mutation_length": 5.736592051675981e-18,
      "num_date_confidence": [
        1992.957650273224,
        1992.957650273224
      ],
      "numdate": 1992.957650273224,
      "raw_date": "1992-12-16"
    },
    "OC43/human/USA/925_1/1992": {
      "branch_length": 0.0008522028295703775,
      "clock_length": 0.0008522028295703775,
      "date": "1992-05-04",
      "mutation_length": 5.534155608656973e-18,
      "num_date_confidence": [
        1992.3401639344263,
        1992.3401639344263
      ],
      "numdate": 1992.3401639344263,
      "raw_date": "1992-05-04"
    },
    "OC43/human/USA/931_85/1993": {
      "branch_length": 6.148867690832817e-05,
      "clock_length": 6.148867690832817e-05,
      "date": "1993-01-26",
      "mutation_length": 5.736592051675981e-18,
      "num_date_confidence": [
        1993.0698630136985,
        1993.0698630136985
      ],
      "numdate": 1993.0698630136985,
      "raw_date": "1993-01-26"
    },
    "OC43/human/USA/951_15/1995": {
      "branch_length": 0.0004654843364520784,
      "clock_length": 0.0004654843364520784,
      "date": "1995-01-11",
      "mutation_length": 5.576292312600046e-18,
      "num_date_confidence": [
        1995.0287671232877,
        1995.0287671232877
      ],
      "numdate": 1995.0287671232877,
      "raw_date": "1995-01-11"
    },
    "OC43/human/USA/951_18/1995": {
      "branch_length": 0.0002051810801411008,
      "clock_length": 0.0002051810801411008,
      "date": "1995-01-12",
      "mutation_length": 0.0014553139059797022,
      "num_date_confidence": [
        1995.031506849315,
        1995.031506849315
      ],
      "numdate": 1995.031506849315,
      "raw_date": "1995-01-12"
    },
    "OC43/human/USA/952_23/1995": {
      "branch_length": 1.0925095245627528e-05,
      "clock_length": 1.0925095245627528e-05,
      "date": "1995-02-13",
      "mutation_length": 5.576292312600046e-18,
      "num_date_confidence": [
        1995.1191780821919,
        1995.1191780821919
      ],
      "numdate": 1995.1191780821919,
      "raw_date": "1995-02-13"
    },
    "OC43/human/USA/953_23/1995": {
      "branch_length": 3.685421542820068e-05,
      "clock_length": 3.685421542820068e-05,
      "date": "1995-03-09",
      "mutation_length": 5.576292312600046e-18,
      "num_date_confidence": [
        1995.1849315068494,
        1995.1849315068494
      ],
      "numdate": 1995.1849315068494,
      "raw_date": "1995-03-09"
    },
    "OC43/human/USA/9612_29/1996": {
      "branch_length": 1.400656594564148e-05,
      "clock_length": 1.400656594564148e-05,
      "date": "1996-12-17",
      "mutation_length": 5.255534563301797e-18,
      "num_date_confidence": [
        1996.9603825136612,
        1996.9603825136612
      ],
      "numdate": 1996.9603825136612,
      "raw_date": "1996-12-17"
    },
    "OC43/human/USA/9612_48/1996": {
      "branch_length": 0.0002776437459292985,
      "clock_length": 0.0002776437459292985,
      "date": "1996-12-30",
      "mutation_length": 5.669198642950823e-18,
      "num_date_confidence": [
        1996.9959016393443,
        1996.9959016393443
      ],
      "numdate": 1996.9959016393443,
      "raw_date": "1996-12-30"
    },
    "OC43/human/USA/9612_9/1996": {
      "branch_length": 0.00024464756141395413,
      "clock_length": 0.00024464756141395413,
      "date": "1996-12-04",
      "mutation_length": 5.255534563301797e-18,
      "num_date_confidence": [
        1996.9248633879781,
        1996.9248633879781
      ],
      "numdate": 1996.9248633879781,
      "raw_date": "1996-12-04"
    },
    "OC43/human/USA/965_6/1996": {
      "branch_length": 0.0007276997863617015,
      "clock_length": 0.0007276997863617015,
      "date": "1996-05-10",
      "mutation_length": 0.001457400438500863,
      "num_date_confidence": [
        1996.3565573770493,
        1996.3565573770493
      ],
      "numdate": 1996.3565573770493,
      "raw_date": "1996-05-10"
    },
    "OC43/human/USA/9712_13/1997": {
      "branch_length": 0.000401820186736691,
      "clock_length": 0.000401820186736691,
      "date": "1997-12-11",
      "mutation_length": 5.255534563301797e-18,
      "num_date_confidence": [
        1997.9438356164383,
        1997.9438356164383
      ],
      "numdate": 1997.9438356164383,
      "raw_date": "1997-12-11"
    },
    "OC43/human/USA/9712_31/1997": {
      "branch_length": 0.0008313828467900169,
      "clock_length": 0.0008313828467900169,
      "date": "1997-12-18",
      "mutation_length": 0.001441383814527506,
      "num_date_confidence": [
        1997.9630136986302,
        1997.9630136986302
      ],
      "numdate": 1997.9630136986302,
      "raw_date": "1997-12-18"
    },
    "OC43/human/USA/971_5/1997": {
      "branch_length": 3.2367122358642475e-06,
      "clock_length": 3.2367122358642475e-06,
      "date": "1997-01-02",
      "mutation_length": 5.669198642950823e-18,
      "num_date_confidence": [
        1997.004109589041,
        1997.004109589041
      ],
      "numdate": 1997.004109589041,
      "raw_date": "1997-01-02"
    },
    "OC43/human/USA/982_4/1998": {
      "branch_length": 0.0004343083352714716,
      "clock_length": 0.0004343083352714716,
      "date": "1998-02-05",
      "mutation_length": 5.669198642950823e-18,
      "num_date_confidence": [
        1998.0972602739726,
        1998.0972602739726
      ],
      "numdate": 1998.0972602739726,
      "raw_date": "1998-02-05"
    },
    "OC43/human/USA/991_19/1999": {
      "branch_length": 0.00023274216822603833,
      "clock_length": 0.00023274216822603833,
      "date": "1999-01-15",
      "mutation_length": 5.509693342565045e-18,
      "num_date_confidence": [
        1999.0397260273974,
        1999.0397260273974
      ],
      "numdate": 1999.0397260273974,
      "raw_date": "1999-01-15"
    },
    "OC43/human/USA/991_5/1999": {
      "branch_length": 0.0010858682578101606,
      "clock_length": 0.0010858682578101606,
      "date": "1999-01-07",
      "mutation_length": 5.509693342565045e-18,
      "num_date_confidence": [
        1999.017808219178,
        1999.017808219178
      ],
      "numdate": 1999.017808219178,
      "raw_date": "1999-01-07"
    },
    "OC43_KLF_01_2018": {
      "branch_length": 0.0006190525545306217,
      "clock_length": 0.0006190525545306217,
      "date": "2018-01-18",
      "mutation_length": 5.864870195242274e-18,
      "num_date_confidence": [
        2018.0479452054794,
        2018.0479452054794
      ],
      "numdate": 2018.0479452054794,
      "raw_date": "2018-01-18"
    },
    "OC43_KLF_02_2017": {
      "branch_length": 0.0010067646760949186,
      "clock_length": 0.0010067646760949186,
      "date": "2017-11-27",
      "mutation_length": 0.001440622618017075,
      "num_date_confidence": [
        2017.9054794520548,
        2017.9054794520548
      ],
      "numdate": 2017.9054794520548,
      "raw_date": "2017-11-27"
    }
  }
}