{
  "alignment": "results/aligned_oc43_envelope.fasta",
  "clock": {
    "intercept": -0.4322072642293853,
    "rate": 0.00021910761556877755,
    "rtt_Tmrca": 1972.5798352897327
  },
  "generated_by": {
    "program": "augur",
    "version": "6.4.1"
  },
  "input_tree": "results/tree_raw_oc43_envelope.nwk",
  "nodes": {
    "HCoV_OC43/Seattle/USA/SC0682/2019": {
      "branch_length": 0.0005204949745722114,
      "clock_length": 0.0005204949745722114,
      "date": "2019-01-01",
      "mutation_length": 9.234581513099078e-19,
      "num_date_confidence": [
        2019.0013698630137,
        2019.8955479454107
      ],
      "numdate": 2019.0013698630137,
      "raw_date": "2019-XX-XX"
    },
    "HCoV_OC43/Seattle/USA/SC0776/2019": {
      "branch_length": 0.0006424570932815072,
      "clock_length": 0.0006424570932815072,
      "date": "2019-08-21",
      "mutation_length": 9.234581513099078e-19,
      "num_date_confidence": [
        2019.0013698630137,
        2019.9986301369863
      ],
      "numdate": 2019.636105632691,
      "raw_date": "2019-XX-XX"
    },
    "HCoV_OC43/Seattle/USA/SC0810/2019": {
      "branch_length": 0.0006424570932815072,
      "clock_length": 0.0006424570932815072,
      "date": "2019-08-21",
      "mutation_length": 9.234581513099078e-19,
      "num_date_confidence": [
        2019.0013698630137,
        2019.9986301369863
      ],
      "numdate": 2019.636105632691,
      "raw_date": "2019-XX-XX"
    },
    "HCoV_OC43/Seattle/USA/SC0839/2019": {
      "branch_length": 0.0023320994264771763,
      "clock_length": 0.0023320994264771763,
      "date": "2019-01-01",
      "mutation_length": 0.0039268720615778865,
      "num_date_confidence": [
        2019.0013698630137,
        2019.9986301369863
      ],
      "numdate": 2019.0013698630137,
      "raw_date": "2019-XX-XX"
    },
    "HCoV_OC43/Seattle/USA/SC0841/2019": {
      "branch_length": 0.004373748183655078,
      "clock_length": 0.004373748183655078,
      "date": "2019-01-01",
      "mutation_length": 8.854610487386432e-19,
      "num_date_confidence": [
        2019.0013698630137,
        2019.896771501418
      ],
      "numdate": 2019.0013698630137,
      "raw_date": "2019-XX-XX"
    },
    "HCoV_OC43/Seattle/USA/SC2269/2016": {
      "branch_length": 0.0001426361792512509,
      "clock_length": 0.0001426361792512509,
      "date": "2016-08-21",
      "mutation_length": 9.234581513099078e-19,
      "num_date_confidence": [
        2016.0013661202186,
        2016.9986338797814
      ],
      "numdate": 2016.6376687079535,
      "raw_date": "2016-XX-XX"
    },
    "HCoV_OC43/Seattle/USA/SC2345/2015": {
      "branch_length": 3.394010090494097e-05,
      "clock_length": 3.394010090494097e-05,
      "date": "2015-01-01",
      "mutation_length": 9.234581513099078e-19,
      "num_date_confidence": [
        2015.0013698630137,
        2015.9986301369863
      ],
      "numdate": 2015.0013698630137,
      "raw_date": "2015-XX-XX"
    },
    "HCoV_OC43/Seattle/USA/SC2476/2015": {
      "branch_length": 4.235442628799046e-05,
      "clock_length": 4.235442628799046e-05,
      "date": "2015-01-23",
      "mutation_length": 9.83216459759047e-19,
      "num_date_confidence": [
        2015.0013698630137,
        2015.9986301369863
      ],
      "numdate": 2015.0606376712813,
      "raw_date": "2015-XX-XX"
    },
    "HCoV_OC43/Seattle/USA/SC2481/2015": {
      "branch_length": 3.394010090494097e-05,
      "clock_length": 3.394010090494097e-05,
      "date": "2015-01-01",
      "mutation_length": 9.234581513099078e-19,
      "num_date_confidence": [
        2015.0013698630137,
        2015.9986301369863
      ],
      "numdate": 2015.0013698630137,
      "raw_date": "2015-XX-XX"
    },
    "HCoV_OC43/Seattle/USA/SC2730/2015": {
      "branch_length": 3.2190765313091195e-06,
      "clock_length": 3.2190765313091195e-06,
      "date": "2015-01-01",
      "mutation_length": 9.234581513099078e-19,
      "num_date_confidence": [
        2015.0013698630137,
        2015.9986301369863
      ],
      "numdate": 2015.0013698630137,
      "raw_date": "2015-XX-XX"
    },
    "HCoV_OC43/Seattle/USA/SC2770/2015": {
      "branch_length": 3.2190765313091195e-06,
      "clock_length": 3.2190765313091195e-06,
      "date": "2015-01-01",
      "mutation_length": 9.234581513099078e-19,
      "num_date_confidence": [
        2015.0013698630137,
        2015.9986301369863
      ],
      "numdate": 2015.0013698630137,
      "raw_date": "2015-XX-XX"
    },
    "HCoV_OC43/Seattle/USA/SC2854/2015": {
      "branch_length": 3.394010090494097e-05,
      "clock_length": 3.394010090494097e-05,
      "date": "2015-01-01",
      "mutation_length": 9.234581513099078e-19,
      "num_date_confidence": [
        2015.0013698630137,
        2015.9986301369863
      ],
      "numdate": 2015.0013698630137,
      "raw_date": "2015-XX-XX"
    },
    "HCoV_OC43/Seattle/USA/SC2924/2015": {
      "branch_length": 0.0019748998218796446,
      "clock_length": 0.0019748998218796446,
      "date": "2015-01-01",
      "mutation_length": 0.003926429718865104,
      "num_date_confidence": [
        2015.0013698630137,
        2015.9986301369863
      ],
      "numdate": 2015.0013698630137,
      "raw_date": "2015-XX-XX"
    },
    "HCoV_OC43/Seattle/USA/SC3118/2015": {
      "branch_length": 3.394010090494097e-05,
      "clock_length": 3.394010090494097e-05,
      "date": "2015-01-01",
      "mutation_length": 9.234581513099078e-19,
      "num_date_confidence": [
        2015.0013698630137,
        2015.9986301369863
      ],
      "numdate": 2015.0013698630137,
      "raw_date": "2015-XX-XX"
    },
    "HCoV_OC43/Seattle/USA/SC622/2016": {
      "branch_length": 0.0001426361792512509,
      "clock_length": 0.0001426361792512509,
      "date": "2016-08-21",
      "mutation_length": 9.234581513099078e-19,
      "num_date_confidence": [
        2016.0013661202186,
        2016.9986338797814
      ],
      "numdate": 2016.6376687079535,
      "raw_date": "2016-XX-XX"
    },
    "HCoV_OC43/Seattle/USA/SC831/2016": {
      "branch_length": 0.0001426361792512509,
      "clock_length": 0.0001426361792512509,
      "date": "2016-08-21",
      "mutation_length": 9.234581513099078e-19,
      "num_date_confidence": [
        2016.0013661202186,
        2016.9986338797814
      ],
      "numdate": 2016.6376687079535,
      "raw_date": "2016-XX-XX"
    },
    "HCoV_OC43/Seattle/USA/SC9428/2018": {
      "branch_length": 0.004038525340913616,
      "clock_length": 0.004038525340913616,
      "date": "2019-01-01",
      "mutation_length": 8.901421758373487e-19,
      "num_date_confidence": [
        2019.0013698630137,
        2019.897337911277
      ],
      "numdate": 2019.0013698630137,
      "raw_date": "2019-XX-XX"
    },
    "HCoV_OC43/Seattle/USA/SC9430/2018": {
      "branch_length": 0.00048395776330571467,
      "clock_length": 0.00048395776330571467,
      "date": "2019-01-01",
      "mutation_length": 9.234581513099078e-19,
      "num_date_confidence": [
        2019.0013698630137,
        2019.895942212189
      ],
      "numdate": 2019.0013698630137,
      "raw_date": "2019-XX-XX"
    },
    "HCoV_OC43/Seattle/USA/SC9741/2016": {
      "branch_length": 0.0001426361792512509,
      "clock_length": 0.0001426361792512509,
      "date": "2016-08-21",
      "mutation_length": 9.234581513099078e-19,
      "num_date_confidence": [
        2016.0013661202186,
        2016.9986338797814
      ],
      "numdate": 2016.6376687079535,
      "raw_date": "2016-XX-XX"
    },
    "HCoV_OC43/UK/London/2011": {
      "branch_length": 0.0036185630753382235,
      "clock_length": 0.0036185630753382235,
      "date": "2011-08-20",
      "mutation_length": 0.003943244870707101,
      "num_date_confidence": [
        2011.6342465753426,
        2011.6342465753426
      ],
      "numdate": 2011.6342465753426,
      "raw_date": "2011-08-20"
    },
    "HCoV_OC43/USA/ACRI_0052/2016": {
      "branch_length": 0.0002548165463971897,
      "clock_length": 0.0002548165463971897,
      "date": "2016-03-07",
      "mutation_length": 9.83216459759047e-19,
      "num_date_confidence": [
        2016.181693989071,
        2016.181693989071
      ],
      "numdate": 2016.181693989071,
      "raw_date": "2016-03-07"
    },
    "HCoV_OC43/USA/ACRI_0213/2016": {
      "branch_length": 7.449641242423231e-05,
      "clock_length": 7.449641242423231e-05,
      "date": "2016-12-19",
      "mutation_length": 9.234581513099078e-19,
      "num_date_confidence": [
        2016.9658469945355,
        2016.9658469945355
      ],
      "numdate": 2016.9658469945355,
      "raw_date": "2016-12-19"
    },
    "HCoV_OC43/USA/TCNP_00204/2017": {
      "branch_length": 8.803379230854056e-05,
      "clock_length": 8.803379230854056e-05,
      "date": "2017-01-03",
      "mutation_length": 9.234581513099078e-19,
      "num_date_confidence": [
        2017.0068493150684,
        2017.0068493150684
      ],
      "numdate": 2017.0068493150684,
      "raw_date": "2017-01-03"
    },
    "HCoV_OC43/USA/TCNP_00212/2017": {
      "branch_length": 9.643792002901391e-05,
      "clock_length": 9.643792002901391e-05,
      "date": "2017-01-17",
      "mutation_length": 9.234581513099078e-19,
      "num_date_confidence": [
        2017.045205479452,
        2017.045205479452
      ],
      "numdate": 2017.045205479452,
      "raw_date": "2017-01-17"
    },
    "HCoV_OC43/USA/TCNP_0070/2016": {
      "branch_length": 0.0002716051917065229,
      "clock_length": 0.0002716051917065229,
      "date": "2016-02-01",
      "mutation_length": 9.234581513099078e-19,
      "num_date_confidence": [
        2016.0860655737704,
        2016.0860655737704
      ],
      "numdate": 2016.0860655737704,
      "raw_date": "2016-02-01"
    },
    "NODE_0000000": {
      "branch_length": 0.001,
      "clock_length": 0.001,
      "date": "1958-12-05",
      "mutation_length": 0.001,
      "num_date_confidence": [
        1738.2450141925801,
        1983.060279516947
      ],
      "numdate": 1958.9285571999308
    },
    "NODE_0000003": {
      "branch_length": 0.00034392382121932897,
      "clock_length": 0.00034392382121932897,
      "date": "1990-06-19",
      "mutation_length": 9.478539094736086e-19,
      "num_date_confidence": [
        1988.000063449619,
        1994.9922573162341
      ],
      "numdate": 1990.4633258733472
    },
    "NODE_0000004": {
      "branch_length": 0.0010201326759205886,
      "clock_length": 0.0010201326759205886,
      "date": "1995-02-13",
      "mutation_length": 9.478539094736086e-19,
      "num_date_confidence": [
        1991.3165066013125,
        1995.1191780821919
      ],
      "numdate": 1995.1191780821919
    },
    "NODE_0000005": {
      "branch_length": 0.001000322946293812,
      "clock_length": 0.001000322946293812,
      "date": "1995-01-11",
      "mutation_length": 9.478539094736086e-19,
      "num_date_confidence": [
        1991.3258837099893,
        1995.0287671232877
      ],
      "numdate": 1995.0287671232877
    },
    "NODE_0000007": {
      "branch_length": 0.0004394144078355604,
      "clock_length": 0.0004394144078355604,
      "date": "1997-02-15",
      "mutation_length": 9.83216459759047e-19,
      "num_date_confidence": [
        1995.3605650327438,
        1997.9630136986302
      ],
      "numdate": 1997.1247159081863
    },
    "NODE_0000008": {
      "branch_length": 0.0007620000000000005,
      "clock_length": 0.0007620000000000005,
      "date": "2000-08-08",
      "mutation_length": 9.83216459759047e-19,
      "num_date_confidence": [
        1997.0918162876653,
        2000.6024590163934
      ],
      "numdate": 2000.6024590163934
    },
    "NODE_0000009": {
      "branch_length": 0.003125542624251903,
      "clock_length": 0.003125542624251903,
      "date": "2014-11-13",
      "mutation_length": 9.83216459759047e-19,
      "num_date_confidence": [
        2005.7384893264077,
        2015.9803732703917
      ],
      "numdate": 2014.8673334532693
    },
    "NODE_0000010": {
      "branch_length": 3.316985659999861e-05,
      "clock_length": 3.316985659999861e-05,
      "date": "2015-01-07",
      "mutation_length": 9.83216459759047e-19,
      "num_date_confidence": [
        2013.2033151267708,
        2016.181693989071
      ],
      "numdate": 2015.0187195952522
    },
    "NODE_0000011": {
      "branch_length": 3.0129671264948407e-05,
      "clock_length": 3.0129671264948407e-05,
      "date": "1982-08-21",
      "mutation_length": 9.394669066960272e-19,
      "num_date_confidence": [
        1980.8388362177277,
        1984.6484470501891
      ],
      "numdate": 1982.6372600480352
    },
    "NODE_0000012": {
      "branch_length": 5.34614135788581e-05,
      "clock_length": 5.34614135788581e-05,
      "date": "1982-11-18",
      "mutation_length": 9.394669066960272e-19,
      "num_date_confidence": [
        1982.396430684435,
        1984.9770881750862
      ],
      "numdate": 1982.8812561932175
    },
    "NODE_0000013": {
      "branch_length": 0.0009153544736420598,
      "clock_length": 0.0009153544736420598,
      "date": "1987-01-22",
      "mutation_length": 9.394669066960272e-19,
      "num_date_confidence": [
        1984.5365467725576,
        1987.058904109589
      ],
      "numdate": 1987.058904109589
    },
    "NODE_0000014": {
      "branch_length": 0.00045003741553842607,
      "clock_length": 0.00045003741553842607,
      "date": "1984-12-08",
      "mutation_length": 9.394669066960272e-19,
      "num_date_confidence": [
        1982.3079213054061,
        1985.0205479452054
      ],
      "numdate": 1984.935212256635
    },
    "NODE_0000015": {
      "branch_length": 0.00047672266000993706,
      "clock_length": 0.00047672266000993706,
      "date": "1987-02-10",
      "mutation_length": 9.394669066960272e-19,
      "num_date_confidence": [
        1984.79126046186,
        1987.1109589041096
      ],
      "numdate": 1987.1109589041096
    },
    "NODE_0000016": {
      "branch_length": 0.0008460294802550969,
      "clock_length": 0.0008460294802550969,
      "date": "1986-07-01",
      "mutation_length": 9.394669066960272e-19,
      "num_date_confidence": [
        1983.1346723556892,
        1987.1178218692203
      ],
      "numdate": 1986.4985109591864
    },
    "NODE_0000017": {
      "branch_length": 2.9811425000369346e-06,
      "clock_length": 2.9811425000369346e-06,
      "date": "1986-07-06",
      "mutation_length": 9.394669066960272e-19,
      "num_date_confidence": [
        1985.921339320071,
        1990.008696653228
      ],
      "numdate": 1986.5121167961734
    },
    "NODE_0000018": {
      "branch_length": 0.00042591064981778795,
      "clock_length": 0.00042591064981778795,
      "date": "1988-06-15",
      "mutation_length": 9.394669066960272e-19,
      "num_date_confidence": [
        1987.0012936695373,
        1990.0506849315068
      ],
      "numdate": 1988.4559590889762
    },
    "NODE_0000019": {
      "branch_length": 0.00039627850513296575,
      "clock_length": 0.00039627850513296575,
      "date": "1988-04-27",
      "mutation_length": 9.394669066960272e-19,
      "num_date_confidence": [
        1987.013500427614,
        1990.045205479452
      ],
      "numdate": 1988.32071894861
    },
    "NODE_0000020": {
      "branch_length": 1.9050500302646156e-06,
      "clock_length": 1.9050500302646156e-06,
      "date": "1986-07-05",
      "mutation_length": 9.394669066960272e-19,
      "num_date_confidence": [
        1985.5488288695717,
        1987.1703403407832
      ],
      "numdate": 1986.5072055452933
    },
    "NODE_0000021": {
      "branch_length": 0.0008355949229827582,
      "clock_length": 0.0008355949229827582,
      "date": "1990-05-19",
      "mutation_length": 0.003920499974259262,
      "num_date_confidence": [
        1987.6284896053842,
        1992.6553458751857
      ],
      "numdate": 1990.378469038916
    },
    "NODE_0000022": {
      "branch_length": -1.690986468147991e-06,
      "clock_length": -1.690986468147991e-06,
      "date": "1986-07-02",
      "mutation_length": 9.394669066960272e-19,
      "num_date_confidence": [
        1985.0336484902373,
        1990.0424657534247
      ],
      "numdate": 1986.4994879382912
    },
    "NODE_0000023": {
      "branch_length": 0.00015329727814296888,
      "clock_length": 0.00015329727814296888,
      "date": "1987-03-17",
      "mutation_length": 9.394669066960272e-19,
      "num_date_confidence": [
        1986.437056843068,
        1987.2068493150684
      ],
      "numdate": 1987.2068493150684
    },
    "NODE_0000024": {
      "branch_length": 0.0005872169007897256,
      "clock_length": 0.0005872169007897256,
      "date": "1982-07-02",
      "mutation_length": 9.394669066960272e-19,
      "num_date_confidence": [
        1975.5353777809055,
        1983.1493150684933
      ],
      "numdate": 1982.4997492126097
    },
    "NODE_0000025": {
      "branch_length": 0.00026766719290208154,
      "clock_length": 0.00026766719290208154,
      "date": "1987-10-25",
      "mutation_length": 9.31213045833947e-19,
      "num_date_confidence": [
        1985.965253215318,
        1990.613273039958
      ],
      "numdate": 1987.8161446112208
    },
    "NODE_0000026": {
      "branch_length": 0.0001902143206508099,
      "clock_length": 0.0001902143206508099,
      "date": "1988-09-07",
      "mutation_length": 9.31213045833947e-19,
      "num_date_confidence": [
        1986.2599024312192,
        1991.003214313386
      ],
      "numdate": 1988.684276557055
    },
    "NODE_0000027": {
      "branch_length": 0.0011469975361584296,
      "clock_length": 0.0011469975361584296,
      "date": "1995-08-12",
      "mutation_length": 0.003924219699777554,
      "num_date_confidence": [
        1991.821866472945,
        1996.9959016393443
      ],
      "numdate": 1995.6133283256684
    },
    "NODE_0000028": {
      "branch_length": 0.0005245010447598808,
      "clock_length": 0.0005245010447598808,
      "date": "1991-01-29",
      "mutation_length": 9.31213045833947e-19,
      "num_date_confidence": [
        1988.3165641476498,
        1991.0780821917808
      ],
      "numdate": 1991.0780821917808
    },
    "NODE_0000029": {
      "branch_length": 0.0005160969170394571,
      "clock_length": 0.0005160969170394571,
      "date": "1991-01-15",
      "mutation_length": 9.31213045833947e-19,
      "num_date_confidence": [
        1988.3076143550254,
        1991.0397260273974
      ],
      "numdate": 1991.0397260273974
    },
    "NODE_0000030": {
      "branch_length": 0.0007079211409049312,
      "clock_length": 0.0007079211409049312,
      "date": "1986-07-26",
      "mutation_length": 0.003915020630284191,
      "num_date_confidence": [
        1984.5034824603918,
        1992.6729879738148
      ],
      "numdate": 1986.5648411062962
    },
    "NODE_0000031": {
      "branch_length": 0.005347399129000603,
      "clock_length": 0.005347399129000603,
      "date": "1983-05-02",
      "mutation_length": 0.003915459879409671,
      "num_date_confidence": [
        1893.2442720849513,
        1990.0251320969476
      ],
      "numdate": 1983.3339121444378
    },
    "NODE_0000032": {
      "branch_length": 4.4286787867758165e-07,
      "clock_length": 4.4286787867758165e-07,
      "date": "1987-10-26",
      "mutation_length": 9.31213045833947e-19,
      "num_date_confidence": [
        1986.3624724843066,
        1990.97033767229
      ],
      "numdate": 1987.8181658457522
    },
    "NODE_0000033": {
      "branch_length": 0.0006986648317654481,
      "clock_length": 0.0006986648317654481,
      "date": "1991-01-03",
      "mutation_length": 9.31213045833947e-19,
      "num_date_confidence": [
        1988.1706714877107,
        1991.0068493150684
      ],
      "numdate": 1991.0068493150684
    },
    "NODE_0000034": {
      "branch_length": 0.00038309299417355665,
      "clock_length": 0.00038309299417355665,
      "date": "1989-07-26",
      "mutation_length": 9.31213045833947e-19,
      "num_date_confidence": [
        1986.2221879475633,
        1990.812961596469
      ],
      "numdate": 1989.5665897568933
    },
    "NODE_0000035": {
      "branch_length": 0.0003353815672186688,
      "clock_length": 0.0003353815672186688,
      "date": "1991-02-05",
      "mutation_length": 9.31213045833947e-19,
      "num_date_confidence": [
        1988.6020297436253,
        1991.0972602739726
      ],
      "numdate": 1991.0972602739726
    },
    "NODE_0000036": {
      "branch_length": 0.0003575924761941591,
      "clock_length": 0.0003575924761941591,
      "date": "1991-03-14",
      "mutation_length": 9.31213045833947e-19,
      "num_date_confidence": [
        1988.6403955076657,
        1991.1986301369864
      ],
      "numdate": 1991.1986301369864
    },
    "NODE_0000038": {
      "branch_length": 0.00071442407531972,
      "clock_length": 0.00071442407531972,
      "date": "1986-08-05",
      "mutation_length": 9.31213045833947e-19,
      "num_date_confidence": [
        1984.137096471195,
        1990.0616438356165
      ],
      "numdate": 1986.594520286538
    },
    "NODE_0000040": {
      "branch_length": 0.0003128689437923403,
      "clock_length": 0.0003128689437923403,
      "date": "1997-01-16",
      "mutation_length": 8.979430594188587e-19,
      "num_date_confidence": [
        1995.2702203201861,
        1998.7022485310874
      ],
      "numdate": 1997.0412519648362
    },
    "NODE_0000041": {
      "branch_length": 0.0004378808866238298,
      "clock_length": 0.0004378808866238298,
      "date": "1999-01-15",
      "mutation_length": 8.979430594188587e-19,
      "num_date_confidence": [
        1996.6472574627278,
        1999.0397260273974
      ],
      "numdate": 1999.0397260273974
    },
    "NODE_0000042": {
      "branch_length": 1.1128752934606162e-05,
      "clock_length": 1.1128752934606162e-05,
      "date": "1990-06-06",
      "mutation_length": 8.901421758373487e-19,
      "num_date_confidence": [
        1984.6306477603719,
        1996.3200456383804
      ],
      "numdate": 1990.4292603037732
    },
    "NODE_0000043": {
      "branch_length": 0.0011792624212963385,
      "clock_length": 0.0011792624212963385,
      "date": "1995-10-24",
      "mutation_length": 8.901421758373487e-19,
      "num_date_confidence": [
        1992.137722010257,
        1997.004109589041
      ],
      "numdate": 1995.8113754723176
    },
    "NODE_0000044": {
      "branch_length": 0.001988173373103746,
      "clock_length": 0.001988173373103746,
      "date": "1988-11-23",
      "mutation_length": 0.003927974372003007,
      "num_date_confidence": [
        1983.6656675942504,
        1991.102779948917
      ],
      "numdate": 1988.8936687880534
    },
    "NODE_0000045": {
      "branch_length": 0.001053460860484909,
      "clock_length": 0.001053460860484909,
      "date": "1995-03-28",
      "mutation_length": 8.901421758373487e-19,
      "num_date_confidence": [
        1990.9563989861745,
        1996.3565573770493
      ],
      "numdate": 1995.2372212582577
    },
    "NODE_0000046": {
      "branch_length": 0.0011683805958965466,
      "clock_length": 0.0011683805958965466,
      "date": "2000-07-27",
      "mutation_length": 8.901421758373487e-19,
      "num_date_confidence": [
        1995.415433414121,
        2000.5696721311476
      ],
      "numdate": 2000.5696721311476
    },
    "NODE_0000047": {
      "branch_length": 0.0005192308576775786,
      "clock_length": 0.0005192308576775786,
      "date": "2008-05-10",
      "mutation_length": 9.234581513099078e-19,
      "num_date_confidence": [
        2001.9618009502938,
        2015.7103690532422
      ],
      "numdate": 2008.3577442618528
    },
    "NODE_0000048": {
      "branch_length": 0.0002695149199055673,
      "clock_length": 0.0002695149199055673,
      "date": "2009-08-03",
      "mutation_length": 9.234581513099078e-19,
      "num_date_confidence": [
        2003.7606877858366,
        2015.834038833078
      ],
      "numdate": 2009.587801552221
    },
    "NODE_0000049": {
      "branch_length": 0.0013640707002909869,
      "clock_length": 0.0013640707002909869,
      "date": "1995-02-13",
      "mutation_length": 0.0039368193431614205,
      "num_date_confidence": [
        1989.8541442669077,
        1997.9265019599613
      ],
      "numdate": 1995.1192429049095
    },
    "NODE_0000050": {
      "branch_length": 0.00026509336518047147,
      "clock_length": 0.00026509336518047147,
      "date": "2010-10-19",
      "mutation_length": 9.234581513099078e-19,
      "num_date_confidence": [
        2006.4369219346304,
        2015.8865626400648
      ],
      "numdate": 2010.79767901126
    },
    "NODE_0000051": {
      "branch_length": 0.0008871205782110866,
      "clock_length": 0.0008871205782110866,
      "date": "2014-11-05",
      "mutation_length": 9.234581513099078e-19,
      "num_date_confidence": [
        2011.0373841926444,
        2015.9449811962
      ],
      "numdate": 2014.8464683511843
    },
    "NODE_0000052": {
      "branch_length": 3.072102437363185e-05,
      "clock_length": 3.072102437363185e-05,
      "date": "2014-12-27",
      "mutation_length": 9.234581513099078e-19,
      "num_date_confidence": [
        2013.409785238874,
        2015.9803732703917
      ],
      "numdate": 2014.9866781028804
    },
    "NODE_0000053": {
      "branch_length": 0.0008871205782110866,
      "clock_length": 0.0008871205782110866,
      "date": "2014-11-05",
      "mutation_length": 9.234581513099078e-19,
      "num_date_confidence": [
        2010.2447933165583,
        2015.9449811962
      ],
      "numdate": 2014.8464683511843
    },
    "NODE_0000054": {
      "branch_length": 0.0,
      "clock_length": 0.0,
      "date": "2014-11-05",
      "mutation_length": 9.234581513099078e-19,
      "num_date_confidence": [
        2012.7583862652746,
        2015.9803732703917
      ],
      "numdate": 2014.8464683511843
    },
    "NODE_0000055": {
      "branch_length": 0.0,
      "clock_length": 0.0,
      "date": "2014-11-05",
      "mutation_length": 9.234581513099078e-19,
      "num_date_confidence": [
        2012.7583862652746,
        2015.9803732703917
      ],
      "numdate": 2014.8464683511843
    },
    "NODE_0000056": {
      "branch_length": 0.0011571301682016596,
      "clock_length": 0.0011571301682016596,
      "date": "2014-11-14",
      "mutation_length": 9.234581513099078e-19,
      "num_date_confidence": [
        2008.3948811789364,
        2016.3642717536543
      ],
      "numdate": 2014.8689058406221
    },
    "NODE_0000057": {
      "branch_length": -1.0395638308808436e-05,
      "clock_length": -1.0395638308808436e-05,
      "date": "2014-10-27",
      "mutation_length": 9.234581513099078e-19,
      "num_date_confidence": [
        2011.4850419011823,
        2016.818282679424
      ],
      "numdate": 2014.8214604869688
    },
    "NODE_0000058": {
      "branch_length": 0.00025530887342511846,
      "clock_length": 0.00025530887342511846,
      "date": "2015-12-27",
      "mutation_length": 9.234581513099078e-19,
      "num_date_confidence": [
        2013.7495801997418,
        2016.8164562220027
      ],
      "numdate": 2015.9866818452606
    },
    "NODE_0000059": {
      "branch_length": 0.00025530887342511846,
      "clock_length": 0.00025530887342511846,
      "date": "2015-12-27",
      "mutation_length": 9.234581513099078e-19,
      "num_date_confidence": [
        2013.7495801997418,
        2016.8164562220027
      ],
      "numdate": 2015.9866818452606
    },
    "NODE_0000060": {
      "branch_length": 5.576542145144291e-06,
      "clock_length": 5.576542145144291e-06,
      "date": "2014-11-23",
      "mutation_length": 9.234581513099078e-19,
      "num_date_confidence": [
        2010.7435435865195,
        2016.8403842705222
      ],
      "numdate": 2014.8943569968071
    },
    "NODE_0000061": {
      "branch_length": 0.0002174068471885492,
      "clock_length": 0.0002174068471885492,
      "date": "2015-11-20",
      "mutation_length": 9.234581513099078e-19,
      "num_date_confidence": [
        2013.0036646186738,
        2016.9703376147556
      ],
      "numdate": 2015.8865947454779
    },
    "NODE_0000062": {
      "branch_length": 0.00015742251526449248,
      "clock_length": 0.00015742251526449248,
      "date": "2016-08-09",
      "mutation_length": 9.234581513099078e-19,
      "num_date_confidence": [
        2015.2379712071609,
        2017.0068493150684
      ],
      "numdate": 2016.6050659627188
    },
    "NODE_0000063": {
      "branch_length": 0.0001985131857305414,
      "clock_length": 0.0001985131857305414,
      "date": "2016-10-17",
      "mutation_length": 9.234581513099078e-19,
      "num_date_confidence": [
        2015.3069615356299,
        2018.0479452054794
      ],
      "numdate": 2016.792602440442
    },
    "NODE_0000064": {
      "branch_length": 0.00022137224353764974,
      "clock_length": 0.00022137224353764974,
      "date": "2015-11-27",
      "mutation_length": 9.234581513099078e-19,
      "num_date_confidence": [
        2012.8025049055886,
        2016.9304578460683
      ],
      "numdate": 2015.9046926848798
    },
    "NODE_0000065": {
      "branch_length": 0.00017512390041586807,
      "clock_length": 0.00017512390041586807,
      "date": "2016-09-14",
      "mutation_length": 9.234581513099078e-19,
      "num_date_confidence": [
        2013.1922622769384,
        2018.9106724764615
      ],
      "numdate": 2016.7039524457114
    },
    "NODE_0000066": {
      "branch_length": 0.00015801057811494414,
      "clock_length": 0.00015801057811494414,
      "date": "2016-08-17",
      "mutation_length": 9.234581513099078e-19,
      "num_date_confidence": [
        2015.4786182986422,
        2016.9658469945355
      ],
      "numdate": 2016.6258478017605
    },
    "NODE_0000067": {
      "branch_length": 0.004255760189057681,
      "clock_length": 0.004255760189057681,
      "date": "2005-12-27",
      "mutation_length": 9.234581513099078e-19,
      "num_date_confidence": [
        1996.4602533870816,
        2015.6749078927392
      ],
      "numdate": 2005.9879915888125
    },
    "NODE_0000068": {
      "branch_length": 0.004577410777222181,
      "clock_length": 0.004577410777222181,
      "date": "1979-10-27",
      "mutation_length": 9.394669066960272e-19,
      "num_date_confidence": [
        1739.0430204246804,
        1983.1128033298244
      ],
      "numdate": 1979.8197104596645
    },
    "OC43/human/Mex/LRTI_238/2011": {
      "branch_length": 0.005377641047312039,
      "clock_length": 0.005377641047312039,
      "date": "2011-02-09",
      "mutation_length": 0.0039268720615778865,
      "num_date_confidence": [
        2011.1082191780822,
        2011.1082191780822
      ],
      "numdate": 2011.1082191780822,
      "raw_date": "2011-02-09"
    },
    "OC43/human/USA/007_11/2000": {
      "branch_length": 0.0,
      "clock_length": 0.0,
      "date": "2000-07-27",
      "mutation_length": 8.854610487386432e-19,
      "num_date_confidence": [
        2000.5696721311476,
        2000.5696721311476
      ],
      "numdate": 2000.5696721311476,
      "raw_date": "2000-07-27"
    },
    "OC43/human/USA/008_5/2000": {
      "branch_length": 0.0,
      "clock_length": 0.0,
      "date": "2000-08-08",
      "mutation_length": 9.83216459759047e-19,
      "num_date_confidence": [
        2000.6024590163934,
        2000.6024590163934
      ],
      "numdate": 2000.6024590163934,
      "raw_date": "2000-08-08"
    },
    "OC43/human/USA/832_27/1983": {
      "branch_length": 0.000142324825837533,
      "clock_length": 0.000142324825837533,
      "date": "1983-02-24",
      "mutation_length": 9.394669066960272e-19,
      "num_date_confidence": [
        1983.1493150684933,
        1983.1493150684933
      ],
      "numdate": 1983.1493150684933,
      "raw_date": "1983-02-24"
    },
    "OC43/human/USA/851_15/1985": {
      "branch_length": 1.8697699245605673e-05,
      "clock_length": 1.8697699245605673e-05,
      "date": "1985-01-08",
      "mutation_length": 9.394669066960272e-19,
      "num_date_confidence": [
        1985.0205479452054,
        1985.0205479452054
      ],
      "numdate": 1985.0205479452054,
      "raw_date": "1985-01-08"
    },
    "OC43/human/USA/871_25/1987": {
      "branch_length": 0.0,
      "clock_length": 0.0,
      "date": "1987-01-22",
      "mutation_length": 9.394669066960272e-19,
      "num_date_confidence": [
        1987.058904109589,
        1987.058904109589
      ],
      "numdate": 1987.058904109589,
      "raw_date": "1987-01-22"
    },
    "OC43/human/USA/872_5/1987": {
      "branch_length": 0.0,
      "clock_length": 0.0,
      "date": "1987-02-10",
      "mutation_length": 9.394669066960272e-19,
      "num_date_confidence": [
        1987.1109589041096,
        1987.1109589041096
      ],
      "numdate": 1987.1109589041096,
      "raw_date": "1987-02-10"
    },
    "OC43/human/USA/873_16/1987": {
      "branch_length": 2.9414447021532814e-05,
      "clock_length": 2.9414447021532814e-05,
      "date": "1987-03-12",
      "mutation_length": 9.394669066960272e-19,
      "num_date_confidence": [
        1987.1931506849314,
        1987.1931506849314
      ],
      "numdate": 1987.1931506849314,
      "raw_date": "1987-03-12"
    },
    "OC43/human/USA/873_19/1987": {
      "branch_length": 0.0,
      "clock_length": 0.0,
      "date": "1987-03-17",
      "mutation_length": 9.394669066960272e-19,
      "num_date_confidence": [
        1987.2068493150684,
        1987.2068493150684
      ],
      "numdate": 1987.2068493150684,
      "raw_date": "1987-03-17"
    },
    "OC43/human/USA/873_6/1987": {
      "branch_length": 1.3806781255018032e-05,
      "clock_length": 1.3806781255018032e-05,
      "date": "1987-03-05",
      "mutation_length": 9.394669066960272e-19,
      "num_date_confidence": [
        1987.1739726027397,
        1987.1739726027397
      ],
      "numdate": 1987.1739726027397,
      "raw_date": "1987-03-05"
    },
    "OC43/human/USA/8912_37/1989": {
      "branch_length": 0.0006056974907093097,
      "clock_length": 0.0006056974907093097,
      "date": "1989-12-21",
      "mutation_length": 9.394669066960272e-19,
      "num_date_confidence": [
        1989.9712328767123,
        1989.9712328767123
      ],
      "numdate": 1989.9712328767123,
      "raw_date": "1989-12-21"
    },
    "OC43/human/USA/901_33/1990": {
      "branch_length": 0.0007762934210869916,
      "clock_length": 0.0007762934210869916,
      "date": "1990-01-16",
      "mutation_length": 9.394669066960272e-19,
      "num_date_confidence": [
        1990.0424657534247,
        1990.0424657534247
      ],
      "numdate": 1990.0424657534247,
      "raw_date": "1990-01-16"
    },
    "OC43/human/USA/901_41/1990": {
      "branch_length": 0.00037784813185327143,
      "clock_length": 0.00037784813185327143,
      "date": "1990-01-17",
      "mutation_length": 9.394669066960272e-19,
      "num_date_confidence": [
        1990.045205479452,
        1990.045205479452
      ],
      "numdate": 1990.045205479452,
      "raw_date": "1990-01-17"
    },
    "OC43/human/USA/901_43/1990": {
      "branch_length": 0.00034941657684278097,
      "clock_length": 0.00034941657684278097,
      "date": "1990-01-19",
      "mutation_length": 9.394669066960272e-19,
      "num_date_confidence": [
        1990.0506849315068,
        1990.0506849315068
      ],
      "numdate": 1990.0506849315068,
      "raw_date": "1990-01-19"
    },
    "OC43/human/USA/901_54/1990": {
      "branch_length": 0.0007596731737209489,
      "clock_length": 0.0007596731737209489,
      "date": "1990-01-23",
      "mutation_length": 9.31213045833947e-19,
      "num_date_confidence": [
        1990.0616438356165,
        1990.0616438356165
      ],
      "numdate": 1990.0616438356165,
      "raw_date": "1990-01-23"
    },
    "OC43/human/USA/911_11/1991": {
      "branch_length": 0.0,
      "clock_length": 0.0,
      "date": "1991-01-03",
      "mutation_length": 9.31213045833947e-19,
      "num_date_confidence": [
        1991.0068493150684,
        1991.0068493150684
      ],
      "numdate": 1991.0068493150684,
      "raw_date": "1991-01-03"
    },
    "OC43/human/USA/911_38/1991": {
      "branch_length": 0.0,
      "clock_length": 0.0,
      "date": "1991-01-15",
      "mutation_length": 9.31213045833947e-19,
      "num_date_confidence": [
        1991.0397260273974,
        1991.0397260273974
      ],
      "numdate": 1991.0397260273974,
      "raw_date": "1991-01-15"
    },
    "OC43/human/USA/911_58/1991": {
      "branch_length": 5.402653534544027e-06,
      "clock_length": 5.402653534544027e-06,
      "date": "1991-01-24",
      "mutation_length": 9.31213045833947e-19,
      "num_date_confidence": [
        1991.0643835616438,
        1991.0643835616438
      ],
      "numdate": 1991.0643835616438,
      "raw_date": "1991-01-24"
    },
    "OC43/human/USA/911_66/1991": {
      "branch_length": 0.0,
      "clock_length": 0.0,
      "date": "1991-01-29",
      "mutation_length": 9.31213045833947e-19,
      "num_date_confidence": [
        1991.0780821917808,
        1991.0780821917808
      ],
      "numdate": 1991.0780821917808,
      "raw_date": "1991-01-29"
    },
    "OC43/human/USA/912_10/1991": {
      "branch_length": 2.1010319301159423e-05,
      "clock_length": 2.1010319301159423e-05,
      "date": "1991-02-07",
      "mutation_length": 9.31213045833947e-19,
      "num_date_confidence": [
        1991.1027397260275,
        1991.1027397260275
      ],
      "numdate": 1991.1027397260275,
      "raw_date": "1991-02-07"
    },
    "OC43/human/USA/912_11/1991": {
      "branch_length": 5.402653534594334e-06,
      "clock_length": 5.402653534594334e-06,
      "date": "1991-02-07",
      "mutation_length": 9.31213045833947e-19,
      "num_date_confidence": [
        1991.1027397260275,
        1991.1027397260275
      ],
      "numdate": 1991.1027397260275,
      "raw_date": "1991-02-07"
    },
    "OC43/human/USA/912_36/1991": {
      "branch_length": 1.0205012231971622e-05,
      "clock_length": 1.0205012231971622e-05,
      "date": "1991-02-22",
      "mutation_length": 9.31213045833947e-19,
      "num_date_confidence": [
        1991.1438356164383,
        1991.1438356164383
      ],
      "numdate": 1991.1438356164383,
      "raw_date": "1991-02-22"
    },
    "OC43/human/USA/912_6/1991": {
      "branch_length": 0.0,
      "clock_length": 0.0,
      "date": "1991-02-05",
      "mutation_length": 9.31213045833947e-19,
      "num_date_confidence": [
        1991.0972602739726,
        1991.0972602739726
      ],
      "numdate": 1991.0972602739726,
      "raw_date": "1991-02-05"
    },
    "OC43/human/USA/913_29/1991": {
      "branch_length": 0.0,
      "clock_length": 0.0,
      "date": "1991-03-14",
      "mutation_length": 9.31213045833947e-19,
      "num_date_confidence": [
        1991.1986301369864,
        1991.1986301369864
      ],
      "numdate": 1991.1986301369864,
      "raw_date": "1991-03-14"
    },
    "OC43/human/USA/9211_43/1992": {
      "branch_length": 0.000976776346410006,
      "clock_length": 0.000976776346410006,
      "date": "1992-11-30",
      "mutation_length": 9.394669066960272e-19,
      "num_date_confidence": [
        1992.9139344262296,
        1992.9139344262296
      ],
      "numdate": 1992.9139344262296,
      "raw_date": "1992-11-30"
    },
    "OC43/human/USA/9212_33/1992": {
      "branch_length": 0.0010159869660923571,
      "clock_length": 0.0010159869660923571,
      "date": "1992-12-16",
      "mutation_length": 9.394669066960272e-19,
      "num_date_confidence": [
        1992.957650273224,
        1992.957650273224
      ],
      "numdate": 1992.957650273224,
      "raw_date": "1992-12-16"
    },
    "OC43/human/USA/925_1/1992": {
      "branch_length": 0.00025011874844823624,
      "clock_length": 0.00025011874844823624,
      "date": "1992-05-04",
      "mutation_length": 9.31213045833947e-19,
      "num_date_confidence": [
        1992.3401639344263,
        1992.3401639344263
      ],
      "numdate": 1992.3401639344263,
      "raw_date": "1992-05-04"
    },
    "OC43/human/USA/931_85/1993": {
      "branch_length": 0.0014396192161650343,
      "clock_length": 0.0014396192161650343,
      "date": "1993-01-26",
      "mutation_length": 9.394669066960272e-19,
      "num_date_confidence": [
        1993.0698630136985,
        1993.0698630136985
      ],
      "numdate": 1993.0698630136985,
      "raw_date": "1993-01-26"
    },
    "OC43/human/USA/951_15/1995": {
      "branch_length": 0.0,
      "clock_length": 0.0,
      "date": "1995-01-11",
      "mutation_length": 9.478539094736086e-19,
      "num_date_confidence": [
        1995.0287671232877,
        1995.0287671232877
      ],
      "numdate": 1995.0287671232877,
      "raw_date": "1995-01-11"
    },
    "OC43/human/USA/951_18/1995": {
      "branch_length": 0.001019516019787942,
      "clock_length": 0.001019516019787942,
      "date": "1995-01-12",
      "mutation_length": 0.0039123835177416535,
      "num_date_confidence": [
        1995.031506849315,
        1995.031506849315
      ],
      "numdate": 1995.031506849315,
      "raw_date": "1995-01-12"
    },
    "OC43/human/USA/952_23/1995": {
      "branch_length": 0.0,
      "clock_length": 0.0,
      "date": "1995-02-13",
      "mutation_length": 9.478539094736086e-19,
      "num_date_confidence": [
        1995.1191780821919,
        1995.1191780821919
      ],
      "numdate": 1995.1191780821919,
      "raw_date": "1995-02-13"
    },
    "OC43/human/USA/953_23/1995": {
      "branch_length": 1.4407076092183904e-05,
      "clock_length": 1.4407076092183904e-05,
      "date": "1995-03-09",
      "mutation_length": 9.478539094736086e-19,
      "num_date_confidence": [
        1995.1849315068494,
        1995.1849315068494
      ],
      "numdate": 1995.1849315068494,
      "raw_date": "1995-03-09"
    },
    "OC43/human/USA/9612_29/1996": {
      "branch_length": 0.0004232316423806925,
      "clock_length": 0.0004232316423806925,
      "date": "1996-12-17",
      "mutation_length": 9.478539094736086e-19,
      "num_date_confidence": [
        1996.9603825136612,
        1996.9603825136612
      ],
      "numdate": 1996.9603825136612,
      "raw_date": "1996-12-17"
    },
    "OC43/human/USA/9612_48/1996": {
      "branch_length": 0.00030293234210855037,
      "clock_length": 0.00030293234210855037,
      "date": "1996-12-30",
      "mutation_length": 8.979430594188587e-19,
      "num_date_confidence": [
        1996.9959016393443,
        1996.9959016393443
      ],
      "numdate": 1996.9959016393443,
      "raw_date": "1996-12-30"
    },
    "OC43/human/USA/9612_9/1996": {
      "branch_length": 0.001759695898958323,
      "clock_length": 0.001759695898958323,
      "date": "1996-12-04",
      "mutation_length": 0.0039401249499153405,
      "num_date_confidence": [
        1996.9248633879781,
        1996.9248633879781
      ],
      "numdate": 1996.9248633879781,
      "raw_date": "1996-12-04"
    },
    "OC43/human/USA/965_6/1996": {
      "branch_length": 0.00024525506800842246,
      "clock_length": 0.00024525506800842246,
      "date": "1996-05-10",
      "mutation_length": 8.901421758373487e-19,
      "num_date_confidence": [
        1996.3565573770493,
        1996.3565573770493
      ],
      "numdate": 1996.3565573770493,
      "raw_date": "1996-05-10"
    },
    "OC43/human/USA/9712_13/1997": {
      "branch_length": 0.0006188897739760422,
      "clock_length": 0.0006188897739760422,
      "date": "1997-12-11",
      "mutation_length": 0.0039312940636077685,
      "num_date_confidence": [
        1997.9438356164383,
        1997.9438356164383
      ],
      "numdate": 1997.9438356164383,
      "raw_date": "1997-12-11"
    },
    "OC43/human/USA/9712_31/1997": {
      "branch_length": 0.0001836774300007435,
      "clock_length": 0.0001836774300007435,
      "date": "1997-12-18",
      "mutation_length": 9.83216459759047e-19,
      "num_date_confidence": [
        1997.9630136986302,
        1997.9630136986302
      ],
      "numdate": 1997.9630136986302,
      "raw_date": "1997-12-18"
    },
    "OC43/human/USA/971_5/1997": {
      "branch_length": 0.00026133712832279287,
      "clock_length": 0.00026133712832279287,
      "date": "1997-01-02",
      "mutation_length": 8.901421758373487e-19,
      "num_date_confidence": [
        1997.004109589041,
        1997.004109589041
      ],
      "numdate": 1997.004109589041,
      "raw_date": "1997-01-02"
    },
    "OC43/human/USA/982_4/1998": {
      "branch_length": 0.0005008547683555131,
      "clock_length": 0.0005008547683555131,
      "date": "1998-02-05",
      "mutation_length": 8.901421758373487e-19,
      "num_date_confidence": [
        1998.0972602739726,
        1998.0972602739726
      ],
      "numdate": 1998.0972602739726,
      "raw_date": "1998-02-05"
    },
    "OC43/human/USA/991_19/1999": {
      "branch_length": 0.0,
      "clock_length": 0.0,
      "date": "1999-01-15",
      "mutation_length": 8.854610487386432e-19,
      "num_date_confidence": [
        1999.0397260273974,
        1999.0397260273974
      ],
      "numdate": 1999.0397260273974,
      "raw_date": "1999-01-15"
    },
    "OC43/human/USA/991_5/1999": {
      "branch_length": 0.0004330785279264022,
      "clock_length": 0.0004330785279264022,
      "date": "1999-01-07",
      "mutation_length": 8.854610487386432e-19,
      "num_date_confidence": [
        1999.017808219178,
        1999.017808219178
      ],
      "numdate": 1999.017808219178,
      "raw_date": "1999-01-07"
    },
    "OC43_KLF_01_2018": {
      "branch_length": 0.0002750551599689085,
      "clock_length": 0.0002750551599689085,
      "date": "2018-01-18",
      "mutation_length": 9.234581513099078e-19,
      "num_date_confidence": [
        2018.0479452054794,
        2018.0479452054794
      ],
      "numdate": 2018.0479452054794,
      "raw_date": "2018-01-18"
    },
    "OC43_KLF_02_2017": {
      "branch_length": 0.0006325110689437066,
      "clock_length": 0.0006325110689437066,
      "date": "2017-11-27",
      "mutation_length": 9.83216459759047e-19,
      "num_date_confidence": [
        2017.9054794520548,
        2017.9054794520548
      ],
      "numdate": 2017.9054794520548,
      "raw_date": "2017-11-27"
    }
  }
}