{
  "alignment": "results/aligned_oc43_n2protein.fasta",
  "clock": {
    "intercept": -0.2821764773171994,
    "rate": 0.00014571432850898287,
    "rtt_Tmrca": 1936.5046677602747
  },
  "generated_by": {
    "program": "augur",
    "version": "6.4.1"
  },
  "input_tree": "results/tree_raw_oc43_n2protein.nwk",
  "nodes": {
    "HCoV_OC43/Seattle/USA/SC0682/2019": {
      "branch_length": 0.00031404812990670306,
      "clock_length": 0.00031404812990670306,
      "date": "2019-01-01",
      "mutation_length": 7.46980144792377e-19,
      "num_date_confidence": [
        2019.0013698630137,
        2019.865933109191
      ],
      "numdate": 2019.0013698630137,
      "raw_date": "2019-XX-XX"
    },
    "HCoV_OC43/Seattle/USA/SC0776/2019": {
      "branch_length": 0.00031404812990670306,
      "clock_length": 0.00031404812990670306,
      "date": "2019-01-01",
      "mutation_length": 7.46980144792377e-19,
      "num_date_confidence": [
        2019.0013698630137,
        2019.865933109191
      ],
      "numdate": 2019.0013698630137,
      "raw_date": "2019-XX-XX"
    },
    "HCoV_OC43/Seattle/USA/SC0810/2019": {
      "branch_length": 0.00031404812990670306,
      "clock_length": 0.00031404812990670306,
      "date": "2019-01-01",
      "mutation_length": 7.46980144792377e-19,
      "num_date_confidence": [
        2019.0013698630137,
        2019.865933109191
      ],
      "numdate": 2019.0013698630137,
      "raw_date": "2019-XX-XX"
    },
    "HCoV_OC43/Seattle/USA/SC0839/2019": {
      "branch_length": 0.00031404812990670306,
      "clock_length": 0.00031404812990670306,
      "date": "2019-01-01",
      "mutation_length": 7.46980144792377e-19,
      "num_date_confidence": [
        2019.0013698630137,
        2019.865933109191
      ],
      "numdate": 2019.0013698630137,
      "raw_date": "2019-XX-XX"
    },
    "HCoV_OC43/Seattle/USA/SC0841/2019": {
      "branch_length": 0.0054409594820200675,
      "clock_length": 0.0054409594820200675,
      "date": "2019-12-31",
      "mutation_length": 0.008704373978892305,
      "num_date_confidence": [
        2019.101095890411,
        2019.9986301369863
      ],
      "numdate": 2019.9986301369863,
      "raw_date": "2019-XX-XX"
    },
    "HCoV_OC43/Seattle/USA/SC2269/2016": {
      "branch_length": 0.00028204053842207765,
      "clock_length": 0.00028204053842207765,
      "date": "2016-09-17",
      "mutation_length": 7.46980144792377e-19,
      "num_date_confidence": [
        2016.0013661202186,
        2016.9986338797814
      ],
      "numdate": 2016.7105960964025,
      "raw_date": "2016-XX-XX"
    },
    "HCoV_OC43/Seattle/USA/SC2345/2015": {
      "branch_length": 2.799045069472772e-05,
      "clock_length": 2.799045069472772e-05,
      "date": "2015-01-01",
      "mutation_length": 7.46980144792377e-19,
      "num_date_confidence": [
        2015.0013698630137,
        2015.849411543436
      ],
      "numdate": 2015.0013698630137,
      "raw_date": "2015-XX-XX"
    },
    "HCoV_OC43/Seattle/USA/SC2476/2015": {
      "branch_length": 0.00012858806560639316,
      "clock_length": 0.00012858806560639316,
      "date": "2015-10-16",
      "mutation_length": 7.416998731426142e-19,
      "num_date_confidence": [
        2015.0013698630137,
        2015.9986301369863
      ],
      "numdate": 2015.7908616309899,
      "raw_date": "2015-XX-XX"
    },
    "HCoV_OC43/Seattle/USA/SC2481/2015": {
      "branch_length": 2.799045069472772e-05,
      "clock_length": 2.799045069472772e-05,
      "date": "2015-01-01",
      "mutation_length": 7.46980144792377e-19,
      "num_date_confidence": [
        2015.0013698630137,
        2015.8557698204402
      ],
      "numdate": 2015.0013698630137,
      "raw_date": "2015-XX-XX"
    },
    "HCoV_OC43/Seattle/USA/SC2730/2015": {
      "branch_length": 0.002960115112609992,
      "clock_length": 0.002960115112609992,
      "date": "2015-01-01",
      "mutation_length": 0.0028858292326585148,
      "num_date_confidence": [
        2015.0013698630137,
        2015.9986301369863
      ],
      "numdate": 2015.0013698630137,
      "raw_date": "2015-XX-XX"
    },
    "HCoV_OC43/Seattle/USA/SC2770/2015": {
      "branch_length": 2.799045069472772e-05,
      "clock_length": 2.799045069472772e-05,
      "date": "2015-01-01",
      "mutation_length": 7.46980144792377e-19,
      "num_date_confidence": [
        2015.0013698630137,
        2015.8557698204402
      ],
      "numdate": 2015.0013698630137,
      "raw_date": "2015-XX-XX"
    },
    "HCoV_OC43/Seattle/USA/SC2854/2015": {
      "branch_length": 2.799045069472772e-05,
      "clock_length": 2.799045069472772e-05,
      "date": "2015-01-01",
      "mutation_length": 7.46980144792377e-19,
      "num_date_confidence": [
        2015.0013698630137,
        2015.8557698204402
      ],
      "numdate": 2015.0013698630137,
      "raw_date": "2015-XX-XX"
    },
    "HCoV_OC43/Seattle/USA/SC2924/2015": {
      "branch_length": 0.002960115112609992,
      "clock_length": 0.002960115112609992,
      "date": "2015-01-01",
      "mutation_length": 0.0028858292326585148,
      "num_date_confidence": [
        2015.0013698630137,
        2015.9986301369863
      ],
      "numdate": 2015.0013698630137,
      "raw_date": "2015-XX-XX"
    },
    "HCoV_OC43/Seattle/USA/SC3118/2015": {
      "branch_length": 2.799045069472772e-05,
      "clock_length": 2.799045069472772e-05,
      "date": "2015-01-01",
      "mutation_length": 7.46980144792377e-19,
      "num_date_confidence": [
        2015.0013698630137,
        2015.8557698204402
      ],
      "numdate": 2015.0013698630137,
      "raw_date": "2015-XX-XX"
    },
    "HCoV_OC43/Seattle/USA/SC622/2016": {
      "branch_length": 0.00029785232690524325,
      "clock_length": 0.00029785232690524325,
      "date": "2016-11-08",
      "mutation_length": 7.46980144792377e-19,
      "num_date_confidence": [
        2016.0013661202186,
        2016.9986338797814
      ],
      "numdate": 2016.853362587215,
      "raw_date": "2016-XX-XX"
    },
    "HCoV_OC43/Seattle/USA/SC831/2016": {
      "branch_length": 0.00028204053842207765,
      "clock_length": 0.00028204053842207765,
      "date": "2016-09-17",
      "mutation_length": 7.46980144792377e-19,
      "num_date_confidence": [
        2016.0013661202186,
        2016.9986338797814
      ],
      "numdate": 2016.7105960964025,
      "raw_date": "2016-XX-XX"
    },
    "HCoV_OC43/Seattle/USA/SC9428/2018": {
      "branch_length": 0.003279604158337478,
      "clock_length": 0.003279604158337478,
      "date": "2019-01-01",
      "mutation_length": 7.415684906366917e-19,
      "num_date_confidence": [
        2019.0013698630137,
        2019.897273083037
      ],
      "numdate": 2019.0013698630137,
      "raw_date": "2019-XX-XX"
    },
    "HCoV_OC43/Seattle/USA/SC9430/2018": {
      "branch_length": 0.0006205485259670305,
      "clock_length": 0.0006205485259670305,
      "date": "2019-01-01",
      "mutation_length": 7.46980144792377e-19,
      "num_date_confidence": [
        2019.0013698630137,
        2019.8964476947642
      ],
      "numdate": 2019.0013698630137,
      "raw_date": "2019-XX-XX"
    },
    "HCoV_OC43/Seattle/USA/SC9741/2016": {
      "branch_length": 0.00029785232690524325,
      "clock_length": 0.00029785232690524325,
      "date": "2016-11-08",
      "mutation_length": 7.46980144792377e-19,
      "num_date_confidence": [
        2016.0013661202186,
        2016.9986338797814
      ],
      "numdate": 2016.853362587215,
      "raw_date": "2016-XX-XX"
    },
    "HCoV_OC43/UK/London/2011": {
      "branch_length": 0.0022033763851314167,
      "clock_length": 0.0022033763851314167,
      "date": "2011-08-20",
      "mutation_length": 0.0028913939917298292,
      "num_date_confidence": [
        2011.6342465753426,
        2011.6342465753426
      ],
      "numdate": 2011.6342465753426,
      "raw_date": "2011-08-20"
    },
    "HCoV_OC43/USA/ACRI_0052/2016": {
      "branch_length": 0.00020929350297593894,
      "clock_length": 0.00020929350297593894,
      "date": "2016-03-07",
      "mutation_length": 7.424302376674242e-19,
      "num_date_confidence": [
        2016.181693989071,
        2016.181693989071
      ],
      "numdate": 2016.181693989071,
      "raw_date": "2016-03-07"
    },
    "HCoV_OC43/USA/ACRI_0213/2016": {
      "branch_length": 2.0440962434631544e-05,
      "clock_length": 2.0440962434631544e-05,
      "date": "2016-12-19",
      "mutation_length": 7.46980144792377e-19,
      "num_date_confidence": [
        2016.9658469945355,
        2016.9658469945355
      ],
      "numdate": 2016.9658469945355,
      "raw_date": "2016-12-19"
    },
    "HCoV_OC43/USA/TCNP_00204/2017": {
      "branch_length": 2.6415588038396795e-05,
      "clock_length": 2.6415588038396795e-05,
      "date": "2017-01-03",
      "mutation_length": 7.46980144792377e-19,
      "num_date_confidence": [
        2017.0068493150684,
        2017.0068493150684
      ],
      "numdate": 2017.0068493150684,
      "raw_date": "2017-01-03"
    },
    "HCoV_OC43/USA/TCNP_00212/2017": {
      "branch_length": 0.0032579312470420565,
      "clock_length": 0.0032579312470420565,
      "date": "2017-01-17",
      "mutation_length": 0.0028858292326585148,
      "num_date_confidence": [
        2017.045205479452,
        2017.045205479452
      ],
      "numdate": 2017.045205479452,
      "raw_date": "2017-01-17"
    },
    "HCoV_OC43/USA/TCNP_0070/2016": {
      "branch_length": 0.0001957469190605862,
      "clock_length": 0.0001957469190605862,
      "date": "2016-02-01",
      "mutation_length": 7.46980144792377e-19,
      "num_date_confidence": [
        2016.0860655737704,
        2016.0860655737704
      ],
      "numdate": 2016.0860655737704,
      "raw_date": "2016-02-01"
    },
    "NODE_0000000": {
      "branch_length": 0.001,
      "clock_length": 0.001,
      "date": "1955-07-19",
      "mutation_length": 0.001,
      "num_date_confidence": [
        1517.7726468375454,
        1983.0791418380281
      ],
      "numdate": 1955.5475951312897
    },
    "NODE_0000003": {
      "branch_length": 0.0004432884414525516,
      "clock_length": 0.0004432884414525516,
      "date": "1989-09-02",
      "mutation_length": 7.52677550681223e-19,
      "num_date_confidence": [
        1986.9860632716902,
        1989.9903035402713
      ],
      "numdate": 1989.6687350393554
    },
    "NODE_0000004": {
      "branch_length": 5.485713738216224e-05,
      "clock_length": 5.485713738216224e-05,
      "date": "1990-01-17",
      "mutation_length": 7.52677550681223e-19,
      "num_date_confidence": [
        1989.250907884195,
        1990.045205479452
      ],
      "numdate": 1990.045205479452
    },
    "NODE_0000009": {
      "branch_length": 0.00032915451418486777,
      "clock_length": 0.00032915451418486777,
      "date": "1994-03-20",
      "mutation_length": 7.482002263967854e-19,
      "num_date_confidence": [
        1991.1597096910307,
        1996.8505833239494
      ],
      "numdate": 1994.2154674351766
    },
    "NODE_0000010": {
      "branch_length": 5.9979666629080865e-05,
      "clock_length": 5.9979666629080865e-05,
      "date": "1994-08-17",
      "mutation_length": 7.482002263967854e-19,
      "num_date_confidence": [
        1992.3275899483376,
        1996.9054815716322
      ],
      "numdate": 1994.6270924774276
    },
    "NODE_0000011": {
      "branch_length": 0.0002705203973441873,
      "clock_length": 0.0002705203973441873,
      "date": "1996-06-25",
      "mutation_length": 7.482002263967854e-19,
      "num_date_confidence": [
        1992.9590131555017,
        1996.9603825136612
      ],
      "numdate": 1996.4836044629837
    },
    "NODE_0000012": {
      "branch_length": 0.00012291182534276187,
      "clock_length": 0.00012291182534276187,
      "date": "1982-08-15",
      "mutation_length": 7.477054919524608e-19,
      "num_date_confidence": [
        1979.1725926460738,
        1986.8911950389954
      ],
      "numdate": 1982.6204666630779
    },
    "NODE_0000013": {
      "branch_length": 0.0011350903828291166,
      "clock_length": 0.0011350903828291166,
      "date": "1990-05-30",
      "mutation_length": 7.477054919524608e-19,
      "num_date_confidence": [
        1985.5875423456723,
        1992.9027504900916
      ],
      "numdate": 1990.4103003358807
    },
    "NODE_0000014": {
      "branch_length": 0.0003145820571152213,
      "clock_length": 0.0003145820571152213,
      "date": "1992-07-27",
      "mutation_length": 7.477054919524608e-19,
      "num_date_confidence": [
        1985.2077279154616,
        1993.0698630136985
      ],
      "numdate": 1992.569196172235
    },
    "NODE_0000015": {
      "branch_length": 0.00032071336626772126,
      "clock_length": 0.00032071336626772126,
      "date": "1992-08-11",
      "mutation_length": 7.477054919524608e-19,
      "num_date_confidence": [
        1990.520801281567,
        1992.957650273224
      ],
      "numdate": 1992.6112737717083
    },
    "NODE_0000016": {
      "branch_length": 0.0,
      "clock_length": 0.0,
      "date": "1982-08-15",
      "mutation_length": 7.477054919524608e-19,
      "num_date_confidence": [
        1979.0387859780278,
        1987.0040102909563
      ],
      "numdate": 1982.6204666630779
    },
    "NODE_0000017": {
      "branch_length": 0.0006082034886288864,
      "clock_length": 0.0006082034886288864,
      "date": "1986-10-17",
      "mutation_length": 7.477054919524608e-19,
      "num_date_confidence": [
        1984.435433774818,
        1987.058904109589
      ],
      "numdate": 1986.7944109474342
    },
    "NODE_0000018": {
      "branch_length": 0.00029034291355225193,
      "clock_length": 0.00029034291355225193,
      "date": "1984-08-12",
      "mutation_length": 7.477054919524608e-19,
      "num_date_confidence": [
        1982.2561020001135,
        1987.1190706772575
      ],
      "numdate": 1984.6130154846192
    },
    "NODE_0000019": {
      "branch_length": 0.0007101664944280401,
      "clock_length": 0.0007101664944280401,
      "date": "1994-09-08",
      "mutation_length": 0.005792465169126748,
      "num_date_confidence": [
        1974.227799897524,
        2014.9880771273622
      ],
      "numdate": 1994.6868603504677
    },
    "NODE_0000020": {
      "branch_length": 0.0002952779532299178,
      "clock_length": 0.0002952779532299178,
      "date": "1986-08-22",
      "mutation_length": 7.477054919524608e-19,
      "num_date_confidence": [
        1984.587147669541,
        1987.2068493150684
      ],
      "numdate": 1986.6394322155704
    },
    "NODE_0000021": {
      "branch_length": 0.0010425054497754964,
      "clock_length": 0.0010425054497754964,
      "date": "1989-10-24",
      "mutation_length": 0.002888589812092947,
      "num_date_confidence": [
        1984.3159012314525,
        1999.7434188710197
      ],
      "numdate": 1989.8131701533896
    },
    "NODE_0000022": {
      "branch_length": 0.00029522481100342,
      "clock_length": 0.00029522481100342,
      "date": "1986-08-22",
      "mutation_length": 7.477054919524608e-19,
      "num_date_confidence": [
        1984.601848386528,
        1987.1739726027397
      ],
      "numdate": 1986.639067514123
    },
    "NODE_0000023": {
      "branch_length": 0.0003085184644757216,
      "clock_length": 0.0003085184644757216,
      "date": "1991-12-16",
      "mutation_length": 7.482002263967854e-19,
      "num_date_confidence": [
        1989.6045815786963,
        1996.7956824725416
      ],
      "numdate": 1991.9565645698722
    },
    "NODE_0000024": {
      "branch_length": 0.0011467515169844992,
      "clock_length": 0.0011467515169844992,
      "date": "1990-07-12",
      "mutation_length": 7.422469287881265e-19,
      "num_date_confidence": [
        1986.0287867438997,
        1994.921707001198
      ],
      "numdate": 1990.5285841300088
    },
    "NODE_0000025": {
      "branch_length": 0.0006080401182277772,
      "clock_length": 0.0006080401182277772,
      "date": "1994-09-14",
      "mutation_length": 7.422469287881265e-19,
      "num_date_confidence": [
        1991.1834573253213,
        1996.3565573770493
      ],
      "numdate": 1994.701407245275
    },
    "NODE_0000026": {
      "branch_length": 0.0002901403603715628,
      "clock_length": 0.0002901403603715628,
      "date": "1992-07-09",
      "mutation_length": 7.422469287881265e-19,
      "num_date_confidence": [
        1989.80541964045,
        1994.9766049046548
      ],
      "numdate": 1992.5197428811105
    },
    "NODE_0000027": {
      "branch_length": 0.0003003157218159883,
      "clock_length": 0.0003003157218159883,
      "date": "1994-07-31",
      "mutation_length": 7.422469287881265e-19,
      "num_date_confidence": [
        1992.0708152559919,
        1995.031506849315
      ],
      "numdate": 1994.580732523577
    },
    "NODE_0000028": {
      "branch_length": 0.0,
      "clock_length": 0.0,
      "date": "1994-07-31",
      "mutation_length": 7.422469287881265e-19,
      "num_date_confidence": [
        1993.5894603781906,
        1999.0397260273974
      ],
      "numdate": 1994.580732523577
    },
    "NODE_0000030": {
      "branch_length": 0.0012820297599068823,
      "clock_length": 0.0012820297599068823,
      "date": "1993-10-28",
      "mutation_length": 2.0724575366624968e-22,
      "num_date_confidence": [
        1987.4656463760116,
        1996.9959016393443
      ],
      "numdate": 1993.823379573039
    },
    "NODE_0000031": {
      "branch_length": 0.00034482066263320007,
      "clock_length": 0.00034482066263320007,
      "date": "1985-01-10",
      "mutation_length": 0.00288875330932317,
      "num_date_confidence": [
        1983.1969493385966,
        1989.5124005210785
      ],
      "numdate": 1985.0251387066448
    },
    "NODE_0000032": {
      "branch_length": -8.009253809941608e-06,
      "clock_length": -8.009253809941608e-06,
      "date": "1986-09-25",
      "mutation_length": 7.399170042771179e-19,
      "num_date_confidence": [
        1983.8419461006135,
        1989.6224393296911
      ],
      "numdate": 1986.731598738913
    },
    "NODE_0000033": {
      "branch_length": 0.0002566649315393042,
      "clock_length": 0.0002566649315393042,
      "date": "1986-10-15",
      "mutation_length": 0.00578197636603191,
      "num_date_confidence": [
        1983.886306172228,
        1989.5675388653312
      ],
      "numdate": 1986.7865641900933
    },
    "NODE_0000034": {
      "branch_length": 0.00032373414894620693,
      "clock_length": 0.00032373414894620693,
      "date": "1988-12-14",
      "mutation_length": 7.399170042771179e-19,
      "num_date_confidence": [
        1986.753233667341,
        1989.6773398489515
      ],
      "numdate": 1988.9533030301711
    },
    "NODE_0000035": {
      "branch_length": 6.283802937197182e-05,
      "clock_length": 6.283802937197182e-05,
      "date": "1989-05-21",
      "mutation_length": 7.399170042771179e-19,
      "num_date_confidence": [
        1987.8091482261384,
        1989.732240428592
      ],
      "numdate": 1989.3845442815632
    },
    "NODE_0000036": {
      "branch_length": 2.4664744760619257e-05,
      "clock_length": 2.4664744760619257e-05,
      "date": "1989-07-22",
      "mutation_length": 7.399170042771179e-19,
      "num_date_confidence": [
        1988.8175273704755,
        1989.787139820228
      ],
      "numdate": 1989.5538120880515
    },
    "NODE_0000037": {
      "branch_length": 1.4040642066089418e-05,
      "clock_length": 1.4040642066089418e-05,
      "date": "1989-08-26",
      "mutation_length": 7.399170042771179e-19,
      "num_date_confidence": [
        1989.259753357612,
        1989.842040463093
      ],
      "numdate": 1989.6501694072647
    },
    "NODE_0000038": {
      "branch_length": 1.2922085674826889e-06,
      "clock_length": 1.2922085674826889e-06,
      "date": "1989-08-29",
      "mutation_length": 7.399170042771179e-19,
      "num_date_confidence": [
        1989.3840854763585,
        1989.8969412978452
      ],
      "numdate": 1989.6590375026724
    },
    "NODE_0000039": {
      "branch_length": 3.3066008278534106e-05,
      "clock_length": 3.3066008278534106e-05,
      "date": "1989-11-20",
      "mutation_length": 7.399170042771179e-19,
      "num_date_confidence": [
        1989.5628688708264,
        1989.9518421162654
      ],
      "numdate": 1989.8859610222528
    },
    "NODE_0000040": {
      "branch_length": 1.1599793111462947e-05,
      "clock_length": 1.1599793111462947e-05,
      "date": "1989-12-19",
      "mutation_length": 7.399170042771179e-19,
      "num_date_confidence": [
        1989.6936543638703,
        1990.0067430279425
      ],
      "numdate": 1989.9655674221872
    },
    "NODE_0000041": {
      "branch_length": 1.3999710068408368e-05,
      "clock_length": 1.3999710068408368e-05,
      "date": "1990-01-23",
      "mutation_length": 7.399170042771179e-19,
      "num_date_confidence": [
        1989.8499769042962,
        1990.0616438356165
      ],
      "numdate": 1990.0616438356165
    },
    "NODE_0000043": {
      "branch_length": 0.0038219934707217074,
      "clock_length": 0.0038219934707217074,
      "date": "1981-10-11",
      "mutation_length": 0.005786377457051283,
      "num_date_confidence": [
        1981.4789092645303,
        1983.1493150684933
      ],
      "numdate": 1981.776954383946
    },
    "NODE_0000044": {
      "branch_length": 0.0002778612568898075,
      "clock_length": 0.0002778612568898075,
      "date": "1996-08-05",
      "mutation_length": 7.46980144792377e-19,
      "num_date_confidence": [
        1977.671772691172,
        2015.5968321525022
      ],
      "numdate": 1996.5937507690903
    },
    "NODE_0000045": {
      "branch_length": 0.0026484846225453586,
      "clock_length": 0.0026484846225453586,
      "date": "2014-10-08",
      "mutation_length": 7.46980144792377e-19,
      "num_date_confidence": [
        1996.3817759513322,
        2015.4805191652665
      ],
      "numdate": 2014.7696202916409
    },
    "NODE_0000046": {
      "branch_length": -2.644726424324553e-06,
      "clock_length": -2.644726424324553e-06,
      "date": "2014-10-02",
      "mutation_length": 7.46980144792377e-19,
      "num_date_confidence": [
        2007.4430691696425,
        2016.0572233079977
      ],
      "numdate": 2014.7514702136673
    },
    "NODE_0000047": {
      "branch_length": 3.4321740452618625e-06,
      "clock_length": 3.4321740452618625e-06,
      "date": "2014-10-10",
      "mutation_length": 7.46980144792377e-19,
      "num_date_confidence": [
        2014.5473862871502,
        2016.9711819101835
      ],
      "numdate": 2014.7750243423543
    },
    "NODE_0000048": {
      "branch_length": 0.0003022254632554692,
      "clock_length": 0.0003022254632554692,
      "date": "2016-10-29",
      "mutation_length": 7.46980144792377e-19,
      "num_date_confidence": [
        2014.2418998349478,
        2016.9658469945355
      ],
      "numdate": 2016.825565920987
    },
    "NODE_0000049": {
      "branch_length": 1.5854605915439392e-05,
      "clock_length": 1.5854605915439392e-05,
      "date": "2014-11-17",
      "mutation_length": 7.46980144792377e-19,
      "num_date_confidence": [
        2009.1533830530334,
        2017.5103379661793
      ],
      "numdate": 2014.8784263787134
    },
    "NODE_0000050": {
      "branch_length": 0.00028672381138861484,
      "clock_length": 0.00028672381138861484,
      "date": "2016-11-05",
      "mutation_length": 7.46980144792377e-19,
      "num_date_confidence": [
        2014.3686937326804,
        2018.6968802232564
      ],
      "numdate": 2016.846138231916
    },
    "NODE_0000051": {
      "branch_length": 0.00028672381138861484,
      "clock_length": 0.00028672381138861484,
      "date": "2016-11-05",
      "mutation_length": 7.46980144792377e-19,
      "num_date_confidence": [
        2014.3686937326804,
        2018.6968802232564
      ],
      "numdate": 2016.846138231916
    },
    "NODE_0000052": {
      "branch_length": 0.002644331995922386,
      "clock_length": 0.002644331995922386,
      "date": "2014-09-28",
      "mutation_length": 7.46980144792377e-19,
      "num_date_confidence": [
        1995.7238103498962,
        2014.9937304281143
      ],
      "numdate": 2014.7411218820098
    },
    "NODE_0000053": {
      "branch_length": 0.0,
      "clock_length": 0.0,
      "date": "2014-09-28",
      "mutation_length": 7.46980144792377e-19,
      "num_date_confidence": [
        2001.9869414866982,
        2015.355170412618
      ],
      "numdate": 2014.7411218820098
    },
    "NODE_0000054": {
      "branch_length": 9.93140910307078e-06,
      "clock_length": 9.93140910307078e-06,
      "date": "2014-10-23",
      "mutation_length": 7.46980144792377e-19,
      "num_date_confidence": [
        2013.9780398106307,
        2015.7339635788016
      ],
      "numdate": 2014.8092785911317
    },
    "NODE_0000055": {
      "branch_length": 9.93140910307078e-06,
      "clock_length": 9.93140910307078e-06,
      "date": "2014-10-23",
      "mutation_length": 7.46980144792377e-19,
      "num_date_confidence": [
        2013.9780398106307,
        2015.7339635788016
      ],
      "numdate": 2014.8092785911317
    },
    "NODE_0000056": {
      "branch_length": 0.000706657077490595,
      "clock_length": 0.000706657077490595,
      "date": "1986-08-17",
      "mutation_length": 0.0028930298584833,
      "num_date_confidence": [
        1982.7741760232286,
        1989.9354016477732
      ],
      "numdate": 1986.626560354213
    },
    "NODE_0000057": {
      "branch_length": 2.3064786669945922e-07,
      "clock_length": 2.3064786669945922e-07,
      "date": "2014-09-29",
      "mutation_length": 7.46980144792377e-19,
      "num_date_confidence": [
        2002.6580553157596,
        2015.564395538193
      ],
      "numdate": 2014.7427047590616
    },
    "NODE_0000058": {
      "branch_length": 0.0,
      "clock_length": 0.0,
      "date": "2014-09-29",
      "mutation_length": 7.46980144792377e-19,
      "num_date_confidence": [
        2013.41055828904,
        2016.0860655737704
      ],
      "numdate": 2014.7427047590616
    },
    "NODE_0000059": {
      "branch_length": 9.70076123637132e-06,
      "clock_length": 9.70076123637132e-06,
      "date": "2014-10-23",
      "mutation_length": 7.46980144792377e-19,
      "num_date_confidence": [
        2014.04387100081,
        2015.762974588775
      ],
      "numdate": 2014.8092785911317
    },
    "NODE_0000060": {
      "branch_length": 0.0011747965982496812,
      "clock_length": 0.0011747965982496812,
      "date": "1989-11-03",
      "mutation_length": 0.0028895913142937602,
      "num_date_confidence": [
        1983.118907433722,
        1995.4189752778198
      ],
      "numdate": 1989.8392816119597
    },
    "NODE_0000061": {
      "branch_length": 0.0009724622993847274,
      "clock_length": 0.0009724622993847274,
      "date": "1996-07-06",
      "mutation_length": 0.002891230319913643,
      "num_date_confidence": [
        1989.6197664840158,
        2001.1782139348747
      ],
      "numdate": 1996.51304053008
    },
    "NODE_0000062": {
      "branch_length": 0.0026567111284768194,
      "clock_length": 0.0026567111284768194,
      "date": "2014-09-30",
      "mutation_length": 0.0028965301589855843,
      "num_date_confidence": [
        1996.943931810419,
        2015.270644430267
      ],
      "numdate": 2014.745366449305
    },
    "NODE_0000063": {
      "branch_length": 2.3755562752175025e-05,
      "clock_length": 2.3755562752175025e-05,
      "date": "2014-11-28",
      "mutation_length": 0.0028910032715951427,
      "num_date_confidence": [
        2013.4705296908335,
        2015.971178167396
      ],
      "numdate": 2014.908394773254
    },
    "NODE_0000064": {
      "branch_length": 0.0,
      "clock_length": 0.0,
      "date": "2014-10-23",
      "mutation_length": 7.46980144792377e-19,
      "num_date_confidence": [
        2014.6170877835978,
        2015.9820815802111
      ],
      "numdate": 2014.8092785911317
    },
    "NODE_0000065": {
      "branch_length": 0.0009735347627364858,
      "clock_length": 0.0009735347627364858,
      "date": "1996-06-29",
      "mutation_length": 7.415684906366917e-19,
      "num_date_confidence": [
        1991.326012304166,
        2011.1082191780822
      ],
      "numdate": 1996.4942891119583
    },
    "NODE_0000068": {
      "branch_length": 0.00395047980554396,
      "clock_length": 0.00395047980554396,
      "date": "1982-08-29",
      "mutation_length": 0.0028922529251031366,
      "num_date_confidence": [
        1980.9970440425466,
        1989.433350031671
      ],
      "numdate": 1982.6587230894468
    },
    "OC43/human/Mex/LRTI_238/2011": {
      "branch_length": 0.0021294590064624705,
      "clock_length": 0.0021294590064624705,
      "date": "2011-02-09",
      "mutation_length": 0.002886790798276945,
      "num_date_confidence": [
        2011.1082191780822,
        2011.1082191780822
      ],
      "numdate": 2011.1082191780822,
      "raw_date": "2011-02-09"
    },
    "OC43/human/USA/007_11/2000": {
      "branch_length": 0.0008726743133980054,
      "clock_length": 0.0008726743133980054,
      "date": "2000-07-27",
      "mutation_length": 7.422469287881265e-19,
      "num_date_confidence": [
        2000.5696721311476,
        2000.5696721311476
      ],
      "numdate": 2000.5696721311476,
      "raw_date": "2000-07-27"
    },
    "OC43/human/USA/008_5/2000": {
      "branch_length": 0.0008706965228204413,
      "clock_length": 0.0008706965228204413,
      "date": "2000-08-08",
      "mutation_length": 7.482002263967854e-19,
      "num_date_confidence": [
        2000.6024590163934,
        2000.6024590163934
      ],
      "numdate": 2000.6024590163934,
      "raw_date": "2000-08-08"
    },
    "OC43/human/USA/832_27/1983": {
      "branch_length": 0.00019997261562090893,
      "clock_length": 0.00019997261562090893,
      "date": "1983-02-24",
      "mutation_length": 0.002888238216235914,
      "num_date_confidence": [
        1983.1493150684933,
        1983.1493150684933
      ],
      "numdate": 1983.1493150684933,
      "raw_date": "1983-02-24"
    },
    "OC43/human/USA/851_15/1985": {
      "branch_length": 0.00047263805773495315,
      "clock_length": 0.00047263805773495315,
      "date": "1985-01-08",
      "mutation_length": 0.0028917363969152205,
      "num_date_confidence": [
        1985.0205479452054,
        1985.0205479452054
      ],
      "numdate": 1985.0205479452054,
      "raw_date": "1985-01-08"
    },
    "OC43/human/USA/871_25/1987": {
      "branch_length": 3.85404435186195e-05,
      "clock_length": 3.85404435186195e-05,
      "date": "1987-01-22",
      "mutation_length": 7.477054919524608e-19,
      "num_date_confidence": [
        1987.058904109589,
        1987.058904109589
      ],
      "numdate": 1987.058904109589,
      "raw_date": "1987-01-22"
    },
    "OC43/human/USA/872_5/1987": {
      "branch_length": 0.0007772408869194912,
      "clock_length": 0.0007772408869194912,
      "date": "1987-02-10",
      "mutation_length": 0.002888238216235914,
      "num_date_confidence": [
        1987.1109589041096,
        1987.1109589041096
      ],
      "numdate": 1987.1109589041096,
      "raw_date": "1987-02-10"
    },
    "OC43/human/USA/873_16/1987": {
      "branch_length": 8.073785717247275e-05,
      "clock_length": 8.073785717247275e-05,
      "date": "1987-03-12",
      "mutation_length": 7.477054919524608e-19,
      "num_date_confidence": [
        1987.1931506849314,
        1987.1931506849314
      ],
      "numdate": 1987.1931506849314,
      "raw_date": "1987-03-12"
    },
    "OC43/human/USA/873_19/1987": {
      "branch_length": 8.268080163788272e-05,
      "clock_length": 8.268080163788272e-05,
      "date": "1987-03-17",
      "mutation_length": 7.477054919524608e-19,
      "num_date_confidence": [
        1987.2068493150684,
        1987.2068493150684
      ],
      "numdate": 1987.2068493150684,
      "raw_date": "1987-03-17"
    },
    "OC43/human/USA/873_6/1987": {
      "branch_length": 7.79433358038149e-05,
      "clock_length": 7.79433358038149e-05,
      "date": "1987-03-05",
      "mutation_length": 7.477054919524608e-19,
      "num_date_confidence": [
        1987.1739726027397,
        1987.1739726027397
      ],
      "numdate": 1987.1739726027397,
      "raw_date": "1987-03-05"
    },
    "OC43/human/USA/8912_37/1989": {
      "branch_length": 0.0004873667106984241,
      "clock_length": 0.0004873667106984241,
      "date": "1989-12-21",
      "mutation_length": 7.52677550681223e-19,
      "num_date_confidence": [
        1989.9712328767123,
        1989.9712328767123
      ],
      "numdate": 1989.9712328767123,
      "raw_date": "1989-12-21"
    },
    "OC43/human/USA/901_33/1990": {
      "branch_length": 5.445792004378676e-05,
      "clock_length": 5.445792004378676e-05,
      "date": "1990-01-16",
      "mutation_length": 7.52677550681223e-19,
      "num_date_confidence": [
        1990.0424657534247,
        1990.0424657534247
      ],
      "numdate": 1990.0424657534247,
      "raw_date": "1990-01-16"
    },
    "OC43/human/USA/901_41/1990": {
      "branch_length": 0.0,
      "clock_length": 0.0,
      "date": "1990-01-17",
      "mutation_length": 7.52677550681223e-19,
      "num_date_confidence": [
        1990.045205479452,
        1990.045205479452
      ],
      "numdate": 1990.045205479452,
      "raw_date": "1990-01-17"
    },
    "OC43/human/USA/901_43/1990": {
      "branch_length": 7.984346767492267e-07,
      "clock_length": 7.984346767492267e-07,
      "date": "1990-01-19",
      "mutation_length": 7.52677550681223e-19,
      "num_date_confidence": [
        1990.0506849315068,
        1990.0506849315068
      ],
      "numdate": 1990.0506849315068,
      "raw_date": "1990-01-19"
    },
    "OC43/human/USA/901_54/1990": {
      "branch_length": 0.0,
      "clock_length": 0.0,
      "date": "1990-01-23",
      "mutation_length": 7.399170042771179e-19,
      "num_date_confidence": [
        1990.0616438356165,
        1990.0616438356165
      ],
      "numdate": 1990.0616438356165,
      "raw_date": "1990-01-23"
    },
    "OC43/human/USA/911_11/1991": {
      "branch_length": 0.00019639549319975646,
      "clock_length": 0.00019639549319975646,
      "date": "1991-01-03",
      "mutation_length": 7.399170042771179e-19,
      "num_date_confidence": [
        1991.0068493150684,
        1991.0068493150684
      ],
      "numdate": 1991.0068493150684,
      "raw_date": "1991-01-03"
    },
    "OC43/human/USA/911_38/1991": {
      "branch_length": 0.00015652029987035885,
      "clock_length": 0.00015652029987035885,
      "date": "1991-01-15",
      "mutation_length": 7.399170042771179e-19,
      "num_date_confidence": [
        1991.0397260273974,
        1991.0397260273974
      ],
      "numdate": 1991.0397260273974,
      "raw_date": "1991-01-15"
    },
    "OC43/human/USA/911_58/1991": {
      "branch_length": 0.0006233395772081924,
      "clock_length": 0.0006233395772081924,
      "date": "1991-01-24",
      "mutation_length": 0.0028842535426341098,
      "num_date_confidence": [
        1991.0643835616438,
        1991.0643835616438
      ],
      "numdate": 1991.0643835616438,
      "raw_date": "1991-01-24"
    },
    "OC43/human/USA/911_66/1991": {
      "branch_length": 0.0001737091357191375,
      "clock_length": 0.0001737091357191375,
      "date": "1991-01-29",
      "mutation_length": 7.399170042771179e-19,
      "num_date_confidence": [
        1991.0780821917808,
        1991.0780821917808
      ],
      "numdate": 1991.0780821917808,
      "raw_date": "1991-01-29"
    },
    "OC43/human/USA/912_10/1991": {
      "branch_length": 0.0003132037248092757,
      "clock_length": 0.0003132037248092757,
      "date": "1991-02-07",
      "mutation_length": 7.399170042771179e-19,
      "num_date_confidence": [
        1991.1027397260275,
        1991.1027397260275
      ],
      "numdate": 1991.1027397260275,
      "raw_date": "1991-02-07"
    },
    "OC43/human/USA/912_11/1991": {
      "branch_length": 0.0006369378737554826,
      "clock_length": 0.0006369378737554826,
      "date": "1991-02-07",
      "mutation_length": 7.399170042771179e-19,
      "num_date_confidence": [
        1991.1027397260275,
        1991.1027397260275
      ],
      "numdate": 1991.1027397260275,
      "raw_date": "1991-02-07"
    },
    "OC43/human/USA/912_36/1991": {
      "branch_length": 0.00021764856868628554,
      "clock_length": 0.00021764856868628554,
      "date": "1991-02-22",
      "mutation_length": 7.399170042771179e-19,
      "num_date_confidence": [
        1991.1438356164383,
        1991.1438356164383
      ],
      "numdate": 1991.1438356164383,
      "raw_date": "1991-02-22"
    },
    "OC43/human/USA/912_6/1991": {
      "branch_length": 0.00024956726076052083,
      "clock_length": 0.00024956726076052083,
      "date": "1991-02-05",
      "mutation_length": 7.399170042771179e-19,
      "num_date_confidence": [
        1991.0972602739726,
        1991.0972602739726
      ],
      "numdate": 1991.0972602739726,
      "raw_date": "1991-02-05"
    },
    "OC43/human/USA/913_29/1991": {
      "branch_length": 0.00016567519542802934,
      "clock_length": 0.00016567519542802934,
      "date": "1991-03-14",
      "mutation_length": 7.399170042771179e-19,
      "num_date_confidence": [
        1991.1986301369864,
        1991.1986301369864
      ],
      "numdate": 1991.1986301369864,
      "raw_date": "1991-03-14"
    },
    "OC43/human/USA/9211_43/1992": {
      "branch_length": 0.0009142848763543472,
      "clock_length": 0.0009142848763543472,
      "date": "1992-11-30",
      "mutation_length": 7.477054919524608e-19,
      "num_date_confidence": [
        1992.9139344262296,
        1992.9139344262296
      ],
      "numdate": 1992.9139344262296,
      "raw_date": "1992-11-30"
    },
    "OC43/human/USA/9212_33/1992": {
      "branch_length": 5.047201932968041e-05,
      "clock_length": 5.047201932968041e-05,
      "date": "1992-12-16",
      "mutation_length": 7.477054919524608e-19,
      "num_date_confidence": [
        1992.957650273224,
        1992.957650273224
      ],
      "numdate": 1992.957650273224,
      "raw_date": "1992-12-16"
    },
    "OC43/human/USA/925_1/1992": {
      "branch_length": 0.00040601138828427665,
      "clock_length": 0.00040601138828427665,
      "date": "1992-05-04",
      "mutation_length": 7.399170042771179e-19,
      "num_date_confidence": [
        1992.3401639344263,
        1992.3401639344263
      ],
      "numdate": 1992.3401639344263,
      "raw_date": "1992-05-04"
    },
    "OC43/human/USA/931_85/1993": {
      "branch_length": 7.295433261056503e-05,
      "clock_length": 7.295433261056503e-05,
      "date": "1993-01-26",
      "mutation_length": 7.477054919524608e-19,
      "num_date_confidence": [
        1993.0698630136985,
        1993.0698630136985
      ],
      "numdate": 1993.0698630136985,
      "raw_date": "1993-01-26"
    },
    "OC43/human/USA/951_15/1995": {
      "branch_length": 0.0003583947295528402,
      "clock_length": 0.0003583947295528402,
      "date": "1995-01-11",
      "mutation_length": 7.477054919524608e-19,
      "num_date_confidence": [
        1995.0287671232877,
        1995.0287671232877
      ],
      "numdate": 1995.0287671232877,
      "raw_date": "1995-01-11"
    },
    "OC43/human/USA/951_18/1995": {
      "branch_length": 6.568427818401173e-05,
      "clock_length": 6.568427818401173e-05,
      "date": "1995-01-12",
      "mutation_length": 7.422469287881265e-19,
      "num_date_confidence": [
        1995.031506849315,
        1995.031506849315
      ],
      "numdate": 1995.031506849315,
      "raw_date": "1995-01-12"
    },
    "OC43/human/USA/952_23/1995": {
      "branch_length": 0.0003654375925669128,
      "clock_length": 0.0003654375925669128,
      "date": "1995-02-13",
      "mutation_length": 7.477054919524608e-19,
      "num_date_confidence": [
        1995.1191780821919,
        1995.1191780821919
      ],
      "numdate": 1995.1191780821919,
      "raw_date": "1995-02-13"
    },
    "OC43/human/USA/953_23/1995": {
      "branch_length": 0.001222619069155996,
      "clock_length": 0.001222619069155996,
      "date": "1995-03-09",
      "mutation_length": 7.477054919524608e-19,
      "num_date_confidence": [
        1995.1849315068494,
        1995.1849315068494
      ],
      "numdate": 1995.1849315068494,
      "raw_date": "1995-03-09"
    },
    "OC43/human/USA/9612_29/1996": {
      "branch_length": 6.94733935022937e-05,
      "clock_length": 6.94733935022937e-05,
      "date": "1996-12-17",
      "mutation_length": 7.482002263967854e-19,
      "num_date_confidence": [
        1996.9603825136612,
        1996.9603825136612
      ],
      "numdate": 1996.9603825136612,
      "raw_date": "1996-12-17"
    },
    "OC43/human/USA/9612_48/1996": {
      "branch_length": 0.00046228192257163556,
      "clock_length": 0.00046228192257163556,
      "date": "1996-12-30",
      "mutation_length": 2.0724575366624968e-22,
      "num_date_confidence": [
        1996.9959016393443,
        1996.9959016393443
      ],
      "numdate": 1996.9959016393443,
      "raw_date": "1996-12-30"
    },
    "OC43/human/USA/9612_9/1996": {
      "branch_length": 0.0007239523261122912,
      "clock_length": 0.0007239523261122912,
      "date": "1996-12-04",
      "mutation_length": 7.482002263967854e-19,
      "num_date_confidence": [
        1996.9248633879781,
        1996.9248633879781
      ],
      "numdate": 1996.9248633879781,
      "raw_date": "1996-12-04"
    },
    "OC43/human/USA/965_6/1996": {
      "branch_length": 0.00024117909003305068,
      "clock_length": 0.00024117909003305068,
      "date": "1996-05-10",
      "mutation_length": 7.422469287881265e-19,
      "num_date_confidence": [
        1996.3565573770493,
        1996.3565573770493
      ],
      "numdate": 1996.3565573770493,
      "raw_date": "1996-05-10"
    },
    "OC43/human/USA/9712_13/1997": {
      "branch_length": 0.0005432766659667953,
      "clock_length": 0.0005432766659667953,
      "date": "1997-12-11",
      "mutation_length": 7.482002263967854e-19,
      "num_date_confidence": [
        1997.9438356164383,
        1997.9438356164383
      ],
      "numdate": 1997.9438356164383,
      "raw_date": "1997-12-11"
    },
    "OC43/human/USA/9712_31/1997": {
      "branch_length": 0.00021557112336221792,
      "clock_length": 0.00021557112336221792,
      "date": "1997-12-18",
      "mutation_length": 7.482002263967854e-19,
      "num_date_confidence": [
        1997.9630136986302,
        1997.9630136986302
      ],
      "numdate": 1997.9630136986302,
      "raw_date": "1997-12-18"
    },
    "OC43/human/USA/971_5/1997": {
      "branch_length": 0.00046347793845012957,
      "clock_length": 0.00046347793845012957,
      "date": "1997-01-02",
      "mutation_length": 2.0724575366624968e-22,
      "num_date_confidence": [
        1997.004109589041,
        1997.004109589041
      ],
      "numdate": 1997.004109589041,
      "raw_date": "1997-01-02"
    },
    "OC43/human/USA/982_4/1998": {
      "branch_length": 0.0004948244437918657,
      "clock_length": 0.0004948244437918657,
      "date": "1998-02-05",
      "mutation_length": 7.422469287881265e-19,
      "num_date_confidence": [
        1998.0972602739726,
        1998.0972602739726
      ],
      "numdate": 1998.0972602739726,
      "raw_date": "1998-02-05"
    },
    "OC43/human/USA/991_19/1999": {
      "branch_length": 0.0006497392442351012,
      "clock_length": 0.0006497392442351012,
      "date": "1999-01-15",
      "mutation_length": 7.422469287881265e-19,
      "num_date_confidence": [
        1999.0397260273974,
        1999.0397260273974
      ],
      "numdate": 1999.0397260273974,
      "raw_date": "1999-01-15"
    },
    "OC43/human/USA/991_5/1999": {
      "branch_length": 0.0009468612273440236,
      "clock_length": 0.0009468612273440236,
      "date": "1999-01-07",
      "mutation_length": 7.422469287881265e-19,
      "num_date_confidence": [
        1999.017808219178,
        1999.017808219178
      ],
      "numdate": 1999.017808219178,
      "raw_date": "1999-01-07"
    },
    "OC43_KLF_01_2018": {
      "branch_length": 0.0034040447928894144,
      "clock_length": 0.0034040447928894144,
      "date": "2018-01-18",
      "mutation_length": 0.002887343913257677,
      "num_date_confidence": [
        2018.0479452054794,
        2018.0479452054794
      ],
      "numdate": 2018.0479452054794,
      "raw_date": "2018-01-18"
    },
    "OC43_KLF_02_2017": {
      "branch_length": 0.0004367181814560046,
      "clock_length": 0.0004367181814560046,
      "date": "2017-11-27",
      "mutation_length": 7.416998731426142e-19,
      "num_date_confidence": [
        2017.9054794520548,
        2017.9054794520548
      ],
      "numdate": 2017.9054794520548,
      "raw_date": "2017-11-27"
    }
  }
}