strain	accession	virus	date	country	source	sequence_locus	subtype
HCoV_OC43/Yamagata.JPN/10.2009_0762	LC506764	seasonal_corona	2009-03-XX	japan	full	oc43	beta
HCoV_OC43/Yamagata.JPN/05.2015_0228	LC506878	seasonal_corona	2015-01-XX	japan	full	oc43	beta
HCoV_OC43/Yamagata.JPN/25.16_1044	LC331091	seasonal_corona	2016-06-XX	japan	full	oc43	beta
OC43/SLO/44656/2014	KX059659	seasonal_corona	2014-04-22	slovenia	full	oc43	beta
HCoV_OC43/Yamagata.JPN/05.15_0234	LC331073	seasonal_corona	2015-01-XX	japan	full	oc43	beta
HCoV_OC43/Seattle/USA/SC0776/2019	MN310478	seasonal_corona	2019-XX-XX	usa	full	oc43	beta
HCoV_OC43/Yamagata.JPN/07.2017_0314	LC506924	seasonal_corona	2017-02-XX	japan	full	oc43	beta
OC43/SLO/41165/2014	KX059654	seasonal_corona	2014-01-27	slovenia	full	oc43	beta
HCoV_OC43/Yamagata.JPN/48.2010_2644	LC506788	seasonal_corona	2010-12-XX	japan	full	oc43	beta
HCoV_OC43/Yamagata.JPN/04.2015_0158	LC506865	seasonal_corona	2015-01-XX	japan	full	oc43	beta
HCoV_OC43/Seattle/USA/SC2730/2015	KY967359	seasonal_corona	2015-XX-XX	usa	full	oc43	beta
HCoV_OC43/Yamagata.JPN/27.16_1096	LC331093	seasonal_corona	2016-07-XX	japan	full	oc43	beta
HCoV_OC43/Yamagata.JPN/43.2010_2385	LC506777	seasonal_corona	2010-10-XX	japan	full	oc43	beta
HCoV_OC43/Yamagata.JPN/07.2015_0424	LC506908	seasonal_corona	2015-02-XX	japan	full	oc43	beta
HCoV_OC43/Yamagata.JPN/46.2010_2538	LC506785	seasonal_corona	2010-11-XX	japan	full	oc43	beta
HCoV_OC43/Yamagata.JPN/51.2017_2650	LC506948	seasonal_corona	2017-12-XX	japan	full	oc43	beta
HCoV_OC43/Yamagata.JPN/46.2010_2510	LC506782	seasonal_corona	2010-11-XX	japan	full	oc43	beta
HCoV_OC43/Yamagata.JPN/05.2015_0236	LC506884	seasonal_corona	2015-01-XX	japan	full	oc43	beta
HCoV_OC43/Yamagata.JPN/14.16_0684	LC331080	seasonal_corona	2016-04-XX	japan	full	oc43	beta
HCoV_OC43/Yamagata.JPN/11.16_0552	LC331079	seasonal_corona	2016-03-XX	japan	full	oc43	beta
HCoV_OC43/Yamagata.JPN/06.2015_0294	LC506893	seasonal_corona	2015-02-XX	japan	full	oc43	beta
HCoV_OC43/Yamagata.JPN/06.2015_0303	LC506897	seasonal_corona	2015-02-XX	japan	full	oc43	beta
OC43/human/USA/912_10/1991	KF530067	seasonal_corona	1991-02-07	usa	full	oc43	beta
HCoV_OC43/Yamagata.JPN/05.2014_0285	LC506826	seasonal_corona	2014-01-XX	japan	full	oc43	beta
HCoV_OC43/Yamagata.JPN/24.16_1002	LC331090	seasonal_corona	2016-06-XX	japan	full	oc43	beta
HCoV_OC43/Yamagata.JPN/39.2010_2197	LC506773	seasonal_corona	2010-10-XX	japan	full	oc43	beta
HCoV_OC43/Yamagata.JPN/11.2017_0634	LC506938	seasonal_corona	2017-03-XX	japan	full	oc43	beta
OC43/human/USA/913_29/1991	KF530079	seasonal_corona	1991-03-14	usa	full	oc43	beta
HCoV_OC43/Yamagata.JPN/04.2015_0159	LC506866	seasonal_corona	2015-01-XX	japan	full	oc43	beta
OC43/human/USA/872_5/1987	KF530086	seasonal_corona	1987-02-10	usa	full	oc43	beta
HCoV_OC43/Yamagata.JPN/07.2017_0306	LC506923	seasonal_corona	2017-02-XX	japan	full	oc43	beta
HCoV_OC43/Yamagata.JPN/03.2015_0093	LC506848	seasonal_corona	2015-01-XX	japan	full	oc43	beta
HCoV_OC43/Yamagata.JPN/43.2010_2412	LC506779	seasonal_corona	2010-10-XX	japan	full	oc43	beta
HCoV_OC43/Yamagata.JPN/03.2015_0088	LC506847	seasonal_corona	2015-01-XX	japan	full	oc43	beta
OC43/human/USA/901_33/1990	KF530066	seasonal_corona	1990-01-16	usa	full	oc43	beta
HCoV_OC43/Seattle/USA/SC9428/2018	MN310476	seasonal_corona	2019-XX-XX	usa	full	oc43	beta
OC43/human/USA/873_19/1987	KF530083	seasonal_corona	1987-03-17	usa	full	oc43	beta
HCoV_OC43/Yamagata.JPN/20.16_0885	LC331089	seasonal_corona	2016-05-XX	japan	full	oc43	beta
HCoV_OC43/Yamagata.JPN/07.2015_0417	LC506906	seasonal_corona	2015-02-XX	japan	full	oc43	beta
HCoV_OC43/Yamagata.JPN/07.2017_0361	LC506926	seasonal_corona	2017-02-XX	japan	full	oc43	beta
HCoV_OC43/Yamagata.JPN/05.2015_0216	LC506872	seasonal_corona	2015-01-XX	japan	full	oc43	beta
OC43/human/USA/901_54/1990	KF530088	seasonal_corona	1990-01-23	usa	full	oc43	beta
HCoV_OC43/Yamagata.JPN/09.2011_0752	LC506790	seasonal_corona	2011-03-XX	japan	full	oc43	beta
sloOC43_1	KF668028	seasonal_corona	2011-02-10	slovenia	full	oc43	beta
HCoV_OC43/Yamagata.JPN/09.2017_0410	LC506931	seasonal_corona	2017-02-XX	japan	full	oc43	beta
HCoV_OC43/Yamagata.JPN/03.2015_0134	LC506854	seasonal_corona	2015-01-XX	japan	full	oc43	beta
HCoV_OC43/FRA_EPI/Caen/2010/12	KF963241	seasonal_corona	2010-12-17	france	full	oc43	beta
HCoV_OC43/Yamagata.JPN/46.2012_2185	LC506810	seasonal_corona	2012-11-XX	japan	full	oc43	beta
OC43/human/USA/008_5/2000	KF530092	seasonal_corona	2000-08-08	usa	full	oc43	beta
HCoV_OC43/Yamagata.JPN/20.2017_1370	LC506944	seasonal_corona	2017-05-XX	japan	full	oc43	beta
OC43/human/USA/965_6/1996	KF530098	seasonal_corona	1996-05-10	usa	full	oc43	beta
HCoV_OC43/Seattle/USA/SC9430/2018	MN306053	seasonal_corona	2019-XX-XX	usa	full	oc43	beta
HCoV_OC43/Yamagata.JPN/06.2015_0290	LC506891	seasonal_corona	2015-02-XX	japan	full	oc43	beta
HCoV_OC43/Yamagata.JPN/05.2015_0225	LC506877	seasonal_corona	2015-01-XX	japan	full	oc43	beta
HCoV_OC43/USA/ACRI_0213/2016	MH121121	seasonal_corona	2016-12-19	usa	full	oc43	beta
HCoV_OC43/Yamagata.JPN/06.2014_0296	LC506827	seasonal_corona	2014-02-XX	japan	full	oc43	beta
HCoV_OC43/USA/TCNP_00212/2017	MF374985	seasonal_corona	2017-01-17	usa	full	oc43	beta
HCoV_OC43/Yamagata.JPN/04.2015_0147	LC506860	seasonal_corona	2015-01-XX	japan	full	oc43	beta
HCoV_OC43/Yamagata.JPN/07.2015_0425	LC506909	seasonal_corona	2015-02-XX	japan	full	oc43	beta
HCoV_OC43/Yamagata.JPN/11.2015_0604	LC506914	seasonal_corona	2015-03-XX	japan	full	oc43	beta
HCoV_OC43/Yamagata.JPN/24.16_1005	LC331084	seasonal_corona	2016-06-XX	japan	full	oc43	beta
HCoV_OC43/Yamagata.JPN/06.2017_0300	LC506920	seasonal_corona	2017-02-XX	japan	full	oc43	beta
OC43/human/USA/901_41/1990	KF530065	seasonal_corona	1990-01-17	usa	full	oc43	beta
HCoV_OC43/Yamagata.JPN/06.15_0350	LC331075	seasonal_corona	2015-02-XX	japan	full	oc43	beta
HCoV_OC43/Yamagata.JPN/46.2010_2512	LC506783	seasonal_corona	2010-11-XX	japan	full	oc43	beta
HCoV_OC43/Seattle/USA/SC2269/2016	KY684759	seasonal_corona	2016-XX-XX	usa	full	oc43	beta
OC43/SLO/62794/2016	KX059650	seasonal_corona	2016-02-05	slovenia	full	oc43	beta
HCoV_OC43/Yamagata.JPN/05.2015_0284	LC506888	seasonal_corona	2015-01-XX	japan	full	oc43	beta
HCoV_OC43/Yamagata.JPN/02.15_0022	LC331068	seasonal_corona	2015-01-XX	japan	full	oc43	beta
HCoV_OC43/Yamagata.JPN/13.2015_0693	LC506915	seasonal_corona	2015-03-XX	japan	full	oc43	beta
HCoV_OC43/Yamagata.JPN/11.2009_0842	LC506766	seasonal_corona	2009-03-XX	japan	full	oc43	beta
HCoV_OC43/Yamagata.JPN/06.2015_0297	LC506894	seasonal_corona	2015-02-XX	japan	full	oc43	beta
HCoV_OC43/Yamagata.JPN/06.2012_0371	LC506806	seasonal_corona	2012-02-XX	japan	full	oc43	beta
HCoV_OC43/Yamagata.JPN/08.2015_0433	LC506910	seasonal_corona	2015-02-XX	japan	full	oc43	beta
HCoV_OC43/Yamagata.JPN/05.2015_0229	LC506879	seasonal_corona	2015-01-XX	japan	full	oc43	beta
OC43/human/USA/951_15/1995	KF530059	seasonal_corona	1995-01-11	usa	full	oc43	beta
HCoV_OC43/Yamagata.JPN/06.2012_0291	LC506804	seasonal_corona	2012-02-XX	japan	full	oc43	beta
HCoV_OC43/Yamagata.JPN/49.2012_2416	LC506811	seasonal_corona	2012-12-XX	japan	full	oc43	beta
HCoV_OC43/Yamagata.JPN/09.2017_0411	LC506932	seasonal_corona	2017-02-XX	japan	full	oc43	beta
HCoV_OC43/FRA_EPI/Caen/2011/13	KF963242	seasonal_corona	2011-11-20	france	full	oc43	beta
HCoV_OC43/Yamagata.JPN/04.2015_0137	LC506856	seasonal_corona	2015-01-XX	japan	full	oc43	beta
HCoV_OC43/Yamagata.JPN/05.2015_0285	LC506950	seasonal_corona	2015-01-XX	japan	full	oc43	beta
HCoV_OC43/Yamagata.JPN/04.2015_0152	LC506862	seasonal_corona	2015-01-XX	japan	full	oc43	beta
HCoV_OC43/Yamagata.JPN/16.2017_1199	LC506943	seasonal_corona	2017-04-XX	japan	full	oc43	beta
HCoV_OC43/Yamagata.JPN/11.2013_0666	LC506823	seasonal_corona	2013-03-XX	japan	full	oc43	beta
HCoV_OC43/Yamagata.JPN/08.2015_0434	LC506911	seasonal_corona	2015-02-XX	japan	full	oc43	beta
HCoV_OC43/Yamagata.JPN/04.2013_0289	LC506815	seasonal_corona	2013-01-XX	japan	full	oc43	beta
HCoV_OC43/Yamagata.JPN/05.2012_0283	LC506803	seasonal_corona	2012-02-XX	japan	full	oc43	beta
OC43/human/USA/873_16/1987	KF530077	seasonal_corona	1987-03-12	usa	full	oc43	beta
HCoV_OC43/Yamagata.JPN/05.2015_0215	LC506871	seasonal_corona	2015-01-XX	japan	full	oc43	beta
OC43/SLO/41313/2014	KX059655	seasonal_corona	2014-01-29	slovenia	full	oc43	beta
HCoV_OC43/Yamagata.JPN/05.2009_0292	LC506758	seasonal_corona	2009-01-XX	japan	full	oc43	beta
HCoV_OC43/Yamagata.JPN/11.2009_0765	LC506765	seasonal_corona	2009-03-XX	japan	full	oc43	beta
HCoV_OC43/Yamagata.JPN/21.2010_1394	LC506771	seasonal_corona	2010-05-XX	japan	full	oc43	beta
HCoV_OC43/Yamagata.JPN/38.2010_2108	LC506772	seasonal_corona	2010-09-XX	japan	full	oc43	beta
HCoV_OC43/Yamagata.JPN/26.2017_1566	LC506945	seasonal_corona	2017-06-XX	japan	full	oc43	beta
HCoV_OC43/Yamagata.JPN/07.2014_0446	LC506838	seasonal_corona	2014-02-XX	japan	full	oc43	beta
HCoV_OC43/Yamagata.JPN/52.2014_2419	LC506843	seasonal_corona	2014-12-XX	japan	full	oc43	beta
HCoV_OC43/Yamagata.JPN/24.16_1008	LC331086	seasonal_corona	2016-06-XX	japan	full	oc43	beta
HCoV_OC43/Yamagata.JPN/43.2010_2384	LC506776	seasonal_corona	2010-10-XX	japan	full	oc43	beta
HCoV_OC43/Yamagata.JPN/04.2015_0209	LC506867	seasonal_corona	2015-01-XX	japan	full	oc43	beta
HCoV_OC43/Yamagata.JPN/45.2010_2465	LC506780	seasonal_corona	2010-11-XX	japan	full	oc43	beta
OC43/SLO/59988/2015	KX059642	seasonal_corona	2015-11-16	slovenia	full	oc43	beta
HCoV_OC43/Yamagata.JPN/13.2011_0825	LC506791	seasonal_corona	2011-03-XX	japan	full	oc43	beta
HCoV_OC43/Seattle/USA/SC2345/2015	KY967361	seasonal_corona	2015-XX-XX	usa	full	oc43	beta
HCoV_OC43/Yamagata.JPN/08.2017_0364	LC506928	seasonal_corona	2017-02-XX	japan	full	oc43	beta
HCoV_OC43/Yamagata.JPN/07.2015_0418	LC506907	seasonal_corona	2015-02-XX	japan	full	oc43	beta
HCoV_OC43/Yamagata.JPN/14.2011_0874	LC506793	seasonal_corona	2011-04-XX	japan	full	oc43	beta
OC43/human/USA/911_38/1991	KF530096	seasonal_corona	1991-01-15	usa	full	oc43	beta
HCoV_OC43/Yamagata.JPN/20.16_0914	LC331081	seasonal_corona	2016-05-XX	japan	full	oc43	beta
HCoV_OC43/Yamagata.JPN/22.2011_1255	LC506799	seasonal_corona	2011-06-XX	japan	full	oc43	beta
OC43/SLO/46580/2014	KX059641	seasonal_corona	2014-08-14	slovenia	full	oc43	beta
HCoV_OC43/Yamagata.JPN/26.16_1049	LC331088	seasonal_corona	2016-06-XX	japan	full	oc43	beta
HCoV_OC43/Yamagata.JPN/06.2015_0300	LC506895	seasonal_corona	2015-02-XX	japan	full	oc43	beta
HCoV_OC43/Yamagata.JPN/08.2009_0554	LC506762	seasonal_corona	2009-02-XX	japan	full	oc43	beta
HCoV_OC43/Yamagata.JPN/07.2015_0361	LC506901	seasonal_corona	2015-02-XX	japan	full	oc43	beta
HCoV_OC43/Yamagata.JPN/51.2017_2652	LC506949	seasonal_corona	2017-12-XX	japan	full	oc43	beta
OC43/human/USA/9212_33/1992	KF530074	seasonal_corona	1992-12-16	usa	full	oc43	beta
HCoV_OC43/Yamagata.JPN/16.2011_0969	LC506795	seasonal_corona	2011-04-XX	japan	full	oc43	beta
OC43/human/USA/991_19/1999	KF530070	seasonal_corona	1999-01-15	usa	full	oc43	beta
HCoV_OC43/Yamagata.JPN/07.2015_0353	LC506899	seasonal_corona	2015-02-XX	japan	full	oc43	beta
HCoV_OC43/Yamagata.JPN/07.2017_0362	LC506927	seasonal_corona	2017-02-XX	japan	full	oc43	beta
OC43_KLF_02_2017	MN026165	seasonal_corona	2017-11-27	kenya	full	oc43	beta
HCoV_OC43/FRA_EPI/Caen/2009/11	KF963240	seasonal_corona	2009-11-02	france	full	oc43	beta
HCoV_OC43/Yamagata.JPN/05.2015_0220	LC506874	seasonal_corona	2015-01-XX	japan	full	oc43	beta
HCoV_OC43/Seattle/USA/SC3118/2015	KY983588	seasonal_corona	2015-XX-XX	usa	full	oc43	beta
hCoV/OC43/VFC348/BRA/2007	JN251796	seasonal_corona	2007-XX-XX	brazil	full	oc43	beta
HCoV_OC43/FRA_EPI/Caen/2001/02	KF963231	seasonal_corona	2001-02-07	france	full	oc43	beta
HCoV_OC43/Yamagata.JPN/08.2017_0379	LC506930	seasonal_corona	2017-02-XX	japan	full	oc43	beta
HCoV_OC43/Yamagata.JPN/05.2015_0232	LC506881	seasonal_corona	2015-01-XX	japan	full	oc43	beta
HCoV_OC43/Yamagata.JPN/43.2010_2375	LC506774	seasonal_corona	2010-10-XX	japan	full	oc43	beta
HCoV_OC43/Yamagata.JPN/07.2009_0467	LC506759	seasonal_corona	2009-02-XX	japan	full	oc43	beta
HCoV_OC43/Yamagata.JPN/04.2015_0142	LC506858	seasonal_corona	2015-01-XX	japan	full	oc43	beta
HCoV_OC43/Yamagata.JPN/09.2012_0501	LC506807	seasonal_corona	2012-02-XX	japan	full	oc43	beta
HCoV_OC43/Yamagata.JPN/46.2010_2506	LC506781	seasonal_corona	2010-11-XX	japan	full	oc43	beta
OC43/human/USA/9712_31/1997	KF530080	seasonal_corona	1997-12-18	usa	full	oc43	beta
OC43/human/USA/9612_29/1996	KF530078	seasonal_corona	1996-12-17	usa	full	oc43	beta
HCoV_OC43/Yamagata.JPN/03.2009_0118	LC506757	seasonal_corona	2009-01-XX	japan	full	oc43	beta
HCoV_OC43/Yamagata.JPN/24.16_1027	LC331087	seasonal_corona	2016-06-XX	japan	full	oc43	beta
hCoV/OC43/VFC373/BRA/2007	JN251800	seasonal_corona	2007-XX-XX	brazil	full	oc43	beta
HCoV_OC43/Yamagata.JPN/02.2009_0063	LC506756	seasonal_corona	2009-01-XX	japan	full	oc43	beta
HCoV_OC43/Yamagata.JPN/03.2015_0086	LC506846	seasonal_corona	2015-01-XX	japan	full	oc43	beta
HCoV_OC43/Yamagata.JPN/07.2013_0380	LC506820	seasonal_corona	2013-02-XX	japan	full	oc43	beta
HCoV_OC43/Yamagata.JPN/05.2012_0279	LC506802	seasonal_corona	2012-02-XX	japan	full	oc43	beta
HCoV_OC43/Yamagata.JPN/22.16_0950	LC331082	seasonal_corona	2016-06-XX	japan	full	oc43	beta
OC43/SLO/39776/2013	KX059634	seasonal_corona	2013-12-09	slovenia	full	oc43	beta
HCoV_OC43/Yamagata.JPN/10.2013_0627	LC506822	seasonal_corona	2013-03-XX	japan	full	oc43	beta
HCoV_OC43/Yamagata.JPN/10.2017_0516	LC506936	seasonal_corona	2017-03-XX	japan	full	oc43	beta
OC43/human/Mex/LRTI_238/2011	KX344031	seasonal_corona	2011-02-09	mexico	full	oc43	beta
OC43/human/USA/951_18/1995	KF530084	seasonal_corona	1995-01-12	usa	full	oc43	beta
HCoV_OC43/Yamagata.JPN/14.2012_0781	LC506809	seasonal_corona	2012-04-XX	japan	full	oc43	beta
HCoV_OC43/Yamagata.JPN/06.2015_0359	LC506900	seasonal_corona	2015-02-XX	japan	full	oc43	beta
OC43/human/USA/873_6/1987	KF530087	seasonal_corona	1987-03-05	usa	full	oc43	beta
HCoV_OC43/Yamagata.JPN/05.2015_0230	LC506880	seasonal_corona	2015-01-XX	japan	full	oc43	beta
HCoV_OC43/Yamagata.JPN/05.2015_0235	LC506883	seasonal_corona	2015-01-XX	japan	full	oc43	beta
HCoV_OC43/Yamagata.JPN/11.2017_0521	LC506937	seasonal_corona	2017-03-XX	japan	full	oc43	beta
HCoV_OC43/Yamagata.JPN/05.2017_0247	LC506918	seasonal_corona	2017-02-XX	japan	full	oc43	beta
HCoV_OC43/Yamagata.JPN/05.15_0248	LC331074	seasonal_corona	2015-01-XX	japan	full	oc43	beta
HCoV_OC43/Yamagata.JPN/06.2014_0375	LC506831	seasonal_corona	2014-02-XX	japan	full	oc43	beta
HCoV_OC43/Yamagata.JPN/43.2010_2382	LC506775	seasonal_corona	2010-10-XX	japan	full	oc43	beta
HCoV_OC43/UK/London/2011	KU131570	seasonal_corona	2011-08-20	united_kingdom	full	oc43	beta
HCoV_OC43/Yamagata.JPN/06.2014_0370	LC506829	seasonal_corona	2014-02-XX	japan	full	oc43	beta
OC43/SLO/61480/2016	KX059647	seasonal_corona	2016-01-08	slovenia	full	oc43	beta
HCoV_OC43/Yamagata.JPN/04.2015_0155	LC506864	seasonal_corona	2015-01-XX	japan	full	oc43	beta
HCoV_OC43/Yamagata.JPN/05.2015_0279	LC506886	seasonal_corona	2015-01-XX	japan	full	oc43	beta
HCoV_OC43/FRA_EPI/Caen/1967/VR759	KF963229	seasonal_corona	1967-XX-XX	france	full	oc43	beta
OC43/SLO/41459/2014	KX059656	seasonal_corona	2014-02-03	slovenia	full	oc43	beta
HCoV_OC43/FRA_EPI/Caen/2003/05	KF963234	seasonal_corona	2003-01-17	france	full	oc43	beta
OC43/SLO/61412/2016	KX059646	seasonal_corona	2016-01-07	slovenia	full	oc43	beta
OC43/SLO/60116/2015	KX059643	seasonal_corona	2015-11-19	slovenia	full	oc43	beta
HCoV_OC43/Yamagata.JPN/07.2015_0373	LC506904	seasonal_corona	2015-02-XX	japan	full	oc43	beta
HCoV_OC43/Yamagata.JPN/27.2011_1525	LC506800	seasonal_corona	2011-07-XX	japan	full	oc43	beta
OC43/SLO/40760/2014	KX059637	seasonal_corona	2014-01-18	slovenia	full	oc43	beta
HCoV_OC43/FRA_EPI/Caen/2012/14	KF963243	seasonal_corona	2012-03-30	france	full	oc43	beta
HCoV_OC43/USA/TCNP_0070/2016	MF374983	seasonal_corona	2016-02-01	usa	full	oc43	beta
HCoV_OC43/Seattle/USA/SC831/2016	KY369905	seasonal_corona	2016-XX-XX	usa	full	oc43	beta
OC43/SLO/43979/2014	KX059639	seasonal_corona	2014-03-26	slovenia	full	oc43	beta
HCoV_OC43/Yamagata.JPN/07.2017_0305	LC506922	seasonal_corona	2017-02-XX	japan	full	oc43	beta
HCoV_OC43/Yamagata.JPN/06.2014_0371	LC506830	seasonal_corona	2014-02-XX	japan	full	oc43	beta
HCoV_OC43/Yamagata.JPN/04.2015_0144	LC506859	seasonal_corona	2015-01-XX	japan	full	oc43	beta
HCoV_OC43/Yamagata.JPN/03.2015_0131	LC506853	seasonal_corona	2015-01-XX	japan	full	oc43	beta
OC43/human/USA/911_11/1991	KF530076	seasonal_corona	1991-01-03	usa	full	oc43	beta
HCoV_OC43/Yamagata.JPN/46.2010_2513	LC506784	seasonal_corona	2010-11-XX	japan	full	oc43	beta
OC43/human/USA/912_6/1991	KF530095	seasonal_corona	1991-02-05	usa	full	oc43	beta
HCoV_OC43/Yamagata.JPN/21.2011_1236	LC506798	seasonal_corona	2011-05-XX	japan	full	oc43	beta
OC43/human/USA/9211_43/1992	KF530097	seasonal_corona	1992-11-30	usa	full	oc43	beta
HCoV_OC43/Yamagata.JPN/03.2015_0128	LC506850	seasonal_corona	2015-01-XX	japan	full	oc43	beta
OC43/SLO/62706/2016	KX059633	seasonal_corona	2016-02-04	slovenia	full	oc43	beta
HCoV_OC43/Yamagata.JPN/05.2015_0233	LC506882	seasonal_corona	2015-01-XX	japan	full	oc43	beta
HCoV_OC43/Yamagata.JPN/02.2009_0058	LC506755	seasonal_corona	2009-01-XX	japan	full	oc43	beta
HCoV_OC43/Yamagata.JPN/10.15_0600	LC331076	seasonal_corona	2015-03-XX	japan	full	oc43	beta
HCoV_OC43/Yamagata.JPN/04.2014_0225	LC506825	seasonal_corona	2014-01-XX	japan	full	oc43	beta
HCoV_OC43/Yamagata.JPN/06.2014_0297	LC506828	seasonal_corona	2014-02-XX	japan	full	oc43	beta
HCoV_OC43/Seattle/USA/SC2924/2015	KY967356	seasonal_corona	2015-XX-XX	usa	full	oc43	beta
HCoV_OC43/Yamagata.JPN/07.2015_0368	LC506902	seasonal_corona	2015-02-XX	japan	full	oc43	beta
HCoV_OC43/Seattle/USA/SC0839/2019	MN306042	seasonal_corona	2019-XX-XX	usa	full	oc43	beta
OC43	MF996651	seasonal_corona	2010-XX-XX	usa	full	oc43	beta
HCoV_OC43/Yamagata.JPN/08.2014_0432	LC506834	seasonal_corona	2014-02-XX	japan	full	oc43	beta
HCoV_OC43/Yamagata.JPN/20.2010_1337	LC506769	seasonal_corona	2010-05-XX	japan	full	oc43	beta
OC43/SLO/61010/2015	KX059645	seasonal_corona	2015-12-28	slovenia	full	oc43	beta
OC43/human/USA/007_11/2000	KF530068	seasonal_corona	2000-07-27	usa	full	oc43	beta
HCoV_OC43/Yamagata.JPN/10.2017_0491	LC506951	seasonal_corona	2017-03-XX	japan	full	oc43	beta
HCoV_OC43/Yamagata.JPN/03.2015_0136	LC506855	seasonal_corona	2015-01-XX	japan	full	oc43	beta
OC43/human/USA/912_11/1991	KF530082	seasonal_corona	1991-02-07	usa	full	oc43	beta
HCoV_OC43/Yamagata.JPN/05.2015_0224	LC506876	seasonal_corona	2015-01-XX	japan	full	oc43	beta
HCoV_OC43/Yamagata.JPN/04.2015_0140	LC506857	seasonal_corona	2015-01-XX	japan	full	oc43	beta
HCoV_OC43/Yamagata.JPN/11.15_0615	LC331078	seasonal_corona	2015-03-XX	japan	full	oc43	beta
HCoV_OC43/Yamagata.JPN/13.2012_0719	LC506808	seasonal_corona	2012-03-XX	japan	full	oc43	beta
OC43/SLO/62066/2016	KX059649	seasonal_corona	2016-01-20	slovenia	full	oc43	beta
HCoV_OC43/Yamagata.JPN/02.15_0076	LC331069	seasonal_corona	2015-01-XX	japan	full	oc43	beta
OC43/SLO/39849/2013	KX059635	seasonal_corona	2013-12-13	slovenia	full	oc43	beta
HCoV_OC43/Yamagata.JPN/09.2017_0478	LC506933	seasonal_corona	2017-03-XX	japan	full	oc43	beta
HCoV_OC43/Yamagata.JPN/14.2011_0897	LC506794	seasonal_corona	2011-04-XX	japan	full	oc43	beta
HCoV_OC43/Yamagata.JPN/04.2012_0168	LC506801	seasonal_corona	2012-01-XX	japan	full	oc43	beta
HCoV_OC43/Seattle/USA/SC622/2016	KY369906	seasonal_corona	2016-XX-XX	usa	full	oc43	beta
HCoV_OC43/Yamagata.JPN/08.2015_0486	LC506912	seasonal_corona	2015-02-XX	japan	full	oc43	beta
HCoV_OC43/Yamagata.JPN/05.2013_0300	LC506816	seasonal_corona	2013-01-XX	japan	full	oc43	beta
OC43/SLO/45283/2014	KX059661	seasonal_corona	2014-05-23	slovenia	full	oc43	beta
HCoV_OC43/Yamagata.JPN/47.2010_2547	LC506786	seasonal_corona	2010-11-XX	japan	full	oc43	beta
sloOC43_2	KF668030	seasonal_corona	2011-02-20	slovenia	full	oc43	beta
HCoV_OC43/Yamagata.JPN/09.2009_0623	LC506763	seasonal_corona	2009-02-XX	japan	full	oc43	beta
HCoV_OC43/Yamagata.JPN/19.2015_0902	LC506916	seasonal_corona	2015-05-XX	japan	full	oc43	beta
OC43/human/USA/952_23/1995	KF530062	seasonal_corona	1995-02-13	usa	full	oc43	beta
HCoV_OC43/FRA_EPI/Caen/2005/07	KF963236	seasonal_corona	2005-02-07	france	full	oc43	beta
OC43/SLO/43431/2014	KX059658	seasonal_corona	2014-03-12	slovenia	full	oc43	beta
HCoV_OC43/Seattle/USA/SC2770/2015	KY967358	seasonal_corona	2015-XX-XX	usa	full	oc43	beta
OC43/human/USA/982_4/1998	KF530069	seasonal_corona	1998-02-05	usa	full	oc43	beta
HCoV_OC43/Yamagata.JPN/26.16_1046	LC331092	seasonal_corona	2016-06-XX	japan	full	oc43	beta
hCoV/OC43/VFC297/BRA/2007	JN251794	seasonal_corona	2007-XX-XX	brazil	full	oc43	beta
HCoV_OC43/Yamagata.JPN/51.2012_2581	LC506812	seasonal_corona	2012-12-XX	japan	full	oc43	beta
HCoV_OC43/Yamagata.JPN/03.2015_0101	LC506849	seasonal_corona	2015-01-XX	japan	full	oc43	beta
HCoV_OC43/Yamagata.JPN/09.2015_0492	LC506913	seasonal_corona	2015-02-XX	japan	full	oc43	beta
OC43/SLO/61445/2016	KX059652	seasonal_corona	2016-01-08	slovenia	full	oc43	beta
HCoV_OC43/FRA_EPI/Caen/2002/04	KF963233	seasonal_corona	2002-02-21	france	full	oc43	beta
hCoV/OC43/VFC359/BRA/2007	JN251797	seasonal_corona	2007-XX-XX	brazil	full	oc43	beta
HCoV_OC43/Seattle/USA/SC0841/2019	MN306043	seasonal_corona	2019-XX-XX	usa	full	oc43	beta
HCoV_OC43/Yamagata.JPN/04.2015_0210	LC506868	seasonal_corona	2015-01-XX	japan	full	oc43	beta
HCoV_OC43/Seattle/USA/SC2854/2015	KY983585	seasonal_corona	2015-XX-XX	usa	full	oc43	beta
HCoV_OC43/Yamagata.JPN/07.2017_0304	LC506921	seasonal_corona	2017-02-XX	japan	full	oc43	beta
HCoV_OC43/FRA_EPI/Caen/2002/03	KF963232	seasonal_corona	2002-03-12	france	full	oc43	beta
OC43/human/USA/871_25/1987	KF530085	seasonal_corona	1987-01-22	usa	full	oc43	beta
HCoV_OC43/Yamagata.JPN/48.2017_2515	LC506946	seasonal_corona	2017-12-XX	japan	full	oc43	beta
hCoV/OC43/VFC332/BRA/2007	JN251795	seasonal_corona	2007-XX-XX	brazil	full	oc43	beta
HCoV_OC43/Yamagata.JPN/06.2015_0291	LC506892	seasonal_corona	2015-02-XX	japan	full	oc43	beta
OC43/human/USA/901_43/1990	KF530061	seasonal_corona	1990-01-19	usa	full	oc43	beta
HCoV_OC43/Yamagata.JPN/50.2017_2568	LC506947	seasonal_corona	2017-12-XX	japan	full	oc43	beta
HCoV_OC43/Yamagata.JPN/05.2015_0287	LC506889	seasonal_corona	2015-01-XX	japan	full	oc43	beta
HCoV_OC43/Yamagata.JPN/14.2017_0959	LC506942	seasonal_corona	2017-04-XX	japan	full	oc43	beta
HCoV_OC43/Yamagata.JPN/12.2017_0642	LC506940	seasonal_corona	2017-03-XX	japan	full	oc43	beta
OC43/SLO/44364/2014	KX059640	seasonal_corona	2014-04-08	slovenia	full	oc43	beta
HCoV_OC43/Yamagata.JPN/06.2013_0378	LC506819	seasonal_corona	2013-02-XX	japan	full	oc43	beta
OC43/human/USA/851_15/1985	KF530060	seasonal_corona	1985-01-08	usa	full	oc43	beta
OC43/human/USA/832_27/1983	KF530093	seasonal_corona	1983-02-24	usa	full	oc43	beta
HCoV_OC43/Yamagata.JPN/06.2013_0375	LC506818	seasonal_corona	2013-02-XX	japan	full	oc43	beta
OC43/SLO/45151/2014	KX059660	seasonal_corona	2014-05-17	slovenia	full	oc43	beta
HCoV_OC43/Yamagata.JPN/04.2015_0154	LC506863	seasonal_corona	2015-01-XX	japan	full	oc43	beta
HCoV_OC43/Yamagata.JPN/06.2017_0266	LC506919	seasonal_corona	2017-02-XX	japan	full	oc43	beta
hCoV/OC43/VFC41/BRA/2006	JN251787	seasonal_corona	2006-XX-XX	brazil	full	oc43	beta
HCoV_OC43/Yamagata.JPN/48.2010_2590	LC506787	seasonal_corona	2010-11-XX	japan	full	oc43	beta
HCoV_OC43/Yamagata.JPN/04.2015_0213	LC506870	seasonal_corona	2015-01-XX	japan	full	oc43	beta
HCoV_OC43/Yamagata.JPN/05.2015_0275	LC506885	seasonal_corona	2015-01-XX	japan	full	oc43	beta
HCoV_OC43/Yamagata.JPN/43.2010_2388	LC506778	seasonal_corona	2010-10-XX	japan	full	oc43	beta
OC43/SLO/14041/2010	KX059662	seasonal_corona	2010-02-21	slovenia	full	oc43	beta
HCoV_OC43/FRA_EPI/Caen/2001/01	KF963230	seasonal_corona	2001-02-20	france	full	oc43	beta
HCoV_OC43/Yamagata.JPN/05.2017_0193	LC506917	seasonal_corona	2017-01-XX	japan	full	oc43	beta
HCoV_OC43/Yamagata.JPN/02.2015_0077	LC506845	seasonal_corona	2015-01-XX	japan	full	oc43	beta
HCoV_OC43/Yamagata.JPN/24.16_1006	LC331085	seasonal_corona	2016-06-XX	japan	full	oc43	beta
HCoV_OC43/Yamagata.JPN/08.2014_0434	LC506835	seasonal_corona	2014-02-XX	japan	full	oc43	beta
HCoV_OC43/Yamagata.JPN/07.2009_0469	LC506760	seasonal_corona	2009-02-XX	japan	full	oc43	beta
HCoV_OC43/Yamagata.JPN/11.15_0612	LC331077	seasonal_corona	2015-03-XX	japan	full	oc43	beta
HCoV_OC43/Yamagata.JPN/03.2010_0241	LC506767	seasonal_corona	2010-01-XX	japan	full	oc43	beta
OC43/SLO/61531/2016	KX059648	seasonal_corona	2016-01-11	slovenia	full	oc43	beta
OC43/SLO/42347/2014	KX059657	seasonal_corona	2014-02-19	slovenia	full	oc43	beta
HCoV_OC43/Yamagata.JPN/04.2010_0251	LC506768	seasonal_corona	2010-01-XX	japan	full	oc43	beta
HCoV_OC43/Yamagata.JPN/12.2017_0640	LC506939	seasonal_corona	2017-03-XX	japan	full	oc43	beta
HCoV_OC43/Yamagata.JPN/04.2015_0151	LC506861	seasonal_corona	2015-01-XX	japan	full	oc43	beta
HCoV_OC43/Seattle/USA/SC0682/2019	MN306036	seasonal_corona	2019-XX-XX	usa	full	oc43	beta
HCoV_OC43/FRA_EPI/Caen/2006/08	KF963237	seasonal_corona	2006-04-12	france	full	oc43	beta
OC43/human/USA/925_1/1992	KF530071	seasonal_corona	1992-05-04	usa	full	oc43	beta
OC43/human/USA/9612_9/1996	KF530064	seasonal_corona	1996-12-04	usa	full	oc43	beta
OC43/SLO/60954/2015	KX059632	seasonal_corona	2015-12-24	slovenia	full	oc43	beta
HCoV_OC43/Yamagata.JPN/08.2014_0436	LC506837	seasonal_corona	2014-02-XX	japan	full	oc43	beta
OC43/human/USA/9712_13/1997	KF530072	seasonal_corona	1997-12-11	usa	full	oc43	beta
HCoV_OC43/Yamagata.JPN/52.2014_2417	LC506842	seasonal_corona	2014-12-XX	japan	full	oc43	beta
HCoV_OC43/Yamagata.JPN/03.2015_0130	LC506852	seasonal_corona	2015-01-XX	japan	full	oc43	beta
OC43/human/USA/953_23/1995	KF530075	seasonal_corona	1995-03-09	usa	full	oc43	beta
HCoV_OC43/Yamagata.JPN/53.2014_2422	LC506844	seasonal_corona	2014-12-XX	japan	full	oc43	beta
OC43/SLO/43970/2014	KX059638	seasonal_corona	2014-03-27	slovenia	full	oc43	beta
HCoV_OC43/FRA_EPI/Caen/2004/06	KF963235	seasonal_corona	2004-02-20	france	full	oc43	beta
OC43/SLO/62519/2016	KX059653	seasonal_corona	2016-01-31	slovenia	full	oc43	beta
HCoV_OC43/Yamagata.JPN/08.2013_0498	LC506821	seasonal_corona	2013-02-XX	japan	full	oc43	beta
OC43/human/USA/991_5/1999	KF530081	seasonal_corona	1999-01-07	usa	full	oc43	beta
HCoV_OC43/Yamagata.JPN/06.2015_0301	LC506896	seasonal_corona	2015-02-XX	japan	full	oc43	beta
HCoV_OC43/Yamagata.JPN/05.2015_0288	LC506890	seasonal_corona	2015-01-XX	japan	full	oc43	beta
HCoV_OC43/Yamagata.JPN/03.2015_0129	LC506851	seasonal_corona	2015-01-XX	japan	full	oc43	beta
HCoV_OC43/Yamagata.JPN/01.2011_0064	LC506789	seasonal_corona	2011-01-XX	japan	full	oc43	beta
OC43/human/USA/912_36/1991	KF530094	seasonal_corona	1991-02-22	usa	full	oc43	beta
HCoV_OC43/Yamagata.JPN/05.2015_0223	LC506875	seasonal_corona	2015-01-XX	japan	full	oc43	beta
OC43/SLO/60430/2015	KX059644	seasonal_corona	2015-12-02	slovenia	full	oc43	beta
HCoV_OC43/Seattle/USA/SC0810/2019	MN306041	seasonal_corona	2019-XX-XX	usa	full	oc43	beta
HCoV_OC43/Yamagata.JPN/08.2017_0375	LC506929	seasonal_corona	2017-02-XX	japan	full	oc43	beta
OC43/SLO/40296/2014	KX059636	seasonal_corona	2014-02-03	slovenia	full	oc43	beta
HCoV_OC43/Yamagata.JPN/07.2015_0416	LC506905	seasonal_corona	2015-02-XX	japan	full	oc43	beta
HCoV_OC43/Yamagata.JPN/07.2017_0354	LC506925	seasonal_corona	2017-02-XX	japan	full	oc43	beta
OC43/human/USA/911_58/1991	KF530091	seasonal_corona	1991-01-24	usa	full	oc43	beta
HCoV_OC43/Yamagata.JPN/06.2014_0378	LC506832	seasonal_corona	2014-02-XX	japan	full	oc43	beta
OC43/human/USA/9612_48/1996	KF530063	seasonal_corona	1996-12-30	usa	full	oc43	beta
HCoV_OC43/Yamagata.JPN/03.15_0087	LC331071	seasonal_corona	2015-01-XX	japan	full	oc43	beta
HCoV_OC43/USA/ACRI_0052/2016	MF314143	seasonal_corona	2016-03-07	usa	full	oc43	beta
HCoV_OC43/Yamagata.JPN/20.2010_1341	LC506770	seasonal_corona	2010-05-XX	japan	full	oc43	beta
HCoV_OC43/Yamagata.JPN/06.2015_0351	LC506898	seasonal_corona	2015-02-XX	japan	full	oc43	beta
HCoV_OC43/Yamagata.JPN/05.2015_0218	LC506873	seasonal_corona	2015-01-XX	japan	full	oc43	beta
HCoV_OC43/Yamagata.JPN/08.2014_0484	LC506839	seasonal_corona	2014-02-XX	japan	full	oc43	beta
HCoV_OC43/Yamagata.JPN/06.2013_0348	LC506817	seasonal_corona	2013-02-XX	japan	full	oc43	beta
OC43/SLO/63863/2016	KX059651	seasonal_corona	2016-02-20	slovenia	full	oc43	beta
HCoV_OC43/Yamagata.JPN/52.2012_2590	LC506814	seasonal_corona	2012-12-XX	japan	full	oc43	beta
HCoV_OC43/Yamagata.JPN/02.15_0083	LC331070	seasonal_corona	2015-01-XX	japan	full	oc43	beta
HCoV_OC43/Yamagata.JPN/23.16_0980	LC331083	seasonal_corona	2016-06-XX	japan	full	oc43	beta
OC43/human/USA/931_85/1993	KF530090	seasonal_corona	1993-01-26	usa	full	oc43	beta
HCoV_OC43/Yamagata.JPN/07.2014_0380	LC506833	seasonal_corona	2014-02-XX	japan	full	oc43	beta
HCoV_OC43/Yamagata.JPN/05.2015_0282	LC506887	seasonal_corona	2015-01-XX	japan	full	oc43	beta
HCoV_OC43/FRA_EPI/Caen/2008/10	KF963239	seasonal_corona	2008-01-17	france	full	oc43	beta
HCoV_OC43/Yamagata.JPN/07.2015_0369	LC506903	seasonal_corona	2015-02-XX	japan	full	oc43	beta
OC43_KLF_01_2018	MN026164	seasonal_corona	2018-01-18	kenya	full	oc43	beta
HCoV_OC43/USA/TCNP_00204/2017	MF374984	seasonal_corona	2017-01-03	usa	full	oc43	beta
OC43/human/USA/971_5/1997	KF530099	seasonal_corona	1997-01-02	usa	full	oc43	beta
HCoV_OC43/Yamagata.JPN/52.2012_2586	LC506813	seasonal_corona	2012-12-XX	japan	full	oc43	beta
HCoV_OC43/Yamagata.JPN/09.2017_0480	LC506934	seasonal_corona	2017-03-XX	japan	full	oc43	beta
HCoV_OC43/Seattle/USA/SC2476/2015	KY967360	seasonal_corona	2015-XX-XX	usa	full	oc43	beta
HCoV_OC43/Yamagata.JPN/03.2014_0174	LC506824	seasonal_corona	2014-01-XX	japan	full	oc43	beta
HCoV_OC43/FRA_EPI/Caen/2013/15	KF963244	seasonal_corona	2013-03-18	france	full	oc43	beta
HCoV_OC43/Yamagata.JPN/06.2012_0369	LC506805	seasonal_corona	2012-02-XX	japan	full	oc43	beta
HCoV_OC43/Yamagata.JPN/04.2015_0211	LC506869	seasonal_corona	2015-01-XX	japan	full	oc43	beta
OC43/human/USA/8912_37/1989	KF530073	seasonal_corona	1989-12-21	usa	full	oc43	beta
HCoV_OC43/Yamagata.JPN/04.15_0214	LC331072	seasonal_corona	2015-01-XX	japan	full	oc43	beta
HCoV_OC43/Yamagata.JPN/21.2011_1174	LC506797	seasonal_corona	2011-05-XX	japan	full	oc43	beta
HCoV_OC43/Yamagata.JPN/08.2014_0485	LC506840	seasonal_corona	2014-02-XX	japan	full	oc43	beta
sloOC43_3	KF668031	seasonal_corona	2011-02-22	slovenia	full	oc43	beta
HCoV_OC43/Seattle/USA/SC9741/2016	KY369907	seasonal_corona	2016-XX-XX	usa	full	oc43	beta
HCoV_OC43/Yamagata.JPN/08.2014_0435	LC506836	seasonal_corona	2014-02-XX	japan	full	oc43	beta
HCoV_OC43/Yamagata.JPN/12.2017_0751	LC506941	seasonal_corona	2017-03-XX	japan	full	oc43	beta
HCoV_OC43/Yamagata.JPN/46.2014_2103	LC506841	seasonal_corona	2014-11-XX	japan	full	oc43	beta
HCoV_OC43/Yamagata.JPN/20.2011_1168	LC506796	seasonal_corona	2011-05-XX	japan	full	oc43	beta
OC43/human/USA/911_66/1991	KF530089	seasonal_corona	1991-01-29	usa	full	oc43	beta
HCoV_OC43/Yamagata.JPN/13.2011_0857	LC506792	seasonal_corona	2011-03-XX	japan	full	oc43	beta
HCoV_OC43/Yamagata.JPN/09.2017_0482	LC506935	seasonal_corona	2017-03-XX	japan	full	oc43	beta
HCoV_OC43/FRA_EPI/Caen/2007/09	KF963238	seasonal_corona	2007-06-16	france	full	oc43	beta
HCoV_OC43/Seattle/USA/SC2481/2015	KY983583	seasonal_corona	2015-XX-XX	usa	full	oc43	beta
HCoV_OC43/Yamagata.JPN/07.2009_0536	LC506761	seasonal_corona	2009-02-XX	japan	full	oc43	beta
