{
  "title": "Real-time tracking of influenza B/Yam evolution using data from GISAID",
  "maintainers": [
    {"name": "Jover Lee", "url": "https://bedford.io/team/jover-lee/"},
    {"name": "Richard Neher", "url": "https://neherlab.org/richard-neher.html"},
    {"name": "Trevor Bedford", "url": "https://bedford.io/team/trevor-bedford/"}
  ],
  "build_url": "https://github.com/nextstrain/seasonal-flu",
  "colorings": [
    {
      "key": "gt",
      "title": "Genotype",
      "type": "categorical"
    },
    {
      "key": "num_date",
      "title": "Date",
      "type": "continuous"
    },
    {
      "key": "clade_membership",
      "title": "Clade",
      "type": "categorical"
    },
    {
      "key": "cTiter",
      "title": "Antigenic advance (tree model)",
      "type": "continuous"
    },
    {
      "key": "cTiterSub",
      "title": "Antigenic advance (sub model)",
      "type": "continuous"
    },
    {
      "key": "cTiter_x",
      "title": "HI antigenic novelty",
      "type": "continuous"
    },
    {
      "key": "lbi",
      "title": "Local branching index",
      "type": "continuous"
    },
    {
      "key": "region",
      "title": "Region",
      "type": "categorical"
    },
    {
      "key": "country",
      "title": "Country",
      "type": "categorical"
    },
    {
      "key": "submitting_lab",
      "title": "Submitting lab",
      "type": "categorical"
    },
    {
      "key": "originating_lab",
      "title": "Originating lab",
      "type": "categorical"
    }
  ],
  "geo_resolutions": [
    "country",
    "region"
  ],
  "display_defaults": {
    "map_triplicate": true,
    "color_by": "clade_membership"
  },
  "filters": [
    "clade_membership",
    "region",
    "country",
    "submitting_lab"
  ],
  "panels": [
    "tree",
    "map",
    "entropy",
    "frequencies"
  ],
  "vaccine_choices": {
    "B/Shanghai/361/2002": "2004-09-25",
    "B/Florida/4/2006": "2008-09-25",
    "B/Wisconsin/1/2010": "2012-02-25",
    "B/Phuket/3073/2013": "2014-09-25"
  }
}
