{
  "title": "Real-time tracking of influenza A/H3N2 evolution using data from GISAID",
  "maintainers": [
    {"name": "Jover Lee", "url": "https://bedford.io/team/jover-lee/"},
    {"name": "Richard Neher", "url": "https://neherlab.org/richard-neher.html"},
    {"name": "Trevor Bedford", "url": "https://bedford.io/team/trevor-bedford/"}
  ],
  "build_url": "https://github.com/nextstrain/seasonal-flu",
  "colorings": [
    {
      "key": "gt",
      "title": "Genotype",
      "type": "categorical"
    },
    {
      "key": "num_date",
      "title": "Date",
      "type": "continuous"
    },
    {
      "key": "clade_membership",
      "title": "Clade",
      "type": "categorical"
    },
    {
      "key": "fitness",
      "title": "Fitness",
      "type": "continuous"
    },
    {
      "key": "weighted_distance_to_future_by_cTiter_x-ne_star",
      "title": "Distance to future population (by HI antigenic novelty and mutational load)",
      "type": "continuous"
    },
    {
      "key": "weighted_distance_to_future_by_ne_star-lbi",
      "title": "Distance to future population (by mutational load and LBI)",
      "type": "continuous"
    },
    {
      "key": "projected_frequency",
      "title": "Projected frequency",
      "type": "continuous"
    },
    {
      "key": "ne_star",
      "title": "Mutational load",
      "type": "continuous"
    },
    {
      "key": "hi_titer_count",
      "title": "number of HI titers",
      "type": "ordinal"
    },
    {
      "key": "cTiter",
      "title": "Antigenic advance (tree model)",
      "type": "continuous"
    },
    {
      "key": "cTiterSub",
      "title": "Antigenic advance (sub model)",
      "type": "continuous"
    },
    {
      "key": "cTiter_x",
      "title": "HI antigenic novelty",
      "type": "continuous"
    },
    {
      "key": "lbi",
      "title": "Local branching index",
      "type": "continuous"
    },
    {
      "key": "ep",
      "title": "Epitope mutations",
      "type": "ordinal"
    },
    {
      "key": "ne",
      "title": "Non-epitope mutations",
      "type": "ordinal"
    },
    {
      "key": "rb",
      "title": "RBS adjacent mutations",
      "type": "ordinal"
    },
    {
      "key": "region",
      "title": "Region",
      "type": "categorical"
    },
    {
      "key": "country",
      "title": "Country",
      "type": "categorical"
    },
    {
      "key": "submitting_lab",
      "title": "Submitting lab",
      "type": "categorical"
    },
    {
      "key": "originating_lab",
      "title": "Originating lab",
      "type": "categorical"
    }
  ],
  "geo_resolutions": [
    "country",
    "region"
  ],
  "display_defaults": {
    "map_triplicate": true,
    "color_by": "clade_membership"
  },
  "filters": [
    "clade_membership",
    "region",
    "country",
    "submitting_lab",
    "hi_titer_count"
  ],
  "panels": [
    "tree",
    "map",
    "entropy",
    "frequencies"
  ],
  "vaccine_choices": {
    "A/Wisconsin/67/2005": "2006-02-21",
    "A/Brisbane/10/2007": "2007-09-25",
    "A/Perth/16/2009": "2009-09-25",
    "A/Victoria/361/2011": "2012-02-21",
    "A/Texas/50/2012": "2013-09-25",
    "A/Switzerland/9715293/2013": "2014-09-25",
    "A/HongKong/4801/2014": "2015-09-24",
    "A/Singapore/Infimh-16-0019/2016": "2017-09-28",
    "A/Switzerland/8060/2017": "2018-09-27",
    "A/Kansas/14/2017": "2019-03-21",
    "A/SouthAustralia/34/2019": "2019-09-27"
  }
}
