{
  "title": "Real-time tracking of influenza B/Yam evolution using data from GISAID",
  "color_options": {
    "gt": {
      "title": "genotype",
      "type": "categorical",
      "key": "genotype"
    },
    "num_date": {
      "title": "Sampling date",
      "type": "continuous",
      "key": "num_date"
    },
    "region": {
      "key":"region",
      "title":"Region",
      "type":"categorical"
    },
    "clade_membership": {
      "key": "clade_membership",
      "title": "Clade",
      "type": "categorical"
    },
    "cTiter": {
      "key": "cTiter",
      "title": "Antigenic advance (tree model)",
      "type": "continuous"
    },
    "cTiterSub": {
      "key": "cTiterSub",
      "title": "Antigenic advance (sub model)",
      "type": "continuous"
    },
    "lbi": {
      "vmin": 0,
      "vmax": 0.7,
      "key": "lbi",
      "title": "local branching index",
      "type": "continuous"
    }
  },
  "geo": [
    "country",
    "region"
  ],
  "defaults": {
    "mapTriplicate": true,
    "colorBy": "clade_membership"
  },
  "maintainer": [
    "Trevor Bedford and Barney Potter",
    "http://bedford.io/"
  ],
  "filters": [
    "clade_membership",
    "region",
    "country",
    "authors"
  ],
  "panels": [
    "tree",
    "entropy",
    "frequencies"
  ],
  "vaccine_choices": {
    "B/Shanghai/361/2002": "2004-09-25",
    "B/Florida/4/2006": "2008-09-25",
    "B/Wisconsin/1/2010": "2012-02-25",
    "B/Phuket/3073/2013": "2014-09-25"
  }
}
