clade	gene	site	alt
3b	HA1	145	S
3b	HA1	160	K
3b	HA1	198	S
3b	HA1	223	I
3b	HA1	312	S
3b	HA2	158	N
3b	nuc	1195	C
3b	nuc	1671	G
3c	HA1	48	I
3c	HA1	45	N
3c	nuc	456	T
3c2	HA2	160	N
3c2	nuc	693	A
3c2	nuc	1518	G
3c3	HA1	128	A
3c3	HA1	142	G
3c3	nuc	1296	A
3c2.A	HA1	159	Y
3c2.A	nuc	1260	A
3c2.A	HA1	3	I
3c2.A	HA1	144	S
3c2.A	HA1	160	T
3c3.A	HA1	159	S
3c3.A	HA1	225	D
3c3.A	HA1	138	S
3c3.A	HA1	326	R
3c3.B	HA1	83	R
3c3.B	HA1	261	Q
3c3.B	HA1	62	K
3c3.B	HA2	18	K
A1	HA1	171	K
A1	HA2	77	V
A1	HA2	155	E
A1a	HA1	171	K
A1a	HA2	77	V
A1a	HA2	150	E
A1a	HA2	155	E
A1a	nuc	114	T
A1a	nuc	1484	A
A1b	HA1	92	R
A1b	HA1	311	Q
A1b	nuc	264	G
A1b	nuc	538	C
A1b/131K	HA1	131	K
A1b/131K	HA1	62	G
A1b/131K	HA1	142	G
A1b/135K	HA1	135	K
A1b/135K	HA1	62	G
A1b/135K	HA1	142	G
A1b/135N	HA1	135	N
A1b/135N	nuc	81	G
A1b/137F	HA1	135	K
A1b/137F	HA1	62	G
A1b/137F	HA1	142	G
A1b/137F	HA1	193	S
A1b/197R	HA1	131	K
A1b/197R	HA1	62	G
A1b/197R	HA1	142	G
A1b/197R	HA1	197	R
A1b/94N	nuc	328	A
A2	HA1	261	Q
A2	HA1	142	K
A2	nuc	1485	T
A2/re	nuc	1689	T
A2/re	nuc	1125	A
A3	HA1	121	K
A3	nuc	1134	G
A3	nuc	1320	T
A4	HA1	192	T
A4	HA1	197	H
A4	HA1	31	S
A4	HA1	53	N
A4	HA1	144	R
