division	wales	52.2928116	-3.73893
division	england	52.7954791	-0.540240286617432
division	northern ireland	54.6294982	-6.7654416
division	united kingdom	54.7023545	-3.2765753
division	alberta	55.001251	-115.002136
division	canada	61.0666922	-107.9917071
division	new brunswick	46.500283	-66.750183
division	newfoundland	49.12120935	-56.696296212741
division	north west territories	65.0000004	-118.0
division	nova scotia	45.1960403	-63.1653789
division	nunavut	70.0000073	-90.0
division	prince edward island	46.50354535	-63.5955171399145
division	quebec	52.4760892	-71.8258668
division	saskatchewan	55.5321257	-106.1412243
division	denmark	55.670249	10.3333283
division	finland	63.2467777	25.9209164
division	uusimaa	60.2246684	25.1272630822577
division	provence alpes cote d azur	43.3081805	6.63516386111111
division	alsace champagne ardenne lorraine	48.4845157	6.113035
division	auvergne rhone alpes	45.2968119	4.6604809
division	normandy	49.0677708	0.3138532
division	aquitaine limousin poitou charentes	45.4039367	0.3756199
division	bourgogne franche comte	47.0510946	5.0740568
division	bretagne	48.16282835	-2.68414734452184
division	centre	47.5490251	1.7324062
division	corsica	42.18808965	9.06841377142769
division	france	46.603354	1.8883335
division	franche comte	47.14258475	6.13202223357538
division	herault	43.5914424	3.35528302489692
division	saint denis	48.935773	2.3580232
division	charente maritime	45.73022675	-0.721287587256379
division	nord pas de calais	50.52896905	2.45451490916875
division	pays de la loire	47.6594864	-0.8186143
division	ile de france	48.6443057	2.7537863
division	nouvelle aquitaine	45.4039367	0.3756199
division	centre val de loire	47.5490251	1.7324062
division	baden wurttemberg	48.6296972	9.1949534
division	bayern	48.9467562	11.4038717
division	berlin	52.5170365	13.3888599
division	brandenburg	52.8455492	13.2461296
division	bremen	53.0758196	8.8071646
division	germany	51.0834196	10.4234469
division	hessen	50.6118537	9.1909725
division	hamburg	53.550341	10.000654
division	niedersachsen	52.8398531	9.075962
division	mecklenburg vorpommern	53.7735234	12.5755746
division	nordrhein westfalen	51.4785568	7.5533645
division	rheinland pfalz	49.7497346	7.4396553
division	saarland	49.4173988	6.9805789
division	sachsen	50.9295798	13.4585052
division	schleswig holstein	54.1853998	9.8220089
division	thuringen	50.7333163	11.0747905
division	north holland	52.7212825	4.820665
division	utrecht	52.0809856	5.12768396945229
division	north brabant	51.6017723	5.4441391
division	overijssel	52.4254143	6.4610611
division	south holland	51.9966792	4.5597397
division	netherlands	52.5001698	5.7480821
division	gelderland	52.1014041	5.9515701
division	norway	64.5731537	11.5280364395482
division	ostlandet	59.9056001	10.6821197
division	adygea	44.6939006	40.1520421
division	arkhangelsk	64.543022	40.537121
division	astrakhan	46.349854	48.031567
division	altai krai	52.6932243	82.6931424
division	belgorod	50.595299	36.586933
division	jewish oblast	48.5601613	132.2775662
division	amur	48.5601613	132.2775662
division	buryatia	48.5601613	132.2775662
division	chuvash	55.4259922	47.0849429
division	chelyabinsk	55.1598408	61.4025547
division	karachay- cherkess	43.7368326	41.7267991
division	zabaykalsky krai	43.7368326	41.7267991
division	sverdlovsk oblast	43.7368326	41.7267991
division	chechnya	43.3976147	45.6985005
division	irkutsk	52.289597	104.280586
division	udmurt	52.289597	104.280586
division	kaliningrad	52.289597	104.280586
division	kaluga	54.5101087	36.2598115
division	kemerovo	54.5335781	87.342861
division	khabarovsk	48.481403	135.076935
division	kirov	58.6035257	49.6639029
division	leningrad	59.938732	30.316229
division	komi	63.9881421	54.3326073
division	kostroma	57.7679158	40.9269141
division	krasnoyarsk	63.3233807	97.0979974
division	kurgan	55.7655302	64.5632681
division	kursk	51.739433	36.179604
division	lipetsk	52.6041877	39.5936899
division	magadan	52.6041877	39.5936899
division	dagestan	43.0574916	47.1332224
division	mari el	56.5767504	47.8817512
division	mordovia	54.3376037	44.7729228
division	moscow	55.4792046	37.3273304
division	murmansk	68.970665	33.07497
division	naryan- mar	67.637993	53.006863
division	nizhny novgorod	56.328571	44.003506
division	novosibirsk	55.0282171	82.9234509
division	yamalia	67.1471631	74.3415488
division	omsk	54.991375	73.371529
division	oryol	52.9685433	36.0692477
division	orenburg	51.767452	55.097118
division	ossetia alania	42.9920711	44.2636348
division	penza	53.200001	45.0
division	perm	58.5951603	56.3159546
division	karelia	62.6194031	33.4920267
division	podporozhie	60.914291	34.162354
division	pskov	60.914291	34.162354
division	rostov	47.2213858	39.7114196
division	russia	64.6863136	97.7453061
division	ryazan	54.6295687	39.7425039
division	samara	53.198627	50.113987
division	saransk	54.18671	45.18383
division	saratov	51.530018	46.034683
division	voronezh	51.6605982	39.2005858
division	smolensk	54.7814057	32.0461261
division	st petersburg	59.938732	30.316229
division	stavropol	45.0433245	41.9690934
division	khanty mansia	45.0433245	41.9690934
division	tambov	52.72879	41.45536
division	tomsk	52.72879	41.45536
division	tula	54.1930321	37.61754
division	tver	56.858675	35.9208284
division	tyumen	57.153534	65.542274
division	bashkortostan	54.8573563	57.1439682
division	ulyanovsk	54.3107593	48.3642771
division	novgorod	58.5209862	31.2757862
division	north ossetia	58.5209862	31.2757862
division	vladimir	56.1288899	40.4075203
division	primorsky	48.566204	43.543739
division	volgograd	48.7081906	44.5153353
division	vologda	59.218876	39.893276
division	sakha	59.218876	39.893276
division	yaroslavl	57.6263877	39.8933705
division	sverdlovsk	56.839104	60.60825
division	mari el republic	56.5767504	47.8817512
division	vastra gotaland	58.20302695	12.6497319822317
division	sodermanland	58.95868325	17.539918109268
division	dalarna	61.06037785	14.2150873169591
division	gavleborgs	61.26138005	16.6987101121522
division	halland	56.96045925	12.807325812324
division	skane	55.84694095	13.6358312123795
division	jonkoping	57.7825634	14.165719
division	kalmar	57.02784235	16.5752680106162
division	varmland	59.89054465	13.294924808071
division	ostergotland	58.36782395	16.0504272038854
division	orebro	59.2747287	15.2151181
division	jamtland	63.3452222	14.1249859844512
division	stockholm	59.3251172	18.0710935
division	vasternorrland	63.05896925	18.1058682647265
division	sweden	59.6749712	14.5208584
division	vasterbottens	64.7196392	18.5697083396957
division	uppsala	59.8586126	17.6387436
division	vastmanland	59.6965639	16.184653591596
division	kronoberg	56.80067805	14.4111609951087
division	gotland	57.6783173	18.6384635860988
division	aichi	34.9991645	137.254574
division	akita	39.6898802	140.342608
division	aomori	40.886943	140.590121
division	saitama	35.9754168	139.4160114
division	busan	35.1799528	129.0752365
division	gyeongsangnam	35.2382	128.6925
division	seoul	37.5666791	126.9782914
division	chungcheongnam	36.6593	126.6729
division	jeollanam	34.8159	126.4629
division	chiba	35.549399	140.2647303
division	south korea	36.5581914	127.9408564
division	chungcheongbuk	36.6357	127.4915
division	daegu	35.8713	128.6018
division	daejeon	36.3496	127.3848
division	ehime	33.6013646	132.8185275
division	fukui	35.9263502	136.6068127
division	fukuoka	33.6251241	130.6180016
division	fukushima	34.692104	135.474812
division	gangwon	37.885	127.7297
division	gifu	35.7867449	137.0460777
division	gunma	36.52198	139.033483
division	gwangju	35.1595775	126.8515089
division	gyeongsangbuk	36.5754	128.5058
division	gyeonggi	37.2752	127.0095
division	shizuoka	34.9332488	138.0955398
division	hiroshima	34.9332488	138.0955398
division	hokkaido	43.4603175	143.330715792837
division	hyogo	34.914934	134.860666
division	ibaraki	36.2869536	140.4703384
division	ishikawa	36.9888678	136.8163563
division	iwate	39.5713763	141.4253574
division	japan	36.5748441	139.2394179
division	jeju	33.3939924	126.5626653
division	kagawa	34.2480104	134.0586579
division	kagoshima	31.521587	130.5474077
division	tokyo	35.6828387	139.7594549
division	kanagawa	35.4342935	139.374753
division	kochi	33.6569018	133.5606241
division	kumamoto	32.7833323	130.7333361
division	honam	35.00734465	126.494310725124
division	kyoto	35.021041	135.7556075
division	mie	34.7339685	136.5154489
division	miyagi	38.3880155	140.9761025
division	miyazaki	32.097681	131.294542
division	nagano	36.1143945	138.0319015
division	nagasaki	33.1154683	129.7874339
division	nara	34.2963089	135.8816819
division	niigata	37.6452283	138.7669125
division	oita	33.1819875	131.4270217
division	okayama	34.8581334	133.7759256
division	okinawa	26.5707754	128.0255901
division	osaka	34.6198813	135.490357
division	saga	33.311473	130.126593242292
division	shiga	35.247154	136.109385
division	shimane	34.9418212	132.537439
division	tochigi	36.6782167	139.8096549
division	tokushima	33.9196418	134.2509634
division	tottori	35.3555075	133.8678525
division	toyama	36.6468015	137.2183531
division	ulsan	35.5391697	129.3119136
division	wakayama	33.8070292	135.5930743
division	yamagata	38.4746705	140.083237
division	yamaguchi	34.2379614	131.5873845
division	yamanashi	35.6399328	138.6380495
division	anhui	32.0	117.0
division	liaoning	40.9975197	122.9955469
division	beijing	39.906217	116.3912757
division	fujian	26.5450001	117.842778
division	sichuan	30.5000001	102.4999999
division	china	35.000074	104.999927
division	chongqing	29.5585712	106.5492822
division	neimenggu	43.2443242	114.3251664
division	gansu	38.0000001	101.9999999
division	guangdong	23.1357694	113.1982688
division	guangxi	24.0	109.0
division	guizhou	27.0	107.0
division	hainan	19.2000001	109.5999999
division	zhejiang	29.0000001	119.9999999
division	heilongjiang	48.0000047	127.999992
division	hebei	39.0000001	116.0
division	henan	34.0000001	113.9999999
division	hong kong	22.2793278	114.1628131
division	hunan	27.6662087	111.7487063
division	jiangsu	33.0000001	119.9999999
division	hubei	31.15172525	112.87832224656
division	jiangxi	28.0	116.0
division	jilin	42.9995032	125.9816054
division	keelung	25.1317232	121.744652
division	kinmen	25.0214781	121.5230884
division	shanghai	31.2322735	121.4691749
division	yunnan	25.0	102.0
division	linkou	25.0775308	121.3916021
division	macau	22.1757605	113.5514142
division	ningxia	37.0000001	105.9999999
division	pingtung	22.6828017	120.487928
division	shandong	36.0000001	118.9999999
division	qinghai	35.40709525	95.9521157324195
division	shaanxi	36.0	109.0
division	shanxi	37.0	112.0
division	taiwan	23.59829785	120.835363138175
division	taipei	25.0375198	121.5636796
division	taoyuan	24.8541777	121.257242268334
division	tianjin	39.3032619	117.4163641
division	xinjiang	41.7574769	87.167384230469
division	jiangxia	23.2138044	113.27789855
division	yilan	24.7519538	121.7533344
division	american samoa	-14.289304	-170.692511
division	canterbury	-43.49417615	171.809844758414
division	auckland	-36.852095	174.7631803
division	australia	-24.7761086	134.755
division	bay of plenty	-37.9503756	176.938287361554
division	queensland	-21.9182856	144.4588889
division	canberra	-35.2975906	149.1012676
division	wellington	-41.2887953	174.7772114
division	chuuk	7.4393793	151.8515538
division	cook islands	-16.0492781	-160.3554851
division	northern territory	-19.8516101	133.2303375
division	otago	-45.1299859	169.5248818
division	new south wales	-31.8759835	147.2869493
division	nelson	-41.2710849	173.2836756
division	fiji	-18.1239696	179.0122737
division	eastern highlands	-6.5	145.583333
division	guam	13.4501257	144.757551029721
division	hawkes bay	-39.4343279	176.7652742
division	kiribati	0.4483283	-171.6645388
division	micronesia	5.5600565	150.1982846
division	new zealand	-41.5000831	172.8344077
division	morobe	-7.0	147.0
division	nauru	-0.5252306	166.9324426
division	new caledonia	-20.940436	164.9786537
division	northern mariana islands	13.4501257	144.757551029721
division	palau	6.097367	133.313631
division	french polynesia	-16.31	-151.81
division	papua new guinea	-5.6816069	144.2489081
division	western australia	-25.2303005	121.0187246
division	pohnpei	6.8917101	158.2327877
division	national capital district	-9.4405382	147.1803219
division	solomon islands	-9.7354344	162.8288542
division	south australia	-30.5343665	135.6301212
division	southland	-45.7255555	168.2936808
division	gisborne	-38.661326	178.0206487
division	tasmania	-42.035067	146.6366887
division	north island	-38.00353045	175.957852608357
division	tonga	-19.9160819	-175.2026424
division	tuvalu	-7.768959	178.1167698
division	victoria	-36.5986096	144.6780052
division	vanuatu	-16.5255069	168.1069154
division	waikato	-37.77922725	175.201032324659
division	west coast	-42.9945669	170.7100413
division	sandaun	-3.5	142.0
division	manawatu wanganui	-39.7001275	175.4986325
division	yap	7.556	146.12854124
