{
    "nodes": {
        "B/Shanghai/361/2002": {
            "vaccine": {
                "selection_date": "2004-09-25"
            }
        },
        "B/Florida/4/2006": {
            "vaccine": {
                "selection_date": "2008-09-25"
            }
        },
        "B/Wisconsin/1/2010": {
            "vaccine": {
                "selection_date": "2012-02-25"
            }
        },
        "B/Phuket/3073/2013": {
            "vaccine": {
                "selection_date": "2014-09-25"
            }
        }
    }
}