{
  "title": "Real-time tracking of Zika virus evolution",
  "maintainers": [
    {"name": "Trevor Bedford", "url": "http://bedford.io/team/trevor-bedford/"}
  ],
  "build_url": "https://github.com/nextstrain/zika",
  "colorings": [
    {
      "key": "gt",
      "title": "genotype",
      "type": "categorical"
    },
    {
      "key": "num_date",
      "title": "date",
      "type": "continuous"
    },
    {
      "key": "author",
      "title": "author",
      "type": "categorical"
    },
    {
      "key": "country",
      "title": "country",
      "type": "categorical"
    },
    {
      "key": "region",
      "title": "region",
      "type": "categorical"
    }
  ],
  "geo_resolutions": [
    "country",
    "region"
  ],
  "display_defaults": {
    "map_triplicate": true
  },
  "filters": [
    "country",
    "region",
    "author"
  ]
}
