{
  "meta": {
    "colorings": [
      {
        "key": "num_date",
        "title": "Sampling date",
        "type": "continuous"
      },
      {
        "key": "gt",
        "title": "Genotype",
        "type": "categorical"
      },
      {
        "key": "country",
        "title": "country",
        "type": "categorical"
      }
    ],
    "display_defaults": {
      "color_by": "country",
      "map_triplicate": true
    },
    "filters": [
      "host"
    ],
    "genome_annotations": {
      "nuc": {
        "end": 618,
        "seqid": "config/hku1_nucleocapsid2_reference.gb",
        "start": 1,
        "strand": "+",
        "type": "source"
      }
    },
    "maintainers": [
      {
        "name": "Katie Kistler"
      }
    ],
    "panels": [
      "tree"
    ],
    "title": "Genetic diversity of seasonal coronaviruses. Data collected by Vipr",
    "updated": "2020-04-18"
  },
  "tree": {
    "branch_attrs": {
      "mutations": {}
    },
    "children": [
      {
        "branch_attrs": {
          "mutations": {}
        },
        "name": "HKU1",
        "node_attrs": {
          "accession": "AY597011",
          "country": {
            "value": "usa"
          },
          "div": 7.707361830155922e-19,
          "num_date": {
            "confidence": [
              2010.0013698630137,
              2010.8931608676592
            ],
            "value": 2010.0013698630137
          }
        }
      },
      {
        "branch_attrs": {
          "mutations": {}
        },
        "children": [
          {
            "branch_attrs": {
              "mutations": {
                "nuc": [
                  "C61T",
                  "A79G",
                  "T80C",
                  "T81C",
                  "C83T",
                  "T91A",
                  "A108C",
                  "T116C",
                  "T149C",
                  "A150C",
                  "C176T",
                  "C182T",
                  "T185C",
                  "T216C",
                  "T233A",
                  "T244A",
                  "A248G",
                  "G249A",
                  "G283A",
                  "G289A",
                  "G338A",
                  "C368T",
                  "A379G",
                  "G381T",
                  "T396G",
                  "T400A",
                  "G407T",
                  "G408A",
                  "T419C",
                  "A424G",
                  "C445T",
                  "T462G",
                  "C478T",
                  "C504T",
                  "T569C",
                  "A572G"
                ]
              }
            },
            "children": [
              {
                "branch_attrs": {
                  "mutations": {
                    "nuc": [
                      "C401T"
                    ]
                  }
                },
                "children": [
                  {
                    "branch_attrs": {
                      "mutations": {
                        "nuc": [
                          "C475T"
                        ]
                      }
                    },
                    "name": "12MYKL1061",
                    "node_attrs": {
                      "accession": "KR055545",
                      "country": {
                        "value": "malaysia"
                      },
                      "div": 0.06409630756807758,
                      "num_date": {
                        "confidence": [
                          2012.0013661202186,
                          2012.8855081389293
                        ],
                        "value": 2012.0013661202186
                      }
                    }
                  },
                  {
                    "branch_attrs": {
                      "mutations": {
                        "nuc": [
                          "T611C"
                        ]
                      }
                    },
                    "name": "12MYKL1217",
                    "node_attrs": {
                      "accession": "KR055550",
                      "country": {
                        "value": "malaysia"
                      },
                      "div": 0.06409603396711117,
                      "num_date": {
                        "confidence": [
                          2012.0013661202186,
                          2012.8855132122194
                        ],
                        "value": 2012.0013661202186
                      }
                    }
                  }
                ],
                "name": "NODE_0000018",
                "node_attrs": {
                  "div": 0.06247159807378719,
                  "num_date": {
                    "confidence": [
                      1955.2196695818202,
                      2012.994929030448
                    ],
                    "value": 2007.9482356090373
                  }
                }
              },
              {
                "branch_attrs": {
                  "mutations": {
                    "nuc": [
                      "A395T"
                    ]
                  }
                },
                "children": [
                  {
                    "branch_attrs": {
                      "mutations": {
                        "nuc": [
                          "T611G"
                        ]
                      }
                    },
                    "children": [
                      {
                        "branch_attrs": {
                          "mutations": {}
                        },
                        "name": "HKU1/human/USA/HKU1_1/2005",
                        "node_attrs": {
                          "accession": "KF686338",
                          "country": {
                            "value": "usa"
                          },
                          "div": 0.0640973533120679,
                          "num_date": {
                            "confidence": [
                              2005.1328767123289,
                              2005.1328767123289
                            ],
                            "value": 2005.1328767123289
                          }
                        }
                      },
                      {
                        "branch_attrs": {
                          "mutations": {}
                        },
                        "children": [
                          {
                            "branch_attrs": {
                              "mutations": {}
                            },
                            "name": "13MYKL1997",
                            "node_attrs": {
                              "accession": "KR055553",
                              "country": {
                                "value": "malaysia"
                              },
                              "div": 0.0640973533120679,
                              "num_date": {
                                "confidence": [
                                  2013.0013698630137,
                                  2013.9986301369863
                                ],
                                "value": 2013.0013698630137
                              }
                            }
                          },
                          {
                            "branch_attrs": {
                              "mutations": {}
                            },
                            "name": "N08_87",
                            "node_attrs": {
                              "accession": "KY674921",
                              "country": {
                                "value": "usa"
                              },
                              "div": 0.0640973533120679,
                              "num_date": {
                                "confidence": [
                                  2016.0013661202186,
                                  2016.8786965638665
                                ],
                                "value": 2016.0013661202186
                              }
                            }
                          }
                        ],
                        "name": "NODE_0000006",
                        "node_attrs": {
                          "div": 0.0640973533120679,
                          "num_date": {
                            "confidence": [
                              2001.8425318662153,
                              2013.9949312945728
                            ],
                            "value": 2013.022229335543
                          }
                        }
                      }
                    ],
                    "name": "NODE_0000012",
                    "node_attrs": {
                      "div": 0.0640973533120679,
                      "num_date": {
                        "confidence": [
                          2004.448121103113,
                          2005.1328767123289
                        ],
                        "value": 2005.1328767123289
                      }
                    }
                  },
                  {
                    "branch_attrs": {
                      "mutations": {}
                    },
                    "children": [
                      {
                        "branch_attrs": {
                          "mutations": {
                            "nuc": [
                              "T354G",
                              "C359T",
                              "G360C",
                              "G361T",
                              "T362A",
                              "A363C",
                              "C364T",
                              "G366C",
                              "C369A"
                            ]
                          }
                        },
                        "name": "12MYKL0407",
                        "node_attrs": {
                          "accession": "KR055535",
                          "country": {
                            "value": "malaysia"
                          },
                          "div": 0.07727994275207412,
                          "num_date": {
                            "confidence": [
                              2012.1261127509852,
                              2012.9986338797814
                            ],
                            "value": 2012.9986338797814
                          }
                        }
                      },
                      {
                        "branch_attrs": {
                          "mutations": {}
                        },
                        "children": [
                          {
                            "branch_attrs": {
                              "mutations": {
                                "nuc": [
                                  "C150T"
                                ]
                              }
                            },
                            "children": [
                              {
                                "branch_attrs": {
                                  "mutations": {
                                    "nuc": [
                                      "C256T"
                                    ]
                                  }
                                },
                                "name": "12MYKL0790",
                                "node_attrs": {
                                  "accession": "KR055542",
                                  "country": {
                                    "value": "malaysia"
                                  },
                                  "div": 0.0657198977201622,
                                  "num_date": {
                                    "confidence": [
                                      2012.0013661202186,
                                      2012.9986338797814
                                    ],
                                    "value": 2012.0013661202186
                                  }
                                }
                              },
                              {
                                "branch_attrs": {
                                  "mutations": {}
                                },
                                "name": "12MYKL0163",
                                "node_attrs": {
                                  "accession": "KR055532",
                                  "country": {
                                    "value": "malaysia"
                                  },
                                  "div": 0.06409626066076525,
                                  "num_date": {
                                    "confidence": [
                                      2012.0013661202186,
                                      2012.8733443330232
                                    ],
                                    "value": 2012.0013661202186
                                  }
                                }
                              }
                            ],
                            "name": "NODE_0000016",
                            "node_attrs": {
                              "div": 0.06409626066076525,
                              "num_date": {
                                "confidence": [
                                  1985.1989996933985,
                                  2012.994929033402
                                ],
                                "value": 2010.7376652623232
                              }
                            }
                          },
                          {
                            "branch_attrs": {
                              "mutations": {}
                            },
                            "children": [
                              {
                                "branch_attrs": {
                                  "mutations": {
                                    "nuc": [
                                      "C122T"
                                    ]
                                  }
                                },
                                "name": "12MYKL1058",
                                "node_attrs": {
                                  "accession": "KR055544",
                                  "country": {
                                    "value": "malaysia"
                                  },
                                  "div": 0.06409626066076525,
                                  "num_date": {
                                    "confidence": [
                                      2012.0013661202186,
                                      2012.880167233317
                                    ],
                                    "value": 2012.0013661202186
                                  }
                                }
                              },
                              {
                                "branch_attrs": {
                                  "mutations": {}
                                },
                                "children": [
                                  {
                                    "branch_attrs": {
                                      "mutations": {}
                                    },
                                    "children": [
                                      {
                                        "branch_attrs": {
                                          "mutations": {}
                                        },
                                        "children": [
                                          {
                                            "branch_attrs": {
                                              "mutations": {}
                                            },
                                            "name": "12MYKL0181",
                                            "node_attrs": {
                                              "accession": "KR055533",
                                              "country": {
                                                "value": "malaysia"
                                              },
                                              "div": 0.06247289643857722,
                                              "num_date": {
                                                "confidence": [
                                                  2012.0013661202186,
                                                  2012.9986338797814
                                                ],
                                                "value": 2012.113422260948
                                              }
                                            }
                                          },
                                          {
                                            "branch_attrs": {
                                              "mutations": {}
                                            },
                                            "name": "12MYKL0841",
                                            "node_attrs": {
                                              "accession": "KR055543",
                                              "country": {
                                                "value": "malaysia"
                                              },
                                              "div": 0.06247289643857722,
                                              "num_date": {
                                                "confidence": [
                                                  2012.0013661202186,
                                                  2012.9986338797814
                                                ],
                                                "value": 2012.113422260948
                                              }
                                            }
                                          }
                                        ],
                                        "name": "NODE_0000013",
                                        "node_attrs": {
                                          "div": 0.06247289643857722,
                                          "num_date": {
                                            "confidence": [
                                              2007.576884672395,
                                              2012.9949350373606
                                            ],
                                            "value": 2010.8226471310822
                                          }
                                        }
                                      },
                                      {
                                        "branch_attrs": {
                                          "mutations": {}
                                        },
                                        "children": [
                                          {
                                            "branch_attrs": {
                                              "mutations": {}
                                            },
                                            "name": "12MYKL0447",
                                            "node_attrs": {
                                              "accession": "KR055536",
                                              "country": {
                                                "value": "malaysia"
                                              },
                                              "div": 0.06247289643857722,
                                              "num_date": {
                                                "confidence": [
                                                  2012.0605132239657,
                                                  2012.9986338797814
                                                ],
                                                "value": 2012.9986338797814
                                              }
                                            }
                                          },
                                          {
                                            "branch_attrs": {
                                              "mutations": {}
                                            },
                                            "name": "SI17244",
                                            "node_attrs": {
                                              "accession": "MH940245",
                                              "country": {
                                                "value": "thailand"
                                              },
                                              "div": 0.06247289643857722,
                                              "num_date": {
                                                "confidence": [
                                                  2017.4232876712329,
                                                  2017.4232876712329
                                                ],
                                                "value": 2017.4232876712329
                                              }
                                            }
                                          }
                                        ],
                                        "name": "NODE_0000015",
                                        "node_attrs": {
                                          "div": 0.06247289643857722,
                                          "num_date": {
                                            "confidence": [
                                              2006.6436765410695,
                                              2012.9949350373606
                                            ],
                                            "value": 2012.115735742673
                                          }
                                        }
                                      }
                                    ],
                                    "name": "NODE_0000011",
                                    "node_attrs": {
                                      "div": 0.06247289643857722,
                                      "num_date": {
                                        "confidence": [
                                          2004.0440599564117,
                                          2012.9877655345265
                                        ],
                                        "value": 2007.9978653109588
                                      }
                                    }
                                  },
                                  {
                                    "branch_attrs": {
                                      "mutations": {}
                                    },
                                    "children": [
                                      {
                                        "branch_attrs": {
                                          "mutations": {}
                                        },
                                        "children": [
                                          {
                                            "branch_attrs": {
                                              "mutations": {
                                                "nuc": [
                                                  "C70T"
                                                ]
                                              }
                                            },
                                            "name": "SC2521",
                                            "node_attrs": {
                                              "accession": "MK167038",
                                              "country": {
                                                "value": "usa"
                                              },
                                              "div": 0.06409626066076525,
                                              "num_date": {
                                                "confidence": [
                                                  2017.0013698630137,
                                                  2017.9986301369863
                                                ],
                                                "value": 2017.0013698630137
                                              }
                                            }
                                          },
                                          {
                                            "branch_attrs": {
                                              "mutations": {}
                                            },
                                            "children": [
                                              {
                                                "branch_attrs": {
                                                  "mutations": {}
                                                },
                                                "name": "12MYKL0777",
                                                "node_attrs": {
                                                  "accession": "KR055541",
                                                  "country": {
                                                    "value": "malaysia"
                                                  },
                                                  "div": 0.06247289643857722,
                                                  "num_date": {
                                                    "confidence": [
                                                      2012.0013661202186,
                                                      2012.9986338797814
                                                    ],
                                                    "value": 2012.2131737963132
                                                  }
                                                }
                                              },
                                              {
                                                "branch_attrs": {
                                                  "mutations": {}
                                                },
                                                "name": "12MYKL0323",
                                                "node_attrs": {
                                                  "accession": "KR055534",
                                                  "country": {
                                                    "value": "malaysia"
                                                  },
                                                  "div": 0.06247289643857722,
                                                  "num_date": {
                                                    "confidence": [
                                                      2012.0013661202186,
                                                      2012.9986338797814
                                                    ],
                                                    "value": 2012.2131737963132
                                                  }
                                                }
                                              }
                                            ],
                                            "name": "NODE_0000022",
                                            "node_attrs": {
                                              "div": 0.06247289643857722,
                                              "num_date": {
                                                "confidence": [
                                                  2007.3835955747973,
                                                  2012.9949350373606
                                                ],
                                                "value": 2012.0222295694678
                                              }
                                            }
                                          }
                                        ],
                                        "name": "NODE_0000021",
                                        "node_attrs": {
                                          "div": 0.06247289643857722,
                                          "num_date": {
                                            "confidence": [
                                              2004.8932836603635,
                                              2012.9877655345265
                                            ],
                                            "value": 2010.617808573131
                                          }
                                        }
                                      },
                                      {
                                        "branch_attrs": {
                                          "mutations": {}
                                        },
                                        "children": [
                                          {
                                            "branch_attrs": {
                                              "mutations": {}
                                            },
                                            "children": [
                                              {
                                                "branch_attrs": {
                                                  "mutations": {}
                                                },
                                                "name": "12MYKL0529",
                                                "node_attrs": {
                                                  "accession": "KR055537",
                                                  "country": {
                                                    "value": "malaysia"
                                                  },
                                                  "div": 0.06247289643857722,
                                                  "num_date": {
                                                    "confidence": [
                                                      2012.0013661202186,
                                                      2012.9041768575098
                                                    ],
                                                    "value": 2012.0013661202186
                                                  }
                                                }
                                              },
                                              {
                                                "branch_attrs": {
                                                  "mutations": {}
                                                },
                                                "name": "12MYKL0759",
                                                "node_attrs": {
                                                  "accession": "KR055540",
                                                  "country": {
                                                    "value": "malaysia"
                                                  },
                                                  "div": 0.06247289643857722,
                                                  "num_date": {
                                                    "confidence": [
                                                      2012.0013661202186,
                                                      2012.9041768575098
                                                    ],
                                                    "value": 2012.0013661202186
                                                  }
                                                }
                                              }
                                            ],
                                            "name": "NODE_0000026",
                                            "node_attrs": {
                                              "div": 0.06247289643857722,
                                              "num_date": {
                                                "confidence": [
                                                  2007.7052869410145,
                                                  2012.9949350373606
                                                ],
                                                "value": 2011.9571359487802
                                              }
                                            }
                                          },
                                          {
                                            "branch_attrs": {
                                              "mutations": {}
                                            },
                                            "children": [
                                              {
                                                "branch_attrs": {
                                                  "mutations": {}
                                                },
                                                "name": "12MYKL0624",
                                                "node_attrs": {
                                                  "accession": "KR055538",
                                                  "country": {
                                                    "value": "malaysia"
                                                  },
                                                  "div": 0.06247289643857722,
                                                  "num_date": {
                                                    "confidence": [
                                                      2012.0013661202186,
                                                      2012.9041768575098
                                                    ],
                                                    "value": 2012.0013661202186
                                                  }
                                                }
                                              },
                                              {
                                                "branch_attrs": {
                                                  "mutations": {}
                                                },
                                                "name": "12MYKL0737",
                                                "node_attrs": {
                                                  "accession": "KR055539",
                                                  "country": {
                                                    "value": "malaysia"
                                                  },
                                                  "div": 0.06247289643857722,
                                                  "num_date": {
                                                    "confidence": [
                                                      2012.0013661202186,
                                                      2012.9041768575098
                                                    ],
                                                    "value": 2012.0013661202186
                                                  }
                                                }
                                              }
                                            ],
                                            "name": "NODE_0000028",
                                            "node_attrs": {
                                              "div": 0.06247289643857722,
                                              "num_date": {
                                                "confidence": [
                                                  2007.7052869410145,
                                                  2012.9949350373606
                                                ],
                                                "value": 2011.9571359487802
                                              }
                                            }
                                          }
                                        ],
                                        "name": "NODE_0000025",
                                        "node_attrs": {
                                          "div": 0.06247289643857722,
                                          "num_date": {
                                            "confidence": [
                                              2004.5598296805074,
                                              2012.9877655345265
                                            ],
                                            "value": 2007.9978653109588
                                          }
                                        }
                                      }
                                    ],
                                    "name": "NODE_0000020",
                                    "node_attrs": {
                                      "div": 0.06247289643857722,
                                      "num_date": {
                                        "confidence": [
                                          2005.446947785954,
                                          2012.9773387169907
                                        ],
                                        "value": 2007.9623821803593
                                      }
                                    }
                                  }
                                ],
                                "name": "NODE_0000010",
                                "node_attrs": {
                                  "div": 0.06247289643857722,
                                  "num_date": {
                                    "confidence": [
                                      2004.9359125742344,
                                      2012.9621533479217
                                    ],
                                    "value": 2007.9477700087286
                                  }
                                }
                              }
                            ],
                            "name": "NODE_0000009",
                            "node_attrs": {
                              "div": 0.06247289643857722,
                              "num_date": {
                                "confidence": [
                                  1959.6410957277114,
                                  2012.9492886079267
                                ],
                                "value": 2007.0403842366693
                              }
                            }
                          }
                        ],
                        "name": "NODE_0000007",
                        "node_attrs": {
                          "div": 0.06247289643857722,
                          "num_date": {
                            "confidence": [
                              1931.9917872296644,
                              2012.9421129365678
                            ],
                            "value": 2005.0768900009891
                          }
                        }
                      }
                    ],
                    "name": "NODE_0000008",
                    "node_attrs": {
                      "div": 0.06247289643857722,
                      "num_date": {
                        "confidence": [
                          1907.8057664352646,
                          2010.5244375306343
                        ],
                        "value": 2004.8030517263715
                      }
                    }
                  }
                ],
                "name": "NODE_0000014",
                "node_attrs": {
                  "div": 0.06247289643857722,
                  "num_date": {
                    "confidence": [
                      1907.9548563963747,
                      2005.1254750150326
                    ],
                    "value": 2004.3927069826987
                  }
                }
              }
            ],
            "name": "NODE_0000017",
            "node_attrs": {
              "div": 0.06084716273522416,
              "num_date": {
                "confidence": [
                  1894.354913951645,
                  2005.114998487242
                ],
                "value": 2003.7794097304313
              }
            }
          },
          {
            "branch_attrs": {
              "mutations": {}
            },
            "children": [
              {
                "branch_attrs": {
                  "mutations": {
                    "nuc": [
                      "G74A"
                    ]
                  }
                },
                "children": [
                  {
                    "branch_attrs": {
                      "mutations": {
                        "nuc": [
                          "C151T",
                          "A237C",
                          "C256T",
                          "T257C",
                          "A328C",
                          "T462C"
                        ]
                      }
                    },
                    "children": [
                      {
                        "branch_attrs": {
                          "mutations": {}
                        },
                        "name": "HKU1/human/USA/1102/2005",
                        "node_attrs": {
                          "accession": "KF850450",
                          "country": {
                            "value": "usa"
                          },
                          "div": 0.011405736596767385,
                          "num_date": {
                            "confidence": [
                              2005.2698630136986,
                              2005.2698630136986
                            ],
                            "value": 2005.2698630136986
                          }
                        }
                      },
                      {
                        "branch_attrs": {
                          "mutations": {}
                        },
                        "name": "HKU1/human/USA/HKU1_4/2005",
                        "node_attrs": {
                          "accession": "KF430196",
                          "country": {
                            "value": "usa"
                          },
                          "div": 0.011405736596767385,
                          "num_date": {
                            "confidence": [
                              2005.2972602739726,
                              2005.2972602739726
                            ],
                            "value": 2005.2972602739726
                          }
                        }
                      }
                    ],
                    "name": "NODE_0000024",
                    "node_attrs": {
                      "div": 0.011405736596767385,
                      "num_date": {
                        "confidence": [
                          2004.059699656099,
                          2005.2698630136986
                        ],
                        "value": 2005.2698630136986
                      }
                    }
                  },
                  {
                    "branch_attrs": {
                      "mutations": {}
                    },
                    "children": [
                      {
                        "branch_attrs": {
                          "mutations": {
                            "nuc": [
                              "A383C",
                              "T519C"
                            ]
                          }
                        },
                        "children": [
                          {
                            "branch_attrs": {
                              "mutations": {}
                            },
                            "name": "HKU1/human/USA/HKU1_15/2009",
                            "node_attrs": {
                              "accession": "KF686344",
                              "country": {
                                "value": "usa"
                              },
                              "div": 0.0048719737464102434,
                              "num_date": {
                                "confidence": [
                                  2009.990410958904,
                                  2009.990410958904
                                ],
                                "value": 2009.990410958904
                              }
                            }
                          },
                          {
                            "branch_attrs": {
                              "mutations": {
                                "nuc": [
                                  "G407A"
                                ]
                              }
                            },
                            "name": "SC2628",
                            "node_attrs": {
                              "accession": "KY983584",
                              "country": {
                                "value": "usa"
                              },
                              "div": 0.006493699026437801,
                              "num_date": {
                                "confidence": [
                                  2015.0013698630137,
                                  2015.9986301369863
                                ],
                                "value": 2015.0013698630137
                              }
                            }
                          }
                        ],
                        "name": "NODE_0000027",
                        "node_attrs": {
                          "div": 0.004871973746410243,
                          "num_date": {
                            "confidence": [
                              2006.381544607711,
                              2009.990410958904
                            ],
                            "value": 2009.990410958904
                          }
                        }
                      },
                      {
                        "branch_attrs": {
                          "mutations": {}
                        },
                        "children": [
                          {
                            "branch_attrs": {
                              "mutations": {}
                            },
                            "children": [
                              {
                                "branch_attrs": {
                                  "mutations": {}
                                },
                                "name": "BJ01_p9",
                                "node_attrs": {
                                  "accession": "KT779556",
                                  "country": {
                                    "value": "china"
                                  },
                                  "div": 0.0016230240342502511,
                                  "num_date": {
                                    "confidence": [
                                      2009.3082191780823,
                                      2009.3082191780823
                                    ],
                                    "value": 2009.3082191780823
                                  }
                                }
                              },
                              {
                                "branch_attrs": {
                                  "mutations": {}
                                },
                                "name": "BJ01_p3",
                                "node_attrs": {
                                  "accession": "KT779555",
                                  "country": {
                                    "value": "china"
                                  },
                                  "div": 0.0016230240342502511,
                                  "num_date": {
                                    "confidence": [
                                      2009.3082191780823,
                                      2009.3082191780823
                                    ],
                                    "value": 2009.3082191780823
                                  }
                                }
                              }
                            ],
                            "name": "NODE_0000037",
                            "node_attrs": {
                              "div": 0.0016230240342502502,
                              "num_date": {
                                "confidence": [
                                  2007.010528684432,
                                  2009.3082191780823
                                ],
                                "value": 2009.3082191780823
                              }
                            }
                          },
                          {
                            "branch_attrs": {
                              "mutations": {}
                            },
                            "children": [
                              {
                                "branch_attrs": {
                                  "mutations": {}
                                },
                                "children": [
                                  {
                                    "branch_attrs": {
                                      "mutations": {}
                                    },
                                    "name": "13MYKL1781",
                                    "node_attrs": {
                                      "accession": "KR055551",
                                      "country": {
                                        "value": "malaysia"
                                      },
                                      "div": 0.001623024034250252,
                                      "num_date": {
                                        "confidence": [
                                          2013.0013698630137,
                                          2013.8610825867167
                                        ],
                                        "value": 2013.0013698630137
                                      }
                                    }
                                  },
                                  {
                                    "branch_attrs": {
                                      "mutations": {
                                        "nuc": [
                                          "C122T"
                                        ]
                                      }
                                    },
                                    "name": "13MYKL1898",
                                    "node_attrs": {
                                      "accession": "KR055552",
                                      "country": {
                                        "value": "malaysia"
                                      },
                                      "div": 0.0032461812113037712,
                                      "num_date": {
                                        "confidence": [
                                          2013.0013698630137,
                                          2013.9986301369863
                                        ],
                                        "value": 2013.0013698630137
                                      }
                                    }
                                  }
                                ],
                                "name": "NODE_0000039",
                                "node_attrs": {
                                  "div": 0.0016230240342502511,
                                  "num_date": {
                                    "confidence": [
                                      1996.9766753252425,
                                      2013.9949252923889
                                    ],
                                    "value": 2007.9774918614191
                                  }
                                }
                              },
                              {
                                "branch_attrs": {
                                  "mutations": {}
                                },
                                "children": [
                                  {
                                    "branch_attrs": {
                                      "mutations": {}
                                    },
                                    "children": [
                                      {
                                        "branch_attrs": {
                                          "mutations": {}
                                        },
                                        "name": "12MYKL1153",
                                        "node_attrs": {
                                          "accession": "KR055548",
                                          "country": {
                                            "value": "malaysia"
                                          },
                                          "div": 0.0016230240342502528,
                                          "num_date": {
                                            "confidence": [
                                              2012.0013661202186,
                                              2012.9018766608644
                                            ],
                                            "value": 2012.0013661202186
                                          }
                                        }
                                      },
                                      {
                                        "branch_attrs": {
                                          "mutations": {}
                                        },
                                        "name": "12MYKL1132",
                                        "node_attrs": {
                                          "accession": "KR055547",
                                          "country": {
                                            "value": "malaysia"
                                          },
                                          "div": 0.0016230240342502528,
                                          "num_date": {
                                            "confidence": [
                                              2012.0013661202186,
                                              2012.9018766608644
                                            ],
                                            "value": 2012.0013661202186
                                          }
                                        }
                                      }
                                    ],
                                    "name": "NODE_0000041",
                                    "node_attrs": {
                                      "div": 0.001623024034250252,
                                      "num_date": {
                                        "confidence": [
                                          2007.286918649331,
                                          2012.9949350373606
                                        ],
                                        "value": 2011.8623283314905
                                      }
                                    }
                                  },
                                  {
                                    "branch_attrs": {
                                      "mutations": {}
                                    },
                                    "children": [
                                      {
                                        "branch_attrs": {
                                          "mutations": {}
                                        },
                                        "name": "12MYKL1075",
                                        "node_attrs": {
                                          "accession": "KR055546",
                                          "country": {
                                            "value": "malaysia"
                                          },
                                          "div": 0.0016230240342502528,
                                          "num_date": {
                                            "confidence": [
                                              2012.0013661202186,
                                              2012.9018766608644
                                            ],
                                            "value": 2012.0013661202186
                                          }
                                        }
                                      },
                                      {
                                        "branch_attrs": {
                                          "mutations": {}
                                        },
                                        "name": "12MYKL1214",
                                        "node_attrs": {
                                          "accession": "KR055549",
                                          "country": {
                                            "value": "malaysia"
                                          },
                                          "div": 0.0016230240342502528,
                                          "num_date": {
                                            "confidence": [
                                              2012.0013661202186,
                                              2012.9018766608644
                                            ],
                                            "value": 2012.0013661202186
                                          }
                                        }
                                      }
                                    ],
                                    "name": "NODE_0000042",
                                    "node_attrs": {
                                      "div": 0.001623024034250252,
                                      "num_date": {
                                        "confidence": [
                                          2007.286918649331,
                                          2012.9949350373606
                                        ],
                                        "value": 2011.8623283314905
                                      }
                                    }
                                  }
                                ],
                                "name": "NODE_0000040",
                                "node_attrs": {
                                  "div": 0.0016230240342502511,
                                  "num_date": {
                                    "confidence": [
                                      2004.3349702623632,
                                      2012.9877655345265
                                    ],
                                    "value": 2007.9978653109588
                                  }
                                }
                              }
                            ],
                            "name": "NODE_0000038",
                            "node_attrs": {
                              "div": 0.0016230240342502502,
                              "num_date": {
                                "confidence": [
                                  1996.852592011551,
                                  2012.9773387169907
                                ],
                                "value": 2007.8547379814543
                              }
                            }
                          }
                        ],
                        "name": "NODE_0000036",
                        "node_attrs": {
                          "div": 0.0016230240342502494,
                          "num_date": {
                            "confidence": [
                              1996.6599212107471,
                              2009.300823487776
                            ],
                            "value": 2006.9456812506553
                          }
                        }
                      }
                    ],
                    "name": "NODE_0000032",
                    "node_attrs": {
                      "div": 0.0016230240342502485,
                      "num_date": {
                        "confidence": [
                          1871.8725108449207,
                          2009.2901846562797
                        ],
                        "value": 2004.5394357453586
                      }
                    }
                  }
                ],
                "name": "NODE_0000023",
                "node_attrs": {
                  "div": 0.0016230240342502476,
                  "num_date": {
                    "confidence": [
                      1649.0887103220296,
                      2005.2624311758332
                    ],
                    "value": 2000.4612767681106
                  }
                }
              },
              {
                "branch_attrs": {
                  "mutations": {}
                },
                "children": [
                  {
                    "branch_attrs": {
                      "mutations": {
                        "nuc": [
                          "G393C"
                        ]
                      }
                    },
                    "name": "Caen1",
                    "node_attrs": {
                      "accession": "HM034837",
                      "country": {
                        "value": "france"
                      },
                      "div": 0.0016248429970637092,
                      "num_date": {
                        "confidence": [
                          2005.1712328767123,
                          2005.1712328767123
                        ],
                        "value": 2005.1712328767123
                      }
                    }
                  },
                  {
                    "branch_attrs": {
                      "mutations": {
                        "nuc": [
                          "A607C"
                        ]
                      }
                    },
                    "children": [
                      {
                        "branch_attrs": {
                          "mutations": {
                            "nuc": [
                              "A251C"
                            ]
                          }
                        },
                        "children": [
                          {
                            "branch_attrs": {
                              "mutations": {}
                            },
                            "name": "HKU1/human/USA/HKU1_11/2009",
                            "node_attrs": {
                              "accession": "KF686342",
                              "country": {
                                "value": "usa"
                              },
                              "div": 0.0032444329608813955,
                              "num_date": {
                                "confidence": [
                                  2009.9493150684932,
                                  2009.9493150684932
                                ],
                                "value": 2009.9493150684932
                              }
                            }
                          },
                          {
                            "branch_attrs": {
                              "mutations": {}
                            },
                            "children": [
                              {
                                "branch_attrs": {
                                  "mutations": {}
                                },
                                "name": "HKU1/human/USA/HKU1_13/2010",
                                "node_attrs": {
                                  "accession": "KF686343",
                                  "country": {
                                    "value": "usa"
                                  },
                                  "div": 0.0032444329608813964,
                                  "num_date": {
                                    "confidence": [
                                      2010.0205479452054,
                                      2010.0205479452054
                                    ],
                                    "value": 2010.0205479452054
                                  }
                                }
                              },
                              {
                                "branch_attrs": {
                                  "mutations": {}
                                },
                                "name": "HKU1/human/USA/HKU1_12/2010",
                                "node_attrs": {
                                  "accession": "KF686346",
                                  "country": {
                                    "value": "usa"
                                  },
                                  "div": 0.0032444329608813964,
                                  "num_date": {
                                    "confidence": [
                                      2010.0232876712328,
                                      2010.0232876712328
                                    ],
                                    "value": 2010.0232876712328
                                  }
                                }
                              }
                            ],
                            "name": "NODE_0000046",
                            "node_attrs": {
                              "div": 0.0032444329608813955,
                              "num_date": {
                                "confidence": [
                                  2007.108831594159,
                                  2010.0205479452054
                                ],
                                "value": 2010.0205479452054
                              }
                            }
                          }
                        ],
                        "name": "NODE_0000035",
                        "node_attrs": {
                          "div": 0.0032444329608813946,
                          "num_date": {
                            "confidence": [
                              2006.2116825442245,
                              2009.9493150684932
                            ],
                            "value": 2007.983091736421
                          }
                        }
                      },
                      {
                        "branch_attrs": {
                          "mutations": {}
                        },
                        "children": [
                          {
                            "branch_attrs": {
                              "mutations": {}
                            },
                            "name": "HKU1/human/USA/HKU1_3/2009",
                            "node_attrs": {
                              "accession": "KF686339",
                              "country": {
                                "value": "usa"
                              },
                              "div": 0.0016228877523953888,
                              "num_date": {
                                "confidence": [
                                  2009.831506849315,
                                  2009.831506849315
                                ],
                                "value": 2009.831506849315
                              }
                            }
                          },
                          {
                            "branch_attrs": {
                              "mutations": {}
                            },
                            "children": [
                              {
                                "branch_attrs": {
                                  "mutations": {}
                                },
                                "children": [
                                  {
                                    "branch_attrs": {
                                      "mutations": {}
                                    },
                                    "name": "HKU1/human/USA/HKU1_5/2009",
                                    "node_attrs": {
                                      "accession": "KF686340",
                                      "country": {
                                        "value": "usa"
                                      },
                                      "div": 0.0016228877523953905,
                                      "num_date": {
                                        "confidence": [
                                          2009.9082191780822,
                                          2009.9082191780822
                                        ],
                                        "value": 2009.9082191780822
                                      }
                                    }
                                  },
                                  {
                                    "branch_attrs": {
                                      "mutations": {}
                                    },
                                    "name": "HKU1/human/USA/HKU1_16/2010",
                                    "node_attrs": {
                                      "accession": "KF430200",
                                      "country": {
                                        "value": "usa"
                                      },
                                      "div": 0.0016228877523953905,
                                      "num_date": {
                                        "confidence": [
                                          2010.0205479452054,
                                          2010.0205479452054
                                        ],
                                        "value": 2010.0205479452054
                                      }
                                    }
                                  }
                                ],
                                "name": "NODE_0000048",
                                "node_attrs": {
                                  "div": 0.0016228877523953896,
                                  "num_date": {
                                    "confidence": [
                                      2007.7357017571298,
                                      2009.9082191780822
                                    ],
                                    "value": 2009.9082191780822
                                  }
                                }
                              },
                              {
                                "branch_attrs": {
                                  "mutations": {}
                                },
                                "children": [
                                  {
                                    "branch_attrs": {
                                      "mutations": {}
                                    },
                                    "children": [
                                      {
                                        "branch_attrs": {
                                          "mutations": {}
                                        },
                                        "name": "HKU1/human/USA/HKU1_14/2009",
                                        "node_attrs": {
                                          "accession": "KF430199",
                                          "country": {
                                            "value": "usa"
                                          },
                                          "div": 0.0016228877523953914,
                                          "num_date": {
                                            "confidence": [
                                              2009.990410958904,
                                              2009.990410958904
                                            ],
                                            "value": 2009.990410958904
                                          }
                                        }
                                      },
                                      {
                                        "branch_attrs": {
                                          "mutations": {}
                                        },
                                        "name": "HKU1/human/USA/HKU1_7/2010",
                                        "node_attrs": {
                                          "accession": "KF430202",
                                          "country": {
                                            "value": "usa"
                                          },
                                          "div": 0.0016228877523953914,
                                          "num_date": {
                                            "confidence": [
                                              2010.0068493150684,
                                              2010.0068493150684
                                            ],
                                            "value": 2010.0068493150684
                                          }
                                        }
                                      }
                                    ],
                                    "name": "NODE_0000050",
                                    "node_attrs": {
                                      "div": 0.0016228877523953905,
                                      "num_date": {
                                        "confidence": [
                                          2008.0833084073379,
                                          2009.990410958904
                                        ],
                                        "value": 2009.990410958904
                                      }
                                    }
                                  },
                                  {
                                    "branch_attrs": {
                                      "mutations": {}
                                    },
                                    "children": [
                                      {
                                        "branch_attrs": {
                                          "mutations": {}
                                        },
                                        "children": [
                                          {
                                            "branch_attrs": {
                                              "mutations": {}
                                            },
                                            "name": "HKU1/human/USA/HKU1_18/2010",
                                            "node_attrs": {
                                              "accession": "KF430201",
                                              "country": {
                                                "value": "usa"
                                              },
                                              "div": 0.0016228877523953922,
                                              "num_date": {
                                                "confidence": [
                                                  2010.058904109589,
                                                  2010.058904109589
                                                ],
                                                "value": 2010.058904109589
                                              }
                                            }
                                          },
                                          {
                                            "branch_attrs": {
                                              "mutations": {}
                                            },
                                            "name": "HKU1/human/USA/HKU1_20/2010",
                                            "node_attrs": {
                                              "accession": "KF686345",
                                              "country": {
                                                "value": "usa"
                                              },
                                              "div": 0.0016228877523953922,
                                              "num_date": {
                                                "confidence": [
                                                  2010.0808219178082,
                                                  2010.0808219178082
                                                ],
                                                "value": 2010.0808219178082
                                              }
                                            }
                                          }
                                        ],
                                        "name": "NODE_0000052",
                                        "node_attrs": {
                                          "div": 0.0016228877523953914,
                                          "num_date": {
                                            "confidence": [
                                              2007.1511724453865,
                                              2010.058904109589
                                            ],
                                            "value": 2010.058904109589
                                          }
                                        }
                                      },
                                      {
                                        "branch_attrs": {
                                          "mutations": {}
                                        },
                                        "children": [
                                          {
                                            "branch_attrs": {
                                              "mutations": {}
                                            },
                                            "name": "HKU1/human/USA/HKU1_10/2010",
                                            "node_attrs": {
                                              "accession": "KF686341",
                                              "country": {
                                                "value": "usa"
                                              },
                                              "div": 0.0016228877523953922,
                                              "num_date": {
                                                "confidence": [
                                                  2010.0424657534247,
                                                  2010.0424657534247
                                                ],
                                                "value": 2010.0424657534247
                                              }
                                            }
                                          },
                                          {
                                            "branch_attrs": {
                                              "mutations": {}
                                            },
                                            "children": [
                                              {
                                                "branch_attrs": {
                                                  "mutations": {}
                                                },
                                                "name": "N09_1663B",
                                                "node_attrs": {
                                                  "accession": "KY674941",
                                                  "country": {
                                                    "value": "usa"
                                                  },
                                                  "div": 0.001622887752395393,
                                                  "num_date": {
                                                    "confidence": [
                                                      2016.0013661202186,
                                                      2016.873731255456
                                                    ],
                                                    "value": 2016.0013661202186
                                                  }
                                                }
                                              },
                                              {
                                                "branch_attrs": {
                                                  "mutations": {}
                                                },
                                                "children": [
                                                  {
                                                    "branch_attrs": {
                                                      "mutations": {}
                                                    },
                                                    "name": "N09_1605B",
                                                    "node_attrs": {
                                                      "accession": "KY674943",
                                                      "country": {
                                                        "value": "usa"
                                                      },
                                                      "div": 0.001622887752395394,
                                                      "num_date": {
                                                        "confidence": [
                                                          2016.0013661202186,
                                                          2016.9986338797814
                                                        ],
                                                        "value": 2016.455435720312
                                                      }
                                                    }
                                                  },
                                                  {
                                                    "branch_attrs": {
                                                      "mutations": {}
                                                    },
                                                    "name": "N09_1627B",
                                                    "node_attrs": {
                                                      "accession": "KY674942",
                                                      "country": {
                                                        "value": "usa"
                                                      },
                                                      "div": 0.001622887752395394,
                                                      "num_date": {
                                                        "confidence": [
                                                          2016.0013661202186,
                                                          2016.9986338797814
                                                        ],
                                                        "value": 2016.455435720312
                                                      }
                                                    }
                                                  }
                                                ],
                                                "name": "NODE_0000055",
                                                "node_attrs": {
                                                  "div": 0.001622887752395393,
                                                  "num_date": {
                                                    "confidence": [
                                                      2002.2960931514938,
                                                      2016.746609515867
                                                    ],
                                                    "value": 2016.0222295694678
                                                  }
                                                }
                                              }
                                            ],
                                            "name": "NODE_0000054",
                                            "node_attrs": {
                                              "div": 0.0016228877523953922,
                                              "num_date": {
                                                "confidence": [
                                                  2001.2147998053567,
                                                  2016.6682310298447
                                                ],
                                                "value": 2015.2593913894384
                                              }
                                            }
                                          }
                                        ],
                                        "name": "NODE_0000053",
                                        "node_attrs": {
                                          "div": 0.0016228877523953914,
                                          "num_date": {
                                            "confidence": [
                                              2006.4677686485577,
                                              2010.0424657534247
                                            ],
                                            "value": 2009.82211240465
                                          }
                                        }
                                      }
                                    ],
                                    "name": "NODE_0000051",
                                    "node_attrs": {
                                      "div": 0.0016228877523953905,
                                      "num_date": {
                                        "confidence": [
                                          2006.6696206984739,
                                          2010.0350700631184
                                        ],
                                        "value": 2007.9751633928968
                                      }
                                    }
                                  }
                                ],
                                "name": "NODE_0000049",
                                "node_attrs": {
                                  "div": 0.0016228877523953896,
                                  "num_date": {
                                    "confidence": [
                                      2006.1463488802374,
                                      2009.9830152850361
                                    ],
                                    "value": 2007.9695072615352
                                  }
                                }
                              }
                            ],
                            "name": "NODE_0000047",
                            "node_attrs": {
                              "div": 0.0016228877523953888,
                              "num_date": {
                                "confidence": [
                                  2005.7352977904745,
                                  2009.9008236001046
                                ],
                                "value": 2007.3549821689803
                              }
                            }
                          }
                        ],
                        "name": "NODE_0000044",
                        "node_attrs": {
                          "div": 0.001622887752395388,
                          "num_date": {
                            "confidence": [
                              2004.7112137529684,
                              2009.831506849315
                            ],
                            "value": 2006.7510554926193
                          }
                        }
                      }
                    ],
                    "name": "NODE_0000034",
                    "node_attrs": {
                      "div": 0.001622887752395387,
                      "num_date": {
                        "confidence": [
                          1973.2500278796622,
                          2009.8241111590087
                        ],
                        "value": 2004.8571510025656
                      }
                    }
                  }
                ],
                "name": "NODE_0000043",
                "node_attrs": {
                  "div": 2.3122085490467766e-18,
                  "num_date": {
                    "confidence": [
                      1885.6831177607564,
                      2005.1712328767123
                    ],
                    "value": 2001.3258233167246
                  }
                }
              }
            ],
            "name": "NODE_0000029",
            "node_attrs": {
              "div": 1.5414723660311845e-18,
              "num_date": {
                "confidence": [
                  1532.6643591132959,
                  2005.1638311779882
                ],
                "value": 1996.2772868067566
              }
            }
          }
        ],
        "name": "NODE_0000019",
        "node_attrs": {
          "div": 7.707361830155922e-19,
          "num_date": {
            "confidence": [
              1367.8992635486752,
              2005.1043420775916
            ],
            "value": 1990.8061455211948
          }
        }
      }
    ],
    "name": "NODE_0000000",
    "node_attrs": {
      "div": 0,
      "num_date": {
        "confidence": [
          1367.8983522489984,
          2005.0906531644337
        ],
        "value": 1990.2036493038172
      }
    }
  },
  "version": "v2"
}