{
  "meta": {
    "colorings": [
      {
        "key": "num_date",
        "title": "Sampling date",
        "type": "continuous"
      },
      {
        "key": "gt",
        "title": "Genotype",
        "type": "categorical"
      },
      {
        "key": "country",
        "title": "country",
        "type": "categorical"
      }
    ],
    "display_defaults": {
      "color_by": "country",
      "map_triplicate": true
    },
    "filters": [
      "host"
    ],
    "genome_annotations": {
      "nuc": {
        "end": 330,
        "seqid": "config/hku1_nonstructural4_reference.gb",
        "start": 1,
        "strand": "+",
        "type": "source"
      }
    },
    "maintainers": [
      {
        "name": "Katie Kistler"
      }
    ],
    "panels": [
      "tree"
    ],
    "title": "Genetic diversity of seasonal coronaviruses. Data collected by Vipr",
    "updated": "2020-04-18"
  },
  "tree": {
    "branch_attrs": {
      "mutations": {}
    },
    "children": [
      {
        "branch_attrs": {
          "mutations": {}
        },
        "name": "SC2628",
        "node_attrs": {
          "accession": "KY983584",
          "country": {
            "value": "usa"
          },
          "div": 1.5818991974413705e-18,
          "num_date": {
            "confidence": [
              2015.0013698630137,
              2015.898904109589
            ],
            "value": 2015.0013698630137
          }
        }
      },
      {
        "branch_attrs": {
          "mutations": {}
        },
        "children": [
          {
            "branch_attrs": {
              "mutations": {
                "nuc": [
                  "C184T"
                ]
              }
            },
            "name": "Caen1",
            "node_attrs": {
              "accession": "HM034837",
              "country": {
                "value": "france"
              },
              "div": 0.00305111333416987,
              "num_date": {
                "confidence": [
                  2005.1712328767123,
                  2005.1712328767123
                ],
                "value": 2005.1712328767123
              }
            }
          },
          {
            "branch_attrs": {
              "mutations": {
                "nuc": [
                  "T249C"
                ]
              }
            },
            "name": "HKU1/human/USA/HKU1_4/2005",
            "node_attrs": {
              "accession": "KF430196",
              "country": {
                "value": "usa"
              },
              "div": 0.0030432229265686733,
              "num_date": {
                "confidence": [
                  2005.2972602739726,
                  2005.2972602739726
                ],
                "value": 2005.2972602739726
              }
            }
          },
          {
            "branch_attrs": {
              "mutations": {
                "nuc": [
                  "C63T"
                ]
              }
            },
            "children": [
              {
                "branch_attrs": {
                  "mutations": {}
                },
                "name": "BJ01_p3",
                "node_attrs": {
                  "accession": "KT779555",
                  "country": {
                    "value": "china"
                  },
                  "div": 0.0030511133341698717,
                  "num_date": {
                    "confidence": [
                      2009.3082191780823,
                      2009.3082191780823
                    ],
                    "value": 2009.3082191780823
                  }
                }
              },
              {
                "branch_attrs": {
                  "mutations": {}
                },
                "name": "BJ01_p9",
                "node_attrs": {
                  "accession": "KT779556",
                  "country": {
                    "value": "china"
                  },
                  "div": 0.0030511133341698717,
                  "num_date": {
                    "confidence": [
                      2009.3082191780823,
                      2009.3082191780823
                    ],
                    "value": 2009.3082191780823
                  }
                }
              }
            ],
            "name": "NODE_0000009",
            "node_attrs": {
              "div": 0.00305111333416987,
              "num_date": {
                "confidence": [
                  1985.555231853917,
                  2009.3082191780823
                ],
                "value": 2009.3082191780823
              }
            }
          },
          {
            "branch_attrs": {
              "mutations": {}
            },
            "children": [
              {
                "branch_attrs": {
                  "mutations": {}
                },
                "children": [
                  {
                    "branch_attrs": {
                      "mutations": {}
                    },
                    "name": "HKU1/HTBEC_lab/BRA/HKU1_21/2006",
                    "node_attrs": {
                      "accession": "KF430198",
                      "country": {
                        "value": "brazil"
                      },
                      "div": 6.327596789765482e-18,
                      "num_date": {
                        "confidence": [
                          2006.0013698630137,
                          2006.9986301369863
                        ],
                        "value": 2006.0013698630137
                      }
                    }
                  },
                  {
                    "branch_attrs": {
                      "mutations": {}
                    },
                    "name": "HKU1/HTBEC_lab/BRA/HKU1_23/2006",
                    "node_attrs": {
                      "accession": "KF430203",
                      "country": {
                        "value": "brazil"
                      },
                      "div": 6.327596789765482e-18,
                      "num_date": {
                        "confidence": [
                          2006.0013698630137,
                          2006.9986301369863
                        ],
                        "value": 2006.0013698630137
                      }
                    }
                  }
                ],
                "name": "NODE_0000004",
                "node_attrs": {
                  "div": 4.745697592324112e-18,
                  "num_date": {
                    "confidence": [
                      1965.9624367687034,
                      2006.4760152579954
                    ],
                    "value": 1986.0188164268577
                  }
                }
              },
              {
                "branch_attrs": {
                  "mutations": {}
                },
                "children": [
                  {
                    "branch_attrs": {
                      "mutations": {}
                    },
                    "name": "HKU1",
                    "node_attrs": {
                      "accession": "AY597011",
                      "country": {
                        "value": "usa"
                      },
                      "div": 6.327596789765482e-18,
                      "num_date": {
                        "confidence": [
                          2010.0013698630137,
                          2010.9986301369863
                        ],
                        "value": 2010.8168415448538
                      }
                    }
                  },
                  {
                    "branch_attrs": {
                      "mutations": {}
                    },
                    "name": "HKU1/human/USA/HKU1_15/2009",
                    "node_attrs": {
                      "accession": "KF686344",
                      "country": {
                        "value": "usa"
                      },
                      "div": 6.327596789765482e-18,
                      "num_date": {
                        "confidence": [
                          2009.990410958904,
                          2009.990410958904
                        ],
                        "value": 2009.990410958904
                      }
                    }
                  }
                ],
                "name": "NODE_0000006",
                "node_attrs": {
                  "div": 4.745697592324112e-18,
                  "num_date": {
                    "confidence": [
                      1961.766754103321,
                      2009.990410958904
                    ],
                    "value": 1986.0188164268577
                  }
                }
              }
            ],
            "name": "NODE_0000003",
            "node_attrs": {
              "div": 3.163798394882741e-18,
              "num_date": {
                "confidence": [
                  1966.1383250975678,
                  2005.692092939509
                ],
                "value": 1986.0188164268577
              }
            }
          },
          {
            "branch_attrs": {
              "mutations": {
                "nuc": [
                  "T162A"
                ]
              }
            },
            "children": [
              {
                "branch_attrs": {
                  "mutations": {
                    "nuc": [
                      "T39C"
                    ]
                  }
                },
                "name": "HKU1/human/USA/HKU1_7/2010",
                "node_attrs": {
                  "accession": "KF430202",
                  "country": {
                    "value": "usa"
                  },
                  "div": 0.006094441405302702,
                  "num_date": {
                    "confidence": [
                      2010.0068493150684,
                      2010.0068493150684
                    ],
                    "value": 2010.0068493150684
                  }
                }
              },
              {
                "branch_attrs": {
                  "mutations": {
                    "nuc": [
                      "G147A"
                    ]
                  }
                },
                "children": [
                  {
                    "branch_attrs": {
                      "mutations": {
                        "nuc": [
                          "C186T"
                        ]
                      }
                    },
                    "name": "HKU1/human/USA/HKU1_16/2010",
                    "node_attrs": {
                      "accession": "KF430200",
                      "country": {
                        "value": "usa"
                      },
                      "div": 0.009151167290080114,
                      "num_date": {
                        "confidence": [
                          2010.0205479452054,
                          2010.0205479452054
                        ],
                        "value": 2010.0205479452054
                      }
                    }
                  },
                  {
                    "branch_attrs": {
                      "mutations": {}
                    },
                    "name": "HKU1/human/USA/HKU1_20/2010",
                    "node_attrs": {
                      "accession": "KF686345",
                      "country": {
                        "value": "usa"
                      },
                      "div": 0.006099322161429657,
                      "num_date": {
                        "confidence": [
                          2010.0808219178082,
                          2010.0808219178082
                        ],
                        "value": 2010.0808219178082
                      }
                    }
                  }
                ],
                "name": "NODE_0000015",
                "node_attrs": {
                  "div": 0.006099322161429655,
                  "num_date": {
                    "confidence": [
                      1980.1965666282342,
                      2010.0205479452054
                    ],
                    "value": 1990.8073018180323
                  }
                }
              },
              {
                "branch_attrs": {
                  "mutations": {
                    "nuc": [
                      "C79T"
                    ]
                  }
                },
                "children": [
                  {
                    "branch_attrs": {
                      "mutations": {}
                    },
                    "name": "HKU1/human/USA/HKU1_14/2009",
                    "node_attrs": {
                      "accession": "KF430199",
                      "country": {
                        "value": "usa"
                      },
                      "div": 0.006102337353366386,
                      "num_date": {
                        "confidence": [
                          2009.990410958904,
                          2009.990410958904
                        ],
                        "value": 2009.990410958904
                      }
                    }
                  },
                  {
                    "branch_attrs": {
                      "mutations": {}
                    },
                    "children": [
                      {
                        "branch_attrs": {
                          "mutations": {}
                        },
                        "name": "HKU1/human/USA/HKU1_18/2010",
                        "node_attrs": {
                          "accession": "KF430201",
                          "country": {
                            "value": "usa"
                          },
                          "div": 0.006102337353366388,
                          "num_date": {
                            "confidence": [
                              2010.058904109589,
                              2010.058904109589
                            ],
                            "value": 2010.058904109589
                          }
                        }
                      },
                      {
                        "branch_attrs": {
                          "mutations": {}
                        },
                        "name": "HKU1/human/USA/HKU1_10/2010",
                        "node_attrs": {
                          "accession": "KF686341",
                          "country": {
                            "value": "usa"
                          },
                          "div": 0.006102337353366388,
                          "num_date": {
                            "confidence": [
                              2010.0424657534247,
                              2010.0424657534247
                            ],
                            "value": 2010.0424657534247
                          }
                        }
                      }
                    ],
                    "name": "NODE_0000010",
                    "node_attrs": {
                      "div": 0.006102337353366386,
                      "num_date": {
                        "confidence": [
                          1998.7572635182144,
                          2010.0424657534247
                        ],
                        "value": 2010.0424657534247
                      }
                    }
                  }
                ],
                "name": "NODE_0000019",
                "node_attrs": {
                  "div": 0.006102337353366384,
                  "num_date": {
                    "confidence": [
                      1990.7239307650016,
                      2008.9972380064019
                    ],
                    "value": 2003.306886981384
                  }
                }
              },
              {
                "branch_attrs": {
                  "mutations": {}
                },
                "children": [
                  {
                    "branch_attrs": {
                      "mutations": {}
                    },
                    "children": [
                      {
                        "branch_attrs": {
                          "mutations": {}
                        },
                        "children": [
                          {
                            "branch_attrs": {
                              "mutations": {}
                            },
                            "name": "HKU1/human/USA/HKU1_12/2010",
                            "node_attrs": {
                              "accession": "KF686346",
                              "country": {
                                "value": "usa"
                              },
                              "div": 0.0030502246691698886,
                              "num_date": {
                                "confidence": [
                                  2010.0232876712328,
                                  2010.0232876712328
                                ],
                                "value": 2010.0232876712328
                              }
                            }
                          },
                          {
                            "branch_attrs": {
                              "mutations": {}
                            },
                            "name": "N09_1605B",
                            "node_attrs": {
                              "accession": "KY674943",
                              "country": {
                                "value": "usa"
                              },
                              "div": 0.0030502246691698886,
                              "num_date": {
                                "confidence": [
                                  2016.0013661202186,
                                  2016.898871770777
                                ],
                                "value": 2016.0013661202186
                              }
                            }
                          }
                        ],
                        "name": "NODE_0000013",
                        "node_attrs": {
                          "div": 0.003050224669169887,
                          "num_date": {
                            "confidence": [
                              1963.940247624017,
                              2010.0232876712328
                            ],
                            "value": 1987.0259663962977
                          }
                        }
                      },
                      {
                        "branch_attrs": {
                          "mutations": {}
                        },
                        "children": [
                          {
                            "branch_attrs": {
                              "mutations": {}
                            },
                            "name": "N09_1663B",
                            "node_attrs": {
                              "accession": "KY674941",
                              "country": {
                                "value": "usa"
                              },
                              "div": 0.0030502246691698886,
                              "num_date": {
                                "confidence": [
                                  2016.0013661202186,
                                  2016.8988717704892
                                ],
                                "value": 2016.0013661202186
                              }
                            }
                          },
                          {
                            "branch_attrs": {
                              "mutations": {}
                            },
                            "name": "HKU1/human/USA/HKU1_13/2010",
                            "node_attrs": {
                              "accession": "KF686343",
                              "country": {
                                "value": "usa"
                              },
                              "div": 0.0030502246691698886,
                              "num_date": {
                                "confidence": [
                                  2010.0205479452054,
                                  2010.0205479452054
                                ],
                                "value": 2010.0205479452054
                              }
                            }
                          }
                        ],
                        "name": "NODE_0000016",
                        "node_attrs": {
                          "div": 0.003050224669169887,
                          "num_date": {
                            "confidence": [
                              1963.942996356658,
                              2010.0205479452054
                            ],
                            "value": 1987.0259663962977
                          }
                        }
                      }
                    ],
                    "name": "NODE_0000012",
                    "node_attrs": {
                      "div": 0.003050224669169885,
                      "num_date": {
                        "confidence": [
                          1964.7976288302966,
                          2009.0074240396484
                        ],
                        "value": 1987.0259663962977
                      }
                    }
                  },
                  {
                    "branch_attrs": {
                      "mutations": {}
                    },
                    "children": [
                      {
                        "branch_attrs": {
                          "mutations": {}
                        },
                        "children": [
                          {
                            "branch_attrs": {
                              "mutations": {}
                            },
                            "name": "N09_1627B",
                            "node_attrs": {
                              "accession": "KY674942",
                              "country": {
                                "value": "usa"
                              },
                              "div": 0.0030502246691698886,
                              "num_date": {
                                "confidence": [
                                  2016.0013661202186,
                                  2016.8988706796101
                                ],
                                "value": 2016.0013661202186
                              }
                            }
                          },
                          {
                            "branch_attrs": {
                              "mutations": {}
                            },
                            "name": "HKU1/human/USA/HKU1_11/2009",
                            "node_attrs": {
                              "accession": "KF686342",
                              "country": {
                                "value": "usa"
                              },
                              "div": 0.0030502246691698886,
                              "num_date": {
                                "confidence": [
                                  2009.9493150684932,
                                  2009.9493150684932
                                ],
                                "value": 2009.9493150684932
                              }
                            }
                          }
                        ],
                        "name": "NODE_0000018",
                        "node_attrs": {
                          "div": 0.003050224669169887,
                          "num_date": {
                            "confidence": [
                              1964.0147417744283,
                              2009.9493150684932
                            ],
                            "value": 1987.0296620150727
                          }
                        }
                      },
                      {
                        "branch_attrs": {
                          "mutations": {}
                        },
                        "children": [
                          {
                            "branch_attrs": {
                              "mutations": {}
                            },
                            "name": "HKU1/human/USA/HKU1_5/2009",
                            "node_attrs": {
                              "accession": "KF686340",
                              "country": {
                                "value": "usa"
                              },
                              "div": 0.0030502246691698886,
                              "num_date": {
                                "confidence": [
                                  2009.9082191780822,
                                  2009.9082191780822
                                ],
                                "value": 2009.9082191780822
                              }
                            }
                          },
                          {
                            "branch_attrs": {
                              "mutations": {}
                            },
                            "name": "HKU1/human/USA/HKU1_3/2009",
                            "node_attrs": {
                              "accession": "KF686339",
                              "country": {
                                "value": "usa"
                              },
                              "div": 0.0030502246691698886,
                              "num_date": {
                                "confidence": [
                                  2009.831506849315,
                                  2009.831506849315
                                ],
                                "value": 2009.831506849315
                              }
                            }
                          }
                        ],
                        "name": "NODE_0000020",
                        "node_attrs": {
                          "div": 0.003050224669169887,
                          "num_date": {
                            "confidence": [
                              1964.0312114775918,
                              2009.831506849315
                            ],
                            "value": 1987.0296620150727
                          }
                        }
                      }
                    ],
                    "name": "NODE_0000017",
                    "node_attrs": {
                      "div": 0.003050224669169885,
                      "num_date": {
                        "confidence": [
                          1965.0443885329778,
                          2008.786279162566
                        ],
                        "value": 1987.0296620150727
                      }
                    }
                  }
                ],
                "name": "NODE_0000011",
                "node_attrs": {
                  "div": 0.0030502246691698834,
                  "num_date": {
                    "confidence": [
                      1961.5451261644205,
                      2007.3128182607015
                    ],
                    "value": 1984.3969246078768
                  }
                }
              }
            ],
            "name": "NODE_0000014",
            "node_attrs": {
              "div": 0.0030502246691698816,
              "num_date": {
                "confidence": [
                  1977.3693599038165,
                  2004.454599774058
                ],
                "value": 1984.0919564271373
              }
            }
          }
        ],
        "name": "NODE_0000005",
        "node_attrs": {
          "div": 1.5818991974413705e-18,
          "num_date": {
            "confidence": [
              1965.8215440652286,
              2002.3577852722747
            ],
            "value": 1983.1376612369697
          }
        }
      }
    ],
    "name": "NODE_0000000",
    "node_attrs": {
      "div": 0,
      "num_date": {
        "confidence": [
          1923.4288202879873,
          1998.1705242541427
        ],
        "value": 1982.5512778815662
      }
    }
  },
  "version": "v2"
}