{
  "meta": {
    "colorings": [
      {
        "key": "num_date",
        "title": "Sampling date",
        "type": "continuous"
      },
      {
        "key": "gt",
        "title": "Genotype",
        "type": "categorical"
      },
      {
        "key": "country",
        "title": "country",
        "type": "categorical"
      }
    ],
    "display_defaults": {
      "color_by": "country",
      "map_triplicate": true
    },
    "filters": [
      "host"
    ],
    "genome_annotations": {
      "nuc": {
        "end": 672,
        "seqid": "config/hku1_membrane_reference.gb",
        "start": 1,
        "strand": "+",
        "type": "source"
      }
    },
    "maintainers": [
      {
        "name": "Katie Kistler"
      }
    ],
    "panels": [
      "tree"
    ],
    "title": "Genetic diversity of seasonal coronaviruses. Data collected by Vipr",
    "updated": "2020-04-18"
  },
  "tree": {
    "branch_attrs": {
      "mutations": {}
    },
    "children": [
      {
        "branch_attrs": {
          "mutations": {
            "nuc": [
              "A7G",
              "T12A",
              "T13A",
              "A24T",
              "T26G",
              "T27G",
              "C29A",
              "G43A",
              "C85T",
              "T91C",
              "T93C",
              "T106C",
              "C114T",
              "C150T",
              "T186C",
              "C189T",
              "C191T",
              "T210C",
              "G229A",
              "T231C",
              "C239G",
              "A240G",
              "T241C",
              "G250C",
              "C283T",
              "T285A",
              "T294C",
              "T297C",
              "T315C",
              "T342C",
              "C351T",
              "C381T",
              "T389A",
              "C417T",
              "T426G",
              "C465T",
              "T483C",
              "T486G",
              "T490G",
              "A492C",
              "C501T",
              "A504T",
              "A531C",
              "T534C",
              "C540T",
              "T582C",
              "A663G"
            ]
          }
        },
        "children": [
          {
            "branch_attrs": {
              "mutations": {
                "nuc": [
                  "T30C"
                ]
              }
            },
            "name": "HKU1/human/USA/HKU1_1/2005",
            "node_attrs": {
              "accession": "KF686338",
              "country": {
                "value": "usa"
              },
              "div": 0.02917447408201939,
              "num_date": {
                "confidence": [
                  2005.1328767123289,
                  2005.1328767123289
                ],
                "value": 2005.1328767123289
              }
            }
          },
          {
            "branch_attrs": {
              "mutations": {
                "nuc": [
                  "T438C"
                ]
              }
            },
            "children": [
              {
                "branch_attrs": {
                  "mutations": {
                    "nuc": [
                      "T158G",
                      "C315T",
                      "C492T"
                    ]
                  }
                },
                "name": "SC2521",
                "node_attrs": {
                  "accession": "MK167038",
                  "country": {
                    "value": "usa"
                  },
                  "div": 0.03068994359253426,
                  "num_date": {
                    "confidence": [
                      2017.107088565354,
                      2017.9986301369863
                    ],
                    "value": 2017.9986301369863
                  }
                }
              },
              {
                "branch_attrs": {
                  "mutations": {}
                },
                "children": [
                  {
                    "branch_attrs": {
                      "mutations": {
                        "nuc": [
                          "C126T",
                          "C582T"
                        ]
                      }
                    },
                    "name": "SI17244",
                    "node_attrs": {
                      "accession": "MH940245",
                      "country": {
                        "value": "thailand"
                      },
                      "div": 0.029180715131591352,
                      "num_date": {
                        "confidence": [
                          2017.4232876712329,
                          2017.4232876712329
                        ],
                        "value": 2017.4232876712329
                      }
                    }
                  },
                  {
                    "branch_attrs": {
                      "mutations": {
                        "nuc": [
                          "G108A"
                        ]
                      }
                    },
                    "name": "N08_87",
                    "node_attrs": {
                      "accession": "KY674921",
                      "country": {
                        "value": "usa"
                      },
                      "div": 0.02767616592821983,
                      "num_date": {
                        "confidence": [
                          2016.0013661202186,
                          2016.9986338797814
                        ],
                        "value": 2016.2694713233573
                      }
                    }
                  }
                ],
                "name": "NODE_0000005",
                "node_attrs": {
                  "div": 0.026180836539803205,
                  "num_date": {
                    "confidence": [
                      1996.0792753423568,
                      2016.9838228670574
                    ],
                    "value": 2014.6473693572536
                  }
                }
              }
            ],
            "name": "NODE_0000001",
            "node_attrs": {
              "div": 0.026180836539803205,
              "num_date": {
                "confidence": [
                  1994.5709074832985,
                  2016.9551323061974
                ],
                "value": 2011.77437022778
              }
            }
          }
        ],
        "name": "NODE_0000000",
        "node_attrs": {
          "div": 0.026180836539803205,
          "num_date": {
            "confidence": [
              1972.188404881018,
              2005.1328767123289
            ],
            "value": 2004.337880179284
          }
        }
      },
      {
        "branch_attrs": {
          "mutations": {}
        },
        "children": [
          {
            "branch_attrs": {
              "mutations": {
                "nuc": [
                  "T18C",
                  "T285C",
                  "T444C",
                  "C474T"
                ]
              }
            },
            "name": "HKU1/human/USA/HKU1_4/2005",
            "node_attrs": {
              "accession": "KF430196",
              "country": {
                "value": "usa"
              },
              "div": 0.05353256927954283,
              "num_date": {
                "confidence": [
                  2005.2972602739726,
                  2005.2972602739726
                ],
                "value": 2005.2972602739726
              }
            }
          },
          {
            "branch_attrs": {
              "mutations": {
                "nuc": [
                  "T230C",
                  "T627G",
                  "T637C"
                ]
              }
            },
            "children": [
              {
                "branch_attrs": {
                  "mutations": {}
                },
                "children": [
                  {
                    "branch_attrs": {
                      "mutations": {
                        "nuc": [
                          "T165C"
                        ]
                      }
                    },
                    "name": "Caen1",
                    "node_attrs": {
                      "accession": "HM034837",
                      "country": {
                        "value": "france"
                      },
                      "div": 0.05654429289253984,
                      "num_date": {
                        "confidence": [
                          2005.1712328767123,
                          2005.1712328767123
                        ],
                        "value": 2005.1712328767123
                      }
                    }
                  },
                  {
                    "branch_attrs": {
                      "mutations": {
                        "nuc": [
                          "T16C"
                        ]
                      }
                    },
                    "name": "HKU1",
                    "node_attrs": {
                      "accession": "AY597011",
                      "country": {
                        "value": "usa"
                      },
                      "div": 0.05654429289253984,
                      "num_date": {
                        "confidence": [
                          2010.0013698630137,
                          2010.894890711425
                        ],
                        "value": 2010.0013698630137
                      }
                    }
                  }
                ],
                "name": "NODE_0000010",
                "node_attrs": {
                  "div": 0.05504790497502991,
                  "num_date": {
                    "confidence": [
                      1963.3752031715965,
                      2005.1712328767123
                    ],
                    "value": 2002.9045817345375
                  }
                }
              },
              {
                "branch_attrs": {
                  "mutations": {
                    "nuc": [
                      "C145T"
                    ]
                  }
                },
                "children": [
                  {
                    "branch_attrs": {
                      "mutations": {
                        "nuc": [
                          "C540A"
                        ]
                      }
                    },
                    "children": [
                      {
                        "branch_attrs": {
                          "mutations": {
                            "nuc": [
                              "C19T"
                            ]
                          }
                        },
                        "name": "HKU1/human/USA/HKU1_15/2009",
                        "node_attrs": {
                          "accession": "KF686344",
                          "country": {
                            "value": "usa"
                          },
                          "div": 0.05955842424420796,
                          "num_date": {
                            "confidence": [
                              2009.990410958904,
                              2009.990410958904
                            ],
                            "value": 2009.990410958904
                          }
                        }
                      },
                      {
                        "branch_attrs": {
                          "mutations": {
                            "nuc": [
                              "T18C"
                            ]
                          }
                        },
                        "children": [
                          {
                            "branch_attrs": {
                              "mutations": {
                                "nuc": [
                                  "T534G"
                                ]
                              }
                            },
                            "name": "SC2628",
                            "node_attrs": {
                              "accession": "KY983584",
                              "country": {
                                "value": "usa"
                              },
                              "div": 0.061058483437687425,
                              "num_date": {
                                "confidence": [
                                  2015.0013698630137,
                                  2015.8911320469674
                                ],
                                "value": 2015.0013698630137
                              }
                            }
                          },
                          {
                            "branch_attrs": {
                              "mutations": {}
                            },
                            "children": [
                              {
                                "branch_attrs": {
                                  "mutations": {}
                                },
                                "name": "BJ01_p3",
                                "node_attrs": {
                                  "accession": "KT779555",
                                  "country": {
                                    "value": "china"
                                  },
                                  "div": 0.05955527910489131,
                                  "num_date": {
                                    "confidence": [
                                      2009.3082191780823,
                                      2009.3082191780823
                                    ],
                                    "value": 2009.3082191780823
                                  }
                                }
                              },
                              {
                                "branch_attrs": {
                                  "mutations": {}
                                },
                                "name": "BJ01_p9",
                                "node_attrs": {
                                  "accession": "KT779556",
                                  "country": {
                                    "value": "china"
                                  },
                                  "div": 0.05955527910489131,
                                  "num_date": {
                                    "confidence": [
                                      2009.3082191780823,
                                      2009.3082191780823
                                    ],
                                    "value": 2009.3082191780823
                                  }
                                }
                              }
                            ],
                            "name": "NODE_0000015",
                            "node_attrs": {
                              "div": 0.05955527910489131,
                              "num_date": {
                                "confidence": [
                                  2006.4161120271883,
                                  2009.3082191780823
                                ],
                                "value": 2007.9772227539324
                              }
                            }
                          }
                        ],
                        "name": "NODE_0000009",
                        "node_attrs": {
                          "div": 0.05955527910489131,
                          "num_date": {
                            "confidence": [
                              1993.5044548633773,
                              2009.2786433727406
                            ],
                            "value": 2007.526276906242
                          }
                        }
                      }
                    ],
                    "name": "NODE_0000008",
                    "node_attrs": {
                      "div": 0.05805166714279408,
                      "num_date": {
                        "confidence": [
                          1983.5918963975785,
                          2009.2499371643364
                        ],
                        "value": 2004.4100253132203
                      }
                    }
                  },
                  {
                    "branch_attrs": {
                      "mutations": {
                        "nuc": [
                          "T210C"
                        ]
                      }
                    },
                    "children": [
                      {
                        "branch_attrs": {
                          "mutations": {
                            "nuc": [
                              "T99A"
                            ]
                          }
                        },
                        "children": [
                          {
                            "branch_attrs": {
                              "mutations": {}
                            },
                            "name": "HKU1/human/USA/HKU1_16/2010",
                            "node_attrs": {
                              "accession": "KF430200",
                              "country": {
                                "value": "usa"
                              },
                              "div": 0.05954728364213627,
                              "num_date": {
                                "confidence": [
                                  2010.0205479452054,
                                  2010.0205479452054
                                ],
                                "value": 2010.0205479452054
                              }
                            }
                          },
                          {
                            "branch_attrs": {
                              "mutations": {}
                            },
                            "name": "HKU1/human/USA/HKU1_20/2010",
                            "node_attrs": {
                              "accession": "KF686345",
                              "country": {
                                "value": "usa"
                              },
                              "div": 0.05954728364213627,
                              "num_date": {
                                "confidence": [
                                  2010.0808219178082,
                                  2010.0808219178082
                                ],
                                "value": 2010.0808219178082
                              }
                            }
                          }
                        ],
                        "name": "NODE_0000012",
                        "node_attrs": {
                          "div": 0.05954728364213627,
                          "num_date": {
                            "confidence": [
                              2005.9968747555713,
                              2010.0205479452054
                            ],
                            "value": 2008.245886046339
                          }
                        }
                      },
                      {
                        "branch_attrs": {
                          "mutations": {
                            "nuc": [
                              "T220C"
                            ]
                          }
                        },
                        "children": [
                          {
                            "branch_attrs": {
                              "mutations": {
                                "nuc": [
                                  "C19T"
                                ]
                              }
                            },
                            "name": "HKU1/human/USA/HKU1_10/2010",
                            "node_attrs": {
                              "accession": "KF686341",
                              "country": {
                                "value": "usa"
                              },
                              "div": 0.0610396870910172,
                              "num_date": {
                                "confidence": [
                                  2010.0424657534247,
                                  2010.0424657534247
                                ],
                                "value": 2010.0424657534247
                              }
                            }
                          },
                          {
                            "branch_attrs": {
                              "mutations": {
                                "nuc": [
                                  "T18C"
                                ]
                              }
                            },
                            "children": [
                              {
                                "branch_attrs": {
                                  "mutations": {}
                                },
                                "name": "HKU1/human/USA/HKU1_11/2009",
                                "node_attrs": {
                                  "accession": "KF686342",
                                  "country": {
                                    "value": "usa"
                                  },
                                  "div": 0.061036584799916256,
                                  "num_date": {
                                    "confidence": [
                                      2009.9493150684932,
                                      2009.9493150684932
                                    ],
                                    "value": 2009.9493150684932
                                  }
                                }
                              },
                              {
                                "branch_attrs": {
                                  "mutations": {}
                                },
                                "children": [
                                  {
                                    "branch_attrs": {
                                      "mutations": {}
                                    },
                                    "name": "HKU1/human/USA/HKU1_13/2010",
                                    "node_attrs": {
                                      "accession": "KF686343",
                                      "country": {
                                        "value": "usa"
                                      },
                                      "div": 0.061036584799916256,
                                      "num_date": {
                                        "confidence": [
                                          2010.0205479452054,
                                          2010.0205479452054
                                        ],
                                        "value": 2010.0205479452054
                                      }
                                    }
                                  },
                                  {
                                    "branch_attrs": {
                                      "mutations": {}
                                    },
                                    "name": "HKU1/human/USA/HKU1_12/2010",
                                    "node_attrs": {
                                      "accession": "KF686346",
                                      "country": {
                                        "value": "usa"
                                      },
                                      "div": 0.061036584799916256,
                                      "num_date": {
                                        "confidence": [
                                          2010.0232876712328,
                                          2010.0232876712328
                                        ],
                                        "value": 2010.0232876712328
                                      }
                                    }
                                  }
                                ],
                                "name": "NODE_0000018",
                                "node_attrs": {
                                  "div": 0.061036584799916256,
                                  "num_date": {
                                    "confidence": [
                                      2006.4468256415864,
                                      2010.0205479452054
                                    ],
                                    "value": 2008.2486257723663
                                  }
                                }
                              }
                            ],
                            "name": "NODE_0000014",
                            "node_attrs": {
                              "div": 0.061036584799916256,
                              "num_date": {
                                "confidence": [
                                  2005.7877892413323,
                                  2009.9493150684932
                                ],
                                "value": 2008.1746531696267
                              }
                            }
                          },
                          {
                            "branch_attrs": {
                              "mutations": {}
                            },
                            "children": [
                              {
                                "branch_attrs": {
                                  "mutations": {}
                                },
                                "children": [
                                  {
                                    "branch_attrs": {
                                      "mutations": {}
                                    },
                                    "name": "N09_1663B",
                                    "node_attrs": {
                                      "accession": "KY674941",
                                      "country": {
                                        "value": "usa"
                                      },
                                      "div": 0.059543299089786506,
                                      "num_date": {
                                        "confidence": [
                                          2016.0013661202186,
                                          2016.8816746032228
                                        ],
                                        "value": 2016.0013661202186
                                      }
                                    }
                                  },
                                  {
                                    "branch_attrs": {
                                      "mutations": {}
                                    },
                                    "children": [
                                      {
                                        "branch_attrs": {
                                          "mutations": {}
                                        },
                                        "name": "N09_1605B",
                                        "node_attrs": {
                                          "accession": "KY674943",
                                          "country": {
                                            "value": "usa"
                                          },
                                          "div": 0.059543299089786506,
                                          "num_date": {
                                            "confidence": [
                                              2016.0013661202186,
                                              2016.8809412013618
                                            ],
                                            "value": 2016.0013661202186
                                          }
                                        }
                                      },
                                      {
                                        "branch_attrs": {
                                          "mutations": {}
                                        },
                                        "name": "HKU1/human/USA/HKU1_18/2010",
                                        "node_attrs": {
                                          "accession": "KF430201",
                                          "country": {
                                            "value": "usa"
                                          },
                                          "div": 0.059543299089786506,
                                          "num_date": {
                                            "confidence": [
                                              2010.058904109589,
                                              2010.058904109589
                                            ],
                                            "value": 2010.058904109589
                                          }
                                        }
                                      }
                                    ],
                                    "name": "NODE_0000021",
                                    "node_attrs": {
                                      "div": 0.059543299089786506,
                                      "num_date": {
                                        "confidence": [
                                          2007.9605079533137,
                                          2010.058904109589
                                        ],
                                        "value": 2010.058904109589
                                      }
                                    }
                                  }
                                ],
                                "name": "NODE_0000020",
                                "node_attrs": {
                                  "div": 0.059543299089786506,
                                  "num_date": {
                                    "confidence": [
                                      1992.4397640970442,
                                      2010.030243025842
                                    ],
                                    "value": 2009.096871147869
                                  }
                                }
                              },
                              {
                                "branch_attrs": {
                                  "mutations": {}
                                },
                                "children": [
                                  {
                                    "branch_attrs": {
                                      "mutations": {}
                                    },
                                    "children": [
                                      {
                                        "branch_attrs": {
                                          "mutations": {}
                                        },
                                        "name": "HKU1/human/USA/HKU1_7/2010",
                                        "node_attrs": {
                                          "accession": "KF430202",
                                          "country": {
                                            "value": "usa"
                                          },
                                          "div": 0.059543299089786506,
                                          "num_date": {
                                            "confidence": [
                                              2010.0068493150684,
                                              2010.0068493150684
                                            ],
                                            "value": 2010.0068493150684
                                          }
                                        }
                                      },
                                      {
                                        "branch_attrs": {
                                          "mutations": {}
                                        },
                                        "name": "HKU1/human/USA/HKU1_5/2009",
                                        "node_attrs": {
                                          "accession": "KF686340",
                                          "country": {
                                            "value": "usa"
                                          },
                                          "div": 0.059543299089786506,
                                          "num_date": {
                                            "confidence": [
                                              2009.9082191780822,
                                              2009.9082191780822
                                            ],
                                            "value": 2009.9082191780822
                                          }
                                        }
                                      }
                                    ],
                                    "name": "NODE_0000023",
                                    "node_attrs": {
                                      "div": 0.059543299089786506,
                                      "num_date": {
                                        "confidence": [
                                          2006.4427712265756,
                                          2009.9082191780822
                                        ],
                                        "value": 2008.232187416202
                                      }
                                    }
                                  },
                                  {
                                    "branch_attrs": {
                                      "mutations": {}
                                    },
                                    "children": [
                                      {
                                        "branch_attrs": {
                                          "mutations": {}
                                        },
                                        "name": "HKU1/human/USA/HKU1_3/2009",
                                        "node_attrs": {
                                          "accession": "KF686339",
                                          "country": {
                                            "value": "usa"
                                          },
                                          "div": 0.059543299089786506,
                                          "num_date": {
                                            "confidence": [
                                              2009.831506849315,
                                              2009.831506849315
                                            ],
                                            "value": 2009.831506849315
                                          }
                                        }
                                      },
                                      {
                                        "branch_attrs": {
                                          "mutations": {}
                                        },
                                        "name": "N09_1627B",
                                        "node_attrs": {
                                          "accession": "KY674942",
                                          "country": {
                                            "value": "usa"
                                          },
                                          "div": 0.059543299089786506,
                                          "num_date": {
                                            "confidence": [
                                              2016.0013661202186,
                                              2016.8886183022425
                                            ],
                                            "value": 2016.0013661202186
                                          }
                                        }
                                      }
                                    ],
                                    "name": "NODE_0000024",
                                    "node_attrs": {
                                      "div": 0.059543299089786506,
                                      "num_date": {
                                        "confidence": [
                                          2007.5665710105977,
                                          2009.831506849315
                                        ],
                                        "value": 2009.831506849315
                                      }
                                    }
                                  }
                                ],
                                "name": "NODE_0000022",
                                "node_attrs": {
                                  "div": 0.059543299089786506,
                                  "num_date": {
                                    "confidence": [
                                      1992.7691104159087,
                                      2009.8028459929653
                                    ],
                                    "value": 2007.6801826058074
                                  }
                                }
                              }
                            ],
                            "name": "NODE_0000019",
                            "node_attrs": {
                              "div": 0.059543299089786506,
                              "num_date": {
                                "confidence": [
                                  1992.6218500782084,
                                  2009.7611594626544
                                ],
                                "value": 2006.570484797902
                              }
                            }
                          }
                        ],
                        "name": "NODE_0000013",
                        "node_attrs": {
                          "div": 0.059543299089786506,
                          "num_date": {
                            "confidence": [
                              1995.9692126818632,
                              2009.719472776137
                            ],
                            "value": 2004.6454386794323
                          }
                        }
                      }
                    ],
                    "name": "NODE_0000011",
                    "node_attrs": {
                      "div": 0.05804691117227658,
                      "num_date": {
                        "confidence": [
                          1988.699915093274,
                          2009.6898530369092
                        ],
                        "value": 2002.4376671621687
                      }
                    }
                  }
                ],
                "name": "NODE_0000007",
                "node_attrs": {
                  "div": 0.05654740797782431,
                  "num_date": {
                    "confidence": [
                      1974.1446577295303,
                      2009.220317572853
                    ],
                    "value": 1999.1324755732844
                  }
                }
              }
            ],
            "name": "NODE_0000004",
            "node_attrs": {
              "div": 0.05504790497502991,
              "num_date": {
                "confidence": [
                  1964.6862806486884,
                  2005.142548169701
                ],
                "value": 1994.8764932964448
              }
            }
          }
        ],
        "name": "NODE_0000003",
        "node_attrs": {
          "div": 0.04902417475558284,
          "num_date": {
            "confidence": [
              1851.3283713817575,
              2005.100749963082
            ],
            "value": 1982.3758329034608
          }
        }
      }
    ],
    "name": "NODE_0000002",
    "node_attrs": {
      "div": 0,
      "num_date": {
        "confidence": [
          992.5897796181819,
          2005.0703827198263
        ],
        "value": 1875.5903898774388
      }
    }
  },
  "version": "v2"
}