{
  "meta": {
    "colorings": [
      {
        "key": "num_date",
        "title": "Sampling date",
        "type": "continuous"
      },
      {
        "key": "gt",
        "title": "Genotype",
        "type": "categorical"
      },
      {
        "key": "country",
        "title": "country",
        "type": "categorical"
      }
    ],
    "display_defaults": {
      "color_by": "country",
      "map_triplicate": true
    },
    "filters": [
      "host"
    ],
    "genome_annotations": {
      "nuc": {
        "end": 249,
        "seqid": "config/hku1_envelope_reference.gb",
        "start": 1,
        "strand": "+",
        "type": "source"
      }
    },
    "maintainers": [
      {
        "name": "Katie Kistler"
      }
    ],
    "panels": [
      "tree"
    ],
    "title": "Genetic diversity of seasonal coronaviruses. Data collected by Vipr",
    "updated": "2020-04-18"
  },
  "tree": {
    "branch_attrs": {
      "mutations": {}
    },
    "children": [
      {
        "branch_attrs": {
          "mutations": {
            "nuc": [
              "T10G",
              "A20C",
              "A37G",
              "A42T",
              "A51C",
              "G52T",
              "T65C",
              "T72C",
              "T78C",
              "T97C",
              "G114A",
              "G123T",
              "T145A",
              "G165T",
              "T168C",
              "A180T",
              "T188G",
              "G189A",
              "A216T",
              "T219C",
              "A225T",
              "T238G"
            ]
          }
        },
        "children": [
          {
            "branch_attrs": {
              "mutations": {
                "nuc": [
                  "T96A"
                ]
              }
            },
            "name": "SI17244",
            "node_attrs": {
              "accession": "MH940245",
              "country": {
                "value": "thailand"
              },
              "div": 0.07319493299112136,
              "num_date": {
                "confidence": [
                  2017.4232876712329,
                  2017.4232876712329
                ],
                "value": 2017.4232876712329
              }
            }
          },
          {
            "branch_attrs": {
              "mutations": {}
            },
            "children": [
              {
                "branch_attrs": {
                  "mutations": {}
                },
                "name": "HKU1/human/USA/HKU1_1/2005",
                "node_attrs": {
                  "accession": "KF686338",
                  "country": {
                    "value": "usa"
                  },
                  "div": 0.06908316913346245,
                  "num_date": {
                    "confidence": [
                      2005.1328767123289,
                      2005.1328767123289
                    ],
                    "value": 2005.1328767123289
                  }
                }
              },
              {
                "branch_attrs": {
                  "mutations": {}
                },
                "children": [
                  {
                    "branch_attrs": {
                      "mutations": {}
                    },
                    "name": "SC2521",
                    "node_attrs": {
                      "accession": "MK167038",
                      "country": {
                        "value": "usa"
                      },
                      "div": 0.06908316913346245,
                      "num_date": {
                        "confidence": [
                          2017.0013698630137,
                          2017.9986301369863
                        ],
                        "value": 2017.0888404412165
                      }
                    }
                  },
                  {
                    "branch_attrs": {
                      "mutations": {}
                    },
                    "name": "N08_87",
                    "node_attrs": {
                      "accession": "KY674921",
                      "country": {
                        "value": "usa"
                      },
                      "div": 0.06908316913346245,
                      "num_date": {
                        "confidence": [
                          2016.0013661202186,
                          2016.9986338797814
                        ],
                        "value": 2016.9986338797814
                      }
                    }
                  }
                ],
                "name": "NODE_0000006",
                "node_attrs": {
                  "div": 0.06908316913346245,
                  "num_date": {
                    "confidence": [
                      1994.8004468460774,
                      2016.9605882594076
                    ],
                    "value": 2013.5618037483919
                  }
                }
              }
            ],
            "name": "NODE_0000007",
            "node_attrs": {
              "div": 0.06908316913346245,
              "num_date": {
                "confidence": [
                  1996.9499055855208,
                  2005.1328767123289
                ],
                "value": 2005.1328767123289
              }
            }
          }
        ],
        "name": "NODE_0000002",
        "node_attrs": {
          "div": 0.06908316913346245,
          "num_date": {
            "confidence": [
              1931.3028354492817,
              2005.0567874661165
            ],
            "value": 1999.9574633732811
          }
        }
      },
      {
        "branch_attrs": {
          "mutations": {
            "nuc": [
              "T36C",
              "G70C",
              "T77C",
              "A127C",
              "T147C",
              "T171C",
              "T226C",
              "T228C",
              "T233C",
              "T246C"
            ]
          }
        },
        "children": [
          {
            "branch_attrs": {
              "mutations": {}
            },
            "name": "HKU1/human/USA/HKU1_10/2010",
            "node_attrs": {
              "accession": "KF686341",
              "country": {
                "value": "usa"
              },
              "div": 0.06912718583823471,
              "num_date": {
                "confidence": [
                  2010.0424657534247,
                  2010.0424657534247
                ],
                "value": 2010.0424657534247
              }
            }
          },
          {
            "branch_attrs": {
              "mutations": {
                "nuc": [
                  "T84C"
                ]
              }
            },
            "children": [
              {
                "branch_attrs": {
                  "mutations": {
                    "nuc": [
                      "T141C"
                    ]
                  }
                },
                "name": "HKU1/human/USA/HKU1_4/2005",
                "node_attrs": {
                  "accession": "KF430196",
                  "country": {
                    "value": "usa"
                  },
                  "div": 0.07722301037448087,
                  "num_date": {
                    "confidence": [
                      2005.2972602739726,
                      2005.2972602739726
                    ],
                    "value": 2005.2972602739726
                  }
                }
              },
              {
                "branch_attrs": {
                  "mutations": {
                    "nuc": [
                      "T241C"
                    ]
                  }
                },
                "children": [
                  {
                    "branch_attrs": {
                      "mutations": {}
                    },
                    "name": "HKU1/human/USA/HKU1_5/2009",
                    "node_attrs": {
                      "accession": "KF686340",
                      "country": {
                        "value": "usa"
                      },
                      "div": 0.07722301037448087,
                      "num_date": {
                        "confidence": [
                          2009.9082191780822,
                          2009.9082191780822
                        ],
                        "value": 2009.9082191780822
                      }
                    }
                  },
                  {
                    "branch_attrs": {
                      "mutations": {}
                    },
                    "name": "HKU1/human/USA/HKU1_3/2009",
                    "node_attrs": {
                      "accession": "KF686339",
                      "country": {
                        "value": "usa"
                      },
                      "div": 0.07722301037448087,
                      "num_date": {
                        "confidence": [
                          2009.831506849315,
                          2009.831506849315
                        ],
                        "value": 2009.831506849315
                      }
                    }
                  }
                ],
                "name": "NODE_0000005",
                "node_attrs": {
                  "div": 0.07722301037448087,
                  "num_date": {
                    "confidence": [
                      2005.2219556479538,
                      2009.831506849315
                    ],
                    "value": 2009.831506849315
                  }
                }
              },
              {
                "branch_attrs": {
                  "mutations": {
                    "nuc": [
                      "T90A"
                    ]
                  }
                },
                "children": [
                  {
                    "branch_attrs": {
                      "mutations": {}
                    },
                    "name": "N09_1627B",
                    "node_attrs": {
                      "accession": "KY674942",
                      "country": {
                        "value": "usa"
                      },
                      "div": 0.07723878503877804,
                      "num_date": {
                        "confidence": [
                          2016.0013661202186,
                          2016.9986338797814
                        ],
                        "value": 2016.6035303367
                      }
                    }
                  },
                  {
                    "branch_attrs": {
                      "mutations": {}
                    },
                    "children": [
                      {
                        "branch_attrs": {
                          "mutations": {}
                        },
                        "name": "N09_1663B",
                        "node_attrs": {
                          "accession": "KY674941",
                          "country": {
                            "value": "usa"
                          },
                          "div": 0.07723878503877804,
                          "num_date": {
                            "confidence": [
                              2016.0013661202186,
                              2016.9986338797814
                            ],
                            "value": 2016.9986338797814
                          }
                        }
                      },
                      {
                        "branch_attrs": {
                          "mutations": {}
                        },
                        "name": "N09_1605B",
                        "node_attrs": {
                          "accession": "KY674943",
                          "country": {
                            "value": "usa"
                          },
                          "div": 0.07723878503877804,
                          "num_date": {
                            "confidence": [
                              2016.0013661202186,
                              2016.9986338797814
                            ],
                            "value": 2016.9986338797814
                          }
                        }
                      }
                    ],
                    "name": "NODE_0000023",
                    "node_attrs": {
                      "div": 0.07723878503877804,
                      "num_date": {
                        "confidence": [
                          2001.8530567310777,
                          2016.5117415931584
                        ],
                        "value": 2015.5465593688423
                      }
                    }
                  }
                ],
                "name": "NODE_0000009",
                "node_attrs": {
                  "div": 0.07723878503877804,
                  "num_date": {
                    "confidence": [
                      1999.6535482969236,
                      2016.88683345024
                    ],
                    "value": 2012.8779393858524
                  }
                }
              },
              {
                "branch_attrs": {
                  "mutations": {}
                },
                "children": [
                  {
                    "branch_attrs": {
                      "mutations": {}
                    },
                    "children": [
                      {
                        "branch_attrs": {
                          "mutations": {}
                        },
                        "name": "Caen1",
                        "node_attrs": {
                          "accession": "HM034837",
                          "country": {
                            "value": "france"
                          },
                          "div": 0.07318485403344104,
                          "num_date": {
                            "confidence": [
                              2005.1712328767123,
                              2005.1712328767123
                            ],
                            "value": 2005.1712328767123
                          }
                        }
                      },
                      {
                        "branch_attrs": {
                          "mutations": {}
                        },
                        "children": [
                          {
                            "branch_attrs": {
                              "mutations": {}
                            },
                            "name": "HKU1/human/USA/HKU1_7/2010",
                            "node_attrs": {
                              "accession": "KF430202",
                              "country": {
                                "value": "usa"
                              },
                              "div": 0.07318485403344104,
                              "num_date": {
                                "confidence": [
                                  2010.0068493150684,
                                  2010.0068493150684
                                ],
                                "value": 2010.0068493150684
                              }
                            }
                          },
                          {
                            "branch_attrs": {
                              "mutations": {}
                            },
                            "name": "HKU1/human/USA/HKU1_13/2010",
                            "node_attrs": {
                              "accession": "KF686343",
                              "country": {
                                "value": "usa"
                              },
                              "div": 0.07318485403344104,
                              "num_date": {
                                "confidence": [
                                  2010.0205479452054,
                                  2010.0205479452054
                                ],
                                "value": 2010.0205479452054
                              }
                            }
                          }
                        ],
                        "name": "NODE_0000013",
                        "node_attrs": {
                          "div": 0.07318485403344104,
                          "num_date": {
                            "confidence": [
                              2005.4803171801059,
                              2010.0068493150684
                            ],
                            "value": 2010.0068493150684
                          }
                        }
                      }
                    ],
                    "name": "NODE_0000012",
                    "node_attrs": {
                      "div": 0.07318485403344104,
                      "num_date": {
                        "confidence": [
                          2001.237843143733,
                          2005.1712328767123
                        ],
                        "value": 2005.1712328767123
                      }
                    }
                  },
                  {
                    "branch_attrs": {
                      "mutations": {}
                    },
                    "children": [
                      {
                        "branch_attrs": {
                          "mutations": {}
                        },
                        "children": [
                          {
                            "branch_attrs": {
                              "mutations": {}
                            },
                            "children": [
                              {
                                "branch_attrs": {
                                  "mutations": {}
                                },
                                "name": "HKU1/human/USA/HKU1_15/2009",
                                "node_attrs": {
                                  "accession": "KF686344",
                                  "country": {
                                    "value": "usa"
                                  },
                                  "div": 0.07318485403344104,
                                  "num_date": {
                                    "confidence": [
                                      2009.990410958904,
                                      2009.990410958904
                                    ],
                                    "value": 2009.990410958904
                                  }
                                }
                              },
                              {
                                "branch_attrs": {
                                  "mutations": {}
                                },
                                "name": "HKU1/human/USA/HKU1_12/2010",
                                "node_attrs": {
                                  "accession": "KF686346",
                                  "country": {
                                    "value": "usa"
                                  },
                                  "div": 0.07318485403344104,
                                  "num_date": {
                                    "confidence": [
                                      2010.0232876712328,
                                      2010.0232876712328
                                    ],
                                    "value": 2010.0232876712328
                                  }
                                }
                              }
                            ],
                            "name": "NODE_0000016",
                            "node_attrs": {
                              "div": 0.07318485403344104,
                              "num_date": {
                                "confidence": [
                                  2005.9102049331245,
                                  2009.990410958904
                                ],
                                "value": 2009.990410958904
                              }
                            }
                          },
                          {
                            "branch_attrs": {
                              "mutations": {}
                            },
                            "children": [
                              {
                                "branch_attrs": {
                                  "mutations": {}
                                },
                                "name": "HKU1/human/USA/HKU1_11/2009",
                                "node_attrs": {
                                  "accession": "KF686342",
                                  "country": {
                                    "value": "usa"
                                  },
                                  "div": 0.07318485403344104,
                                  "num_date": {
                                    "confidence": [
                                      2009.9493150684932,
                                      2009.9493150684932
                                    ],
                                    "value": 2009.9493150684932
                                  }
                                }
                              },
                              {
                                "branch_attrs": {
                                  "mutations": {}
                                },
                                "name": "SC2628",
                                "node_attrs": {
                                  "accession": "KY983584",
                                  "country": {
                                    "value": "usa"
                                  },
                                  "div": 0.07318485403344104,
                                  "num_date": {
                                    "confidence": [
                                      2015.0013698630137,
                                      2015.898904109589
                                    ],
                                    "value": 2015.0013698630137
                                  }
                                }
                              }
                            ],
                            "name": "NODE_0000017",
                            "node_attrs": {
                              "div": 0.07318485403344104,
                              "num_date": {
                                "confidence": [
                                  2004.8709036984944,
                                  2009.9493150684932
                                ],
                                "value": 2009.476570134411
                              }
                            }
                          }
                        ],
                        "name": "NODE_0000015",
                        "node_attrs": {
                          "div": 0.07318485403344104,
                          "num_date": {
                            "confidence": [
                              1997.8220364650197,
                              2009.8755662706035
                            ],
                            "value": 2005.7118397527784
                          }
                        }
                      },
                      {
                        "branch_attrs": {
                          "mutations": {}
                        },
                        "children": [
                          {
                            "branch_attrs": {
                              "mutations": {}
                            },
                            "children": [
                              {
                                "branch_attrs": {
                                  "mutations": {}
                                },
                                "name": "BJ01_p3",
                                "node_attrs": {
                                  "accession": "KT779555",
                                  "country": {
                                    "value": "china"
                                  },
                                  "div": 0.07318485403344104,
                                  "num_date": {
                                    "confidence": [
                                      2009.3082191780823,
                                      2009.3082191780823
                                    ],
                                    "value": 2009.3082191780823
                                  }
                                }
                              },
                              {
                                "branch_attrs": {
                                  "mutations": {}
                                },
                                "name": "BJ01_p9",
                                "node_attrs": {
                                  "accession": "KT779556",
                                  "country": {
                                    "value": "china"
                                  },
                                  "div": 0.07318485403344104,
                                  "num_date": {
                                    "confidence": [
                                      2009.3082191780823,
                                      2009.3082191780823
                                    ],
                                    "value": 2009.3082191780823
                                  }
                                }
                              }
                            ],
                            "name": "NODE_0000019",
                            "node_attrs": {
                              "div": 0.07318485403344104,
                              "num_date": {
                                "confidence": [
                                  2005.6644832564298,
                                  2009.3082191780823
                                ],
                                "value": 2009.3082191780823
                              }
                            }
                          },
                          {
                            "branch_attrs": {
                              "mutations": {}
                            },
                            "children": [
                              {
                                "branch_attrs": {
                                  "mutations": {}
                                },
                                "children": [
                                  {
                                    "branch_attrs": {
                                      "mutations": {}
                                    },
                                    "name": "HKU1/human/USA/HKU1_16/2010",
                                    "node_attrs": {
                                      "accession": "KF430200",
                                      "country": {
                                        "value": "usa"
                                      },
                                      "div": 0.07318485403344104,
                                      "num_date": {
                                        "confidence": [
                                          2010.0205479452054,
                                          2010.0205479452054
                                        ],
                                        "value": 2010.0205479452054
                                      }
                                    }
                                  },
                                  {
                                    "branch_attrs": {
                                      "mutations": {}
                                    },
                                    "name": "HKU1",
                                    "node_attrs": {
                                      "accession": "AY597011",
                                      "country": {
                                        "value": "usa"
                                      },
                                      "div": 0.07318485403344104,
                                      "num_date": {
                                        "confidence": [
                                          2010.0013698630137,
                                          2010.8953011237936
                                        ],
                                        "value": 2010.0013698630137
                                      }
                                    }
                                  }
                                ],
                                "name": "NODE_0000021",
                                "node_attrs": {
                                  "div": 0.07318485403344104,
                                  "num_date": {
                                    "confidence": [
                                      1998.4973388979993,
                                      2010.0205479452054
                                    ],
                                    "value": 2009.5912139015554
                                  }
                                }
                              },
                              {
                                "branch_attrs": {
                                  "mutations": {}
                                },
                                "children": [
                                  {
                                    "branch_attrs": {
                                      "mutations": {}
                                    },
                                    "name": "HKU1/human/USA/HKU1_18/2010",
                                    "node_attrs": {
                                      "accession": "KF430201",
                                      "country": {
                                        "value": "usa"
                                      },
                                      "div": 0.07318485403344104,
                                      "num_date": {
                                        "confidence": [
                                          2010.058904109589,
                                          2010.058904109589
                                        ],
                                        "value": 2010.058904109589
                                      }
                                    }
                                  },
                                  {
                                    "branch_attrs": {
                                      "mutations": {}
                                    },
                                    "name": "HKU1/human/USA/HKU1_20/2010",
                                    "node_attrs": {
                                      "accession": "KF686345",
                                      "country": {
                                        "value": "usa"
                                      },
                                      "div": 0.07318485403344104,
                                      "num_date": {
                                        "confidence": [
                                          2010.0808219178082,
                                          2010.0808219178082
                                        ],
                                        "value": 2010.0808219178082
                                      }
                                    }
                                  }
                                ],
                                "name": "NODE_0000022",
                                "node_attrs": {
                                  "div": 0.07318485403344104,
                                  "num_date": {
                                    "confidence": [
                                      2006.3622321574737,
                                      2010.058904109589
                                    ],
                                    "value": 2010.058904109589
                                  }
                                }
                              }
                            ],
                            "name": "NODE_0000020",
                            "node_attrs": {
                              "div": 0.07318485403344104,
                              "num_date": {
                                "confidence": [
                                  1998.2178503897446,
                                  2009.9467940760828
                                ],
                                "value": 2005.5569465252547
                              }
                            }
                          }
                        ],
                        "name": "NODE_0000018",
                        "node_attrs": {
                          "div": 0.07318485403344104,
                          "num_date": {
                            "confidence": [
                              1997.5043034432072,
                              2009.2321299318698
                            ],
                            "value": 2005.3879690842825
                          }
                        }
                      }
                    ],
                    "name": "NODE_0000014",
                    "node_attrs": {
                      "div": 0.07318485403344104,
                      "num_date": {
                        "confidence": [
                          1998.3329399430386,
                          2009.122671725053
                        ],
                        "value": 2001.7219823545324
                      }
                    }
                  }
                ],
                "name": "NODE_0000011",
                "node_attrs": {
                  "div": 0.07318485403344104,
                  "num_date": {
                    "confidence": [
                      1997.898902745864,
                      2005.1371384341878
                    ],
                    "value": 2000.986324335031
                  }
                }
              }
            ],
            "name": "NODE_0000004",
            "node_attrs": {
              "div": 0.07318485403344104,
              "num_date": {
                "confidence": [
                  1996.2075567439224,
                  2005.0276799284973
                ],
                "value": 2001.1716940180922
              }
            }
          }
        ],
        "name": "NODE_0000003",
        "node_attrs": {
          "div": 0.06912718583823471,
          "num_date": {
            "confidence": [
              1934.4407149236526,
              2004.951282949272
            ],
            "value": 1990.978239270937
          }
        }
      }
    ],
    "name": "NODE_0000000",
    "node_attrs": {
      "div": 0,
      "num_date": {
        "confidence": [
          -27409.060549985086,
          2004.8725688765107
        ],
        "value": 1419.5081694996825
      }
    }
  },
  "version": "v2"
}