{
  "meta": {
    "colorings": [
      {
        "key": "num_date",
        "title": "Sampling date",
        "type": "continuous"
      },
      {
        "key": "gt",
        "title": "Genotype",
        "type": "categorical"
      },
      {
        "key": "country",
        "title": "country",
        "type": "categorical"
      }
    ],
    "display_defaults": {
      "color_by": "country",
      "map_triplicate": true
    },
    "filters": [
      "host"
    ],
    "genome_annotations": {
      "nuc": {
        "end": 21549,
        "seqid": "config/hku1_replicase1ab_reference.gb",
        "start": 1,
        "strand": "+",
        "type": "source"
      }
    },
    "maintainers": [
      {
        "name": "Katie Kistler"
      }
    ],
    "panels": [
      "tree"
    ],
    "title": "Genetic diversity of seasonal coronaviruses. Data collected by Vipr",
    "updated": "2020-04-18"
  },
  "tree": {
    "branch_attrs": {
      "mutations": {}
    },
    "children": [
      {
        "branch_attrs": {
          "mutations": {
            "nuc": [
              "C156T",
              "A926C",
              "T1041C",
              "C1188T",
              "A1224G",
              "A1265C",
              "C1296T",
              "G1326A",
              "A1353C",
              "C1509T",
              "C1567T",
              "T2589C",
              "G2637T",
              "C2796T",
              "A3256G",
              "G3267T",
              "A3268G",
              "A3334G",
              "T3336C",
              "C3342T",
              "T3647A",
              "T3757G",
              "T4155C",
              "C4335T",
              "T4650C",
              "T4776C",
              "T5190C",
              "G6168T",
              "T6217C",
              "C7090T",
              "T7674C",
              "T8283A",
              "T8373C",
              "G8374A",
              "T8587C",
              "G8749T",
              "C8808T",
              "C9195T",
              "G9469A",
              "C9819T",
              "C10136T",
              "C10152T",
              "G10176A",
              "T10215G",
              "A10315G",
              "A10316T",
              "G10602A",
              "C10682T",
              "G10708A",
              "T11188C",
              "T11688C",
              "C11760T",
              "C11763T",
              "A11852G",
              "G11872A",
              "G11907A",
              "C12030T",
              "T12195C",
              "T12219G",
              "G12395A",
              "A12408G",
              "T12409C",
              "A12484G",
              "C12588T",
              "G12594T",
              "T12699C",
              "G12795A",
              "C13122T",
              "C13152T",
              "T13188C",
              "A13225T",
              "A13227G",
              "T13284C",
              "C13314T",
              "T13320A",
              "A13357G",
              "G13425T",
              "C13479T",
              "C13491T",
              "C13587T",
              "T13600C",
              "C13701T",
              "G13721A",
              "T13725C",
              "T13728C",
              "T13767C",
              "C13777T",
              "A13792G",
              "T13943G",
              "C13953T",
              "C13956T",
              "T13962A",
              "G13963A",
              "C13998T",
              "T14004C",
              "C14049T",
              "A14055T",
              "C14193T",
              "G14202A",
              "C14305T",
              "T14319C",
              "C14343T",
              "A14373T",
              "T14388A",
              "C14403T",
              "A14430G",
              "T14448C",
              "T14469C",
              "A14577G",
              "A14589T",
              "C14601T",
              "C14613T",
              "C14619T",
              "T14628C",
              "T14676C",
              "A14793G",
              "T14856C",
              "C14895T",
              "A14928G",
              "T14964G",
              "C14965T",
              "C14973T",
              "C15003T",
              "C15024T",
              "A15030T",
              "T15042C",
              "C15063T",
              "C15072T",
              "C15105T",
              "A15108T",
              "C15132T",
              "T15150C",
              "C15156T",
              "T15168C",
              "T15234C",
              "C15276T",
              "C15279T",
              "T15315C",
              "T15417C",
              "T15432C",
              "G15453A",
              "C15486T",
              "C15651T",
              "T15690C",
              "T15732C",
              "T15795C",
              "C15801A",
              "T15834C",
              "T15844C",
              "A15849C",
              "T15858C",
              "T15970C",
              "T15972C",
              "C15999T",
              "G16032A",
              "T16104C",
              "A16110T",
              "C16122T",
              "A16188G",
              "T16191G",
              "T16218G",
              "A16230G",
              "T16245C",
              "C16251T",
              "T16266C",
              "C16290T",
              "C16299T",
              "T16302G",
              "C16365T",
              "C16386T",
              "G16449A",
              "G16584A",
              "C16614T",
              "G16642A",
              "A16704T",
              "C16710T",
              "C16776T",
              "G16782T",
              "C16788T",
              "T16806C",
              "T16833C",
              "G16856A",
              "T16858C",
              "C16878T",
              "T16923C",
              "A16929T",
              "G16933C",
              "A16943C",
              "T16956C",
              "T16992G",
              "C17001T",
              "A17013C",
              "T17022C",
              "C17035T",
              "C17052T",
              "C17136T",
              "T17139C",
              "T17148C",
              "T17154A",
              "C17205T",
              "C17226T",
              "G17250A",
              "T17253C",
              "A17323G",
              "A17364G",
              "G17385A",
              "C17391T",
              "C17415T",
              "C17418T",
              "T17442C",
              "C17460T",
              "G17481A",
              "C17535T",
              "A17544G",
              "T17565C",
              "G17628A",
              "C17635T",
              "A17652G",
              "G17725A",
              "A17751T",
              "G17769T",
              "C17811T",
              "G17818A",
              "C17865T",
              "T17871C",
              "C17920T",
              "A17940G",
              "C17953T",
              "C17967T",
              "A17970T",
              "G17999A",
              "G18002T",
              "C18003T",
              "T18012C",
              "T18015C",
              "G18021T",
              "C18027T",
              "C18030T",
              "G18040T",
              "T18063C",
              "T18066C",
              "A18070G",
              "A18081T",
              "A18082T",
              "A18083G",
              "T18090C",
              "T18132C",
              "T18138G",
              "A18147G",
              "G18177T",
              "T18192C",
              "C18198T",
              "T18234A",
              "C18240A",
              "T18243C",
              "T18252G",
              "C18255T",
              "A18258C",
              "C18280T",
              "G18306T",
              "C18356T",
              "T18357A",
              "A18365G",
              "A18372T",
              "A18393T",
              "A18396C",
              "A18423G",
              "A18471G",
              "A18486G",
              "C18489T",
              "T18540G",
              "C18567T",
              "T18576C",
              "A18583G",
              "T18592C",
              "T18603A",
              "C18612T",
              "T18633C",
              "T18675C",
              "A18678G",
              "T18708C",
              "C18732T",
              "G18771A",
              "G18775T",
              "T18795G",
              "T18861C",
              "C18870T",
              "C18906T",
              "C18942T",
              "A18957T",
              "T18973A",
              "A18975T",
              "T19005C",
              "T19016C",
              "A19023T",
              "C19025T",
              "A19044G",
              "C19053T",
              "G19062T",
              "C19152T",
              "A19158G",
              "G19161A",
              "T19179C",
              "C19224T",
              "T19242C",
              "T19248G",
              "T19251C",
              "G19266A",
              "T19275A",
              "C19281T",
              "G19296T",
              "C19308T",
              "A19320G",
              "T19326C",
              "C19341T",
              "T19344G",
              "C19359T",
              "G19374A",
              "C19381T",
              "A19389T",
              "A19401T",
              "A19416T",
              "C19425A",
              "C19428T",
              "A19444G",
              "T19448C",
              "A19484C",
              "C19509T",
              "C19520T",
              "A19524G",
              "T19530C",
              "C19539T",
              "C19551T",
              "T19562C",
              "C19583T",
              "A19593G",
              "T19672C",
              "G19698A",
              "C19716T",
              "G19719C",
              "C19722T",
              "C19755T",
              "G19782T",
              "C19818T",
              "T19821C",
              "T19830C",
              "T19833C",
              "G19848A",
              "G19851T",
              "C19854T",
              "C19857T",
              "A19870G",
              "C19892A",
              "C19896T",
              "A19946G",
              "G19959T",
              "A19962G",
              "A19965T",
              "T20001C",
              "G20004A",
              "A20031T",
              "C20046T",
              "A20085T",
              "A20086G",
              "T20098A",
              "T20101C",
              "C20145T",
              "G20148A",
              "T20156C",
              "T20159G",
              "T20160C",
              "A20176G",
              "A20178G",
              "G20216C",
              "T20217C",
              "T20262G",
              "A20267G",
              "T20277A",
              "T20280C",
              "C20298T",
              "C20334T",
              "C20335T",
              "T20358C",
              "C20370T",
              "G20382A",
              "T20401G",
              "A20418G",
              "T20448C",
              "G20460A",
              "T20514C",
              "T20521G",
              "C20522T",
              "C20652T",
              "A20657G",
              "T20661C",
              "C20673T",
              "G20691A",
              "C20724T",
              "C20746G",
              "G20757A",
              "T20760A",
              "C20766T",
              "C20790T",
              "G20811A",
              "T20850C",
              "T20856C",
              "G20868A",
              "T20886C",
              "A20889T",
              "C20952T",
              "A20955T",
              "C20964T",
              "T20976C",
              "T21025C",
              "A21060G",
              "T21096C",
              "C21105T",
              "C21112T",
              "A21150T",
              "G21168A",
              "T21186C",
              "G21206A",
              "T21216C",
              "C21282T",
              "C21283T",
              "A21291G",
              "T21294C",
              "C21296G",
              "T21297C",
              "T21327C",
              "C21366T",
              "A21391T",
              "T21426A",
              "T21429A",
              "A21486G",
              "T21495G",
              "C21498T",
              "G21513A",
              "T21540C"
            ]
          }
        },
        "children": [
          {
            "branch_attrs": {
              "mutations": {
                "nuc": [
                  "G79A",
                  "A768G",
                  "T1527C",
                  "A2779G",
                  "C3305T",
                  "T3888C",
                  "A3895G",
                  "A7335G",
                  "A8065G",
                  "T9168C",
                  "C9231T",
                  "T9312C",
                  "C9939T",
                  "A10230T",
                  "T11503C",
                  "G11727A",
                  "C11952T",
                  "C13191T",
                  "C13625A",
                  "T13636C",
                  "C15192T",
                  "T15594C",
                  "A16575G",
                  "C16890T",
                  "T16953C",
                  "A17434C",
                  "G18370T",
                  "G18423T",
                  "T19167C",
                  "A19446G",
                  "T19764C",
                  "T21372C"
                ]
              }
            },
            "name": "SC2521",
            "node_attrs": {
              "accession": "MK167038",
              "country": {
                "value": "usa"
              },
              "div": 0.012077862760825866,
              "num_date": {
                "confidence": [
                  2017.0013698630137,
                  2017.898904109589
                ],
                "value": 2017.0013698630137
              }
            }
          },
          {
            "branch_attrs": {
              "mutations": {
                "nuc": [
                  "T3207G",
                  "C6927T",
                  "C7431T",
                  "C8478T",
                  "G8551A",
                  "T8872C",
                  "T9390C",
                  "G9728A",
                  "C11535T",
                  "A13893C",
                  "C16049A",
                  "T17709C",
                  "A18442G",
                  "T18453C",
                  "T19284C",
                  "G20546A",
                  "T20580C",
                  "T20589C"
                ]
              }
            },
            "children": [
              {
                "branch_attrs": {
                  "mutations": {
                    "nuc": [
                      "T681C",
                      "T798C",
                      "T2691C",
                      "C2952T",
                      "G3208A",
                      "T3657C",
                      "T4836C",
                      "T4938G",
                      "A7458G",
                      "T7824C",
                      "A8493G",
                      "A8784T",
                      "T9534C",
                      "T11166C",
                      "A12162G",
                      "C13893T",
                      "C14439T",
                      "A19080G",
                      "T19515C"
                    ]
                  }
                },
                "name": "SI17244",
                "node_attrs": {
                  "accession": "MH940245",
                  "country": {
                    "value": "thailand"
                  },
                  "div": 0.012309499822737652,
                  "num_date": {
                    "confidence": [
                      2017.4232876712329,
                      2017.4232876712329
                    ],
                    "value": 2017.4232876712329
                  }
                }
              },
              {
                "branch_attrs": {
                  "mutations": {
                    "nuc": [
                      "C1654T",
                      "T3032G",
                      "C3336T",
                      "T5193C",
                      "G6398A",
                      "T8561C",
                      "T9339C",
                      "C11955T",
                      "T12528C",
                      "T13170G",
                      "T14460G",
                      "T15444C",
                      "C15732T",
                      "C18258T",
                      "G20805A"
                    ]
                  }
                },
                "children": [
                  {
                    "branch_attrs": {
                      "mutations": {
                        "nuc": [
                          "C2139T",
                          "G3208A",
                          "A5482C",
                          "A6969G",
                          "G12761C",
                          "C13095T",
                          "T15468C",
                          "T21333C"
                        ]
                      }
                    },
                    "name": "HKU1/human/USA/HKU1_1/2005",
                    "node_attrs": {
                      "accession": "KF686338",
                      "country": {
                        "value": "usa"
                      },
                      "div": 0.012449748011202565,
                      "num_date": {
                        "confidence": [
                          2005.1328767123289,
                          2005.1328767123289
                        ],
                        "value": 2005.1328767123289
                      }
                    }
                  },
                  {
                    "branch_attrs": {
                      "mutations": {
                        "nuc": [
                          "T2969C",
                          "T2973C",
                          "A2974T",
                          "G2977T",
                          "G2978A",
                          "G2980A",
                          "G3207T",
                          "C4776T",
                          "A4910G",
                          "T6325C",
                          "C6826A",
                          "T15852C",
                          "G16922A"
                        ]
                      }
                    },
                    "name": "N08_87",
                    "node_attrs": {
                      "accession": "KY674921",
                      "country": {
                        "value": "usa"
                      },
                      "div": 0.012728133674572335,
                      "num_date": {
                        "confidence": [
                          2016.1045031087738,
                          2016.9986338797814
                        ],
                        "value": 2016.9986338797814
                      }
                    }
                  }
                ],
                "name": "NODE_0000000",
                "node_attrs": {
                  "div": 0.012076686864375519,
                  "num_date": {
                    "confidence": [
                      1744.7283337274891,
                      2005.1328767123289
                    ],
                    "value": 1992.5859227335322
                  }
                }
              }
            ],
            "name": "NODE_0000001",
            "node_attrs": {
              "div": 0.0114255224400545,
              "num_date": {
                "confidence": [
                  1430.0573944305177,
                  2003.4473851930443
                ],
                "value": 1967.423312791573
              }
            }
          }
        ],
        "name": "NODE_0000002",
        "node_attrs": {
          "div": 0.010588016571216592,
          "num_date": {
            "confidence": [
              936.8252263485784,
              2001.9767330204797
            ],
            "value": 1933.5695145098985
          }
        }
      },
      {
        "branch_attrs": {
          "mutations": {}
        },
        "children": [
          {
            "branch_attrs": {
              "mutations": {
                "nuc": [
                  "A14055G",
                  "T14502C",
                  "T15735C",
                  "G15816A",
                  "T16170C",
                  "T16353C",
                  "T16446C",
                  "A18237G",
                  "T20384A"
                ]
              }
            },
            "children": [
              {
                "branch_attrs": {
                  "mutations": {
                    "nuc": [
                      "C510T",
                      "A1265G",
                      "A2223G",
                      "T2793C",
                      "C3291T",
                      "T3312A",
                      "C3464T",
                      "A5622G",
                      "T5886C",
                      "C8808T",
                      "T9450C",
                      "C10275A",
                      "C10596T",
                      "C11725T",
                      "T11910C",
                      "A13129G",
                      "C13152T",
                      "A19849C"
                    ]
                  }
                },
                "name": "Caen1",
                "node_attrs": {
                  "accession": "HM034837",
                  "country": {
                    "value": "france"
                  },
                  "div": 0.011314069603599989,
                  "num_date": {
                    "confidence": [
                      2005.1712328767123,
                      2005.1712328767123
                    ],
                    "value": 2005.1712328767123
                  }
                }
              },
              {
                "branch_attrs": {
                  "mutations": {
                    "nuc": [
                      "C3480T",
                      "G4057C",
                      "T7224C",
                      "T10743C",
                      "A12433G",
                      "T15970C",
                      "C20383A",
                      "T21093G"
                    ]
                  }
                },
                "name": "HKU1",
                "node_attrs": {
                  "accession": "AY597011",
                  "country": {
                    "value": "usa"
                  },
                  "div": 0.010849318440763419,
                  "num_date": {
                    "confidence": [
                      2010.0013698630137,
                      2010.898904109589
                    ],
                    "value": 2010.0013698630137
                  }
                }
              },
              {
                "branch_attrs": {
                  "mutations": {
                    "nuc": [
                      "C86T",
                      "C156T",
                      "T476C",
                      "T1713C",
                      "C5677T",
                      "C6655T",
                      "A7304G",
                      "C8148T",
                      "G9704A",
                      "G10597A",
                      "T11304C",
                      "A11595C",
                      "T13695C",
                      "C16710T",
                      "T17130C",
                      "T17973C",
                      "A18099G",
                      "T18813C",
                      "T19899C"
                    ]
                  }
                },
                "children": [
                  {
                    "branch_attrs": {
                      "mutations": {
                        "nuc": [
                          "T1664C",
                          "T4858C",
                          "C8562T",
                          "C8612T"
                        ]
                      }
                    },
                    "name": "HKU1/human/USA/HKU1_4/2005",
                    "node_attrs": {
                      "accession": "KF430196",
                      "country": {
                        "value": "usa"
                      },
                      "div": 0.01154811598559362,
                      "num_date": {
                        "confidence": [
                          2005.2972602739726,
                          2005.2972602739726
                        ],
                        "value": 2005.2972602739726
                      }
                    }
                  },
                  {
                    "branch_attrs": {
                      "mutations": {}
                    },
                    "name": "HKU1/human/USA/1102/2005",
                    "node_attrs": {
                      "accession": "KF850450",
                      "country": {
                        "value": "usa"
                      },
                      "div": 0.01136029015645311,
                      "num_date": {
                        "confidence": [
                          2005.2698630136986,
                          2005.2698630136986
                        ],
                        "value": 2005.2698630136986
                      }
                    }
                  }
                ],
                "name": "NODE_0000006",
                "node_attrs": {
                  "div": 0.011360290156453099,
                  "num_date": {
                    "confidence": [
                      1971.103408914358,
                      2005.2698630136986
                    ],
                    "value": 2000.26083706305
                  }
                }
              }
            ],
            "name": "NODE_0000004",
            "node_attrs": {
              "div": 0.010477902410554237,
              "num_date": {
                "confidence": [
                  1426.1261753677318,
                  2003.5558914060664
                ],
                "value": 1966.907962371203
              }
            }
          },
          {
            "branch_attrs": {
              "mutations": {
                "nuc": [
                  "G5376A",
                  "C10596T",
                  "A13176T",
                  "T13275C",
                  "T14070C",
                  "A14172G",
                  "G14925A",
                  "T15468C",
                  "T17781C",
                  "G19161T"
                ]
              }
            },
            "children": [
              {
                "branch_attrs": {
                  "mutations": {
                    "nuc": [
                      "C2792T",
                      "C2817T",
                      "G3278A",
                      "C3305T",
                      "C3342A",
                      "C3381T",
                      "T3447G",
                      "T3757G",
                      "C3802T",
                      "T3896A",
                      "A3909T",
                      "T4404G",
                      "T4650C",
                      "C4815T",
                      "G5163T",
                      "T5184C",
                      "T5484C",
                      "G5985A",
                      "G6007A",
                      "T6058C",
                      "C6927T",
                      "C7090T",
                      "C7431T",
                      "C7941T",
                      "G8551A",
                      "T8587C",
                      "G9300A",
                      "A9918G",
                      "C9963T",
                      "G11172A",
                      "C11535T",
                      "T11935C",
                      "T12195C",
                      "G12594T"
                    ]
                  }
                },
                "children": [
                  {
                    "branch_attrs": {
                      "mutations": {
                        "nuc": [
                          "T1488C",
                          "A1665G",
                          "C1684T",
                          "C2796T",
                          "T5190C",
                          "C5856T",
                          "C5867A",
                          "C8754T",
                          "C10293T",
                          "T16470C",
                          "T16566G",
                          "C16791T",
                          "A19068G",
                          "A20919G"
                        ]
                      }
                    },
                    "children": [
                      {
                        "branch_attrs": {
                          "mutations": {
                            "nuc": [
                              "G3759T",
                              "C12195T",
                              "G18076T"
                            ]
                          }
                        },
                        "name": "HKU1/human/USA/HKU1_15/2009",
                        "node_attrs": {
                          "accession": "KF686344",
                          "country": {
                            "value": "usa"
                          },
                          "div": 0.012988613321879354,
                          "num_date": {
                            "confidence": [
                              2009.990410958904,
                              2009.990410958904
                            ],
                            "value": 2009.990410958904
                          }
                        }
                      },
                      {
                        "branch_attrs": {
                          "mutations": {
                            "nuc": [
                              "T87A",
                              "C1182T",
                              "G2056A",
                              "C3604T",
                              "T5358C",
                              "T5535C",
                              "A13371G",
                              "T13656C",
                              "C16290A",
                              "T16605C",
                              "T16803C",
                              "T16908C",
                              "T17166C",
                              "C17535T",
                              "T19713C",
                              "T20384A",
                              "G20906A"
                            ]
                          }
                        },
                        "name": "SC2628",
                        "node_attrs": {
                          "accession": "KY983584",
                          "country": {
                            "value": "usa"
                          },
                          "div": 0.01363962372421466,
                          "num_date": {
                            "confidence": [
                              2015.116485565055,
                              2015.9986301369863
                            ],
                            "value": 2015.9986301369863
                          }
                        }
                      }
                    ],
                    "name": "NODE_0000009",
                    "node_attrs": {
                      "div": 0.012849188451804655,
                      "num_date": {
                        "confidence": [
                          1807.9032301359828,
                          2009.990410958904
                        ],
                        "value": 1998.5542277084621
                      }
                    }
                  },
                  {
                    "branch_attrs": {
                      "mutations": {
                        "nuc": [
                          "C1968T",
                          "A2017G",
                          "T3588G",
                          "C3864T",
                          "T5289C",
                          "G6725A",
                          "C7740T",
                          "C8808T",
                          "T9099C",
                          "C10152T",
                          "C11763T",
                          "T13812C",
                          "T14865C",
                          "T15871C",
                          "T17124C",
                          "C18280T",
                          "T18318C",
                          "T18810C",
                          "C19716T"
                        ]
                      }
                    },
                    "children": [
                      {
                        "branch_attrs": {
                          "mutations": {}
                        },
                        "name": "BJ01_p9",
                        "node_attrs": {
                          "accession": "KT779556",
                          "country": {
                            "value": "china"
                          },
                          "div": 0.013081606775638521,
                          "num_date": {
                            "confidence": [
                              2009.3082191780823,
                              2009.3082191780823
                            ],
                            "value": 2009.3082191780823
                          }
                        }
                      },
                      {
                        "branch_attrs": {
                          "mutations": {
                            "nuc": [
                              "C2147T"
                            ]
                          }
                        },
                        "name": "BJ01_p3",
                        "node_attrs": {
                          "accession": "KT779555",
                          "country": {
                            "value": "china"
                          },
                          "div": 0.013128055941823502,
                          "num_date": {
                            "confidence": [
                              2009.3082191780823,
                              2009.3082191780823
                            ],
                            "value": 2009.3082191780823
                          }
                        }
                      }
                    ],
                    "name": "NODE_0000010",
                    "node_attrs": {
                      "div": 0.013081606775638513,
                      "num_date": {
                        "confidence": [
                          2002.048945418085,
                          2009.3082191780823
                        ],
                        "value": 2006.3321275497215
                      }
                    }
                  }
                ],
                "name": "NODE_0000008",
                "node_attrs": {
                  "div": 0.012198534127124195,
                  "num_date": {
                    "confidence": [
                      1557.3070184858216,
                      2008.718814003048
                    ],
                    "value": 1977.8778063319182
                  }
                }
              },
              {
                "branch_attrs": {
                  "mutations": {
                    "nuc": [
                      "C590T",
                      "G2688T",
                      "T5805C",
                      "T6346C",
                      "T6654C",
                      "T7764C",
                      "C8064T",
                      "T10785C",
                      "G11376T",
                      "C13479T",
                      "T15871C",
                      "C19031T",
                      "T20947C"
                    ]
                  }
                },
                "children": [
                  {
                    "branch_attrs": {
                      "mutations": {
                        "nuc": [
                          "C6105T",
                          "G7842A",
                          "T12516C"
                        ]
                      }
                    },
                    "children": [
                      {
                        "branch_attrs": {
                          "mutations": {
                            "nuc": [
                              "C2030T",
                              "C14387T",
                              "C14459T",
                              "C14461T"
                            ]
                          }
                        },
                        "name": "HKU1/human/USA/HKU1_16/2010",
                        "node_attrs": {
                          "accession": "KF430200",
                          "country": {
                            "value": "usa"
                          },
                          "div": 0.011547456763065447,
                          "num_date": {
                            "confidence": [
                              2010.0205479452054,
                              2010.0205479452054
                            ],
                            "value": 2010.0205479452054
                          }
                        }
                      },
                      {
                        "branch_attrs": {
                          "mutations": {
                            "nuc": [
                              "C2147T",
                              "T4594C",
                              "G5724A",
                              "T7338C",
                              "C7764T",
                              "T9501C",
                              "C10140T",
                              "A12749T",
                              "T12813C",
                              "T15603C",
                              "T15605C",
                              "G16221A"
                            ]
                          }
                        },
                        "name": "HKU1/human/USA/HKU1_20/2010",
                        "node_attrs": {
                          "accession": "KF686345",
                          "country": {
                            "value": "usa"
                          },
                          "div": 0.011917345023100715,
                          "num_date": {
                            "confidence": [
                              2010.0808219178082,
                              2010.0808219178082
                            ],
                            "value": 2010.0808219178082
                          }
                        }
                      }
                    ],
                    "name": "NODE_0000012",
                    "node_attrs": {
                      "div": 0.011360176157179323,
                      "num_date": {
                        "confidence": [
                          1818.9658616075478,
                          2010.0205479452054
                        ],
                        "value": 1996.758603574468
                      }
                    }
                  },
                  {
                    "branch_attrs": {
                      "mutations": {}
                    },
                    "children": [
                      {
                        "branch_attrs": {
                          "mutations": {
                            "nuc": [
                              "C3258A",
                              "T5706C"
                            ]
                          }
                        },
                        "children": [
                          {
                            "branch_attrs": {
                              "mutations": {
                                "nuc": [
                                  "C10293T",
                                  "C15537T"
                                ]
                              }
                            },
                            "name": "HKU1/human/USA/HKU1_18/2010",
                            "node_attrs": {
                              "accession": "KF430201",
                              "country": {
                                "value": "usa"
                              },
                              "div": 0.01140658457935641,
                              "num_date": {
                                "confidence": [
                                  2010.058904109589,
                                  2010.058904109589
                                ],
                                "value": 2010.058904109589
                              }
                            }
                          },
                          {
                            "branch_attrs": {
                              "mutations": {
                                "nuc": [
                                  "C3604A",
                                  "C13210T",
                                  "C14070T",
                                  "T14805C",
                                  "T15735G"
                                ]
                              }
                            },
                            "children": [
                              {
                                "branch_attrs": {
                                  "mutations": {
                                    "nuc": [
                                      "G18988A"
                                    ]
                                  }
                                },
                                "name": "HKU1/human/USA/HKU1_5/2009",
                                "node_attrs": {
                                  "accession": "KF686340",
                                  "country": {
                                    "value": "usa"
                                  },
                                  "div": 0.011592267779210262,
                                  "num_date": {
                                    "confidence": [
                                      2009.9082191780822,
                                      2009.9082191780822
                                    ],
                                    "value": 2009.9082191780822
                                  }
                                }
                              },
                              {
                                "branch_attrs": {
                                  "mutations": {
                                    "nuc": [
                                      "G5357A",
                                      "G5380A"
                                    ]
                                  }
                                },
                                "name": "HKU1/human/USA/HKU1_3/2009",
                                "node_attrs": {
                                  "accession": "KF686339",
                                  "country": {
                                    "value": "usa"
                                  },
                                  "div": 0.011639249515771923,
                                  "num_date": {
                                    "confidence": [
                                      2009.831506849315,
                                      2009.831506849315
                                    ],
                                    "value": 2009.831506849315
                                  }
                                }
                              }
                            ],
                            "name": "NODE_0000023",
                            "node_attrs": {
                              "div": 0.011545853936781496,
                              "num_date": {
                                "confidence": [
                                  1999.884135541023,
                                  2009.831506849315
                                ],
                                "value": 2006.544633555747
                              }
                            }
                          }
                        ],
                        "name": "NODE_0000022",
                        "node_attrs": {
                          "div": 0.01131376976413531,
                          "num_date": {
                            "confidence": [
                              1964.7787529040747,
                              2009.2327915160852
                            ],
                            "value": 1999.7701934966935
                          }
                        }
                      },
                      {
                        "branch_attrs": {
                          "mutations": {}
                        },
                        "children": [
                          {
                            "branch_attrs": {
                              "mutations": {
                                "nuc": [
                                  "C801T",
                                  "G2815A",
                                  "A6561C",
                                  "T12219C",
                                  "G19608T"
                                ]
                              }
                            },
                            "children": [
                              {
                                "branch_attrs": {
                                  "mutations": {
                                    "nuc": [
                                      "A9262G",
                                      "T14493C"
                                    ]
                                  }
                                },
                                "name": "HKU1/human/USA/HKU1_11/2009",
                                "node_attrs": {
                                  "accession": "KF686342",
                                  "country": {
                                    "value": "usa"
                                  },
                                  "div": 0.01154580928993543,
                                  "num_date": {
                                    "confidence": [
                                      2009.9493150684932,
                                      2009.9493150684932
                                    ],
                                    "value": 2009.9493150684932
                                  }
                                }
                              },
                              {
                                "branch_attrs": {
                                  "mutations": {}
                                },
                                "children": [
                                  {
                                    "branch_attrs": {
                                      "mutations": {}
                                    },
                                    "name": "HKU1/human/USA/HKU1_13/2010",
                                    "node_attrs": {
                                      "accession": "KF686343",
                                      "country": {
                                        "value": "usa"
                                      },
                                      "div": 0.011453008576320074,
                                      "num_date": {
                                        "confidence": [
                                          2010.0205479452054,
                                          2010.0205479452054
                                        ],
                                        "value": 2010.0205479452054
                                      }
                                    }
                                  },
                                  {
                                    "branch_attrs": {
                                      "mutations": {}
                                    },
                                    "name": "HKU1/human/USA/HKU1_12/2010",
                                    "node_attrs": {
                                      "accession": "KF686346",
                                      "country": {
                                        "value": "usa"
                                      },
                                      "div": 0.011453008576320074,
                                      "num_date": {
                                        "confidence": [
                                          2010.0232876712328,
                                          2010.0232876712328
                                        ],
                                        "value": 2010.0232876712328
                                      }
                                    }
                                  }
                                ],
                                "name": "NODE_0000019",
                                "node_attrs": {
                                  "div": 0.011453008576320065,
                                  "num_date": {
                                    "confidence": [
                                      2003.5337105699002,
                                      2010.0205479452054
                                    ],
                                    "value": 2006.6144102987644
                                  }
                                }
                              }
                            ],
                            "name": "NODE_0000014",
                            "node_attrs": {
                              "div": 0.011453008576320057,
                              "num_date": {
                                "confidence": [
                                  2001.3411567456856,
                                  2009.7354274703564
                                ],
                                "value": 2005.743740822469
                              }
                            }
                          },
                          {
                            "branch_attrs": {
                              "mutations": {}
                            },
                            "children": [
                              {
                                "branch_attrs": {
                                  "mutations": {
                                    "nuc": [
                                      "T3744C",
                                      "C10293T",
                                      "T10713C",
                                      "C13257A"
                                    ]
                                  }
                                },
                                "children": [
                                  {
                                    "branch_attrs": {
                                      "mutations": {}
                                    },
                                    "name": "HKU1/human/USA/HKU1_14/2009",
                                    "node_attrs": {
                                      "accession": "KF430199",
                                      "country": {
                                        "value": "usa"
                                      },
                                      "div": 0.011406597232979454,
                                      "num_date": {
                                        "confidence": [
                                          2009.990410958904,
                                          2009.990410958904
                                        ],
                                        "value": 2009.990410958904
                                      }
                                    }
                                  },
                                  {
                                    "branch_attrs": {
                                      "mutations": {}
                                    },
                                    "name": "HKU1/human/USA/HKU1_10/2010",
                                    "node_attrs": {
                                      "accession": "KF686341",
                                      "country": {
                                        "value": "usa"
                                      },
                                      "div": 0.011406597232979446,
                                      "num_date": {
                                        "confidence": [
                                          2010.0424657534247,
                                          2010.0424657534247
                                        ],
                                        "value": 2010.0424657534247
                                      }
                                    }
                                  }
                                ],
                                "name": "NODE_0000021",
                                "node_attrs": {
                                  "div": 0.011406597232979446,
                                  "num_date": {
                                    "confidence": [
                                      2005.4340698204255,
                                      2009.990410958904
                                    ],
                                    "value": 2009.990410958904
                                  }
                                }
                              },
                              {
                                "branch_attrs": {
                                  "mutations": {}
                                },
                                "children": [
                                  {
                                    "branch_attrs": {
                                      "mutations": {
                                        "nuc": [
                                          "T11548C",
                                          "G12761C",
                                          "T18360A"
                                        ]
                                      }
                                    },
                                    "name": "HKU1/human/USA/HKU1_7/2010",
                                    "node_attrs": {
                                      "accession": "KF430202",
                                      "country": {
                                        "value": "usa"
                                      },
                                      "div": 0.0113605392749585,
                                      "num_date": {
                                        "confidence": [
                                          2010.0068493150684,
                                          2010.0068493150684
                                        ],
                                        "value": 2010.0068493150684
                                      }
                                    }
                                  },
                                  {
                                    "branch_attrs": {
                                      "mutations": {
                                        "nuc": [
                                          "C3604A",
                                          "G6390A",
                                          "T6897C",
                                          "A7050G",
                                          "C19281T"
                                        ]
                                      }
                                    },
                                    "children": [
                                      {
                                        "branch_attrs": {
                                          "mutations": {}
                                        },
                                        "name": "N09_1627B",
                                        "node_attrs": {
                                          "accession": "KY674942",
                                          "country": {
                                            "value": "usa"
                                          },
                                          "div": 0.011453026940845342,
                                          "num_date": {
                                            "confidence": [
                                              2016.0013661202186,
                                              2016.8820632124339
                                            ],
                                            "value": 2016.0013661202186
                                          }
                                        }
                                      },
                                      {
                                        "branch_attrs": {
                                          "mutations": {}
                                        },
                                        "children": [
                                          {
                                            "branch_attrs": {
                                              "mutations": {}
                                            },
                                            "name": "N09_1605B",
                                            "node_attrs": {
                                              "accession": "KY674943",
                                              "country": {
                                                "value": "usa"
                                              },
                                              "div": 0.011453026940845353,
                                              "num_date": {
                                                "confidence": [
                                                  2016.0013661202186,
                                                  2016.9986338797814
                                                ],
                                                "value": 2016.1674463244078
                                              }
                                            }
                                          },
                                          {
                                            "branch_attrs": {
                                              "mutations": {}
                                            },
                                            "name": "N09_1663B",
                                            "node_attrs": {
                                              "accession": "KY674941",
                                              "country": {
                                                "value": "usa"
                                              },
                                              "div": 0.011453026940845353,
                                              "num_date": {
                                                "confidence": [
                                                  2016.0013661202186,
                                                  2016.9986338797814
                                                ],
                                                "value": 2016.1674463244078
                                              }
                                            }
                                          }
                                        ],
                                        "name": "NODE_0000026",
                                        "node_attrs": {
                                          "div": 0.011453026940845342,
                                          "num_date": {
                                            "confidence": [
                                              2008.9136014853834,
                                              2016.8776991856084
                                            ],
                                            "value": 2015.8809049629351
                                          }
                                        }
                                      }
                                    ],
                                    "name": "NODE_0000018",
                                    "node_attrs": {
                                      "div": 0.011453026940845332,
                                      "num_date": {
                                        "confidence": [
                                          2006.9480664138337,
                                          2016.563474580898
                                        ],
                                        "value": 2015.0467592355399
                                      }
                                    }
                                  }
                                ],
                                "name": "NODE_0000024",
                                "node_attrs": {
                                  "div": 0.011220959732519447,
                                  "num_date": {
                                    "confidence": [
                                      1931.0714458492937,
                                      2010.0068493150684
                                    ],
                                    "value": 2001.5616447510242
                                  }
                                }
                              }
                            ],
                            "name": "NODE_0000020",
                            "node_attrs": {
                              "div": 0.011220959732519437,
                              "num_date": {
                                "confidence": [
                                  1931.0797611689804,
                                  2009.463824153707
                                ],
                                "value": 1998.6700055640197
                              }
                            }
                          }
                        ],
                        "name": "NODE_0000016",
                        "node_attrs": {
                          "div": 0.011220959732519426,
                          "num_date": {
                            "confidence": [
                              1931.220265573454,
                              2008.9861314594175
                            ],
                            "value": 1997.5891085318135
                          }
                        }
                      }
                    ],
                    "name": "NODE_0000013",
                    "node_attrs": {
                      "div": 0.011220959732519416,
                      "num_date": {
                        "confidence": [
                          1931.2071306971025,
                          2008.3210262421674
                        ],
                        "value": 1993.8124484607172
                      }
                    }
                  }
                ],
                "name": "NODE_0000011",
                "node_attrs": {
                  "div": 0.011220959732519405,
                  "num_date": {
                    "confidence": [
                      1760.3770591157584,
                      2007.7070766475242
                    ],
                    "value": 1989.0302289611654
                  }
                }
              }
            ],
            "name": "NODE_0000007",
            "node_attrs": {
              "div": 0.010617314200027796,
              "num_date": {
                "confidence": [
                  1035.2759344625983,
                  2006.2610792552584
                ],
                "value": 1939.0260257422835
              }
            }
          }
        ],
        "name": "NODE_0000003",
        "node_attrs": {
          "div": 0.010106444105569866,
          "num_date": {
            "confidence": [
              828.0711118468441,
              2002.834634509142
            ],
            "value": 1922.4336253742872
          }
        }
      }
    ],
    "name": "NODE_0000005",
    "node_attrs": {
      "div": 0,
      "num_date": {
        "confidence": [
          -5990.753096935195,
          2000.3103580933662
        ],
        "value": 1378.015265742523
      }
    }
  },
  "version": "v2"
}