{
  "meta": {
    "colorings": [
      {
        "key": "num_date",
        "title": "Sampling date",
        "type": "continuous"
      },
      {
        "key": "gt",
        "title": "Genotype",
        "type": "categorical"
      },
      {
        "key": "country",
        "title": "country",
        "type": "categorical"
      }
    ],
    "display_defaults": {
      "color_by": "country",
      "map_triplicate": true
    },
    "filters": [
      "host"
    ],
    "genome_annotations": {
      "nuc": {
        "end": 1161,
        "seqid": "config/hku1_he_reference.gb",
        "start": 1,
        "strand": "+",
        "type": "source"
      }
    },
    "maintainers": [
      {
        "name": "Katie Kistler"
      }
    ],
    "panels": [
      "tree"
    ],
    "title": "Genetic diversity of seasonal coronaviruses. Data collected by Vipr",
    "updated": "2020-04-18"
  },
  "tree": {
    "branch_attrs": {
      "mutations": {}
    },
    "children": [
      {
        "branch_attrs": {
          "mutations": {
            "nuc": [
              "T126C",
              "T525C",
              "A924G"
            ]
          }
        },
        "name": "HKU1/human/USA/HKU1_4/2005",
        "node_attrs": {
          "accession": "KF430196",
          "country": {
            "value": "usa"
          },
          "div": 0.0026023234561710355,
          "num_date": {
            "confidence": [
              2005.2972602739726,
              2005.2972602739726
            ],
            "value": 2005.2972602739726
          }
        }
      },
      {
        "branch_attrs": {
          "mutations": {}
        },
        "children": [
          {
            "branch_attrs": {
              "mutations": {
                "nuc": [
                  "G450T"
                ]
              }
            },
            "name": "Caen1",
            "node_attrs": {
              "accession": "HM034837",
              "country": {
                "value": "france"
              },
              "div": 0.0008677266784276224,
              "num_date": {
                "confidence": [
                  2005.1712328767123,
                  2005.1712328767123
                ],
                "value": 2005.1712328767123
              }
            }
          },
          {
            "branch_attrs": {
              "mutations": {
                "nuc": [
                  "C458T",
                  "T1135C"
                ]
              }
            },
            "children": [
              {
                "branch_attrs": {
                  "mutations": {}
                },
                "name": "BJ01_p9",
                "node_attrs": {
                  "accession": "KT779556",
                  "country": {
                    "value": "china"
                  },
                  "div": 0.0017361098467153135,
                  "num_date": {
                    "confidence": [
                      2009.3082191780823,
                      2009.3082191780823
                    ],
                    "value": 2009.3082191780823
                  }
                }
              },
              {
                "branch_attrs": {
                  "mutations": {}
                },
                "name": "BJ01_p3",
                "node_attrs": {
                  "accession": "KT779555",
                  "country": {
                    "value": "china"
                  },
                  "div": 0.0017361098467153135,
                  "num_date": {
                    "confidence": [
                      2009.3082191780823,
                      2009.3082191780823
                    ],
                    "value": 2009.3082191780823
                  }
                }
              }
            ],
            "name": "NODE_0000006",
            "node_attrs": {
              "div": 0.0017361098467153135,
              "num_date": {
                "confidence": [
                  2005.8714082817733,
                  2009.3082191780823
                ],
                "value": 2009.3082191780823
              }
            }
          },
          {
            "branch_attrs": {
              "mutations": {
                "nuc": [
                  "C180T",
                  "C879T",
                  "T912C"
                ]
              }
            },
            "children": [
              {
                "branch_attrs": {
                  "mutations": {
                    "nuc": [
                      "G360A"
                    ]
                  }
                },
                "name": "HKU1/human/USA/HKU1_15/2009",
                "node_attrs": {
                  "accession": "KF686344",
                  "country": {
                    "value": "usa"
                  },
                  "div": 0.003476791158040575,
                  "num_date": {
                    "confidence": [
                      2009.990410958904,
                      2009.990410958904
                    ],
                    "value": 2009.990410958904
                  }
                }
              },
              {
                "branch_attrs": {
                  "mutations": {}
                },
                "name": "SC2628",
                "node_attrs": {
                  "accession": "KY983584",
                  "country": {
                    "value": "usa"
                  },
                  "div": 0.002608051923248707,
                  "num_date": {
                    "confidence": [
                      2015.0013698630137,
                      2015.898904109589
                    ],
                    "value": 2015.0013698630137
                  }
                }
              }
            ],
            "name": "NODE_0000010",
            "node_attrs": {
              "div": 0.002608051923248707,
              "num_date": {
                "confidence": [
                  1999.3490140237463,
                  2009.990410958904
                ],
                "value": 2008.405372516817
              }
            }
          },
          {
            "branch_attrs": {
              "mutations": {}
            },
            "children": [
              {
                "branch_attrs": {
                  "mutations": {
                    "nuc": [
                      "C735T"
                    ]
                  }
                },
                "name": "HKU1/HTBEC_lab/BRA/HKU1_21/2006",
                "node_attrs": {
                  "accession": "KF430198",
                  "country": {
                    "value": "brazil"
                  },
                  "div": 0.0008679489026671884,
                  "num_date": {
                    "confidence": [
                      2006.0013698630137,
                      2006.9986301369863
                    ],
                    "value": 2006.3846497494749
                  }
                }
              },
              {
                "branch_attrs": {
                  "mutations": {}
                },
                "children": [
                  {
                    "branch_attrs": {
                      "mutations": {}
                    },
                    "name": "HKU1/HTBEC_lab/BRA/HKU1_23/2006",
                    "node_attrs": {
                      "accession": "KF430203",
                      "country": {
                        "value": "brazil"
                      },
                      "div": 1.2601822647208032e-21,
                      "num_date": {
                        "confidence": [
                          2006.0013698630137,
                          2006.9986301369863
                        ],
                        "value": 2006.5333106339108
                      }
                    }
                  },
                  {
                    "branch_attrs": {
                      "mutations": {
                        "nuc": [
                          "C1134T"
                        ]
                      }
                    },
                    "name": "HKU1",
                    "node_attrs": {
                      "accession": "AY597011",
                      "country": {
                        "value": "usa"
                      },
                      "div": 0.0008679489026671884,
                      "num_date": {
                        "confidence": [
                          2010.0013698630137,
                          2010.894825157944
                        ],
                        "value": 2010.0013698630137
                      }
                    }
                  }
                ],
                "name": "NODE_0000005",
                "node_attrs": {
                  "div": 9.451366985406023e-22,
                  "num_date": {
                    "confidence": [
                      1997.2944630491363,
                      2004.0897020996433
                    ],
                    "value": 2003.5673531067455
                  }
                }
              }
            ],
            "name": "NODE_0000004",
            "node_attrs": {
              "div": 6.300911323604016e-22,
              "num_date": {
                "confidence": [
                  1996.6842741331322,
                  2003.962945054334
                ],
                "value": 2003.4445160567957
              }
            }
          },
          {
            "branch_attrs": {
              "mutations": {
                "nuc": [
                  "T973C",
                  "A1151G"
                ]
              }
            },
            "children": [
              {
                "branch_attrs": {
                  "mutations": {
                    "nuc": [
                      "T327C"
                    ]
                  }
                },
                "name": "HKU1/human/USA/HKU1_18/2010",
                "node_attrs": {
                  "accession": "KF430201",
                  "country": {
                    "value": "usa"
                  },
                  "div": 0.0025999352858750236,
                  "num_date": {
                    "confidence": [
                      2010.058904109589,
                      2010.058904109589
                    ],
                    "value": 2010.058904109589
                  }
                }
              },
              {
                "branch_attrs": {
                  "mutations": {
                    "nuc": [
                      "T944C",
                      "T1123C"
                    ]
                  }
                },
                "name": "HKU1/human/USA/HKU1_7/2010",
                "node_attrs": {
                  "accession": "KF430202",
                  "country": {
                    "value": "usa"
                  },
                  "div": 0.003465403538811136,
                  "num_date": {
                    "confidence": [
                      2010.0068493150684,
                      2010.0068493150684
                    ],
                    "value": 2010.0068493150684
                  }
                }
              },
              {
                "branch_attrs": {
                  "mutations": {
                    "nuc": [
                      "T663C"
                    ]
                  }
                },
                "children": [
                  {
                    "branch_attrs": {
                      "mutations": {}
                    },
                    "name": "HKU1/human/USA/HKU1_5/2009",
                    "node_attrs": {
                      "accession": "KF686340",
                      "country": {
                        "value": "usa"
                      },
                      "div": 0.0025999352858750236,
                      "num_date": {
                        "confidence": [
                          2009.9082191780822,
                          2009.9082191780822
                        ],
                        "value": 2009.9082191780822
                      }
                    }
                  },
                  {
                    "branch_attrs": {
                      "mutations": {}
                    },
                    "name": "HKU1/human/USA/HKU1_3/2009",
                    "node_attrs": {
                      "accession": "KF686339",
                      "country": {
                        "value": "usa"
                      },
                      "div": 0.0025999352858750236,
                      "num_date": {
                        "confidence": [
                          2009.831506849315,
                          2009.831506849315
                        ],
                        "value": 2009.831506849315
                      }
                    }
                  }
                ],
                "name": "NODE_0000024",
                "node_attrs": {
                  "div": 0.0025999352858750236,
                  "num_date": {
                    "confidence": [
                      2006.415185002845,
                      2009.831506849315
                    ],
                    "value": 2008.4883219300432
                  }
                }
              },
              {
                "branch_attrs": {
                  "mutations": {}
                },
                "children": [
                  {
                    "branch_attrs": {
                      "mutations": {}
                    },
                    "children": [
                      {
                        "branch_attrs": {
                          "mutations": {}
                        },
                        "children": [
                          {
                            "branch_attrs": {
                              "mutations": {}
                            },
                            "name": "HKU1/human/USA/HKU1_16/2010",
                            "node_attrs": {
                              "accession": "KF430200",
                              "country": {
                                "value": "usa"
                              },
                              "div": 0.0017346731766078435,
                              "num_date": {
                                "confidence": [
                                  2010.0205479452054,
                                  2010.0205479452054
                                ],
                                "value": 2010.0205479452054
                              }
                            }
                          },
                          {
                            "branch_attrs": {
                              "mutations": {}
                            },
                            "name": "HKU1/human/USA/HKU1_13/2010",
                            "node_attrs": {
                              "accession": "KF686343",
                              "country": {
                                "value": "usa"
                              },
                              "div": 0.0017346731766078435,
                              "num_date": {
                                "confidence": [
                                  2010.0205479452054,
                                  2010.0205479452054
                                ],
                                "value": 2010.0205479452054
                              }
                            }
                          }
                        ],
                        "name": "NODE_0000011",
                        "node_attrs": {
                          "div": 0.0017346731766078435,
                          "num_date": {
                            "confidence": [
                              2000.5319987366627,
                              2010.0205479452054
                            ],
                            "value": 2008.885635132212
                          }
                        }
                      },
                      {
                        "branch_attrs": {
                          "mutations": {}
                        },
                        "children": [
                          {
                            "branch_attrs": {
                              "mutations": {}
                            },
                            "name": "HKU1/human/USA/HKU1_14/2009",
                            "node_attrs": {
                              "accession": "KF430199",
                              "country": {
                                "value": "usa"
                              },
                              "div": 0.0017346731766078435,
                              "num_date": {
                                "confidence": [
                                  2009.990410958904,
                                  2009.990410958904
                                ],
                                "value": 2009.990410958904
                              }
                            }
                          },
                          {
                            "branch_attrs": {
                              "mutations": {}
                            },
                            "name": "HKU1/human/USA/HKU1_12/2010",
                            "node_attrs": {
                              "accession": "KF686346",
                              "country": {
                                "value": "usa"
                              },
                              "div": 0.0017346731766078435,
                              "num_date": {
                                "confidence": [
                                  2010.0232876712328,
                                  2010.0232876712328
                                ],
                                "value": 2010.0232876712328
                              }
                            }
                          }
                        ],
                        "name": "NODE_0000012",
                        "node_attrs": {
                          "div": 0.0017346731766078435,
                          "num_date": {
                            "confidence": [
                              2000.472225573596,
                              2009.990410958904
                            ],
                            "value": 2008.934910345612
                          }
                        }
                      }
                    ],
                    "name": "NODE_0000009",
                    "node_attrs": {
                      "div": 0.0017346731766078435,
                      "num_date": {
                        "confidence": [
                          1997.4019815917995,
                          2009.878882639162
                        ],
                        "value": 2003.749081376429
                      }
                    }
                  },
                  {
                    "branch_attrs": {
                      "mutations": {}
                    },
                    "children": [
                      {
                        "branch_attrs": {
                          "mutations": {}
                        },
                        "children": [
                          {
                            "branch_attrs": {
                              "mutations": {}
                            },
                            "name": "HKU1/human/USA/HKU1_20/2010",
                            "node_attrs": {
                              "accession": "KF686345",
                              "country": {
                                "value": "usa"
                              },
                              "div": 0.0017346731766078435,
                              "num_date": {
                                "confidence": [
                                  2010.0808219178082,
                                  2010.0808219178082
                                ],
                                "value": 2010.0808219178082
                              }
                            }
                          },
                          {
                            "branch_attrs": {
                              "mutations": {}
                            },
                            "name": "HKU1/human/USA/HKU1_10/2010",
                            "node_attrs": {
                              "accession": "KF686341",
                              "country": {
                                "value": "usa"
                              },
                              "div": 0.0017346731766078435,
                              "num_date": {
                                "confidence": [
                                  2010.0424657534247,
                                  2010.0424657534247
                                ],
                                "value": 2010.0424657534247
                              }
                            }
                          }
                        ],
                        "name": "NODE_0000016",
                        "node_attrs": {
                          "div": 0.0017346731766078435,
                          "num_date": {
                            "confidence": [
                              2000.550769312951,
                              2010.0424657534247
                            ],
                            "value": 2008.934910345612
                          }
                        }
                      },
                      {
                        "branch_attrs": {
                          "mutations": {}
                        },
                        "children": [
                          {
                            "branch_attrs": {
                              "mutations": {}
                            },
                            "name": "HKU1/human/USA/HKU1_11/2009",
                            "node_attrs": {
                              "accession": "KF686342",
                              "country": {
                                "value": "usa"
                              },
                              "div": 0.0017346731766078435,
                              "num_date": {
                                "confidence": [
                                  2009.9493150684932,
                                  2009.9493150684932
                                ],
                                "value": 2009.9493150684932
                              }
                            }
                          },
                          {
                            "branch_attrs": {
                              "mutations": {
                                "nuc": [
                                  "C894T"
                                ]
                              }
                            },
                            "children": [
                              {
                                "branch_attrs": {
                                  "mutations": {}
                                },
                                "name": "N09_1627B",
                                "node_attrs": {
                                  "accession": "KY674942",
                                  "country": {
                                    "value": "usa"
                                  },
                                  "div": 0.00260111633482511,
                                  "num_date": {
                                    "confidence": [
                                      2016.0013661202186,
                                      2016.8979087964294
                                    ],
                                    "value": 2016.0013661202186
                                  }
                                }
                              },
                              {
                                "branch_attrs": {
                                  "mutations": {}
                                },
                                "children": [
                                  {
                                    "branch_attrs": {
                                      "mutations": {}
                                    },
                                    "name": "N09_1663B",
                                    "node_attrs": {
                                      "accession": "KY674941",
                                      "country": {
                                        "value": "usa"
                                      },
                                      "div": 0.00260111633482511,
                                      "num_date": {
                                        "confidence": [
                                          2016.0013661202186,
                                          2016.9986338797814
                                        ],
                                        "value": 2016.029962550643
                                      }
                                    }
                                  },
                                  {
                                    "branch_attrs": {
                                      "mutations": {}
                                    },
                                    "name": "N09_1605B",
                                    "node_attrs": {
                                      "accession": "KY674943",
                                      "country": {
                                        "value": "usa"
                                      },
                                      "div": 0.00260111633482511,
                                      "num_date": {
                                        "confidence": [
                                          2016.0013661202186,
                                          2016.9986338797814
                                        ],
                                        "value": 2016.029962550643
                                      }
                                    }
                                  }
                                ],
                                "name": "NODE_0000018",
                                "node_attrs": {
                                  "div": 0.00260111633482511,
                                  "num_date": {
                                    "confidence": [
                                      2007.875875645151,
                                      2016.9428679459247
                                    ],
                                    "value": 2013.2887262241866
                                  }
                                }
                              }
                            ],
                            "name": "NODE_0000025",
                            "node_attrs": {
                              "div": 0.00260111633482511,
                              "num_date": {
                                "confidence": [
                                  2006.8729603784782,
                                  2016.8810956145744
                                ],
                                "value": 2011.6124632391904
                              }
                            }
                          }
                        ],
                        "name": "NODE_0000017",
                        "node_attrs": {
                          "div": 0.0017346731766078435,
                          "num_date": {
                            "confidence": [
                              1996.6986026286486,
                              2009.9493150684932
                            ],
                            "value": 2008.921944102983
                          }
                        }
                      }
                    ],
                    "name": "NODE_0000015",
                    "node_attrs": {
                      "div": 0.0017346731766078435,
                      "num_date": {
                        "confidence": [
                          1997.3656397037253,
                          2009.8377866912167
                        ],
                        "value": 2003.7768241122208
                      }
                    }
                  }
                ],
                "name": "NODE_0000008",
                "node_attrs": {
                  "div": 0.0017346731766078435,
                  "num_date": {
                    "confidence": [
                      1997.5732405680476,
                      2009.6839949139712
                    ],
                    "value": 2002.4890943185917
                  }
                }
              }
            ],
            "name": "NODE_0000014",
            "node_attrs": {
              "div": 0.0017346731766078435,
              "num_date": {
                "confidence": [
                  1997.5979875103562,
                  2009.556226244353
                ],
                "value": 2001.7638529462606
              }
            }
          }
        ],
        "name": "NODE_0000013",
        "node_attrs": {
          "div": 3.150455661802008e-22,
          "num_date": {
            "confidence": [
              1801.6725262849284,
              2005.1712328767123
            ],
            "value": 1998.8508054085305
          }
        }
      }
    ],
    "name": "NODE_0000000",
    "node_attrs": {
      "div": 0,
      "num_date": {
        "confidence": [
          1801.6744726310624,
          2004.9162002701967
        ],
        "value": 1995.9927690430072
      }
    }
  },
  "version": "v2"
}