{
  "meta": {
    "colorings": [
      {
        "key": "num_date",
        "title": "Sampling date",
        "type": "continuous"
      },
      {
        "key": "gt",
        "title": "Genotype",
        "type": "categorical"
      },
      {
        "key": "country",
        "title": "country",
        "type": "categorical"
      }
    ],
    "display_defaults": {
      "color_by": "country",
      "map_triplicate": true
    },
    "filters": [
      "host"
    ],
    "genome_annotations": {
      "nuc": {
        "end": 1326,
        "seqid": "config/hku1_nucleocapsid_reference.gb",
        "start": 1,
        "strand": "+",
        "type": "source"
      }
    },
    "maintainers": [
      {
        "name": "Katie Kistler"
      }
    ],
    "panels": [
      "tree"
    ],
    "title": "Genetic diversity of seasonal coronaviruses. Data collected by Vipr",
    "updated": "2020-04-18"
  },
  "tree": {
    "branch_attrs": {
      "mutations": {}
    },
    "children": [
      {
        "branch_attrs": {
          "mutations": {
            "nuc": [
              "T22C",
              "C83T",
              "A101G",
              "T102C",
              "T103C",
              "C105T",
              "T113A",
              "A130C",
              "T138C",
              "T171C",
              "A172C",
              "C198T",
              "C204T",
              "T207C",
              "T238C",
              "T255A",
              "T266A",
              "A270G",
              "G271A",
              "G305A",
              "G311A",
              "G360A",
              "C390T",
              "A401G",
              "G403T",
              "T418G",
              "T422A",
              "G429T",
              "G430A",
              "T441C",
              "A446G",
              "C467T",
              "T484G",
              "C500T",
              "C526T",
              "T591C",
              "A594G",
              "A681G",
              "C705T",
              "A710G",
              "T717C",
              "A720G",
              "T759C",
              "C771T",
              "C780T",
              "C797T",
              "T798G",
              "C829T",
              "A830T",
              "T867G",
              "T868C",
              "C869T",
              "T870C",
              "G886T",
              "G921A",
              "A936T",
              "T972C",
              "G988T",
              "G999C",
              "C1002T",
              "G1005T",
              "C1011T",
              "G1018T",
              "T1019C",
              "T1026C",
              "G1027A",
              "T1028C",
              "T1208C"
            ]
          }
        },
        "children": [
          {
            "branch_attrs": {
              "mutations": {
                "nuc": [
                  "C423T"
                ]
              }
            },
            "children": [
              {
                "branch_attrs": {
                  "mutations": {
                    "nuc": [
                      "T633C"
                    ]
                  }
                },
                "name": "12MYKL1217",
                "node_attrs": {
                  "accession": "KR055550",
                  "country": {
                    "value": "malaysia"
                  },
                  "div": 0.028424778575454775,
                  "num_date": {
                    "confidence": [
                      2012.0013661202186,
                      2012.8978833885808
                    ],
                    "value": 2012.0013661202186
                  }
                }
              },
              {
                "branch_attrs": {
                  "mutations": {
                    "nuc": [
                      "C497T",
                      "C887T",
                      "A951C"
                    ]
                  }
                },
                "name": "12MYKL1061",
                "node_attrs": {
                  "accession": "KR055545",
                  "country": {
                    "value": "malaysia"
                  },
                  "div": 0.02993881383852271,
                  "num_date": {
                    "confidence": [
                      2012.1048427949881,
                      2012.9986338797814
                    ],
                    "value": 2012.9986338797814
                  }
                }
              }
            ],
            "name": "NODE_0000018",
            "node_attrs": {
              "div": 0.027669287498876375,
              "num_date": {
                "confidence": [
                  1987.515768275586,
                  2012.967580849483
                ],
                "value": 2003.6516271799521
              }
            }
          },
          {
            "branch_attrs": {
              "mutations": {
                "nuc": [
                  "A417T"
                ]
              }
            },
            "children": [
              {
                "branch_attrs": {
                  "mutations": {
                    "nuc": [
                      "T633G",
                      "T1044C"
                    ]
                  }
                },
                "children": [
                  {
                    "branch_attrs": {
                      "mutations": {
                        "nuc": [
                          "C1007T"
                        ]
                      }
                    },
                    "name": "HKU1/human/USA/HKU1_1/2005",
                    "node_attrs": {
                      "accession": "KF686338",
                      "country": {
                        "value": "usa"
                      },
                      "div": 0.029935950623217543,
                      "num_date": {
                        "confidence": [
                          2005.1328767123289,
                          2005.1328767123289
                        ],
                        "value": 2005.1328767123289
                      }
                    }
                  },
                  {
                    "branch_attrs": {
                      "mutations": {}
                    },
                    "name": "N08_87",
                    "node_attrs": {
                      "accession": "KY674921",
                      "country": {
                        "value": "usa"
                      },
                      "div": 0.02918075388783519,
                      "num_date": {
                        "confidence": [
                          2016.0013661202186,
                          2016.8989071038252
                        ],
                        "value": 2016.0013661202186
                      }
                    }
                  }
                ],
                "name": "NODE_0000015",
                "node_attrs": {
                  "div": 0.029180753887835188,
                  "num_date": {
                    "confidence": [
                      1988.306651935443,
                      2005.1328767123289
                    ],
                    "value": 2003.5806156366718
                  }
                }
              },
              {
                "branch_attrs": {
                  "mutations": {
                    "nuc": [
                      "C887T"
                    ]
                  }
                },
                "children": [
                  {
                    "branch_attrs": {
                      "mutations": {
                        "nuc": [
                          "T376G",
                          "C381T",
                          "G382C",
                          "G383T",
                          "T384A",
                          "A385C",
                          "C386T",
                          "G388C",
                          "C391A"
                        ]
                      }
                    },
                    "name": "12MYKL0407",
                    "node_attrs": {
                      "accession": "KR055535",
                      "country": {
                        "value": "malaysia"
                      },
                      "div": 0.03527067382247627,
                      "num_date": {
                        "confidence": [
                          2012.1080747408641,
                          2012.9986338797814
                        ],
                        "value": 2012.9986338797814
                      }
                    }
                  },
                  {
                    "branch_attrs": {
                      "mutations": {}
                    },
                    "children": [
                      {
                        "branch_attrs": {
                          "mutations": {
                            "nuc": [
                              "C172T"
                            ]
                          }
                        },
                        "children": [
                          {
                            "branch_attrs": {
                              "mutations": {
                                "nuc": [
                                  "A951C"
                                ]
                              }
                            },
                            "name": "12MYKL0163",
                            "node_attrs": {
                              "accession": "KR055532",
                              "country": {
                                "value": "malaysia"
                              },
                              "div": 0.02993571182503042,
                              "num_date": {
                                "confidence": [
                                  2012.0013661202186,
                                  2012.895054975392
                                ],
                                "value": 2012.0013661202186
                              }
                            }
                          },
                          {
                            "branch_attrs": {
                              "mutations": {
                                "nuc": [
                                  "C278T"
                                ]
                              }
                            },
                            "name": "12MYKL0790",
                            "node_attrs": {
                              "accession": "KR055542",
                              "country": {
                                "value": "malaysia"
                              },
                              "div": 0.02993576082615597,
                              "num_date": {
                                "confidence": [
                                  2012.0013661202186,
                                  2012.8950990891283
                                ],
                                "value": 2012.0013661202186
                              }
                            }
                          }
                        ],
                        "name": "NODE_0000005",
                        "node_attrs": {
                          "div": 0.029180119311012023,
                          "num_date": {
                            "confidence": [
                              1992.2726323448653,
                              2012.9676277537558
                            ],
                            "value": 2006.8553743752618
                          }
                        }
                      },
                      {
                        "branch_attrs": {
                          "mutations": {}
                        },
                        "children": [
                          {
                            "branch_attrs": {
                              "mutations": {}
                            },
                            "children": [
                              {
                                "branch_attrs": {
                                  "mutations": {}
                                },
                                "name": "12MYKL0529",
                                "node_attrs": {
                                  "accession": "KR055537",
                                  "country": {
                                    "value": "malaysia"
                                  },
                                  "div": 0.028424675258953053,
                                  "num_date": {
                                    "confidence": [
                                      2012.0013661202186,
                                      2012.9986338797814
                                    ],
                                    "value": 2012.3906759018214
                                  }
                                }
                              },
                              {
                                "branch_attrs": {
                                  "mutations": {}
                                },
                                "name": "12MYKL0181",
                                "node_attrs": {
                                  "accession": "KR055533",
                                  "country": {
                                    "value": "malaysia"
                                  },
                                  "div": 0.028424675258953053,
                                  "num_date": {
                                    "confidence": [
                                      2012.0013661202186,
                                      2012.9986338797814
                                    ],
                                    "value": 2012.3906759018214
                                  }
                                }
                              }
                            ],
                            "name": "NODE_0000027",
                            "node_attrs": {
                              "div": 0.02842467525895305,
                              "num_date": {
                                "confidence": [
                                  1989.3413269643802,
                                  2012.9676511633108
                                ],
                                "value": 2006.873536994106
                              }
                            }
                          },
                          {
                            "branch_attrs": {
                              "mutations": {}
                            },
                            "children": [
                              {
                                "branch_attrs": {
                                  "mutations": {
                                    "nuc": [
                                      "C144T"
                                    ]
                                  }
                                },
                                "name": "12MYKL1058",
                                "node_attrs": {
                                  "accession": "KR055544",
                                  "country": {
                                    "value": "malaysia"
                                  },
                                  "div": 0.02918011931101203,
                                  "num_date": {
                                    "confidence": [
                                      2012.0013661202186,
                                      2012.9986338797814
                                    ],
                                    "value": 2012.1883734864828
                                  }
                                }
                              },
                              {
                                "branch_attrs": {
                                  "mutations": {}
                                },
                                "children": [
                                  {
                                    "branch_attrs": {
                                      "mutations": {}
                                    },
                                    "name": "12MYKL0759",
                                    "node_attrs": {
                                      "accession": "KR055540",
                                      "country": {
                                        "value": "malaysia"
                                      },
                                      "div": 0.028424675258953057,
                                      "num_date": {
                                        "confidence": [
                                          2012.0013661202186,
                                          2012.8960442662772
                                        ],
                                        "value": 2012.0013661202186
                                      }
                                    }
                                  },
                                  {
                                    "branch_attrs": {
                                      "mutations": {}
                                    },
                                    "name": "12MYKL0777",
                                    "node_attrs": {
                                      "accession": "KR055541",
                                      "country": {
                                        "value": "malaysia"
                                      },
                                      "div": 0.028424675258953057,
                                      "num_date": {
                                        "confidence": [
                                          2012.0013661202186,
                                          2012.8960442662772
                                        ],
                                        "value": 2012.0013661202186
                                      }
                                    }
                                  }
                                ],
                                "name": "NODE_0000030",
                                "node_attrs": {
                                  "div": 0.028424675258953053,
                                  "num_date": {
                                    "confidence": [
                                      1989.4906480270895,
                                      2012.9676511633108
                                    ],
                                    "value": 2006.873536994106
                                  }
                                }
                              }
                            ],
                            "name": "NODE_0000028",
                            "node_attrs": {
                              "div": 0.02842467525895305,
                              "num_date": {
                                "confidence": [
                                  1989.4548575797662,
                                  2012.9075917234218
                                ],
                                "value": 2004.7753359060073
                              }
                            }
                          }
                        ],
                        "name": "NODE_0000025",
                        "node_attrs": {
                          "div": 0.028424675258953046,
                          "num_date": {
                            "confidence": [
                              1988.7556396677246,
                              2012.7573824721103
                            ],
                            "value": 2004.244733041864
                          }
                        }
                      }
                    ],
                    "name": "NODE_0000013",
                    "node_attrs": {
                      "div": 0.028424675258953043,
                      "num_date": {
                        "confidence": [
                          1988.2730276865636,
                          2012.4222090654039
                        ],
                        "value": 2001.2676427974025
                      }
                    }
                  }
                ],
                "name": "NODE_0000006",
                "node_attrs": {
                  "div": 0.02842467525895304,
                  "num_date": {
                    "confidence": [
                      1894.8902669695462,
                      2012.3348146266494
                    ],
                    "value": 1998.6342828327533
                  }
                }
              },
              {
                "branch_attrs": {
                  "mutations": {}
                },
                "children": [
                  {
                    "branch_attrs": {
                      "mutations": {
                        "nuc": [
                          "A951C"
                        ]
                      }
                    },
                    "children": [
                      {
                        "branch_attrs": {
                          "mutations": {}
                        },
                        "name": "12MYKL0323",
                        "node_attrs": {
                          "accession": "KR055534",
                          "country": {
                            "value": "malaysia"
                          },
                          "div": 0.028424626278666185,
                          "num_date": {
                            "confidence": [
                              2012.0013661202186,
                              2012.8978294769117
                            ],
                            "value": 2012.0013661202186
                          }
                        }
                      },
                      {
                        "branch_attrs": {
                          "mutations": {
                            "nuc": [
                              "T633G",
                              "A689C",
                              "A861G",
                              "C887T"
                            ]
                          }
                        },
                        "name": "13MYKL1997",
                        "node_attrs": {
                          "accession": "KR055553",
                          "country": {
                            "value": "malaysia"
                          },
                          "div": 0.03146240006616764,
                          "num_date": {
                            "confidence": [
                              2013.1111462213826,
                              2013.9986301369863
                            ],
                            "value": 2013.9986301369863
                          }
                        }
                      }
                    ],
                    "name": "NODE_0000008",
                    "node_attrs": {
                      "div": 0.028424626278666182,
                      "num_date": {
                        "confidence": [
                          1986.840478607319,
                          2012.9676511633108
                        ],
                        "value": 2004.8213244830201
                      }
                    }
                  },
                  {
                    "branch_attrs": {
                      "mutations": {}
                    },
                    "children": [
                      {
                        "branch_attrs": {
                          "mutations": {}
                        },
                        "children": [
                          {
                            "branch_attrs": {
                              "mutations": {
                                "nuc": [
                                  "G681C"
                                ]
                              }
                            },
                            "name": "12MYKL0447",
                            "node_attrs": {
                              "accession": "KR055536",
                              "country": {
                                "value": "malaysia"
                              },
                              "div": 0.028425061029820127,
                              "num_date": {
                                "confidence": [
                                  2012.0013661202186,
                                  2012.9986338797814
                                ],
                                "value": 2012.1685624928507
                              }
                            }
                          },
                          {
                            "branch_attrs": {
                              "mutations": {
                                "nuc": [
                                  "C92T",
                                  "A911G"
                                ]
                              }
                            },
                            "name": "SC2521",
                            "node_attrs": {
                              "accession": "MK167038",
                              "country": {
                                "value": "usa"
                              },
                              "div": 0.029180566059123125,
                              "num_date": {
                                "confidence": [
                                  2017.0013698630137,
                                  2017.9986301369863
                                ],
                                "value": 2017.454816199029
                              }
                            }
                          }
                        ],
                        "name": "NODE_0000009",
                        "node_attrs": {
                          "div": 0.02766942830328068,
                          "num_date": {
                            "confidence": [
                              1988.727141282614,
                              2012.9676277525098
                            ],
                            "value": 2004.7732354112363
                          }
                        }
                      },
                      {
                        "branch_attrs": {
                          "mutations": {}
                        },
                        "children": [
                          {
                            "branch_attrs": {
                              "mutations": {}
                            },
                            "children": [
                              {
                                "branch_attrs": {
                                  "mutations": {}
                                },
                                "name": "12MYKL0841",
                                "node_attrs": {
                                  "accession": "KR055543",
                                  "country": {
                                    "value": "malaysia"
                                  },
                                  "div": 0.027669428303280688,
                                  "num_date": {
                                    "confidence": [
                                      2012.0013661202186,
                                      2012.8939863713047
                                    ],
                                    "value": 2012.0013661202186
                                  }
                                }
                              },
                              {
                                "branch_attrs": {
                                  "mutations": {}
                                },
                                "name": "12MYKL0624",
                                "node_attrs": {
                                  "accession": "KR055538",
                                  "country": {
                                    "value": "malaysia"
                                  },
                                  "div": 0.027669428303280688,
                                  "num_date": {
                                    "confidence": [
                                      2012.0013661202186,
                                      2012.8939863713047
                                    ],
                                    "value": 2012.0013661202186
                                  }
                                }
                              }
                            ],
                            "name": "NODE_0000011",
                            "node_attrs": {
                              "div": 0.027669428303280685,
                              "num_date": {
                                "confidence": [
                                  1989.4051991970598,
                                  2012.9676511633108
                                ],
                                "value": 2006.873536994106
                              }
                            }
                          },
                          {
                            "branch_attrs": {
                              "mutations": {}
                            },
                            "children": [
                              {
                                "branch_attrs": {
                                  "mutations": {}
                                },
                                "name": "12MYKL0737",
                                "node_attrs": {
                                  "accession": "KR055539",
                                  "country": {
                                    "value": "malaysia"
                                  },
                                  "div": 0.027669428303280688,
                                  "num_date": {
                                    "confidence": [
                                      2012.0013661202186,
                                      2012.893079298604
                                    ],
                                    "value": 2012.0013661202186
                                  }
                                }
                              },
                              {
                                "branch_attrs": {
                                  "mutations": {
                                    "nuc": [
                                      "T945C"
                                    ]
                                  }
                                },
                                "name": "SI17244",
                                "node_attrs": {
                                  "accession": "MH940245",
                                  "country": {
                                    "value": "thailand"
                                  },
                                  "div": 0.028424478324944515,
                                  "num_date": {
                                    "confidence": [
                                      2017.4232876712329,
                                      2017.4232876712329
                                    ],
                                    "value": 2017.4232876712329
                                  }
                                }
                              }
                            ],
                            "name": "NODE_0000012",
                            "node_attrs": {
                              "div": 0.027669428303280685,
                              "num_date": {
                                "confidence": [
                                  1987.400027260882,
                                  2012.9676511633108
                                ],
                                "value": 2006.873536994106
                              }
                            }
                          }
                        ],
                        "name": "NODE_0000010",
                        "node_attrs": {
                          "div": 0.02766942830328068,
                          "num_date": {
                            "confidence": [
                              1989.3163659285046,
                              2012.9075917234218
                            ],
                            "value": 2004.9263676934986
                          }
                        }
                      }
                    ],
                    "name": "NODE_0000007",
                    "node_attrs": {
                      "div": 0.027669428303280678,
                      "num_date": {
                        "confidence": [
                          1988.3088268141,
                          2012.558198176615
                        ],
                        "value": 2003.9151493951076
                      }
                    }
                  }
                ],
                "name": "NODE_0000031",
                "node_attrs": {
                  "div": 0.027669428303280674,
                  "num_date": {
                    "confidence": [
                      1976.3074861774962,
                      2012.348715152234
                    ],
                    "value": 2001.1743739712067
                  }
                }
              }
            ],
            "name": "NODE_0000016",
            "node_attrs": {
              "div": 0.02766942830328067,
              "num_date": {
                "confidence": [
                  1880.392369548284,
                  2005.0727821388418
                ],
                "value": 1995.466028078129
              }
            }
          }
        ],
        "name": "NODE_0000017",
        "node_attrs": {
          "div": 0.02691379650880721,
          "num_date": {
            "confidence": [
              1865.1636133008783,
              2004.985374362089
            ],
            "value": 1992.341980143677
          }
        }
      },
      {
        "branch_attrs": {
          "mutations": {}
        },
        "children": [
          {
            "branch_attrs": {
              "mutations": {
                "nuc": [
                  "G96A",
                  "C173T",
                  "A259C",
                  "C278T",
                  "T279C",
                  "A350C",
                  "T484C",
                  "T718C",
                  "T822C",
                  "G999T",
                  "T1008C"
                ]
              }
            },
            "children": [
              {
                "branch_attrs": {
                  "mutations": {}
                },
                "name": "HKU1/human/USA/1102/2005",
                "node_attrs": {
                  "accession": "KF850450",
                  "country": {
                    "value": "usa"
                  },
                  "div": 0.03302295243056072,
                  "num_date": {
                    "confidence": [
                      2005.2698630136986,
                      2005.2698630136986
                    ],
                    "value": 2005.2698630136986
                  }
                }
              },
              {
                "branch_attrs": {
                  "mutations": {
                    "nuc": [
                      "C1133T"
                    ]
                  }
                },
                "name": "HKU1/human/USA/HKU1_4/2005",
                "node_attrs": {
                  "accession": "KF430196",
                  "country": {
                    "value": "usa"
                  },
                  "div": 0.03377907090453223,
                  "num_date": {
                    "confidence": [
                      2005.2972602739726,
                      2005.2972602739726
                    ],
                    "value": 2005.2972602739726
                  }
                }
              }
            ],
            "name": "NODE_0000020",
            "node_attrs": {
              "div": 0.03302295243056072,
              "num_date": {
                "confidence": [
                  1990.1332205322387,
                  2005.2698630136986
                ],
                "value": 1999.146025410351
              }
            }
          },
          {
            "branch_attrs": {
              "mutations": {
                "nuc": [
                  "T669A"
                ]
              }
            },
            "children": [
              {
                "branch_attrs": {
                  "mutations": {
                    "nuc": [
                      "G415C",
                      "T1210C",
                      "T1216C"
                    ]
                  }
                },
                "name": "Caen1",
                "node_attrs": {
                  "accession": "HM034837",
                  "country": {
                    "value": "france"
                  },
                  "div": 0.02921611265502868,
                  "num_date": {
                    "confidence": [
                      2005.1712328767123,
                      2005.1712328767123
                    ],
                    "value": 2005.1712328767123
                  }
                }
              },
              {
                "branch_attrs": {
                  "mutations": {
                    "nuc": [
                      "T756C"
                    ]
                  }
                },
                "children": [
                  {
                    "branch_attrs": {
                      "mutations": {
                        "nuc": [
                          "T798A",
                          "C876T"
                        ]
                      }
                    },
                    "children": [
                      {
                        "branch_attrs": {
                          "mutations": {
                            "nuc": [
                              "G96A",
                              "A405C",
                              "G429A",
                              "T541C",
                              "C705T",
                              "T738A",
                              "C780T"
                            ]
                          }
                        },
                        "name": "SC2628",
                        "node_attrs": {
                          "accession": "KY983584",
                          "country": {
                            "value": "usa"
                          },
                          "div": 0.034536275904893915,
                          "num_date": {
                            "confidence": [
                              2015.0013698630137,
                              2015.9001061482938
                            ],
                            "value": 2015.0013698630137
                          }
                        }
                      },
                      {
                        "branch_attrs": {
                          "mutations": {
                            "nuc": [
                              "G984C",
                              "G999T",
                              "G1040A",
                              "T1077A",
                              "T1080C",
                              "A1105G",
                              "G1117A",
                              "T1148A",
                              "G1154A",
                              "C1159T",
                              "C1165T",
                              "C1199T",
                              "T1203A",
                              "T1207C",
                              "T1208A",
                              "A1235G"
                            ]
                          }
                        },
                        "children": [
                          {
                            "branch_attrs": {
                              "mutations": {
                                "nuc": [
                                  "T1125C"
                                ]
                              }
                            },
                            "name": "HKU1",
                            "node_attrs": {
                              "accession": "AY597011",
                              "country": {
                                "value": "usa"
                              },
                              "div": 0.04221953124243764,
                              "num_date": {
                                "confidence": [
                                  2010.0013698630137,
                                  2010.898904109589
                                ],
                                "value": 2010.0013698630137
                              }
                            }
                          },
                          {
                            "branch_attrs": {
                              "mutations": {
                                "nuc": [
                                  "G96A",
                                  "C705T",
                                  "T738A",
                                  "C780T",
                                  "T1296C"
                                ]
                              }
                            },
                            "children": [
                              {
                                "branch_attrs": {
                                  "mutations": {
                                    "nuc": [
                                      "A405C",
                                      "T541C"
                                    ]
                                  }
                                },
                                "name": "HKU1/human/USA/HKU1_15/2009",
                                "node_attrs": {
                                  "accession": "KF686344",
                                  "country": {
                                    "value": "usa"
                                  },
                                  "div": 0.0467805716215495,
                                  "num_date": {
                                    "confidence": [
                                      2009.990410958904,
                                      2009.990410958904
                                    ],
                                    "value": 2009.990410958904
                                  }
                                }
                              },
                              {
                                "branch_attrs": {
                                  "mutations": {}
                                },
                                "children": [
                                  {
                                    "branch_attrs": {
                                      "mutations": {}
                                    },
                                    "name": "BJ01_p3",
                                    "node_attrs": {
                                      "accession": "KT779555",
                                      "country": {
                                        "value": "china"
                                      },
                                      "div": 0.0452625214376126,
                                      "num_date": {
                                        "confidence": [
                                          2009.3082191780823,
                                          2009.3082191780823
                                        ],
                                        "value": 2009.3082191780823
                                      }
                                    }
                                  },
                                  {
                                    "branch_attrs": {
                                      "mutations": {}
                                    },
                                    "name": "BJ01_p9",
                                    "node_attrs": {
                                      "accession": "KT779556",
                                      "country": {
                                        "value": "china"
                                      },
                                      "div": 0.0452625214376126,
                                      "num_date": {
                                        "confidence": [
                                          2009.3082191780823,
                                          2009.3082191780823
                                        ],
                                        "value": 2009.3082191780823
                                      }
                                    }
                                  }
                                ],
                                "name": "NODE_0000038",
                                "node_attrs": {
                                  "div": 0.0452625214376126,
                                  "num_date": {
                                    "confidence": [
                                      1981.5259379139886,
                                      2009.3082191780823
                                    ],
                                    "value": 2006.4818325919218
                                  }
                                }
                              },
                              {
                                "branch_attrs": {
                                  "mutations": {
                                    "nuc": [
                                      "T759A"
                                    ]
                                  }
                                },
                                "children": [
                                  {
                                    "branch_attrs": {
                                      "mutations": {
                                        "nuc": [
                                          "C144T"
                                        ]
                                      }
                                    },
                                    "name": "13MYKL1898",
                                    "node_attrs": {
                                      "accession": "KR055552",
                                      "country": {
                                        "value": "malaysia"
                                      },
                                      "div": 0.04678082972212288,
                                      "num_date": {
                                        "confidence": [
                                          2013.0013698630137,
                                          2013.9986301369863
                                        ],
                                        "value": 2013.4267959537199
                                      }
                                    }
                                  },
                                  {
                                    "branch_attrs": {
                                      "mutations": {}
                                    },
                                    "children": [
                                      {
                                        "branch_attrs": {
                                          "mutations": {}
                                        },
                                        "name": "13MYKL1781",
                                        "node_attrs": {
                                          "accession": "KR055551",
                                          "country": {
                                            "value": "malaysia"
                                          },
                                          "div": 0.04602174661315131,
                                          "num_date": {
                                            "confidence": [
                                              2013.0013698630137,
                                              2013.8944891181402
                                            ],
                                            "value": 2013.0013698630137
                                          }
                                        }
                                      },
                                      {
                                        "branch_attrs": {
                                          "mutations": {}
                                        },
                                        "name": "12MYKL1153",
                                        "node_attrs": {
                                          "accession": "KR055548",
                                          "country": {
                                            "value": "malaysia"
                                          },
                                          "div": 0.04602174661315131,
                                          "num_date": {
                                            "confidence": [
                                              2012.0013661202186,
                                              2012.884816427039
                                            ],
                                            "value": 2012.0013661202186
                                          }
                                        }
                                      }
                                    ],
                                    "name": "NODE_0000040",
                                    "node_attrs": {
                                      "div": 0.04602174661315131,
                                      "num_date": {
                                        "confidence": [
                                          1987.7352217170903,
                                          2012.9676511633108
                                        ],
                                        "value": 2006.8133276715632
                                      }
                                    }
                                  },
                                  {
                                    "branch_attrs": {
                                      "mutations": {
                                        "nuc": [
                                          "A951C"
                                        ]
                                      }
                                    },
                                    "children": [
                                      {
                                        "branch_attrs": {
                                          "mutations": {}
                                        },
                                        "name": "12MYKL1214",
                                        "node_attrs": {
                                          "accession": "KR055549",
                                          "country": {
                                            "value": "malaysia"
                                          },
                                          "div": 0.04678078013210133,
                                          "num_date": {
                                            "confidence": [
                                              2012.0013661202186,
                                              2012.89499263119
                                            ],
                                            "value": 2012.0013661202186
                                          }
                                        }
                                      },
                                      {
                                        "branch_attrs": {
                                          "mutations": {}
                                        },
                                        "name": "12MYKL1132",
                                        "node_attrs": {
                                          "accession": "KR055547",
                                          "country": {
                                            "value": "malaysia"
                                          },
                                          "div": 0.04678078013210133,
                                          "num_date": {
                                            "confidence": [
                                              2012.0013661202186,
                                              2012.89499263119
                                            ],
                                            "value": 2012.0013661202186
                                          }
                                        }
                                      },
                                      {
                                        "branch_attrs": {
                                          "mutations": {}
                                        },
                                        "name": "12MYKL1075",
                                        "node_attrs": {
                                          "accession": "KR055546",
                                          "country": {
                                            "value": "malaysia"
                                          },
                                          "div": 0.04678078013210133,
                                          "num_date": {
                                            "confidence": [
                                              2012.0013661202186,
                                              2012.89499263119
                                            ],
                                            "value": 2012.0013661202186
                                          }
                                        }
                                      }
                                    ],
                                    "name": "NODE_0000032",
                                    "node_attrs": {
                                      "div": 0.04678078013210133,
                                      "num_date": {
                                        "confidence": [
                                          1986.9843664965144,
                                          2012.9444141259578
                                        ],
                                        "value": 2011.9684585571335
                                      }
                                    }
                                  }
                                ],
                                "name": "NODE_0000029",
                                "node_attrs": {
                                  "div": 0.04602174661315131,
                                  "num_date": {
                                    "confidence": [
                                      1987.4330826099178,
                                      2012.8861749983557
                                    ],
                                    "value": 2004.8862075857678
                                  }
                                }
                              }
                            ],
                            "name": "NODE_0000026",
                            "node_attrs": {
                              "div": 0.0452625214376126,
                              "num_date": {
                                "confidence": [
                                  1979.3454140663634,
                                  2009.2462557396766
                                ],
                                "value": 2003.8123916170657
                              }
                            }
                          }
                        ],
                        "name": "NODE_0000024",
                        "node_attrs": {
                          "div": 0.041461436261862036,
                          "num_date": {
                            "confidence": [
                              1871.4301732425345,
                              2009.184128249468
                            ],
                            "value": 1998.9485133606179
                          }
                        }
                      }
                    ],
                    "name": "NODE_0000023",
                    "node_attrs": {
                      "div": 0.02921457550826792,
                      "num_date": {
                        "confidence": [
                          740.9041128483436,
                          2009.1236668232075
                        ],
                        "value": 1972.6981563575596
                      }
                    }
                  },
                  {
                    "branch_attrs": {
                      "mutations": {
                        "nuc": [
                          "A629C"
                        ]
                      }
                    },
                    "children": [
                      {
                        "branch_attrs": {
                          "mutations": {
                            "nuc": [
                              "C807T"
                            ]
                          }
                        },
                        "name": "HKU1/human/USA/HKU1_16/2010",
                        "node_attrs": {
                          "accession": "KF430200",
                          "country": {
                            "value": "usa"
                          },
                          "div": 0.02921243845463772,
                          "num_date": {
                            "confidence": [
                              2010.0205479452054,
                              2010.0205479452054
                            ],
                            "value": 2010.0205479452054
                          }
                        }
                      },
                      {
                        "branch_attrs": {
                          "mutations": {
                            "nuc": [
                              "T1127C"
                            ]
                          }
                        },
                        "children": [
                          {
                            "branch_attrs": {
                              "mutations": {}
                            },
                            "name": "HKU1/human/USA/HKU1_5/2009",
                            "node_attrs": {
                              "accession": "KF686340",
                              "country": {
                                "value": "usa"
                              },
                              "div": 0.029212240716888264,
                              "num_date": {
                                "confidence": [
                                  2009.9082191780822,
                                  2009.9082191780822
                                ],
                                "value": 2009.9082191780822
                              }
                            }
                          },
                          {
                            "branch_attrs": {
                              "mutations": {}
                            },
                            "name": "HKU1/human/USA/HKU1_3/2009",
                            "node_attrs": {
                              "accession": "KF686339",
                              "country": {
                                "value": "usa"
                              },
                              "div": 0.029212240716888264,
                              "num_date": {
                                "confidence": [
                                  2009.831506849315,
                                  2009.831506849315
                                ],
                                "value": 2009.831506849315
                              }
                            }
                          }
                        ],
                        "name": "NODE_0000039",
                        "node_attrs": {
                          "div": 0.02921224071688826,
                          "num_date": {
                            "confidence": [
                              1999.0007832030713,
                              2009.831506849315
                            ],
                            "value": 2007.0051202631546
                          }
                        }
                      },
                      {
                        "branch_attrs": {
                          "mutations": {
                            "nuc": [
                              "A273C"
                            ]
                          }
                        },
                        "children": [
                          {
                            "branch_attrs": {
                              "mutations": {}
                            },
                            "name": "HKU1/human/USA/HKU1_11/2009",
                            "node_attrs": {
                              "accession": "KF686342",
                              "country": {
                                "value": "usa"
                              },
                              "div": 0.02921238925887451,
                              "num_date": {
                                "confidence": [
                                  2009.9493150684932,
                                  2009.9493150684932
                                ],
                                "value": 2009.9493150684932
                              }
                            }
                          },
                          {
                            "branch_attrs": {
                              "mutations": {}
                            },
                            "children": [
                              {
                                "branch_attrs": {
                                  "mutations": {}
                                },
                                "name": "HKU1/human/USA/HKU1_13/2010",
                                "node_attrs": {
                                  "accession": "KF686343",
                                  "country": {
                                    "value": "usa"
                                  },
                                  "div": 0.029212389258874514,
                                  "num_date": {
                                    "confidence": [
                                      2010.0205479452054,
                                      2010.0205479452054
                                    ],
                                    "value": 2010.0205479452054
                                  }
                                }
                              },
                              {
                                "branch_attrs": {
                                  "mutations": {}
                                },
                                "name": "HKU1/human/USA/HKU1_12/2010",
                                "node_attrs": {
                                  "accession": "KF686346",
                                  "country": {
                                    "value": "usa"
                                  },
                                  "div": 0.029212389258874514,
                                  "num_date": {
                                    "confidence": [
                                      2010.0232876712328,
                                      2010.0232876712328
                                    ],
                                    "value": 2010.0232876712328
                                  }
                                }
                              }
                            ],
                            "name": "NODE_0000045",
                            "node_attrs": {
                              "div": 0.02921238925887451,
                              "num_date": {
                                "confidence": [
                                  1997.3743468493074,
                                  2010.0205479452054
                                ],
                                "value": 2007.194161359045
                              }
                            }
                          }
                        ],
                        "name": "NODE_0000035",
                        "node_attrs": {
                          "div": 0.029212389258874507,
                          "num_date": {
                            "confidence": [
                              1997.0913884836405,
                              2009.9493150684932
                            ],
                            "value": 2005.0554096704645
                          }
                        }
                      },
                      {
                        "branch_attrs": {
                          "mutations": {}
                        },
                        "children": [
                          {
                            "branch_attrs": {
                              "mutations": {}
                            },
                            "children": [
                              {
                                "branch_attrs": {
                                  "mutations": {}
                                },
                                "name": "HKU1/human/USA/HKU1_14/2009",
                                "node_attrs": {
                                  "accession": "KF430199",
                                  "country": {
                                    "value": "usa"
                                  },
                                  "div": 0.028455815891602163,
                                  "num_date": {
                                    "confidence": [
                                      2009.990410958904,
                                      2009.990410958904
                                    ],
                                    "value": 2009.990410958904
                                  }
                                }
                              },
                              {
                                "branch_attrs": {
                                  "mutations": {}
                                },
                                "children": [
                                  {
                                    "branch_attrs": {
                                      "mutations": {}
                                    },
                                    "name": "HKU1/human/USA/HKU1_20/2010",
                                    "node_attrs": {
                                      "accession": "KF686345",
                                      "country": {
                                        "value": "usa"
                                      },
                                      "div": 0.028455815891602166,
                                      "num_date": {
                                        "confidence": [
                                          2010.0808219178082,
                                          2010.0808219178082
                                        ],
                                        "value": 2010.0808219178082
                                      }
                                    }
                                  },
                                  {
                                    "branch_attrs": {
                                      "mutations": {}
                                    },
                                    "name": "HKU1/human/USA/HKU1_18/2010",
                                    "node_attrs": {
                                      "accession": "KF430201",
                                      "country": {
                                        "value": "usa"
                                      },
                                      "div": 0.028455815891602166,
                                      "num_date": {
                                        "confidence": [
                                          2010.058904109589,
                                          2010.058904109589
                                        ],
                                        "value": 2010.058904109589
                                      }
                                    }
                                  }
                                ],
                                "name": "NODE_0000048",
                                "node_attrs": {
                                  "div": 0.028455815891602163,
                                  "num_date": {
                                    "confidence": [
                                      1982.7739942147477,
                                      2010.058904109589
                                    ],
                                    "value": 2007.2325175234287
                                  }
                                }
                              }
                            ],
                            "name": "NODE_0000047",
                            "node_attrs": {
                              "div": 0.02845581589160216,
                              "num_date": {
                                "confidence": [
                                  1981.9217699973976,
                                  2009.990410958904
                                ],
                                "value": 2004.1880666364752
                              }
                            }
                          },
                          {
                            "branch_attrs": {
                              "mutations": {}
                            },
                            "children": [
                              {
                                "branch_attrs": {
                                  "mutations": {}
                                },
                                "name": "HKU1/human/USA/HKU1_10/2010",
                                "node_attrs": {
                                  "accession": "KF686341",
                                  "country": {
                                    "value": "usa"
                                  },
                                  "div": 0.028455815891602163,
                                  "num_date": {
                                    "confidence": [
                                      2010.0424657534247,
                                      2010.0424657534247
                                    ],
                                    "value": 2010.0424657534247
                                  }
                                }
                              },
                              {
                                "branch_attrs": {
                                  "mutations": {}
                                },
                                "children": [
                                  {
                                    "branch_attrs": {
                                      "mutations": {}
                                    },
                                    "name": "HKU1/human/USA/HKU1_7/2010",
                                    "node_attrs": {
                                      "accession": "KF430202",
                                      "country": {
                                        "value": "usa"
                                      },
                                      "div": 0.028455815891602166,
                                      "num_date": {
                                        "confidence": [
                                          2010.0068493150684,
                                          2010.0068493150684
                                        ],
                                        "value": 2010.0068493150684
                                      }
                                    }
                                  },
                                  {
                                    "branch_attrs": {
                                      "mutations": {}
                                    },
                                    "children": [
                                      {
                                        "branch_attrs": {
                                          "mutations": {}
                                        },
                                        "name": "N09_1663B",
                                        "node_attrs": {
                                          "accession": "KY674941",
                                          "country": {
                                            "value": "usa"
                                          },
                                          "div": 0.02845581589160217,
                                          "num_date": {
                                            "confidence": [
                                              2016.0013661202186,
                                              2016.8955608357653
                                            ],
                                            "value": 2016.0013661202186
                                          }
                                        }
                                      },
                                      {
                                        "branch_attrs": {
                                          "mutations": {}
                                        },
                                        "children": [
                                          {
                                            "branch_attrs": {
                                              "mutations": {}
                                            },
                                            "name": "N09_1627B",
                                            "node_attrs": {
                                              "accession": "KY674942",
                                              "country": {
                                                "value": "usa"
                                              },
                                              "div": 0.028455815891602173,
                                              "num_date": {
                                                "confidence": [
                                                  2016.0013661202186,
                                                  2016.8945613684002
                                                ],
                                                "value": 2016.0013661202186
                                              }
                                            }
                                          },
                                          {
                                            "branch_attrs": {
                                              "mutations": {}
                                            },
                                            "name": "N09_1605B",
                                            "node_attrs": {
                                              "accession": "KY674943",
                                              "country": {
                                                "value": "usa"
                                              },
                                              "div": 0.028455815891602173,
                                              "num_date": {
                                                "confidence": [
                                                  2016.0013661202186,
                                                  2016.8945613684002
                                                ],
                                                "value": 2016.0013661202186
                                              }
                                            }
                                          }
                                        ],
                                        "name": "NODE_0000052",
                                        "node_attrs": {
                                          "div": 0.02845581589160217,
                                          "num_date": {
                                            "confidence": [
                                              1989.2657087006671,
                                              2016.9444141259578
                                            ],
                                            "value": 2012.303027450653
                                          }
                                        }
                                      }
                                    ],
                                    "name": "NODE_0000051",
                                    "node_attrs": {
                                      "div": 0.028455815891602166,
                                      "num_date": {
                                        "confidence": [
                                          1988.6239839159362,
                                          2016.8242950028389
                                        ],
                                        "value": 2006.619857569906
                                      }
                                    }
                                  }
                                ],
                                "name": "NODE_0000050",
                                "node_attrs": {
                                  "div": 0.028455815891602163,
                                  "num_date": {
                                    "confidence": [
                                      1988.5039962102014,
                                      2010.0068493150684
                                    ],
                                    "value": 2005.0624967027738
                                  }
                                }
                              }
                            ],
                            "name": "NODE_0000049",
                            "node_attrs": {
                              "div": 0.02845581589160216,
                              "num_date": {
                                "confidence": [
                                  1988.202577156214,
                                  2009.9448858766627
                                ],
                                "value": 2004.4368619234667
                              }
                            }
                          }
                        ],
                        "name": "NODE_0000046",
                        "node_attrs": {
                          "div": 0.028455815891602156,
                          "num_date": {
                            "confidence": [
                              1989.1749070839423,
                              2009.8829225358368
                            ],
                            "value": 2001.3756505620372
                          }
                        }
                      }
                    ],
                    "name": "NODE_0000034",
                    "node_attrs": {
                      "div": 0.028455815891602152,
                      "num_date": {
                        "confidence": [
                          1988.459880602832,
                          2009.5263815014137
                        ],
                        "value": 1999.9766947767835
                      }
                    }
                  }
                ],
                "name": "NODE_0000022",
                "node_attrs": {
                  "div": 0.02769879950697956,
                  "num_date": {
                    "confidence": [
                      599.2965260154217,
                      2009.0634050888407
                    ],
                    "value": 1966.3828037735525
                  }
                }
              }
            ],
            "name": "NODE_0000021",
            "node_attrs": {
              "div": 0.02694173385919032,
              "num_date": {
                "confidence": [
                  495.8669426026672,
                  2005.1712328767123
                ],
                "value": 1963.4623471087696
              }
            }
          }
        ],
        "name": "NODE_0000019",
        "node_attrs": {
          "div": 0.025425986348974444,
          "num_date": {
            "confidence": [
              136.7466511000739,
              2005.1091520136777
            ],
            "value": 1958.9899546555282
          }
        }
      }
    ],
    "name": "NODE_0000000",
    "node_attrs": {
      "div": 0,
      "num_date": {
        "confidence": [
          -5232.967552384299,
          2004.8971537470434
        ],
        "value": 1777.930632538205
      }
    }
  },
  "version": "v2"
}