{
  "meta": {
    "colorings": [
      {
        "key": "num_date",
        "title": "Sampling date",
        "type": "continuous"
      },
      {
        "key": "gt",
        "title": "Genotype",
        "type": "categorical"
      },
      {
        "key": "country",
        "title": "country",
        "type": "categorical"
      }
    ],
    "display_defaults": {
      "color_by": "country",
      "map_triplicate": true
    },
    "filters": [
      "host"
    ],
    "genome_annotations": {
      "nuc": {
        "end": 4071,
        "seqid": "config/hku1_spike_reference.gb",
        "start": 1,
        "strand": "+",
        "type": "source"
      }
    },
    "maintainers": [
      {
        "name": "Katie Kistler"
      }
    ],
    "panels": [
      "tree"
    ],
    "title": "Genetic diversity of seasonal coronaviruses. Data collected by Vipr",
    "updated": "2020-04-18"
  },
  "tree": {
    "branch_attrs": {
      "mutations": {}
    },
    "children": [
      {
        "branch_attrs": {
          "mutations": {
            "nuc": [
              "G94A",
              "T250A",
              "T252A",
              "A497T",
              "A814G",
              "C1368T",
              "C1482T",
              "C1958T",
              "C3279T",
              "T3313C",
              "G3498A",
              "C3570T"
            ]
          }
        },
        "name": "Caen1",
        "node_attrs": {
          "accession": "HM034837",
          "country": {
            "value": "france"
          },
          "div": 0.001725653264566129,
          "num_date": {
            "confidence": [
              2005.1712328767123,
              2005.1712328767123
            ],
            "value": 2005.1712328767123
          }
        }
      },
      {
        "branch_attrs": {
          "mutations": {}
        },
        "children": [
          {
            "branch_attrs": {
              "mutations": {
                "nuc": [
                  "G2125A",
                  "G2301T"
                ]
              }
            },
            "name": "HKU1",
            "node_attrs": {
              "accession": "AY597011",
              "country": {
                "value": "usa"
              },
              "div": 0.0017235115782161092,
              "num_date": {
                "confidence": [
                  2010.0013698630137,
                  2010.8140779841544
                ],
                "value": 2010.0013698630137
              }
            }
          },
          {
            "branch_attrs": {
              "mutations": {
                "nuc": [
                  "T82A",
                  "T83A"
                ]
              }
            },
            "children": [
              {
                "branch_attrs": {
                  "mutations": {
                    "nuc": [
                      "T1836C",
                      "G2301T",
                      "T3330C"
                    ]
                  }
                },
                "children": [
                  {
                    "branch_attrs": {
                      "mutations": {
                        "nuc": [
                          "T208G",
                          "G1159A",
                          "A1535G",
                          "T1694C",
                          "T2703C",
                          "T2715C",
                          "T2880C"
                        ]
                      }
                    },
                    "children": [
                      {
                        "branch_attrs": {
                          "mutations": {
                            "nuc": [
                              "C216T",
                              "G441T"
                            ]
                          }
                        },
                        "name": "HKU1/human/USA/HKU1_15/2009",
                        "node_attrs": {
                          "accession": "KF686344",
                          "country": {
                            "value": "usa"
                          },
                          "div": 0.004676118194628747,
                          "num_date": {
                            "confidence": [
                              2009.990410958904,
                              2009.990410958904
                            ],
                            "value": 2009.990410958904
                          }
                        }
                      },
                      {
                        "branch_attrs": {
                          "mutations": {
                            "nuc": [
                              "T130C",
                              "T582C",
                              "T712C",
                              "A1361T",
                              "G2217T",
                              "T2719A",
                              "G3141A"
                            ]
                          }
                        },
                        "name": "SC2628",
                        "node_attrs": {
                          "accession": "KY983584",
                          "country": {
                            "value": "usa"
                          },
                          "div": 0.005906100943873226,
                          "num_date": {
                            "confidence": [
                              2015.0013698630137,
                              2015.88042398122
                            ],
                            "value": 2015.0013698630137
                          }
                        }
                      }
                    ],
                    "name": "NODE_0000004",
                    "node_attrs": {
                      "div": 0.0041845594583027,
                      "num_date": {
                        "confidence": [
                          2004.8335903558907,
                          2009.8740133135325
                        ],
                        "value": 2009.2266429180359
                      }
                    }
                  },
                  {
                    "branch_attrs": {
                      "mutations": {
                        "nuc": [
                          "T676C"
                        ]
                      }
                    },
                    "children": [
                      {
                        "branch_attrs": {
                          "mutations": {}
                        },
                        "name": "HKU1/HTBEC_lab/BRA/HKU1_21/2006",
                        "node_attrs": {
                          "accession": "KF430198",
                          "country": {
                            "value": "brazil"
                          },
                          "div": 0.00270774843207413,
                          "num_date": {
                            "confidence": [
                              2006.0013698630137,
                              2006.9986301369863
                            ],
                            "value": 2006.7853916236413
                          }
                        }
                      },
                      {
                        "branch_attrs": {
                          "mutations": {
                            "nuc": [
                              "A2057G"
                            ]
                          }
                        },
                        "name": "HKU1/HTBEC_lab/BRA/HKU1_23/2006",
                        "node_attrs": {
                          "accession": "KF430203",
                          "country": {
                            "value": "brazil"
                          },
                          "div": 0.00295360742592592,
                          "num_date": {
                            "confidence": [
                              2006.3386642602761,
                              2006.9986301369863
                            ],
                            "value": 2006.9986301369863
                          }
                        }
                      }
                    ],
                    "name": "NODE_0000000",
                    "node_attrs": {
                      "div": 0.0027077484320741046,
                      "num_date": {
                        "confidence": [
                          2005.7452155727603,
                          2006.987331455615
                        ],
                        "value": 2006.4358234329193
                      }
                    }
                  },
                  {
                    "branch_attrs": {
                      "mutations": {
                        "nuc": [
                          "C179G",
                          "A456G",
                          "C506T",
                          "T729C",
                          "T801C",
                          "C1542T",
                          "C3766T"
                        ]
                      }
                    },
                    "children": [
                      {
                        "branch_attrs": {
                          "mutations": {
                            "nuc": [
                              "G314T"
                            ]
                          }
                        },
                        "name": "BJ01_p9",
                        "node_attrs": {
                          "accession": "KT779556",
                          "country": {
                            "value": "china"
                          },
                          "div": 0.0044320790071714945,
                          "num_date": {
                            "confidence": [
                              2009.3082191780823,
                              2009.3082191780823
                            ],
                            "value": 2009.3082191780823
                          }
                        }
                      },
                      {
                        "branch_attrs": {
                          "mutations": {}
                        },
                        "name": "BJ01_p3",
                        "node_attrs": {
                          "accession": "KT779555",
                          "country": {
                            "value": "china"
                          },
                          "div": 0.004186028186854429,
                          "num_date": {
                            "confidence": [
                              2009.3082191780823,
                              2009.3082191780823
                            ],
                            "value": 2009.3082191780823
                          }
                        }
                      }
                    ],
                    "name": "NODE_0000002",
                    "node_attrs": {
                      "div": 0.004186028186854404,
                      "num_date": {
                        "confidence": [
                          2008.5236613711897,
                          2009.3082191780823
                        ],
                        "value": 2009.1640405939713
                      }
                    }
                  }
                ],
                "name": "NODE_0000003",
                "node_attrs": {
                  "div": 0.002461851240991584,
                  "num_date": {
                    "confidence": [
                      1980.9619878509984,
                      2006.9654271800734
                    ],
                    "value": 2006.4289384271365
                  }
                }
              },
              {
                "branch_attrs": {
                  "mutations": {
                    "nuc": [
                      "G590T",
                      "G591C",
                      "T645C",
                      "C864T",
                      "T1850A",
                      "C2255T",
                      "G3288A",
                      "T3552C"
                    ]
                  }
                },
                "children": [
                  {
                    "branch_attrs": {
                      "mutations": {
                        "nuc": [
                          "C179T",
                          "C1435T"
                        ]
                      }
                    },
                    "name": "HKU1/human/USA/HKU1_18/2010",
                    "node_attrs": {
                      "accession": "KF430201",
                      "country": {
                        "value": "usa"
                      },
                      "div": 0.00418778530194805,
                      "num_date": {
                        "confidence": [
                          2010.058904109589,
                          2010.058904109589
                        ],
                        "value": 2010.058904109589
                      }
                    }
                  },
                  {
                    "branch_attrs": {
                      "mutations": {
                        "nuc": [
                          "T1062C",
                          "T2636C",
                          "C3207T",
                          "A3612G"
                        ]
                      }
                    },
                    "children": [
                      {
                        "branch_attrs": {
                          "mutations": {}
                        },
                        "name": "HKU1/human/USA/HKU1_16/2010",
                        "node_attrs": {
                          "accession": "KF430200",
                          "country": {
                            "value": "usa"
                          },
                          "div": 0.004679787740259949,
                          "num_date": {
                            "confidence": [
                              2010.0205479452054,
                              2010.0205479452054
                            ],
                            "value": 2010.0205479452054
                          }
                        }
                      },
                      {
                        "branch_attrs": {
                          "mutations": {}
                        },
                        "name": "HKU1/human/USA/HKU1_20/2010",
                        "node_attrs": {
                          "accession": "KF686345",
                          "country": {
                            "value": "usa"
                          },
                          "div": 0.004679787740259924,
                          "num_date": {
                            "confidence": [
                              2010.0808219178082,
                              2010.0808219178082
                            ],
                            "value": 2010.0808219178082
                          }
                        }
                      }
                    ],
                    "name": "NODE_0000014",
                    "node_attrs": {
                      "div": 0.004679787740259924,
                      "num_date": {
                        "confidence": [
                          2008.4079455431108,
                          2010.0205479452054
                        ],
                        "value": 2009.2415592452426
                      }
                    }
                  },
                  {
                    "branch_attrs": {
                      "mutations": {
                        "nuc": [
                          "T78C",
                          "T1818C",
                          "T3528C"
                        ]
                      }
                    },
                    "children": [
                      {
                        "branch_attrs": {
                          "mutations": {}
                        },
                        "name": "HKU1/human/USA/HKU1_5/2009",
                        "node_attrs": {
                          "accession": "KF686340",
                          "country": {
                            "value": "usa"
                          },
                          "div": 0.004433362371233506,
                          "num_date": {
                            "confidence": [
                              2009.9082191780822,
                              2009.9082191780822
                            ],
                            "value": 2009.9082191780822
                          }
                        }
                      },
                      {
                        "branch_attrs": {
                          "mutations": {}
                        },
                        "name": "HKU1/human/USA/HKU1_3/2009",
                        "node_attrs": {
                          "accession": "KF686339",
                          "country": {
                            "value": "usa"
                          },
                          "div": 0.004433362371233508,
                          "num_date": {
                            "confidence": [
                              2009.831506849315,
                              2009.831506849315
                            ],
                            "value": 2009.831506849315
                          }
                        }
                      }
                    ],
                    "name": "NODE_0000023",
                    "node_attrs": {
                      "div": 0.004433362371233481,
                      "num_date": {
                        "confidence": [
                          2008.4725960225949,
                          2009.831506849315
                        ],
                        "value": 2009.2160475561002
                      }
                    }
                  },
                  {
                    "branch_attrs": {
                      "mutations": {
                        "nuc": [
                          "C1615T",
                          "G3747T"
                        ]
                      }
                    },
                    "children": [
                      {
                        "branch_attrs": {
                          "mutations": {
                            "nuc": [
                              "T2123C"
                            ]
                          }
                        },
                        "name": "HKU1/human/USA/HKU1_13/2010",
                        "node_attrs": {
                          "accession": "KF686343",
                          "country": {
                            "value": "usa"
                          },
                          "div": 0.004433609496224292,
                          "num_date": {
                            "confidence": [
                              2010.0205479452054,
                              2010.0205479452054
                            ],
                            "value": 2010.0205479452054
                          }
                        }
                      },
                      {
                        "branch_attrs": {
                          "mutations": {}
                        },
                        "children": [
                          {
                            "branch_attrs": {
                              "mutations": {}
                            },
                            "name": "HKU1/human/USA/HKU1_12/2010",
                            "node_attrs": {
                              "accession": "KF686346",
                              "country": {
                                "value": "usa"
                              },
                              "div": 0.004187540912755005,
                              "num_date": {
                                "confidence": [
                                  2010.0232876712328,
                                  2010.0232876712328
                                ],
                                "value": 2010.0232876712328
                              }
                            }
                          },
                          {
                            "branch_attrs": {
                              "mutations": {}
                            },
                            "name": "HKU1/human/USA/HKU1_11/2009",
                            "node_attrs": {
                              "accession": "KF686342",
                              "country": {
                                "value": "usa"
                              },
                              "div": 0.004187540912755005,
                              "num_date": {
                                "confidence": [
                                  2009.9493150684932,
                                  2009.9493150684932
                                ],
                                "value": 2009.9493150684932
                              }
                            }
                          }
                        ],
                        "name": "NODE_0000011",
                        "node_attrs": {
                          "div": 0.00418754091275498,
                          "num_date": {
                            "confidence": [
                              2008.4790918887616,
                              2009.9493150684932
                            ],
                            "value": 2009.239975843505
                          }
                        }
                      }
                    ],
                    "name": "NODE_0000024",
                    "node_attrs": {
                      "div": 0.004187540912754955,
                      "num_date": {
                        "confidence": [
                          2008.7921155655513,
                          2009.9267197742438
                        ],
                        "value": 2009.1892703903707
                      }
                    }
                  },
                  {
                    "branch_attrs": {
                      "mutations": {}
                    },
                    "children": [
                      {
                        "branch_attrs": {
                          "mutations": {
                            "nuc": [
                              "T264C"
                            ]
                          }
                        },
                        "name": "HKU1/human/USA/HKU1_7/2010",
                        "node_attrs": {
                          "accession": "KF430202",
                          "country": {
                            "value": "usa"
                          },
                          "div": 0.003941273464137343,
                          "num_date": {
                            "confidence": [
                              2010.0068493150684,
                              2010.0068493150684
                            ],
                            "value": 2010.0068493150684
                          }
                        }
                      },
                      {
                        "branch_attrs": {
                          "mutations": {}
                        },
                        "children": [
                          {
                            "branch_attrs": {
                              "mutations": {}
                            },
                            "name": "HKU1/human/USA/HKU1_14/2009",
                            "node_attrs": {
                              "accession": "KF430199",
                              "country": {
                                "value": "usa"
                              },
                              "div": 0.003695270257444081,
                              "num_date": {
                                "confidence": [
                                  2009.990410958904,
                                  2009.990410958904
                                ],
                                "value": 2009.990410958904
                              }
                            }
                          },
                          {
                            "branch_attrs": {
                              "mutations": {}
                            },
                            "name": "HKU1/human/USA/HKU1_10/2010",
                            "node_attrs": {
                              "accession": "KF686341",
                              "country": {
                                "value": "usa"
                              },
                              "div": 0.003695270257444081,
                              "num_date": {
                                "confidence": [
                                  2010.0424657534247,
                                  2010.0424657534247
                                ],
                                "value": 2010.0424657534247
                              }
                            }
                          }
                        ],
                        "name": "NODE_0000015",
                        "node_attrs": {
                          "div": 0.0036952702574440553,
                          "num_date": {
                            "confidence": [
                              2008.4433058224777,
                              2009.990410958904
                            ],
                            "value": 2009.2591539256969
                          }
                        }
                      }
                    ],
                    "name": "NODE_0000012",
                    "node_attrs": {
                      "div": 0.0036952702574440297,
                      "num_date": {
                        "confidence": [
                          2008.4933878228405,
                          2009.967815642737
                        ],
                        "value": 2009.0101475546082
                      }
                    }
                  }
                ],
                "name": "NODE_0000013",
                "node_attrs": {
                  "div": 0.003695270257444004,
                  "num_date": {
                    "confidence": [
                      2005.3822209580603,
                      2009.6171195158504
                    ],
                    "value": 2008.1894270572488
                  }
                }
              }
            ],
            "name": "NODE_0000005",
            "node_attrs": {
              "div": 0.0017235495263010128,
              "num_date": {
                "confidence": [
                  1972.9330323181127,
                  2006.9335639531948
                ],
                "value": 2005.0638016427104
              }
            }
          }
        ],
        "name": "NODE_0000006",
        "node_attrs": {
          "div": 0.0012313204369904835,
          "num_date": {
            "confidence": [
              1967.7184570047993,
              2006.9010310344786
            ],
            "value": 2004.5851521311502
          }
        }
      }
    ],
    "name": "NODE_0000001",
    "node_attrs": {
      "div": 0,
      "num_date": {
        "confidence": [
          1932.0772667302872,
          2005.1712328767123
        ],
        "value": 2000.2624681388209
      }
    }
  },
  "version": "v2"
}