{
  "title": "Twenty years of West Nile Virus in North America",
  "color_options": {
    "gt": {
      "menuItem": "genotype",
      "legendTitle": "Genotype",
      "type": "discrete",
      "key": "gt"
    },
    "num_date": {
      "menuItem": "date",
      "legendTitle": "Sampling date",
      "type": "continuous",
      "key": "num_date"
    },
    "country": {
      "legendTitle": "Country",
      "type": "discrete",
      "menuItem": "country",
      "key": "country",
      "color_map": [
        [
          "USA",
          "#511ea8"
        ],
        [
          "Mexico",
          "#dc2f24"
        ]
      ]
    },
    "lineage": {
      "legendTitle": "Strain",
      "menuItem": "strain",
      "type": "discrete",
      "key": "lineage"
    },
    "state": {
      "type": "discrete",
      "legendTitle": "state",
      "menuItem": "state",
      "key": "state",
      "color_map": [
        [
          "CT",
          "#440154"
        ],
        [
          "NY",
          "#460a5d"
        ],
        [
          "NJ",
          "#481467"
        ],
        [
          "PA",
          "#481d6f"
        ],
        [
          "MD",
          "#482677"
        ],
        [
          "DC",
          "#472f7d"
        ],
        [
          "VA",
          "#453882"
        ],
        [
          "GA",
          "#424086"
        ],
        [
          "FL",
          "#3f4889"
        ],
        [
          "MI",
          "#3c508b"
        ],
        [
          "OH",
          "#38588c"
        ],
        [
          "IN",
          "#355f8d"
        ],
        [
          "KY",
          "#31668e"
        ],
        [
          "AL",
          "#2f6c8e"
        ],
        [
          "MS",
          "#2c728e"
        ],
        [
          "WI",
          "#29798e"
        ],
        [
          "MN",
          "#27808e"
        ],
        [
          "IL",
          "#24868e"
        ],
        [
          "IA",
          "#228d8d"
        ],
        [
          "MO",
          "#20938c"
        ],
        [
          "AR",
          "#1f9a8a"
        ],
        [
          "LA",
          "#1fa188"
        ],
        [
          "ND",
          "#22a785"
        ],
        [
          "SD",
          "#27ad81"
        ],
        [
          "NE",
          "#2fb47c"
        ],
        [
          "OK",
          "#38b977"
        ],
        [
          "TX",
          "#44bf70"
        ],
        [
          "MT",
          "#52c569"
        ],
        [
          "CO",
          "#60ca60"
        ],
        [
          "NM",
          "#70cf57"
        ],
        [
          "UT",
          "#81d34d"
        ],
        [
          "NV",
          "#93d741"
        ],
        [
          "AZ",
          "#a5db36"
        ],
        [
          "CA",
          "#b8de29"
        ],
        [
          "Chihuahua",
          "#cae11f"
        ],
        [
          "Sopnora",
          "#dde318"
        ],
        [
          "Tamaulipas",
          "#efe51c"
        ]
      ]
    },
    "authors": {
      "legendTitle": "Authors",
      "type": "discrete",
      "menuItem": "authors",
      "key": "authors"
    },
    "host": {
      "legendTitle": "Host Species",
      "type": "discrete",
      "menuItem": "host",
      "key": "host",
      "color_map": [
        [
          "Bird-crow",
          "#3182bd"
        ],
        [
          "Bird-other",
          "#6baed6"
        ],
        [
          "Human",
          "#e6550d"
        ],
        [
          "Mosquito-Aedes",
          "#31a354"
        ],
        [
          "Mosquito-Culex",
          "#74c476"
        ],
        [
          "Mosquito-Culiseta",
          "#a1d99b"
        ],
        [
          "Mosquito-other",
          "#c7e9c0"
        ],
        [
          "Horse",
          "#756bb1"
        ],
        [
          "Unknown",
          "#DDDDDD"
        ]
      ]
    }
  },
  "geo": {
    "state": {
      "CO": {
        "latitude": 38.7251776,
        "longitude": -105.6077166
      },
      "UT": {
        "latitude": 39.4225192,
        "longitude": -111.7143583
      },
      "VA": {
        "latitude": 37.1232245,
        "longitude": -78.492772
      },
      "DC": {
        "latitude": 38.9,
        "longitude": -77.0
      },
      "NE": {
        "latitude": 43.6211955,
        "longitude": -84.6824345
      },
      "LA": {
        "latitude": 30.8703881,
        "longitude": -92.0071259
      },
      "AZ": {
        "latitude": 34.395342,
        "longitude": -111.7632754
      },
      "IA": {
        "latitude": 41.9216734,
        "longitude": -93.3122704
      },
      "CA": {
        "latitude": 36.7014631,
        "longitude": -118.7559973
      },
      "IL": {
        "latitude": 40.0796319,
        "longitude": -89.4339808
      },
      "MD": {
        "latitude": 39.5162234,
        "longitude": -76.9382068
      },
      "BajaCalifornia": {
        "latitude": 30.3,
        "longitude": -115.0
      },
      "MT": {
        "latitude": 47.3752671,
        "longitude": -109.6387578
      },
      "MO": {
        "latitude": 38.7604815,
        "longitude": -92.5617874
      },
      "NM": {
        "latitude": 34.5708167,
        "longitude": -105.9930069
      },
      "OH": {
        "latitude": 40.2253569,
        "longitude": -82.6881394
      },
      "SD": {
        "latitude": 44.6471761,
        "longitude": -100.3487609
      },
      "IN": {
        "latitude": 40.3270127,
        "longitude": -86.1746932
      },
      "KY": {
        "latitude": 37.5726028,
        "longitude": -85.155141
      },
      "FL": {
        "latitude": 27.7567667,
        "longitude": -81.4639834
      },
      "CT": {
        "latitude": 41.6500201,
        "longitude": -72.7342162
      },
      "MS": {
        "latitude": 32.9715645,
        "longitude": -89.7348496
      },
      "Sopnora": {
        "latitude": 29.4,
        "longitude": -111.7
      },
      "AL": {
        "latitude": 33.2588817,
        "longitude": -86.8295336
      },
      "WI": {
        "latitude": 44.4308975,
        "longitude": -89.6884636
      },
      "PA": {
        "latitude": 40.9699889,
        "longitude": -77.727883
      },
      "NV": {
        "latitude": 39.5158825,
        "longitude": -116.8537226
      },
      "Chihuahua": {
        "latitude": 31.7,
        "longitude": -106.5
      },
      "MI": {
        "latitude": 43.6211955,
        "longitude": -84.6824345
      },
      "TX": {
        "latitude": 31.8160381,
        "longitude": -99.5120985
      },
      "OK": {
        "latitude": 34.9550817,
        "longitude": -97.2684062
      },
      "ND": {
        "latitude": 47.6201461,
        "longitude": -100.5407369
      },
      "NJ": {
        "latitude": 40.0757384,
        "longitude": -74.4041621
      },
      "MN": {
        "latitude": 45.9896587,
        "longitude": -94.6113287
      },
      "NY": {
        "latitude": 40.7642499,
        "longitude": -73.9545249
      },
      "Tamaulipas": {
        "latitude": 24.9,
        "longitude": -98.6
      },
      "GA": {
        "latitude": 32.3293809,
        "longitude": -83.1137365
      },
      "AR": {
        "latitude": 35.2048883,
        "longitude": -92.4479107
      }
    }
  },
  "maintainer": [
    "Nate Grubaugh",
    "http://grubaughlab.com/"
  ],
  "filters": [
    "country",
    "state",
    "authors",
    "lineage"
  ],
  "updated": "10 Jul 2018",
  "virus_count": 622,
  "author_info": {
    "Grinev et al": {
      "n": 8,
      "title": "Genetic variability in West Nile virus (WNV) isolates from blood donors specimens from 2002, 2003 and 2004 USA epidemics",
      "journal": "Unpublished"
    },
    "Newman et al": {
      "n": 112,
      "title": "Direct Submission",
      "journal": "Submitted (24-FEB-2014) Broad Institute of MIT & Harvard, 7 Cambridge Center, Cambridge, MA 02142, USA"
    },
    "Deardorff et al": {
      "n": 22,
      "title": "Introductions of West Nile virus strains to Mexico",
      "journal": "Emerging Infect. Dis. 12 (2), 314-318 (2006)"
    },
    "Doumbouya et al": {
      "n": 1,
      "title": "The sequence of a West Nile virus from Florida",
      "journal": "Unpublished"
    },
    "Hepp et al": {
      "n": 14,
      "title": "Evidence for persistent establishment of West Nile Virus in the Phoenix Metropolitan area",
      "journal": "Unpublished"
    },
    "Mann et al": {
      "n": 28,
      "title": "Dynamic transmission of West Nile virus across the United States-Mexican border",
      "journal": "Virology 436 (1), 75-80 (2013)"
    },
    "Grubaugh et al": {
      "n": 90,
      "title": "West Nile virus genomic data from California",
      "journal": "Unpublished"
    },
    "Duggal et al": {
      "n": 131,
      "title": "Genotype-specific variation in West Nile virus dispersal in California",
      "journal": "Virology 485, 79-85 (2015)"
    },
    "Plante et al": {
      "n": 3,
      "title": "Co-circulation of West Nile Virus Variants, Arizona, USA, 2010",
      "journal": "Emerging Infect. Dis. 20 (2), 272-275 (2014)"
    },
    "Pybus et al": {
      "n": 17,
      "title": "Unifying the spatial epidemiology and molecular evolution of emerging epidemics",
      "journal": "Proc. Natl. Acad. Sci. U.S.A. 109 (37), 15066-15071 (2012)"
    },
    "Armstrong et al": {
      "n": 99,
      "title": "Molecular evolution of West Nile virus in a northern temperate region: Connecticut, USA 1999-2008",
      "journal": "Virology 417 (1), 203-210 (2011)"
    },
    "Andrade et al": {
      "n": 4,
      "title": "North American West Nile virus genotype isolates demonstrate differential replicative capacities in response to temperature",
      "journal": "J. Gen. Virol. 92 (PT 11), 2523-2533 (2011)"
    },
    "McMullen et al": {
      "n": 17,
      "title": "Evolution of new genotype of West Nile virus in North America",
      "journal": "Emerging Infect. Dis. 17 (5), 785-793 (2011)"
    },
    "May et al": {
      "n": 7,
      "title": "Multiple pathways to the attenuation of West Nile virus in South-East Texas in 2003",
      "journal": "Virology 405 (1), 8-14 (2010)"
    },
    "Herring et al": {
      "n": 20,
      "title": "Phylogenetic analysis of WNV in North American blood donors during the 2003-2004 epidemic seasons",
      "journal": "Virology 363 (1), 220-228 (2007)"
    },
    "Davis et al": {
      "n": 25,
      "title": "Emergence of attenuated West Nile virus variants in Texas, 2003",
      "journal": "Virology 330 (1), 342-350 (2004)"
    },
    "Schlick et al": {
      "n": 1,
      "title": "Helices alpha2 and alpha3 of West Nile virus capsid protein are dispensable for assembly of infectious virions",
      "journal": "J. Virol. 83 (11), 5581-5591 (2009)"
    },
    "Granwehr et al": {
      "n": 1,
      "title": "Characterization of a West Nile virus isolate from a human on the Gulf Coast of Texas",
      "journal": "J. Clin. Microbiol. 42 (11), 5375-5377 (2004)"
    },
    "Lanciotti et al": {
      "n": 5,
      "title": "Origin of the West Nile virus responsible for an outbreak of encephalitis in the northeastern United States",
      "journal": "Science 286 (5448), 2333-2337 (1999)"
    },
    "Huang et al": {
      "n": 1,
      "title": "First Isolation of West Nile virus from a patient with encephalitis in the United States",
      "journal": "Emerging Infect. Dis. 8 (12), 1367-1371 (2002)"
    },
    "Anderson et al": {
      "n": 1,
      "title": "Isolation of West Nile virus from mosquitoes, crows, and a Cooper's hawk in Connecticut",
      "journal": "Science 286 (5448), 2331-2333 (1999)"
    },
    "Jia et al": {
      "n": 1,
      "title": "Genetic analysis of West Nile New York 1999 encephalitis virus",
      "journal": "Lancet 354 (9194), 1971-1972 (1999)"
    },
    "Keller et al": {
      "n": 1,
      "title": "Resistance to alpha/beta interferon is a determinant of West Nile virus replication fitness and virulence",
      "journal": "J. Virol. 80 (19), 9424-9434 (2006)"
    },
    "Bowen et al": {
      "n": 1,
      "title": "Complete genomic sequence of West Nile virus equine isolate New York 1999",
      "journal": "Unpublished"
    },
    "Ehrbar et al": {
      "n": 14,
      "title": "High levels of local inter- and intra-host genetic variation of West Nile virus and evidence of fine-scale evolutionary pressures",
      "journal": "Infect. Genet. Evol. 51 (2017) In press"
    }
  },
  "annotations": {
    "nuc": {
      "start": 1,
      "end": 11029,
      "strand": 1
    },
    "capsid": {
      "start": 96,
      "end": 465,
      "strand": 1
    },
    "prM": {
      "start": 465,
      "end": 966,
      "strand": 1
    },
    "env": {
      "start": 966,
      "end": 2469,
      "strand": 1
    },
    "NS1": {
      "start": 2469,
      "end": 3525,
      "strand": 1
    },
    "NS2A": {
      "start": 3525,
      "end": 4218,
      "strand": 1
    },
    "NS2B": {
      "start": 4218,
      "end": 4611,
      "strand": 1
    },
    "NS3": {
      "start": 4611,
      "end": 6468,
      "strand": 1
    },
    "NS4A": {
      "start": 6468,
      "end": 6846,
      "strand": 1
    },
    "2K": {
      "start": 6846,
      "end": 6915,
      "strand": 1
    },
    "NS4B": {
      "start": 6915,
      "end": 7680,
      "strand": 1
    },
    "NS5": {
      "start": 7680,
      "end": 10395,
      "strand": 1
    }
  },
  "panels": [
    "tree",
    "map",
    "entropy"
  ]
}