{
  "alignment": "results_229e/aligned.fasta",
  "clock": {
    "intercept": -0.3539444607668053,
    "rate": 0.00018019251988984298,
    "rtt_Tmrca": 1964.2572343357094
  },
  "generated_by": {
    "program": "augur",
    "version": "6.4.3"
  },
  "input_tree": "results_229e/tree_raw.nwk",
  "nodes": {
    "1060_Yamagata_2010": {
      "branch_length": 4.1818982250818116e-05,
      "clock_length": 4.1818982250818116e-05,
      "date": "2010-08-31",
      "mutation_length": 3.8500065648087146e-05,
      "num_date_confidence": [
        2010.0013698630137,
        2010.9986301369863
      ],
      "numdate": 2010.6630700783269,
      "raw_date": "2010-XX-XX"
    },
    "11949_2011": {
      "branch_length": 7.94673817237513e-05,
      "clock_length": 7.94673817237513e-05,
      "date": "2011-01-01",
      "mutation_length": 7.631050654772563e-05,
      "num_date_confidence": [
        2011.0013698630137,
        2011.6696333612056
      ],
      "numdate": 2011.0013698630137,
      "raw_date": "2011-XX-XX"
    },
    "12MYKL0011": {
      "branch_length": 2.0293153838780477e-05,
      "clock_length": 2.0293153838780477e-05,
      "date": "2012-04-09",
      "mutation_length": 4.332543963007249e-17,
      "num_date_confidence": [
        2012.0013661202186,
        2012.9986338797814
      ],
      "numdate": 2012.2725705876603,
      "raw_date": "2012-XX-XX"
    },
    "12MYKL0051": {
      "branch_length": 4.031528694550552e-05,
      "clock_length": 4.031528694550552e-05,
      "date": "2012-06-24",
      "mutation_length": 4.332543963007249e-17,
      "num_date_confidence": [
        2012.0013661202186,
        2012.9986338797814
      ],
      "numdate": 2012.4807557678828,
      "raw_date": "2012-XX-XX"
    },
    "12MYKL0052": {
      "branch_length": 9.092783545740549e-05,
      "clock_length": 9.092783545740549e-05,
      "date": "2012-01-01",
      "mutation_length": 0.0004621024669634909,
      "num_date_confidence": [
        2012.0013661202186,
        2012.4293585175794
      ],
      "numdate": 2012.0013661202186,
      "raw_date": "2012-XX-XX"
    },
    "12MYKL0106": {
      "branch_length": 5.922568753087966e-05,
      "clock_length": 5.922568753087966e-05,
      "date": "2012-10-13",
      "mutation_length": 4.332543963007249e-17,
      "num_date_confidence": [
        2012.2918676019556,
        2012.9986338797814
      ],
      "numdate": 2012.7817808077336,
      "raw_date": "2012-XX-XX"
    },
    "12MYKL0126": {
      "branch_length": 1.8920630654789203e-05,
      "clock_length": 1.8920630654789203e-05,
      "date": "2012-07-22",
      "mutation_length": 4.332543963007249e-17,
      "num_date_confidence": [
        2012.0013661202186,
        2012.9986338797814
      ],
      "numdate": 2012.555922456681,
      "raw_date": "2012-XX-XX"
    },
    "12MYKL0335": {
      "branch_length": 6.9417537048933105e-06,
      "clock_length": 6.9417537048933105e-06,
      "date": "2012-06-25",
      "mutation_length": 4.332543963007249e-17,
      "num_date_confidence": [
        2012.0013661202186,
        2012.9986338797814
      ],
      "numdate": 2012.4821710495999,
      "raw_date": "2012-XX-XX"
    },
    "12MYKL0367": {
      "branch_length": 6.9417537048933105e-06,
      "clock_length": 6.9417537048933105e-06,
      "date": "2012-06-25",
      "mutation_length": 4.332543963007249e-17,
      "num_date_confidence": [
        2012.0013661202186,
        2012.9986338797814
      ],
      "numdate": 2012.4821710495999,
      "raw_date": "2012-XX-XX"
    },
    "12MYKL0415": {
      "branch_length": 0.0002697467830689107,
      "clock_length": 0.0002697467830689107,
      "date": "2012-01-01",
      "mutation_length": 7.698743902768872e-05,
      "num_date_confidence": [
        2012.0013661202186,
        2012.495993876219
      ],
      "numdate": 2012.0013661202186,
      "raw_date": "2012-XX-XX"
    },
    "12MYKL0424": {
      "branch_length": 9.681291662188489e-05,
      "clock_length": 9.681291662188489e-05,
      "date": "2012-01-12",
      "mutation_length": 0.00011541980105562145,
      "num_date_confidence": [
        2012.0013661202186,
        2012.9986338797814
      ],
      "numdate": 2012.0307025871964,
      "raw_date": "2012-XX-XX"
    },
    "12MYKL0543": {
      "branch_length": 2.053291721163344e-05,
      "clock_length": 2.053291721163344e-05,
      "date": "2012-05-07",
      "mutation_length": 4.332543963007249e-17,
      "num_date_confidence": [
        2012.0013661202186,
        2012.9986338797814
      ],
      "numdate": 2012.3488353815042,
      "raw_date": "2012-XX-XX"
    },
    "12MYKL0667": {
      "branch_length": 8.527342474932672e-06,
      "clock_length": 8.527342474932672e-06,
      "date": "2012-06-28",
      "mutation_length": 4.332543963007249e-17,
      "num_date_confidence": [
        2012.0013661202186,
        2012.9986338797814
      ],
      "numdate": 2012.4890977963125,
      "raw_date": "2012-XX-XX"
    },
    "12MYKL0784": {
      "branch_length": 9.152670471248995e-05,
      "clock_length": 9.152670471248995e-05,
      "date": "2012-01-01",
      "mutation_length": 3.846580325704665e-05,
      "num_date_confidence": [
        2012.0013661202186,
        2012.55909971214
      ],
      "numdate": 2012.0013661202186,
      "raw_date": "2012-XX-XX"
    },
    "12MYKL1076": {
      "branch_length": 5.922568753087966e-05,
      "clock_length": 5.922568753087966e-05,
      "date": "2012-10-13",
      "mutation_length": 4.332543963007249e-17,
      "num_date_confidence": [
        2012.2918676019556,
        2012.9986338797814
      ],
      "numdate": 2012.7817808077336,
      "raw_date": "2012-XX-XX"
    },
    "12MYKL1102": {
      "branch_length": 4.031528694550552e-05,
      "clock_length": 4.031528694550552e-05,
      "date": "2012-06-24",
      "mutation_length": 4.332543963007249e-17,
      "num_date_confidence": [
        2012.0013661202186,
        2012.9986338797814
      ],
      "numdate": 2012.4807557678828,
      "raw_date": "2012-XX-XX"
    },
    "12MYKL1271": {
      "branch_length": 3.119938352973226e-05,
      "clock_length": 3.119938352973226e-05,
      "date": "2012-04-03",
      "mutation_length": 4.332543963007249e-17,
      "num_date_confidence": [
        2012.0013661202186,
        2012.9986338797814
      ],
      "numdate": 2012.2563242037927,
      "raw_date": "2012-XX-XX"
    },
    "12MYKL1586": {
      "branch_length": 1.9322007002425118e-05,
      "clock_length": 1.9322007002425118e-05,
      "date": "2012-06-05",
      "mutation_length": 4.332543963007249e-17,
      "num_date_confidence": [
        2012.0013661202186,
        2012.9986338797814
      ],
      "numdate": 2012.428116571782,
      "raw_date": "2012-XX-XX"
    },
    "12MYKL1616": {
      "branch_length": 2.382035239812015e-05,
      "clock_length": 2.382035239812015e-05,
      "date": "2012-03-09",
      "mutation_length": 4.332543963007249e-17,
      "num_date_confidence": [
        2012.0013661202186,
        2012.9986338797814
      ],
      "numdate": 2012.186201235044,
      "raw_date": "2012-XX-XX"
    },
    "13MYKL1719": {
      "branch_length": 0.00027535245722283054,
      "clock_length": 0.00027535245722283054,
      "date": "2013-01-01",
      "mutation_length": 3.849105870311575e-05,
      "num_date_confidence": [
        2013.0013698630137,
        2013.4656569851184
      ],
      "numdate": 2013.0013698630137,
      "raw_date": "2013-XX-XX"
    },
    "13MYKL1847": {
      "branch_length": 0.0002850529914001623,
      "clock_length": 0.0002850529914001623,
      "date": "2013-01-01",
      "mutation_length": 3.849333432239105e-05,
      "num_date_confidence": [
        2013.0013698630137,
        2013.4753893888137
      ],
      "numdate": 2013.0013698630137,
      "raw_date": "2013-XX-XX"
    },
    "13MYKL1883": {
      "branch_length": 0.0001417505114003619,
      "clock_length": 0.0001417505114003619,
      "date": "2013-01-01",
      "mutation_length": 4.333391944345187e-17,
      "num_date_confidence": [
        2013.0013698630137,
        2013.4665236257713
      ],
      "numdate": 2013.0013698630137,
      "raw_date": "2013-XX-XX"
    },
    "1424A_2009": {
      "branch_length": 0.0001456762062104005,
      "clock_length": 0.0001456762062104005,
      "date": "2009-06-05",
      "mutation_length": 0.00015267688753473535,
      "num_date_confidence": [
        2009.0013698630137,
        2009.9986301369863
      ],
      "numdate": 2009.4270389427866,
      "raw_date": "2009-XX-XX"
    },
    "1482A_2009": {
      "branch_length": 6.897382208692062e-05,
      "clock_length": 6.897382208692062e-05,
      "date": "2009-01-01",
      "mutation_length": 3.816299477559491e-05,
      "num_date_confidence": [
        2009.0013698630137,
        2009.5351425179283
      ],
      "numdate": 2009.0013698630137,
      "raw_date": "2009-XX-XX"
    },
    "1512A_2009": {
      "branch_length": 3.305945291604928e-05,
      "clock_length": 3.305945291604928e-05,
      "date": "2009-11-29",
      "mutation_length": 4.370457108533847e-17,
      "num_date_confidence": [
        2009.6414290287455,
        2009.9986301369863
      ],
      "numdate": 2009.9109755031716,
      "raw_date": "2009-XX-XX"
    },
    "1518A_2009": {
      "branch_length": 3.305945291604928e-05,
      "clock_length": 3.305945291604928e-05,
      "date": "2009-11-29",
      "mutation_length": 4.370457108533847e-17,
      "num_date_confidence": [
        2009.6414290287455,
        2009.9986301369863
      ],
      "numdate": 2009.9109755031716,
      "raw_date": "2009-XX-XX"
    },
    "1546A_2009": {
      "branch_length": 7.196864243859055e-05,
      "clock_length": 7.196864243859055e-05,
      "date": "2009-12-31",
      "mutation_length": 7.63310925239215e-05,
      "num_date_confidence": [
        2009.6516762999763,
        2009.9986301369863
      ],
      "numdate": 2009.9986301369863,
      "raw_date": "2009-XX-XX"
    },
    "1649A_2009": {
      "branch_length": 3.155817729579469e-05,
      "clock_length": 3.155817729579469e-05,
      "date": "2009-12-31",
      "mutation_length": 3.815860700015385e-05,
      "num_date_confidence": [
        2009.7561518930327,
        2009.9986301369863
      ],
      "numdate": 2009.9986301369863,
      "raw_date": "2009-XX-XX"
    },
    "1658A_2009": {
      "branch_length": 1.645003096078612e-05,
      "clock_length": 1.645003096078612e-05,
      "date": "2009-11-30",
      "mutation_length": 4.3691872172772475e-17,
      "num_date_confidence": [
        2009.6791775226727,
        2009.9986301369863
      ],
      "numdate": 2009.914785666948,
      "raw_date": "2009-XX-XX"
    },
    "1667A_2009": {
      "branch_length": 1.5168814624319255e-05,
      "clock_length": 1.5168814624319255e-05,
      "date": "2009-10-22",
      "mutation_length": 4.3681613838631174e-17,
      "num_date_confidence": [
        2009.0013698630137,
        2009.9986301369863
      ],
      "numdate": 2009.8060526823697,
      "raw_date": "2009-XX-XX"
    },
    "1761A_2010": {
      "branch_length": 0.00012561942938095006,
      "clock_length": 0.00012561942938095006,
      "date": "2010-03-12",
      "mutation_length": 0.00015267008151602227,
      "num_date_confidence": [
        2010.0013698630137,
        2010.9986301369863
      ],
      "numdate": 2010.192469345949,
      "raw_date": "2010-XX-XX"
    },
    "1781A_2010": {
      "branch_length": 8.26136259833004e-05,
      "clock_length": 8.26136259833004e-05,
      "date": "2010-06-13",
      "mutation_length": 4.3681613838631174e-17,
      "num_date_confidence": [
        2010.0013698630137,
        2010.9986301369863
      ],
      "numdate": 2010.447951754789,
      "raw_date": "2010-XX-XX"
    },
    "1782A_2010": {
      "branch_length": 8.26136259833004e-05,
      "clock_length": 8.26136259833004e-05,
      "date": "2010-06-13",
      "mutation_length": 4.3681613838631174e-17,
      "num_date_confidence": [
        2010.0013698630137,
        2010.9986301369863
      ],
      "numdate": 2010.447951754789,
      "raw_date": "2010-XX-XX"
    },
    "1827A_2010": {
      "branch_length": 8.26136259833004e-05,
      "clock_length": 8.26136259833004e-05,
      "date": "2010-06-13",
      "mutation_length": 4.3681613838631174e-17,
      "num_date_confidence": [
        2010.0013698630137,
        2010.9986301369863
      ],
      "numdate": 2010.447951754789,
      "raw_date": "2010-XX-XX"
    },
    "1829A_2010": {
      "branch_length": 8.26136259833004e-05,
      "clock_length": 8.26136259833004e-05,
      "date": "2010-06-13",
      "mutation_length": 4.3681613838631174e-17,
      "num_date_confidence": [
        2010.0013698630137,
        2010.9986301369863
      ],
      "numdate": 2010.447951754789,
      "raw_date": "2010-XX-XX"
    },
    "1990A_2010": {
      "branch_length": 0.00012559586872103222,
      "clock_length": 0.00012559586872103222,
      "date": "2010-03-12",
      "mutation_length": 0.00015264251347031795,
      "num_date_confidence": [
        2010.0013698630137,
        2010.9986301369863
      ],
      "numdate": 2010.192338593241,
      "raw_date": "2010-XX-XX"
    },
    "229E": {
      "branch_length": 0.00869524463604054,
      "clock_length": 0.00869524463604054,
      "date": "2011-12-13",
      "mutation_length": 0.0051448589171309,
      "num_date_confidence": [
        2011.9493150684932,
        2011.9493150684932
      ],
      "numdate": 2011.9493150684932,
      "raw_date": "2011-12-13"
    },
    "229E/Haiti_1/2016": {
      "branch_length": 0.0008599295795837753,
      "clock_length": 0.0008599295795837753,
      "date": "2016-03-31",
      "mutation_length": 0.0014283266585609228,
      "num_date_confidence": [
        2016.1734972677596,
        2016.2472677595629
      ],
      "numdate": 2016.2472677595629,
      "raw_date": "2016-03-XX"
    },
    "229E/SLO/15756/2010": {
      "branch_length": 0.0,
      "clock_length": 0.0,
      "date": "2010-04-06",
      "mutation_length": 4.3179262959707044e-17,
      "num_date_confidence": [
        2010.2616438356165,
        2010.2616438356165
      ],
      "numdate": 2010.2616438356165,
      "raw_date": "2010-04-06"
    },
    "229E/human/USA/892_11/1989": {
      "branch_length": 0.001190348401058216,
      "clock_length": 0.001190348401058216,
      "date": "1989-02-07",
      "mutation_length": 0.0008803825107972286,
      "num_date_confidence": [
        1989.1027397260275,
        1989.1027397260275
      ],
      "numdate": 1989.1027397260275,
      "raw_date": "1989-02-07"
    },
    "229E/human/USA/932_72/1993": {
      "branch_length": 0.0007919732057539552,
      "clock_length": 0.0007919732057539552,
      "date": "1993-02-22",
      "mutation_length": 0.0006952018861519499,
      "num_date_confidence": [
        1993.1438356164383,
        1993.1438356164383
      ],
      "numdate": 1993.1438356164383,
      "raw_date": "1993-02-22"
    },
    "229E/human/USA/933_40/1993": {
      "branch_length": 0.0004381933270963976,
      "clock_length": 0.0004381933270963976,
      "date": "1993-03-11",
      "mutation_length": 0.00047561128836096496,
      "num_date_confidence": [
        1993.190410958904,
        1993.190410958904
      ],
      "numdate": 1993.190410958904,
      "raw_date": "1993-03-11"
    },
    "229E/human/USA/933_50/1993": {
      "branch_length": 0.0010033784671969505,
      "clock_length": 0.0010033784671969505,
      "date": "1993-03-18",
      "mutation_length": 0.0012082651745728558,
      "num_date_confidence": [
        1993.2095890410958,
        1993.2095890410958
      ],
      "numdate": 1993.2095890410958,
      "raw_date": "1993-03-18"
    },
    "229E/human/USA/953_49/1995": {
      "branch_length": 0.0005878941730636045,
      "clock_length": 0.0005878941730636045,
      "date": "1995-03-23",
      "mutation_length": 0.0005159752656583573,
      "num_date_confidence": [
        1995.2232876712328,
        1995.2232876712328
      ],
      "numdate": 1995.2232876712328,
      "raw_date": "1995-03-23"
    },
    "2764A_2011": {
      "branch_length": 0.00023055602947219078,
      "clock_length": 0.00023055602947219078,
      "date": "2011-01-01",
      "mutation_length": 0.00022900508989896504,
      "num_date_confidence": [
        2011.0013698630137,
        2011.7314658167807
      ],
      "numdate": 2011.0013698630137,
      "raw_date": "2011-XX-XX"
    },
    "2861A_2011": {
      "branch_length": 9.591197090677225e-05,
      "clock_length": 9.591197090677225e-05,
      "date": "2011-02-03",
      "mutation_length": 0.00011447013012961916,
      "num_date_confidence": [
        2011.0013698630137,
        2011.9986301369863
      ],
      "numdate": 2011.0926310829193,
      "raw_date": "2011-XX-XX"
    },
    "2961A_2011": {
      "branch_length": 3.600161728957571e-05,
      "clock_length": 3.600161728957571e-05,
      "date": "2011-12-31",
      "mutation_length": 4.3668320768499e-17,
      "num_date_confidence": [
        2011.599830456154,
        2011.9986301369863
      ],
      "numdate": 2011.9986301369863,
      "raw_date": "2011-XX-XX"
    },
    "2981A_2011": {
      "branch_length": 9.043483174441154e-05,
      "clock_length": 9.043483174441154e-05,
      "date": "2011-12-31",
      "mutation_length": 7.630808819301696e-05,
      "num_date_confidence": [
        2011.355227377256,
        2011.9986301369863
      ],
      "numdate": 2011.9986301369863,
      "raw_date": "2011-XX-XX"
    },
    "359A_2007": {
      "branch_length": 0.0003589861858660855,
      "clock_length": 0.0003589861858660855,
      "date": "2007-01-01",
      "mutation_length": 0.00019088701066947295,
      "num_date_confidence": [
        2007.0013698630137,
        2007.6345800454542
      ],
      "numdate": 2007.0013698630137,
      "raw_date": "2007-XX-XX"
    },
    "423A_2007": {
      "branch_length": -6.140295954872119e-06,
      "clock_length": -6.140295954872119e-06,
      "date": "2007-01-01",
      "mutation_length": 4.3676598899150977e-17,
      "num_date_confidence": [
        2007.0013698630137,
        2007.5920527607568
      ],
      "numdate": 2007.0013698630137,
      "raw_date": "2007-XX-XX"
    },
    "432A_2007": {
      "branch_length": 0.0007863716298761158,
      "clock_length": 0.0007863716298761158,
      "date": "2007-01-01",
      "mutation_length": 3.849352562613e-05,
      "num_date_confidence": [
        2007.0013698630137,
        2007.898904109589
      ],
      "numdate": 2007.0013698630137,
      "raw_date": "2007-XX-XX"
    },
    "452_Yamagata_2008": {
      "branch_length": 3.88411940522213e-05,
      "clock_length": 3.88411940522213e-05,
      "date": "2008-11-01",
      "mutation_length": 4.3371974160377774e-17,
      "num_date_confidence": [
        2008.0013661202186,
        2008.9986338797814
      ],
      "numdate": 2008.834145229865,
      "raw_date": "2008-XX-XX"
    },
    "494A_2008": {
      "branch_length": 1.1896376501049043e-05,
      "clock_length": 1.1896376501049043e-05,
      "date": "2008-06-30",
      "mutation_length": 4.3676598899150977e-17,
      "num_date_confidence": [
        2008.0013661202186,
        2008.9986338797814
      ],
      "numdate": 2008.495064986196,
      "raw_date": "2008-XX-XX"
    },
    "507A_2008": {
      "branch_length": 0.0011099998714651596,
      "clock_length": 0.0011099998714651596,
      "date": "2008-01-01",
      "mutation_length": 0.00019085310716915595,
      "num_date_confidence": [
        2008.0013661202186,
        2008.8989071038252
      ],
      "numdate": 2008.0013661202186,
      "raw_date": "2008-XX-XX"
    },
    "693A_2008": {
      "branch_length": 0.00017405154951128776,
      "clock_length": 0.00017405154951128776,
      "date": "2008-01-01",
      "mutation_length": 0.00015267155657679618,
      "num_date_confidence": [
        2008.0013661202186,
        2008.7122972559791
      ],
      "numdate": 2008.0013661202186,
      "raw_date": "2008-XX-XX"
    },
    "748_2005": {
      "branch_length": -1.3988539136005305e-06,
      "clock_length": -1.3988539136005305e-06,
      "date": "2005-01-01",
      "mutation_length": 4.367923742908701e-17,
      "num_date_confidence": [
        2005.0013698630137,
        2005.7002674263
      ],
      "numdate": 2005.0013698630137,
      "raw_date": "2005-XX-XX"
    },
    "756_Yamagata_2010": {
      "branch_length": 7.545614993941592e-05,
      "clock_length": 7.545614993941592e-05,
      "date": "2010-12-17",
      "mutation_length": 4.332057611107123e-17,
      "num_date_confidence": [
        2010.0013698630137,
        2010.9986301369863
      ],
      "numdate": 2010.9614924149507,
      "raw_date": "2010-XX-XX"
    },
    "775_Yamagata_2010": {
      "branch_length": 5.988066633666423e-06,
      "clock_length": 5.988066633666423e-06,
      "date": "2010-08-04",
      "mutation_length": 4.332231944214054e-17,
      "num_date_confidence": [
        2010.0013698630137,
        2010.9986301369863
      ],
      "numdate": 2010.5890707916076,
      "raw_date": "2010-XX-XX"
    },
    "777_Yamagata_2010": {
      "branch_length": 8.066630093631999e-05,
      "clock_length": 8.066630093631999e-05,
      "date": "2010-12-31",
      "mutation_length": 4.333001524134828e-17,
      "num_date_confidence": [
        2010.4857680157431,
        2010.9986301369863
      ],
      "numdate": 2010.9986301369863,
      "raw_date": "2010-XX-XX"
    },
    "8339_2009": {
      "branch_length": 6.661518617056563e-05,
      "clock_length": 6.661518617056563e-05,
      "date": "2009-11-12",
      "mutation_length": 7.632173825901829e-05,
      "num_date_confidence": [
        2009.0013698630137,
        2009.9986301369863
      ],
      "numdate": 2009.8650182217489,
      "raw_date": "2009-XX-XX"
    },
    "8348_2009": {
      "branch_length": 0.0001549469472157906,
      "clock_length": 0.0001549469472157906,
      "date": "2009-01-01",
      "mutation_length": 0.00011450368683456084,
      "num_date_confidence": [
        2009.0013698630137,
        2009.6317012857553
      ],
      "numdate": 2009.0013698630137,
      "raw_date": "2009-XX-XX"
    },
    "8373_2009": {
      "branch_length": 1.6582196159900834e-05,
      "clock_length": 1.6582196159900834e-05,
      "date": "2009-08-03",
      "mutation_length": 4.368304862154003e-17,
      "num_date_confidence": [
        2009.0013698630137,
        2009.9986301369863
      ],
      "numdate": 2009.587354143122,
      "raw_date": "2009-XX-XX"
    },
    "8425_2009": {
      "branch_length": 1.6582196159900834e-05,
      "clock_length": 1.6582196159900834e-05,
      "date": "2009-08-03",
      "mutation_length": 4.368304862154003e-17,
      "num_date_confidence": [
        2009.0013698630137,
        2009.9986301369863
      ],
      "numdate": 2009.587354143122,
      "raw_date": "2009-XX-XX"
    },
    "857_2005": {
      "branch_length": 0.00023390180280542447,
      "clock_length": 0.00023390180280542447,
      "date": "2005-01-01",
      "mutation_length": 0.00015265900965707248,
      "num_date_confidence": [
        2005.0013698630137,
        2005.7184435859106
      ],
      "numdate": 2005.0013698630137,
      "raw_date": "2005-XX-XX"
    },
    "882_Yamagata_2010": {
      "branch_length": 5.988066633666423e-06,
      "clock_length": 5.988066633666423e-06,
      "date": "2010-08-04",
      "mutation_length": 4.332231944214054e-17,
      "num_date_confidence": [
        2010.0013698630137,
        2010.9986301369863
      ],
      "numdate": 2010.5890707916076,
      "raw_date": "2010-XX-XX"
    },
    "Arbial_2019": {
      "branch_length": 0.0010651752846919432,
      "clock_length": 0.0010651752846919432,
      "date": "2019-02-24",
      "mutation_length": 3.84188955580233e-05,
      "num_date_confidence": [
        2019.1493150684933,
        2019.1493150684933
      ],
      "numdate": 2019.1493150684933,
      "raw_date": "2019-02-24"
    },
    "BJ298": {
      "branch_length": 0.0008137214684005418,
      "clock_length": 0.0008137214684005418,
      "date": "2014-05-01",
      "mutation_length": 0.00019229199887215576,
      "num_date_confidence": [
        2014.3301369863013,
        2014.4035027901389
      ],
      "numdate": 2014.3301369863013,
      "raw_date": "2014-05-XX"
    },
    "CU_H2869/2011": {
      "branch_length": 0.00026763713124674593,
      "clock_length": 0.00026763713124674593,
      "date": "2011-01-06",
      "mutation_length": 3.844261030636803e-05,
      "num_date_confidence": [
        2011.0150684931507,
        2011.0150684931507
      ],
      "numdate": 2011.0150684931507,
      "raw_date": "2011-01-06"
    },
    "CU_H2896/2011": {
      "branch_length": 8.856590543286874e-05,
      "clock_length": 8.856590543286874e-05,
      "date": "2011-01-13",
      "mutation_length": 4.323414994628154e-17,
      "num_date_confidence": [
        2011.0342465753424,
        2011.0342465753424
      ],
      "numdate": 2011.0342465753424,
      "raw_date": "2011-01-13"
    },
    "HCOV/KENYA/002/2012": {
      "branch_length": 0.0,
      "clock_length": 0.0,
      "date": "2014-07-01",
      "mutation_length": 4.320001073101366e-17,
      "num_date_confidence": [
        2014.4972602739726,
        2014.4972602739726
      ],
      "numdate": 2014.4972602739726,
      "raw_date": "2014-07-01"
    },
    "HCOV/KENYA/006/2009": {
      "branch_length": 0.0,
      "clock_length": 0.0,
      "date": "2014-07-01",
      "mutation_length": 4.3199410389314393e-17,
      "num_date_confidence": [
        2014.4972602739726,
        2014.4972602739726
      ],
      "numdate": 2014.4972602739726,
      "raw_date": "2014-07-01"
    },
    "HCOV/KENYA/009/2010": {
      "branch_length": 0.0016587577503590178,
      "clock_length": 0.0016587577503590178,
      "date": "2014-07-01",
      "mutation_length": 4.320155822924874e-17,
      "num_date_confidence": [
        2014.4972602739726,
        2014.4972602739726
      ],
      "numdate": 2014.4972602739726,
      "raw_date": "2014-07-01"
    },
    "HCoV/229E/N01": {
      "branch_length": 0.00015140622362572057,
      "clock_length": 0.00015140622362572057,
      "date": "2007-12-17",
      "mutation_length": 0.00015340501059582894,
      "num_date_confidence": [
        2007.9602739726026,
        2007.9602739726026
      ],
      "numdate": 2007.9602739726026,
      "raw_date": "2007-12-17"
    },
    "HCoV/229E/N02": {
      "branch_length": 0.0,
      "clock_length": 0.0,
      "date": "2008-01-17",
      "mutation_length": 4.3583810777286734e-17,
      "num_date_confidence": [
        2008.045081967213,
        2008.045081967213
      ],
      "numdate": 2008.045081967213,
      "raw_date": "2008-01-17"
    },
    "HCoV/229E/N03": {
      "branch_length": 0.00012328340749485564,
      "clock_length": 0.00012328340749485564,
      "date": "2008-01-24",
      "mutation_length": 0.00019175517742202387,
      "num_date_confidence": [
        2008.0642076502731,
        2008.0642076502731
      ],
      "numdate": 2008.0642076502731,
      "raw_date": "2008-01-24"
    },
    "HCoV/229E/N04": {
      "branch_length": 0.00013706862759571862,
      "clock_length": 0.00013706862759571862,
      "date": "2008-02-21",
      "mutation_length": 0.00019175431260109186,
      "num_date_confidence": [
        2008.1407103825136,
        2008.1407103825136
      ],
      "numdate": 2008.1407103825136,
      "raw_date": "2008-02-21"
    },
    "HCoV_229E/BN1/GER/2015": {
      "branch_length": 0.001528530693630322,
      "clock_length": 0.001528530693630322,
      "date": "2015-01-01",
      "mutation_length": 0.001098637295045568,
      "num_date_confidence": [
        2015.0013698630137,
        2015.7833070031436
      ],
      "numdate": 2015.0013698630137,
      "raw_date": "2015-XX-XX"
    },
    "HCoV_229E/Seattle/USA/SC0865/2019": {
      "branch_length": 0.0009365083348899834,
      "clock_length": 0.0009365083348899834,
      "date": "2019-12-31",
      "mutation_length": 0.0013914742730482899,
      "num_date_confidence": [
        2019.3938636049988,
        2019.9986301369863
      ],
      "numdate": 2019.9986301369863,
      "raw_date": "2019-XX-XX"
    },
    "HCoV_229E/Seattle/USA/SC1073/2016": {
      "branch_length": 0.0007452209620944316,
      "clock_length": 0.0007452209620944316,
      "date": "2016-01-01",
      "mutation_length": 0.0005122999664515449,
      "num_date_confidence": [
        2016.0013661202186,
        2016.7464710985012
      ],
      "numdate": 2016.0013661202186,
      "raw_date": "2016-XX-XX"
    },
    "HCoV_229E/Seattle/USA/SC1143/2016": {
      "branch_length": 3.073748722011286e-06,
      "clock_length": 3.073748722011286e-06,
      "date": "2016-04-01",
      "mutation_length": 4.4538011729595894e-17,
      "num_date_confidence": [
        2016.0013661202186,
        2016.9986338797814
      ],
      "numdate": 2016.2505123811197,
      "raw_date": "2016-XX-XX"
    },
    "HCoV_229E/Seattle/USA/SC1212/2016": {
      "branch_length": 3.073748722011286e-06,
      "clock_length": 3.073748722011286e-06,
      "date": "2016-04-01",
      "mutation_length": 4.451120144501678e-17,
      "num_date_confidence": [
        2016.0013661202186,
        2016.9986338797814
      ],
      "numdate": 2016.2505123811197,
      "raw_date": "2016-XX-XX"
    },
    "HCoV_229E/Seattle/USA/SC2282/2017": {
      "branch_length": 0.0008156199435452807,
      "clock_length": 0.0008156199435452807,
      "date": "2016-01-01",
      "mutation_length": 0.000695187115585982,
      "num_date_confidence": [
        2016.0013661202186,
        2016.8103241280592
      ],
      "numdate": 2016.0013661202186,
      "raw_date": "2016-XX-XX"
    },
    "HCoV_229E/Seattle/USA/SC2872/2015": {
      "branch_length": 0.0004882106232690711,
      "clock_length": 0.0004882106232690711,
      "date": "2015-12-31",
      "mutation_length": 0.0005123834819634666,
      "num_date_confidence": [
        2015.1697664990666,
        2015.9986301369863
      ],
      "numdate": 2015.9986301369863,
      "raw_date": "2015-XX-XX"
    },
    "HCoV_229E/Seattle/USA/SC3112/2015": {
      "branch_length": 0.00041975291501286204,
      "clock_length": 0.00041975291501286204,
      "date": "2015-08-14",
      "mutation_length": 0.0004388990757606412,
      "num_date_confidence": [
        2015.0013698630137,
        2015.9986301369863
      ],
      "numdate": 2015.6187158747402,
      "raw_date": "2015-XX-XX"
    },
    "HCoV_229E/Seattle/USA/SC379/2016": {
      "branch_length": 3.40478527327858e-05,
      "clock_length": 3.40478527327858e-05,
      "date": "2016-03-13",
      "mutation_length": 4.45578369590004e-17,
      "num_date_confidence": [
        2016.0013661202186,
        2016.9986338797814
      ],
      "numdate": 2016.1980828849466,
      "raw_date": "2016-XX-XX"
    },
    "HCoV_229E/Seattle/USA/SC399/2016": {
      "branch_length": 3.40478527327858e-05,
      "clock_length": 3.40478527327858e-05,
      "date": "2016-03-13",
      "mutation_length": 4.455453046118693e-17,
      "num_date_confidence": [
        2016.0013661202186,
        2016.9986338797814
      ],
      "numdate": 2016.1980828849466,
      "raw_date": "2016-XX-XX"
    },
    "HCoV_229E/Seattle/USA/SC579/2016": {
      "branch_length": 0.0004887036269820652,
      "clock_length": 0.0004887036269820652,
      "date": "2016-01-01",
      "mutation_length": 0.0004025787643050337,
      "num_date_confidence": [
        2016.0013661202186,
        2016.7866120528458
      ],
      "numdate": 2016.0013661202186,
      "raw_date": "2016-XX-XX"
    },
    "HCoV_229E/Seattle/USA/SC677/2016": {
      "branch_length": 3.40478527327858e-05,
      "clock_length": 3.40478527327858e-05,
      "date": "2016-03-13",
      "mutation_length": 2.825258291158084e-22,
      "num_date_confidence": [
        2016.0013661202186,
        2016.9986338797814
      ],
      "numdate": 2016.1980828849466,
      "raw_date": "2016-XX-XX"
    },
    "HCoV_229E/Seattle/USA/SC9724/2018": {
      "branch_length": 0.0007563158150001404,
      "clock_length": 0.0007563158150001404,
      "date": "2018-12-31",
      "mutation_length": 0.0007322487708051537,
      "num_date_confidence": [
        2018.138531451788,
        2018.9986301369863
      ],
      "numdate": 2018.9986301369863,
      "raw_date": "2018-XX-XX"
    },
    "HCoV_229E/Seattle/USA/SC9731/2016": {
      "branch_length": 0.00033672943199599,
      "clock_length": 0.00033672943199599,
      "date": "2016-05-21",
      "mutation_length": 0.00036593441296241887,
      "num_date_confidence": [
        2016.0013661202186,
        2016.9986338797814
      ],
      "numdate": 2016.3869917559914,
      "raw_date": "2016-XX-XX"
    },
    "HCoV_229E/Seattle/USA/SC9773/2016": {
      "branch_length": 0.00044694276755247175,
      "clock_length": 0.00044694276755247175,
      "date": "2016-12-31",
      "mutation_length": 0.0005121675154826404,
      "num_date_confidence": [
        2016.1817115388687,
        2016.9986338797814
      ],
      "numdate": 2016.9986338797814,
      "raw_date": "2016-XX-XX"
    },
    "HCoV_229E/human/GBR/KI/1975": {
      "branch_length": 0.002006569275747017,
      "clock_length": 0.002006569275747017,
      "date": "1975-01-01",
      "mutation_length": 7.684546659179551e-05,
      "num_date_confidence": [
        1975.0013698630137,
        1975.898904109589
      ],
      "numdate": 1975.0013698630137,
      "raw_date": "1975-XX-XX"
    },
    "HCoV_229E/human/GBR/LP/1963": {
      "branch_length": 2.3957878822067e-05,
      "clock_length": 2.3957878822067e-05,
      "date": "1963-12-31",
      "mutation_length": 4.321688958538429e-17,
      "num_date_confidence": [
        1963.4808798212155,
        1963.9986301369863
      ],
      "numdate": 1963.9986301369863,
      "raw_date": "1963-XX-XX"
    },
    "HCoV_229E/human/GER/100/2008": {
      "branch_length": 3.211795111466393e-05,
      "clock_length": 3.211795111466393e-05,
      "date": "2008-08-24",
      "mutation_length": 4.323755566622364e-17,
      "num_date_confidence": [
        2008.0013661202186,
        2008.9986338797814
      ],
      "numdate": 2008.6455238686685,
      "raw_date": "2008-XX-XX"
    },
    "HCoV_229E/human/GER/101/2008": {
      "branch_length": 3.211795111466393e-05,
      "clock_length": 3.211795111466393e-05,
      "date": "2008-08-24",
      "mutation_length": 4.323755566622364e-17,
      "num_date_confidence": [
        2008.0013661202186,
        2008.9986338797814
      ],
      "numdate": 2008.6455238686685,
      "raw_date": "2008-XX-XX"
    },
    "HCoV_229E/human/GER/1334/2010": {
      "branch_length": 3.5647637708845345e-05,
      "clock_length": 3.5647637708845345e-05,
      "date": "2010-06-12",
      "mutation_length": 3.842380907578927e-05,
      "num_date_confidence": [
        2010.0013698630137,
        2010.9986301369863
      ],
      "numdate": 2010.4457405320568,
      "raw_date": "2010-XX-XX"
    },
    "HCoV_229E/human/GER/1337/2010": {
      "branch_length": 1.8860767739075105e-05,
      "clock_length": 1.8860767739075105e-05,
      "date": "2010-12-02",
      "mutation_length": 4.323755566622364e-17,
      "num_date_confidence": [
        2010.402568262103,
        2010.9986301369863
      ],
      "numdate": 2010.9179632440455,
      "raw_date": "2010-XX-XX"
    },
    "HCoV_229E/human/GER/1551/2010": {
      "branch_length": 1.8860767739075105e-05,
      "clock_length": 1.8860767739075105e-05,
      "date": "2010-12-02",
      "mutation_length": 4.323755566622364e-17,
      "num_date_confidence": [
        2010.402568262103,
        2010.9986301369863
      ],
      "numdate": 2010.9179632440455,
      "raw_date": "2010-XX-XX"
    },
    "HCoV_229E/human/GER/1812/2010": {
      "branch_length": 4.1998992831907955e-05,
      "clock_length": 4.1998992831907955e-05,
      "date": "2010-08-29",
      "mutation_length": 3.842349406605665e-05,
      "num_date_confidence": [
        2010.0013698630137,
        2010.9986301369863
      ],
      "numdate": 2010.6577433089726,
      "raw_date": "2010-XX-XX"
    },
    "HCoV_229E/human/GER/373/2011": {
      "branch_length": 2.39578788220657e-05,
      "clock_length": 2.39578788220657e-05,
      "date": "2011-12-31",
      "mutation_length": 4.3244779497306964e-17,
      "num_date_confidence": [
        2011.5648499034553,
        2011.9986301369863
      ],
      "numdate": 2011.9986301369863,
      "raw_date": "2011-XX-XX"
    },
    "HCoV_229E/human/GER/499/2010": {
      "branch_length": 1.8860767739075105e-05,
      "clock_length": 1.8860767739075105e-05,
      "date": "2010-12-02",
      "mutation_length": 4.323755566622364e-17,
      "num_date_confidence": [
        2010.402568262103,
        2010.9986301369863
      ],
      "numdate": 2010.9179632440455,
      "raw_date": "2010-XX-XX"
    },
    "HCoV_229E/human/GER/53/2008": {
      "branch_length": 3.211795111466393e-05,
      "clock_length": 3.211795111466393e-05,
      "date": "2008-08-24",
      "mutation_length": 4.323755566622364e-17,
      "num_date_confidence": [
        2008.0013661202186,
        2008.9986338797814
      ],
      "numdate": 2008.6455238686685,
      "raw_date": "2008-XX-XX"
    },
    "HCoV_229E/human/GER/629/2010": {
      "branch_length": 3.739582597120871e-05,
      "clock_length": 3.739582597120871e-05,
      "date": "2010-09-02",
      "mutation_length": 3.8422639406024424e-05,
      "num_date_confidence": [
        2010.0013698630137,
        2010.9986301369863
      ],
      "numdate": 2010.6699735137224,
      "raw_date": "2010-XX-XX"
    },
    "HCoV_229E/human/GER/645/2010": {
      "branch_length": 2.35380292138267e-05,
      "clock_length": 2.35380292138267e-05,
      "date": "2010-07-14",
      "mutation_length": 3.842349406605665e-05,
      "num_date_confidence": [
        2010.0013698630137,
        2010.9986301369863
      ],
      "numdate": 2010.5335048020645,
      "raw_date": "2010-XX-XX"
    },
    "HCoV_229E/human/GHA/83/2008": {
      "branch_length": 3.211795111466393e-05,
      "clock_length": 3.211795111466393e-05,
      "date": "2008-08-24",
      "mutation_length": 4.323755566622364e-17,
      "num_date_confidence": [
        2008.0013661202186,
        2008.9986338797814
      ],
      "numdate": 2008.6455238686685,
      "raw_date": "2008-XX-XX"
    },
    "HCoV_229E/human/GHA/860/2008": {
      "branch_length": 3.211795111466393e-05,
      "clock_length": 3.211795111466393e-05,
      "date": "2008-08-24",
      "mutation_length": 4.323755566622364e-17,
      "num_date_confidence": [
        2008.0013661202186,
        2008.9986338797814
      ],
      "numdate": 2008.6455238686685,
      "raw_date": "2008-XX-XX"
    },
    "HCoV_229E/human/GHA/938/2008": {
      "branch_length": 3.211795111466393e-05,
      "clock_length": 3.211795111466393e-05,
      "date": "2008-08-24",
      "mutation_length": 4.323755566622364e-17,
      "num_date_confidence": [
        2008.0013661202186,
        2008.9986338797814
      ],
      "numdate": 2008.6455238686685,
      "raw_date": "2008-XX-XX"
    },
    "HCoV_229E/human/GHA/939/2008": {
      "branch_length": 3.211795111466393e-05,
      "clock_length": 3.211795111466393e-05,
      "date": "2008-08-24",
      "mutation_length": 4.323755566622364e-17,
      "num_date_confidence": [
        2008.0013661202186,
        2008.9986338797814
      ],
      "numdate": 2008.6455238686685,
      "raw_date": "2008-XX-XX"
    },
    "HCoV_229E/human/GHA/997/2008": {
      "branch_length": 3.211795111466393e-05,
      "clock_length": 3.211795111466393e-05,
      "date": "2008-08-24",
      "mutation_length": 4.323755566622364e-17,
      "num_date_confidence": [
        2008.0013661202186,
        2008.9986338797814
      ],
      "numdate": 2008.6455238686685,
      "raw_date": "2008-XX-XX"
    },
    "HCoV_229E/human/HKG/HK_2_26/2002": {
      "branch_length": 5.918252385210109e-06,
      "clock_length": 5.918252385210109e-06,
      "date": "2002-12-31",
      "mutation_length": 4.323755566622364e-17,
      "num_date_confidence": [
        2002.5221608310544,
        2002.9986301369863
      ],
      "numdate": 2002.9986301369863,
      "raw_date": "2002-XX-XX"
    },
    "HCoV_229E/human/HKG/HK_2_26B/2002": {
      "branch_length": 1.1530450564991614e-06,
      "clock_length": 1.1530450564991614e-06,
      "date": "2002-01-01",
      "mutation_length": 4.322257121920288e-17,
      "num_date_confidence": [
        2002.0013698630137,
        2002.651897803116
      ],
      "numdate": 2002.0013698630137,
      "raw_date": "2002-XX-XX"
    },
    "HCoV_229E/human/HKG/HK_4_27/2006": {
      "branch_length": 6.147929663420128e-05,
      "clock_length": 6.147929663420128e-05,
      "date": "2006-11-13",
      "mutation_length": 4.323755566622364e-17,
      "num_date_confidence": [
        2006.0013698630137,
        2006.9986301369863
      ],
      "numdate": 2006.8675066383882,
      "raw_date": "2006-XX-XX"
    },
    "HCoV_229E/human/HKG/HK_5_10/2002": {
      "branch_length": 1.1530450564991614e-06,
      "clock_length": 1.1530450564991614e-06,
      "date": "2002-01-01",
      "mutation_length": 4.322257121920288e-17,
      "num_date_confidence": [
        2002.0013698630137,
        2002.651897803116
      ],
      "numdate": 2002.0013698630137,
      "raw_date": "2002-XX-XX"
    },
    "HCoV_229E/human/HKG/HK_7_6/2004": {
      "branch_length": 8.455870455058691e-05,
      "clock_length": 8.455870455058691e-05,
      "date": "2004-12-31",
      "mutation_length": 3.8422639406024424e-05,
      "num_date_confidence": [
        2004.191868390576,
        2004.9986338797814
      ],
      "numdate": 2004.9986338797814,
      "raw_date": "2004-XX-XX"
    },
    "HCoV_229E/human/NED/21050349/2010": {
      "branch_length": 1.8860767739075105e-05,
      "clock_length": 1.8860767739075105e-05,
      "date": "2010-12-02",
      "mutation_length": 4.323755566622364e-17,
      "num_date_confidence": [
        2010.402568262103,
        2010.9986301369863
      ],
      "numdate": 2010.9179632440455,
      "raw_date": "2010-XX-XX"
    },
    "India/Pondicherry/POM_309/2014": {
      "branch_length": 0.00039363590748443507,
      "clock_length": 0.00039363590748443507,
      "date": "2014-02-01",
      "mutation_length": 4.338488205087198e-17,
      "num_date_confidence": [
        2014.0863013698631,
        2014.1528767123286
      ],
      "numdate": 2014.0863013698631,
      "raw_date": "2014-02-XX"
    },
    "India/Puducherry/JIM_159/2012": {
      "branch_length": 0.0003209236685464468,
      "clock_length": 0.0003209236685464468,
      "date": "2012-05-01",
      "mutation_length": 4.3372424867249936e-17,
      "num_date_confidence": [
        2012.3319672131147,
        2012.4042270183545
      ],
      "numdate": 2012.3319672131147,
      "raw_date": "2012-05-XX"
    },
    "J0304": {
      "branch_length": 0.0020685502835399395,
      "clock_length": 0.0020685502835399395,
      "date": "2009-12-31",
      "mutation_length": 0.002602024278704497,
      "num_date_confidence": [
        2009.1608541877451,
        2009.9986301369863
      ],
      "numdate": 2009.9986301369863,
      "raw_date": "2009-XX-XX"
    },
    "N08_434B": {
      "branch_length": 0.002216018847170014,
      "clock_length": 0.002216018847170014,
      "date": "2016-01-01",
      "mutation_length": 0.0017592304024074525,
      "num_date_confidence": [
        2016.0013661202186,
        2016.8128071119888
      ],
      "numdate": 2016.0013661202186,
      "raw_date": "2016-XX-XX"
    },
    "NODE_0000000": {
      "branch_length": 0.001,
      "clock_length": 0.001,
      "date": "1963-07-06",
      "mutation_length": 0.001,
      "num_date_confidence": [
        1962.7525792441693,
        1963.8888774067157
      ],
      "numdate": 1963.5116923677992
    },
    "NODE_0000001": {
      "branch_length": 0.00045538450780826427,
      "clock_length": 0.00045538450780826427,
      "date": "2011-11-12",
      "mutation_length": 0.0006948533486217567,
      "num_date_confidence": [
        2011.4452726211812,
        2011.9672208346005
      ],
      "numdate": 2011.865673015144
    },
    "NODE_0000002": {
      "branch_length": 0.0007466199989025904,
      "clock_length": 0.0007466199989025904,
      "date": "2016-01-04",
      "mutation_length": 0.000694818366066581,
      "num_date_confidence": [
        2015.8624360312608,
        2016.2420736747772
      ],
      "numdate": 2016.009130242775
    },
    "NODE_0000004": {
      "branch_length": 0.0001631095728959961,
      "clock_length": 0.0001631095728959961,
      "date": "2009-05-04",
      "mutation_length": 0.0002193521011927378,
      "num_date_confidence": [
        2008.5838084873656,
        2009.9594284631805
      ],
      "numdate": 2009.3384620738316
    },
    "NODE_0000005": {
      "branch_length": 0.0007119018429206307,
      "clock_length": 0.0007119018429206307,
      "date": "2013-04-16",
      "mutation_length": 0.0006584792310996267,
      "num_date_confidence": [
        2012.7227997322072,
        2013.950396638244
      ],
      "numdate": 2013.2892467310185
    },
    "NODE_0000010": {
      "branch_length": 0.00027091302559306045,
      "clock_length": 0.00027091302559306045,
      "date": "2008-06-07",
      "mutation_length": 0.00036563105117182383,
      "num_date_confidence": [
        2007.5727029679956,
        2008.8948406860707
      ],
      "numdate": 2008.4332659369682
    },
    "NODE_0000011": {
      "branch_length": 0.0014055355866495762,
      "clock_length": 0.0014055355866495762,
      "date": "2016-03-26",
      "mutation_length": 0.0024565227461020916,
      "num_date_confidence": [
        2015.4430505956022,
        2016.9764344027851
      ],
      "numdate": 2016.2334542439455
    },
    "NODE_0000012": {
      "branch_length": 7.409447070472934e-05,
      "clock_length": 7.409447070472934e-05,
      "date": "2006-12-06",
      "mutation_length": 0.00010965451207098028,
      "num_date_confidence": [
        2006.4258638601318,
        2007.7329825159943
      ],
      "numdate": 2006.9298016102653
    },
    "NODE_0000013": {
      "branch_length": 0.0005240129687973812,
      "clock_length": 0.0005240129687973812,
      "date": "2009-11-02",
      "mutation_length": 0.0005120826945997038,
      "num_date_confidence": [
        2009.1195043723683,
        2011.1649012609564
      ],
      "numdate": 2009.8378744265938
    },
    "NODE_0000014": {
      "branch_length": 0.00029499515604909047,
      "clock_length": 0.00029499515604909047,
      "date": "2011-06-23",
      "mutation_length": 0.0004022955849391046,
      "num_date_confidence": [
        2010.8823335281415,
        2012.542519837458
      ],
      "numdate": 2011.4749854244833
    },
    "NODE_0000015": {
      "branch_length": 0.000612676668376625,
      "clock_length": 0.000612676668376625,
      "date": "2013-03-28",
      "mutation_length": 0.00040230796682256653,
      "num_date_confidence": [
        2012.1158643927438,
        2013.667010856379
      ],
      "numdate": 2013.237997077363
    },
    "NODE_0000016": {
      "branch_length": 0.0002306958542658067,
      "clock_length": 0.0002306958542658067,
      "date": "2014-07-09",
      "mutation_length": 0.00029256978513349143,
      "num_date_confidence": [
        2013.740968523683,
        2015.1427791358385
      ],
      "numdate": 2014.5182713884544
    },
    "NODE_0000017": {
      "branch_length": 0.0006607276027789321,
      "clock_length": 0.0006607276027789321,
      "date": "2005-04-17",
      "mutation_length": 0.00018283099745726927,
      "num_date_confidence": [
        2004.8451273519709,
        2005.6117215462045
      ],
      "numdate": 2005.291785200018
    },
    "NODE_0000018": {
      "branch_length": 0.0002817071721741406,
      "clock_length": 0.0002817071721741406,
      "date": "2014-10-20",
      "mutation_length": 0.0005851604917931347,
      "num_date_confidence": [
        2014.0869884823253,
        2015.725555078045
      ],
      "numdate": 2014.8013648150823
    },
    "NODE_0000019": {
      "branch_length": 0.0006401914755696813,
      "clock_length": 0.0006401914755696813,
      "date": "2006-07-09",
      "mutation_length": 0.0008779188223039141,
      "num_date_confidence": [
        2005.9646374367026,
        2007.3214231798797
      ],
      "numdate": 2006.5186054587823
    },
    "NODE_0000020": {
      "branch_length": 0.00031065723778217523,
      "clock_length": 0.00031065723778217523,
      "date": "2007-02-13",
      "mutation_length": 3.6558646186553015e-05,
      "num_date_confidence": [
        2006.3949331901629,
        2007.5401351256853
      ],
      "numdate": 2007.120026976122
    },
    "NODE_0000021": {
      "branch_length": 0.00016668798988137305,
      "clock_length": 0.00016668798988137305,
      "date": "2008-01-17",
      "mutation_length": 3.655858737845124e-05,
      "num_date_confidence": [
        2007.6506995250945,
        2008.045081967213
      ],
      "numdate": 2008.045081967213
    },
    "NODE_0000023": {
      "branch_length": 4.9640057190707566e-05,
      "clock_length": 4.9640057190707566e-05,
      "date": "2002-12-19",
      "mutation_length": 0.0004021742151539782,
      "num_date_confidence": [
        2002.903311700356,
        2002.965786085586
      ],
      "numdate": 2002.965786085586
    },
    "NODE_0000024": {
      "branch_length": 1.0546537047021604e-05,
      "clock_length": 1.0546537047021604e-05,
      "date": "2005-09-03",
      "mutation_length": 4.446197567922992e-17,
      "num_date_confidence": [
        2005.5452050171068,
        2005.7186189851575
      ],
      "numdate": 2005.6725469805822
    },
    "NODE_0000025": {
      "branch_length": 1.037728825101095e-05,
      "clock_length": 1.037728825101095e-05,
      "date": "2005-09-24",
      "mutation_length": 4.446197567922992e-17,
      "num_date_confidence": [
        2005.6360719835839,
        2005.7301369863014
      ],
      "numdate": 2005.7301369863014
    },
    "NODE_0000027": {
      "branch_length": 0.00035050259141054894,
      "clock_length": 0.00035050259141054894,
      "date": "2003-08-24",
      "mutation_length": 4.442782460072914e-17,
      "num_date_confidence": [
        2002.8774129818707,
        2003.8704614310384
      ],
      "numdate": 2003.6465270715514
    },
    "NODE_0000028": {
      "branch_length": 0.00024553139056176284,
      "clock_length": 0.00024553139056176284,
      "date": "2005-01-04",
      "mutation_length": 4.442782460072914e-17,
      "num_date_confidence": [
        2004.4691536632974,
        2005.6207503564428
      ],
      "numdate": 2005.0091329705747
    },
    "NODE_0000030": {
      "branch_length": 0.00011986633429292119,
      "clock_length": 0.00011986633429292119,
      "date": "2010-07-24",
      "mutation_length": 3.654811947173511e-05,
      "num_date_confidence": [
        2010.2045388392373,
        2010.9952465943682
      ],
      "numdate": 2010.560356097446
    },
    "NODE_0000031": {
      "branch_length": 0.00022900866310378732,
      "clock_length": 0.00022900866310378732,
      "date": "2005-04-01",
      "mutation_length": 4.439600632857078e-17,
      "num_date_confidence": [
        2004.8376472694406,
        2005.315026696232
      ],
      "numdate": 2005.2469885940006
    },
    "NODE_0000033": {
      "branch_length": 1.3952654097035885e-05,
      "clock_length": 1.3952654097035885e-05,
      "date": "2004-03-01",
      "mutation_length": 2.8161207954851734e-22,
      "num_date_confidence": [
        2004.064311856057,
        2004.2336503632569
      ],
      "numdate": 2004.164777966805
    },
    "NODE_0000034": {
      "branch_length": 0.0003308728423444397,
      "clock_length": 0.0003308728423444397,
      "date": "2006-01-01",
      "mutation_length": 2.8161207954851734e-22,
      "num_date_confidence": [
        2005.5817778516798,
        2006.0710517716905
      ],
      "numdate": 2006.0009964876776
    },
    "NODE_0000039": {
      "branch_length": 0.0001992977966090233,
      "clock_length": 0.0001992977966090233,
      "date": "2008-02-21",
      "mutation_length": 4.446899639803243e-17,
      "num_date_confidence": [
        2007.3858925455124,
        2008.6067808842397
      ],
      "numdate": 2008.1414731963234
    },
    "NODE_0000040": {
      "branch_length": 5.181821912845141e-05,
      "clock_length": 5.181821912845141e-05,
      "date": "2008-06-06",
      "mutation_length": 4.446899639803243e-17,
      "num_date_confidence": [
        2007.8595759327889,
        2008.6422922365664
      ],
      "numdate": 2008.4290446180457
    },
    "NODE_0000044": {
      "branch_length": 0.0010657933152779528,
      "clock_length": 0.0010657933152779528,
      "date": "2008-08-09",
      "mutation_length": 0.0005852055000609686,
      "num_date_confidence": [
        2008.0704642422324,
        2009.3637935678735
      ],
      "numdate": 2008.6050504607579
    },
    "NODE_0000045": {
      "branch_length": 0.0002938753797881728,
      "clock_length": 0.0002938753797881728,
      "date": "2010-03-28",
      "mutation_length": 2.821077560914214e-22,
      "num_date_confidence": [
        2009.5198595829274,
        2010.539650539795
      ],
      "numdate": 2010.2359471259904
    },
    "NODE_0000046": {
      "branch_length": 3.514537883347619e-05,
      "clock_length": 3.514537883347619e-05,
      "date": "2010-06-07",
      "mutation_length": 2.821077560914214e-22,
      "num_date_confidence": [
        2009.839000943098,
        2010.6212860312176
      ],
      "numdate": 2010.4309906208866
    },
    "NODE_0000047": {
      "branch_length": 2.0136305139078093e-05,
      "clock_length": 2.0136305139078093e-05,
      "date": "2010-07-18",
      "mutation_length": 2.821077560914214e-22,
      "num_date_confidence": [
        2010.2269189096107,
        2010.9425749427292
      ],
      "numdate": 2010.5427394612457
    },
    "NODE_0000048": {
      "branch_length": 2.988127299628925e-05,
      "clock_length": 2.988127299628925e-05,
      "date": "2010-05-27",
      "mutation_length": 2.821077560914214e-22,
      "num_date_confidence": [
        2009.8060698574072,
        2010.5643840321632
      ],
      "numdate": 2010.4017768342078
    },
    "NODE_0000050": {
      "branch_length": 0.00017123108531798379,
      "clock_length": 0.00017123108531798379,
      "date": "2011-06-30",
      "mutation_length": 3.654770254762924e-05,
      "num_date_confidence": [
        2011.0763367909622,
        2012.0530958881664
      ],
      "numdate": 2011.4934276954248
    },
    "NODE_0000055": {
      "branch_length": 0.00014366778243902144,
      "clock_length": 0.00014366778243902144,
      "date": "2009-07-13",
      "mutation_length": 7.310989937235702e-05,
      "num_date_confidence": [
        2009.1136930084415,
        2009.9085044331352
      ],
      "numdate": 2009.5297841350077
    },
    "NODE_0000058": {
      "branch_length": 2.9088253214312612e-05,
      "clock_length": 2.9088253214312612e-05,
      "date": "2009-11-19",
      "mutation_length": 4.4456049860972166e-17,
      "num_date_confidence": [
        2009.3549785244911,
        2010.6148643317508
      ],
      "numdate": 2009.8833002762126
    },
    "NODE_0000059": {
      "branch_length": 1.913234680089946e-05,
      "clock_length": 1.913234680089946e-05,
      "date": "2009-12-28",
      "mutation_length": 4.4456049860972166e-17,
      "num_date_confidence": [
        2009.5803209903165,
        2010.6919028844422
      ],
      "numdate": 2009.9894775293672
    },
    "NODE_0000060": {
      "branch_length": 1.913234680089946e-05,
      "clock_length": 1.913234680089946e-05,
      "date": "2009-12-28",
      "mutation_length": 4.4456049860972166e-17,
      "num_date_confidence": [
        2009.5803209903165,
        2010.6919028844422
      ],
      "numdate": 2009.9894775293672
    },
    "NODE_0000064": {
      "branch_length": 2.6606798572533386e-05,
      "clock_length": 2.6606798572533386e-05,
      "date": "2005-03-25",
      "mutation_length": 4.4403828671943956e-17,
      "num_date_confidence": [
        2004.8125776915558,
        2005.598692328172
      ],
      "numdate": 2005.2291515998947
    },
    "NODE_0000066": {
      "branch_length": 2.004828694051556e-05,
      "clock_length": 2.004828694051556e-05,
      "date": "2005-05-05",
      "mutation_length": 4.4403828671943956e-17,
      "num_date_confidence": [
        2005.0159928786532,
        2005.6016314745286
      ],
      "numdate": 2005.3404119727047
    },
    "NODE_0000075": {
      "branch_length": 4.830304548960945e-05,
      "clock_length": 4.830304548960945e-05,
      "date": "2005-08-11",
      "mutation_length": 0.00010965144278517651,
      "num_date_confidence": [
        2005.4131850507865,
        2005.730176136389
      ],
      "numdate": 2005.608475516736
    },
    "NODE_0000076": {
      "branch_length": 0.0002817452620379928,
      "clock_length": 0.0002817452620379928,
      "date": "2004-07-12",
      "mutation_length": 4.442132263632413e-17,
      "num_date_confidence": [
        2003.7406315777528,
        2004.9518062533996
      ],
      "numdate": 2004.5293652075732
    },
    "NODE_0000077": {
      "branch_length": 9.948947484453687e-05,
      "clock_length": 9.948947484453687e-05,
      "date": "2005-01-30",
      "mutation_length": 3.6549650553242026e-05,
      "num_date_confidence": [
        2004.5172682375771,
        2005.6001160352234
      ],
      "numdate": 2005.0814939802067
    },
    "NODE_0000079": {
      "branch_length": 0.0011293745641943226,
      "clock_length": 0.0011293745641943226,
      "date": "2011-07-01",
      "mutation_length": 4.4403828671943956e-17,
      "num_date_confidence": [
        2010.9701291291408,
        2011.967406401601
      ],
      "numdate": 2011.4967511921793
    },
    "NODE_0000080": {
      "branch_length": 8.165494621465829e-06,
      "clock_length": 8.165494621465829e-06,
      "date": "2005-08-27",
      "mutation_length": 4.439858635036052e-17,
      "num_date_confidence": [
        2005.5013798090054,
        2005.7535447042176
      ],
      "numdate": 2005.653790908443
    },
    "NODE_0000081": {
      "branch_length": 2.264319861332645e-05,
      "clock_length": 2.264319861332645e-05,
      "date": "2005-10-12",
      "mutation_length": 7.310202930709476e-05,
      "num_date_confidence": [
        2005.7003332952681,
        2005.7794520547945
      ],
      "numdate": 2005.7794520547945
    },
    "NODE_0000083": {
      "branch_length": 9.549562604148788e-06,
      "clock_length": 9.549562604148788e-06,
      "date": "2002-09-09",
      "mutation_length": 3.6553919321670236e-05,
      "num_date_confidence": [
        2002.5155091659885,
        2002.828184351401
      ],
      "numdate": 2002.6903026347688
    },
    "NODE_0000084": {
      "branch_length": 0.0008384661248506421,
      "clock_length": 0.0008384661248506421,
      "date": "2010-04-06",
      "mutation_length": 4.439858635036052e-17,
      "num_date_confidence": [
        2009.8744770554736,
        2010.2616438356165
      ],
      "numdate": 2010.2616438356165
    },
    "NODE_0000085": {
      "branch_length": 0.00030594869231050656,
      "clock_length": 0.00030594869231050656,
      "date": "2011-12-17",
      "mutation_length": 4.439858635036052e-17,
      "num_date_confidence": [
        2011.4641826801326,
        2012.7080920474068
      ],
      "numdate": 2011.9595427966697
    },
    "NODE_0000086": {
      "branch_length": 0.00045727770700372907,
      "clock_length": 0.00045727770700372907,
      "date": "2014-07-01",
      "mutation_length": 4.439858635036052e-17,
      "num_date_confidence": [
        2014.0913212961225,
        2014.4972602739726
      ],
      "numdate": 2014.4972602739726
    },
    "NODE_0000087": {
      "branch_length": 2.776090351033593e-05,
      "clock_length": 2.776090351033593e-05,
      "date": "2010-07-22",
      "mutation_length": 3.6554411373781843e-05,
      "num_date_confidence": [
        2010.1074404821586,
        2010.8312271538396
      ],
      "numdate": 2010.5558392976625
    },
    "NODE_0000088": {
      "branch_length": 0.00036130069031711266,
      "clock_length": 0.00036130069031711266,
      "date": "2007-05-07",
      "mutation_length": 4.4403828671943956e-17,
      "num_date_confidence": [
        2006.6527388520592,
        2007.6487746740104
      ],
      "numdate": 2007.3454934851782
    },
    "NODE_0000089": {
      "branch_length": 2.6882199695926886e-05,
      "clock_length": 2.6882199695926886e-05,
      "date": "2010-07-21",
      "mutation_length": 3.655479368370668e-05,
      "num_date_confidence": [
        2010.116492405745,
        2010.9672208346005
      ],
      "numdate": 2010.5509628254595
    },
    "NODE_0000090": {
      "branch_length": 2.2962308551046327e-05,
      "clock_length": 2.2962308551046327e-05,
      "date": "2008-09-25",
      "mutation_length": 2.821077560914214e-22,
      "num_date_confidence": [
        2008.2990358223617,
        2009.3506972624757
      ],
      "numdate": 2008.7324825459802
    },
    "NODE_0000091": {
      "branch_length": 0.00013745927111129199,
      "clock_length": 0.00013745927111129199,
      "date": "2009-06-30",
      "mutation_length": 0.0002193689976297685,
      "num_date_confidence": [
        2009.0978753342222,
        2009.7936314837482
      ],
      "numdate": 2009.4953292567945
    },
    "NODE_0000092": {
      "branch_length": 5.108510157467551e-05,
      "clock_length": 5.108510157467551e-05,
      "date": "2007-08-18",
      "mutation_length": 4.4403828671943956e-17,
      "num_date_confidence": [
        2007.255168682197,
        2007.8290339965765
      ],
      "numdate": 2007.6289963831114
    },
    "NODE_0000093": {
      "branch_length": 4.488339953292878e-05,
      "clock_length": 4.488339953292878e-05,
      "date": "2007-11-17",
      "mutation_length": 4.4403828671943956e-17,
      "num_date_confidence": [
        2007.6038321196145,
        2007.8780821917808
      ],
      "numdate": 2007.8780821917808
    },
    "NODE_0000094": {
      "branch_length": 0.00015187525924666764,
      "clock_length": 0.00015187525924666764,
      "date": "2008-09-20",
      "mutation_length": 4.4403828671943956e-17,
      "num_date_confidence": [
        2008.1732656527183,
        2009.1724880996508
      ],
      "numdate": 2008.7209321576922
    },
    "NODE_0000095": {
      "branch_length": 5.2030066994333476e-05,
      "clock_length": 5.2030066994333476e-05,
      "date": "2009-01-04",
      "mutation_length": 4.4403828671943956e-17,
      "num_date_confidence": [
        2008.6538916393506,
        2009.2109438549373
      ],
      "numdate": 2009.0096792545537
    },
    "NODE_0000096": {
      "branch_length": 2.397806545992526e-05,
      "clock_length": 2.397806545992526e-05,
      "date": "2009-02-22",
      "mutation_length": 4.4403828671943956e-17,
      "num_date_confidence": [
        2008.8996433649115,
        2009.240479849834
      ],
      "numdate": 2009.142748404564
    },
    "NODE_0000097": {
      "branch_length": 1.8722411425937035e-05,
      "clock_length": 1.8722411425937035e-05,
      "date": "2009-08-07",
      "mutation_length": 3.6557700790820836e-05,
      "num_date_confidence": [
        2009.2614978636946,
        2009.8902197870111
      ],
      "numdate": 2009.5992315244214
    },
    "NODE_0000098": {
      "branch_length": 2.3114480175436382e-05,
      "clock_length": 2.3114480175436382e-05,
      "date": "2009-09-23",
      "mutation_length": 3.6558863621623885e-05,
      "num_date_confidence": [
        2009.4373473785474,
        2009.9674291003269
      ],
      "numdate": 2009.7275081043235
    },
    "NODE_0000099": {
      "branch_length": 1.857830047030185e-05,
      "clock_length": 1.857830047030185e-05,
      "date": "2009-03-31",
      "mutation_length": 4.4403828671943956e-17,
      "num_date_confidence": [
        2009.0729354110506,
        2009.2671232876712
      ],
      "numdate": 2009.2458509111589
    },
    "NODE_0000100": {
      "branch_length": 3.461271109112766e-05,
      "clock_length": 3.461271109112766e-05,
      "date": "2009-09-21",
      "mutation_length": 4.4456049860972166e-17,
      "num_date_confidence": [
        2009.3903439409214,
        2009.9004825032687
      ],
      "numdate": 2009.721871526384
    },
    "NODE_0000101": {
      "branch_length": 9.757260768027826e-06,
      "clock_length": 9.757260768027826e-06,
      "date": "2009-04-20",
      "mutation_length": 4.4403828671943956e-17,
      "num_date_confidence": [
        2009.1841254012704,
        2009.3
      ],
      "numdate": 2009.3
    },
    "NODE_0000102": {
      "branch_length": 1.8311654149875782e-05,
      "clock_length": 1.8311654149875782e-05,
      "date": "2009-10-28",
      "mutation_length": 3.6553922427457226e-05,
      "num_date_confidence": [
        2009.5542925199281,
        2009.9674291003269
      ],
      "numdate": 2009.823494247244
    },
    "NODE_0000103": {
      "branch_length": 0.000260346824798681,
      "clock_length": 0.000260346824798681,
      "date": "2006-07-12",
      "mutation_length": 4.4403828671943956e-17,
      "num_date_confidence": [
        2005.9097577205505,
        2006.9238490391415
      ],
      "numdate": 2006.5263199083743
    },
    "NODE_0000104": {
      "branch_length": 0.0002932030646378885,
      "clock_length": 0.0002932030646378885,
      "date": "2008-02-26",
      "mutation_length": 4.4403828671943956e-17,
      "num_date_confidence": [
        2007.4896887142556,
        2008.5956454822847
      ],
      "numdate": 2008.153485480048
    },
    "NODE_0000105": {
      "branch_length": 4.160899716747907e-05,
      "clock_length": 4.160899716747907e-05,
      "date": "2008-05-20",
      "mutation_length": 4.4403828671943956e-17,
      "num_date_confidence": [
        2007.8324371087938,
        2008.5481999333917
      ],
      "numdate": 2008.3843996000842
    },
    "NODE_0000106": {
      "branch_length": 8.98924748799889e-06,
      "clock_length": 8.98924748799889e-06,
      "date": "2008-06-07",
      "mutation_length": 4.4403828671943956e-17,
      "num_date_confidence": [
        2008.0041146476601,
        2008.633597565725
      ],
      "numdate": 2008.4342865071183
    },
    "NODE_0000107": {
      "branch_length": 0.00012447981524674884,
      "clock_length": 0.00012447981524674884,
      "date": "2002-08-21",
      "mutation_length": 0.0007315292537779921,
      "num_date_confidence": [
        2002.4421901962412,
        2002.808506949459
      ],
      "numdate": 2002.6373061917977
    },
    "NODE_0000108": {
      "branch_length": 1.8956580876135047e-05,
      "clock_length": 1.8956580876135047e-05,
      "date": "2001-12-12",
      "mutation_length": 7.311173487160953e-05,
      "num_date_confidence": [
        2001.6179831047377,
        2002.2796851792057
      ],
      "numdate": 2001.9464905279576
    },
    "NODE_0000109": {
      "branch_length": 0.0009169917410777368,
      "clock_length": 0.0009169917410777368,
      "date": "2007-01-13",
      "mutation_length": 0.0001827975270829827,
      "num_date_confidence": [
        2006.709133142803,
        2007.4196856777314
      ],
      "numdate": 2007.0354461718339
    },
    "NODE_0000110": {
      "branch_length": 6.209171567070088e-05,
      "clock_length": 6.209171567070088e-05,
      "date": "2007-05-19",
      "mutation_length": 7.311377380483822e-05,
      "num_date_confidence": [
        2007.0266266992164,
        2007.662743672943
      ],
      "numdate": 2007.3800315947396
    },
    "NODE_0000111": {
      "branch_length": 5.945441357947407e-06,
      "clock_length": 5.945441357947407e-06,
      "date": "2008-06-20",
      "mutation_length": 4.4403828671943956e-17,
      "num_date_confidence": [
        2008.1430230783676,
        2008.7878427366868
      ],
      "numdate": 2008.4672814469836
    },
    "NODE_0000112": {
      "branch_length": 3.415490600041857e-05,
      "clock_length": 3.415490600041857e-05,
      "date": "2008-08-14",
      "mutation_length": 3.6554309213929624e-05,
      "num_date_confidence": [
        2008.369770702465,
        2008.899108620621
      ],
      "numdate": 2008.6185913651655
    },
    "NODE_0000113": {
      "branch_length": 5.945441357947407e-06,
      "clock_length": 5.945441357947407e-06,
      "date": "2008-06-20",
      "mutation_length": 4.4403828671943956e-17,
      "num_date_confidence": [
        2008.1430230783676,
        2008.7878427366868
      ],
      "numdate": 2008.4672814469836
    },
    "NODE_0000114": {
      "branch_length": 8.98924748799889e-06,
      "clock_length": 8.98924748799889e-06,
      "date": "2008-06-07",
      "mutation_length": 4.4403828671943956e-17,
      "num_date_confidence": [
        2008.0041146476601,
        2008.633597565725
      ],
      "numdate": 2008.4342865071183
    },
    "NODE_0000115": {
      "branch_length": 5.945441357947407e-06,
      "clock_length": 5.945441357947407e-06,
      "date": "2008-06-20",
      "mutation_length": 4.4403828671943956e-17,
      "num_date_confidence": [
        2008.1430230783676,
        2008.7878427366868
      ],
      "numdate": 2008.4672814469836
    },
    "NODE_0000116": {
      "branch_length": 5.945441357947407e-06,
      "clock_length": 5.945441357947407e-06,
      "date": "2008-06-20",
      "mutation_length": 4.4403828671943956e-17,
      "num_date_confidence": [
        2008.1430230783676,
        2008.7878427366868
      ],
      "numdate": 2008.4672814469836
    },
    "NODE_0000117": {
      "branch_length": 2.5212141839397583e-05,
      "clock_length": 2.5212141839397583e-05,
      "date": "2001-11-04",
      "mutation_length": 3.655515048489386e-05,
      "num_date_confidence": [
        2001.4936876497893,
        2002.2036695887093
      ],
      "numdate": 2001.8412887088825
    },
    "NODE_0000118": {
      "branch_length": 0.000299264930992658,
      "clock_length": 0.000299264930992658,
      "date": "2009-10-25",
      "mutation_length": 4.4403828671943956e-17,
      "num_date_confidence": [
        2009.061124435725,
        2010.6381179126272
      ],
      "numdate": 2009.8142921060698
    },
    "NODE_0000119": {
      "branch_length": 5.938253161307926e-05,
      "clock_length": 5.938253161307926e-05,
      "date": "2003-12-23",
      "mutation_length": 7.312244471905232e-05,
      "num_date_confidence": [
        2003.672824131581,
        2004.1166667379737
      ],
      "numdate": 2003.9760775526113
    },
    "NODE_0000120": {
      "branch_length": 1.4568816312201822e-05,
      "clock_length": 1.4568816312201822e-05,
      "date": "2009-11-23",
      "mutation_length": 4.4403828671943956e-17,
      "num_date_confidence": [
        2009.3387744190068,
        2010.669710336784
      ],
      "numdate": 2009.8951434994635
    },
    "NODE_0000121": {
      "branch_length": 2.0049749040800154e-05,
      "clock_length": 2.0049749040800154e-05,
      "date": "2004-02-01",
      "mutation_length": 3.655561254160551e-05,
      "num_date_confidence": [
        2003.9522315763923,
        2004.147754394565
      ],
      "numdate": 2004.0873460395221
    },
    "NODE_0000122": {
      "branch_length": 6.356582903799994e-05,
      "clock_length": 6.356582903799994e-05,
      "date": "2010-04-01",
      "mutation_length": 4.4403828671943956e-17,
      "num_date_confidence": [
        2009.785273503063,
        2010.5490157731813
      ],
      "numdate": 2010.2479096912948
    },
    "NODE_0000123": {
      "branch_length": 2.792407346399609e-05,
      "clock_length": 2.792407346399609e-05,
      "date": "2010-05-28",
      "mutation_length": 4.4403828671943956e-17,
      "num_date_confidence": [
        2009.9493094084849,
        2010.5293981202055
      ],
      "numdate": 2010.4028776859766
    },
    "NODE_0000124": {
      "branch_length": 3.925886009031876e-06,
      "clock_length": 3.925886009031876e-06,
      "date": "2010-06-05",
      "mutation_length": 4.4403828671943956e-17,
      "num_date_confidence": [
        2010.1025649188773,
        2010.5771433666234
      ],
      "numdate": 2010.4246648612236
    },
    "NODE_0000125": {
      "branch_length": 1.3761803330746263e-05,
      "clock_length": 1.3761803330746263e-05,
      "date": "2001-09-14",
      "mutation_length": 3.655554292009517e-05,
      "num_date_confidence": [
        2001.3248733504497,
        2002.1809013323102
      ],
      "numdate": 2001.701370903999
    },
    "NODE_0000126": {
      "branch_length": 6.806958273354157e-06,
      "clock_length": 6.806958273354157e-06,
      "date": "2010-06-18",
      "mutation_length": 4.4403828671943956e-17,
      "num_date_confidence": [
        2010.2294505352786,
        2010.6220329871023
      ],
      "numdate": 2010.4624408925345
    },
    "NODE_0000127": {
      "branch_length": 7.556031629539408e-06,
      "clock_length": 7.556031629539408e-06,
      "date": "2010-07-04",
      "mutation_length": 4.4403828671943956e-17,
      "num_date_confidence": [
        2010.3377938108576,
        2010.7238364932598
      ],
      "numdate": 2010.5043739962734
    },
    "NODE_0000128": {
      "branch_length": 5.384529393117699e-05,
      "clock_length": 5.384529393117699e-05,
      "date": "2001-08-17",
      "mutation_length": 0.00010968815593621782,
      "num_date_confidence": [
        2001.1625247603283,
        2002.1146374223013
      ],
      "numdate": 2001.6249981259327
    },
    "NODE_0000129": {
      "branch_length": 1.877825482187595e-05,
      "clock_length": 1.877825482187595e-05,
      "date": "2005-05-25",
      "mutation_length": 4.446197567922992e-17,
      "num_date_confidence": [
        2005.102586200016,
        2005.6338650220314
      ],
      "numdate": 2005.395997377268
    },
    "NODE_0000130": {
      "branch_length": 6.9889930384369435e-06,
      "clock_length": 6.9889930384369435e-06,
      "date": "2010-07-18",
      "mutation_length": 4.4403828671943956e-17,
      "num_date_confidence": [
        2010.3825996113737,
        2010.7716837323355
      ],
      "numdate": 2010.5431602513452
    },
    "NODE_0000132": {
      "branch_length": 9.818969001092453e-07,
      "clock_length": 9.818969001092453e-07,
      "date": "2010-07-20",
      "mutation_length": 4.4403828671943956e-17,
      "num_date_confidence": [
        2010.4205524049373,
        2010.8207875248968
      ],
      "numdate": 2010.5486094059531
    },
    "NODE_0000133": {
      "branch_length": 3.9285632848709215e-05,
      "clock_length": 3.9285632848709215e-05,
      "date": "2005-08-13",
      "mutation_length": 7.31194440307465e-05,
      "num_date_confidence": [
        2005.4252194695646,
        2005.7027508831795
      ],
      "numdate": 2005.6140177083712
    },
    "NODE_0000134": {
      "branch_length": 3.64403263969791e-05,
      "clock_length": 3.64403263969791e-05,
      "date": "2010-10-02",
      "mutation_length": 4.4403828671943956e-17,
      "num_date_confidence": [
        2010.3654958332017,
        2010.9313228560052
      ],
      "numdate": 2010.750839367659
    },
    "NODE_0000135": {
      "branch_length": 1.1253704680791498e-05,
      "clock_length": 1.1253704680791498e-05,
      "date": "2010-10-24",
      "mutation_length": 4.4403828671943956e-17,
      "num_date_confidence": [
        2010.3777536468542,
        2010.9672208346005
      ],
      "numdate": 2010.8132931514656
    },
    "NODE_0000136": {
      "branch_length": 0.0005058391369067673,
      "clock_length": 0.0005058391369067673,
      "date": "2001-04-30",
      "mutation_length": 0.0008778744405739194,
      "num_date_confidence": [
        2000.730321178092,
        2001.9646557680633
      ],
      "numdate": 2001.3261772094813
    },
    "NODE_0000137": {
      "branch_length": 0.00042834042251521003,
      "clock_length": 0.00042834042251521003,
      "date": "2003-09-14",
      "mutation_length": 7.311040922459804e-05,
      "num_date_confidence": [
        2002.710937655405,
        2004.671780946955
      ],
      "numdate": 2003.7033037560054
    },
    "NODE_0000138": {
      "branch_length": 1.1253704680791498e-05,
      "clock_length": 1.1253704680791498e-05,
      "date": "2010-10-24",
      "mutation_length": 4.4403828671943956e-17,
      "num_date_confidence": [
        2010.3777536468542,
        2010.9672208346005
      ],
      "numdate": 2010.8132931514656
    },
    "NODE_0000139": {
      "branch_length": 0.0011817500806631962,
      "clock_length": 0.0011817500806631962,
      "date": "1998-07-09",
      "mutation_length": 0.0013907474310598587,
      "num_date_confidence": [
        1996.9532451530654,
        2000.3012369953756
      ],
      "numdate": 1998.518962252856
    },
    "NODE_0000140": {
      "branch_length": 0.0006263507575013736,
      "clock_length": 0.0006263507575013736,
      "date": "2001-12-30",
      "mutation_length": 3.654598087423263e-05,
      "num_date_confidence": [
        2001.4856933021929,
        2002.487669906697
      ],
      "numdate": 2001.9949709011855
    },
    "NODE_0000141": {
      "branch_length": 0.0002166083314526883,
      "clock_length": 0.0002166083314526883,
      "date": "1991-12-17",
      "mutation_length": 0.0001827698386465695,
      "num_date_confidence": [
        1991.1957867948834,
        1992.9488577809161
      ],
      "numdate": 1991.9606984504205
    },
    "NODE_0000142": {
      "branch_length": 0.0001569160960437283,
      "clock_length": 0.0001569160960437283,
      "date": "2011-06-03",
      "mutation_length": 4.4403828671943956e-17,
      "num_date_confidence": [
        2010.8441566283616,
        2011.8953276998723
      ],
      "numdate": 2011.4194341002283
    },
    "NODE_0000143": {
      "branch_length": 0.0003621724069811953,
      "clock_length": 0.0003621724069811953,
      "date": "1990-10-04",
      "mutation_length": 0.0004387239056220084,
      "num_date_confidence": [
        1990.1512579908388,
        1991.7096087513646
      ],
      "numdate": 1990.758604536727
    },
    "NODE_0000144": {
      "branch_length": 9.700534177331781e-06,
      "clock_length": 9.700534177331781e-06,
      "date": "2011-06-22",
      "mutation_length": 4.4403828671943956e-17,
      "num_date_confidence": [
        2011.0106849840085,
        2011.9434788998492
      ],
      "numdate": 2011.473268378051
    },
    "NODE_0000145": {
      "branch_length": 0.00019955698616257612,
      "clock_length": 0.00019955698616257612,
      "date": "1988-10-01",
      "mutation_length": 0.00018274874618079678,
      "num_date_confidence": [
        1987.8513948589225,
        1989.657305974799
      ],
      "numdate": 1988.7486853280795
    },
    "NODE_0000146": {
      "branch_length": 0.0009269934607512983,
      "clock_length": 0.0009269934607512983,
      "date": "1987-08-23",
      "mutation_length": 0.0010610044025916158,
      "num_date_confidence": [
        1986.6924781189414,
        1988.6456613305947
      ],
      "numdate": 1987.6412199000774
    },
    "NODE_0000147": {
      "branch_length": 5.8664641906734736e-05,
      "clock_length": 5.8664641906734736e-05,
      "date": "2011-10-19",
      "mutation_length": 4.4403828671943956e-17,
      "num_date_confidence": [
        2011.4589531161323,
        2011.9674291003269
      ],
      "numdate": 2011.7988348440874
    },
    "NODE_0000148": {
      "branch_length": 0.003420966909041232,
      "clock_length": 0.003420966909041232,
      "date": "1982-07-01",
      "mutation_length": 0.0058080457202179855,
      "num_date_confidence": [
        1981.167347419297,
        1983.8841581650352
      ],
      "numdate": 1982.496758513345
    },
    "NODE_0000149": {
      "branch_length": 3.285265587095812e-05,
      "clock_length": 3.285265587095812e-05,
      "date": "1963-09-11",
      "mutation_length": 7.306302666760163e-05,
      "num_date_confidence": [
        1963.1201451663812,
        1963.9333421801343
      ],
      "numdate": 1963.694012121644
    },
    "NODE_0000150": {
      "branch_length": 3.093200896632335e-05,
      "clock_length": 3.093200896632335e-05,
      "date": "1963-11-12",
      "mutation_length": 4.392861596177066e-17,
      "num_date_confidence": [
        1963.4337032001272,
        1963.9764306599975
      ],
      "numdate": 1963.865673015144
    },
    "NODE_0000151": {
      "branch_length": 1.8548449958746436e-05,
      "clock_length": 1.8548449958746436e-05,
      "date": "2011-11-26",
      "mutation_length": 4.4403828671943956e-17,
      "num_date_confidence": [
        2011.3553523922665,
        2012.4390371342943
      ],
      "numdate": 2011.9017716916885
    },
    "NODE_0000152": {
      "branch_length": 8.766463231687496e-06,
      "clock_length": 8.766463231687496e-06,
      "date": "2011-12-13",
      "mutation_length": 4.4403828671943956e-17,
      "num_date_confidence": [
        2011.474671037879,
        2012.4535585971385
      ],
      "numdate": 2011.9504222307733
    },
    "NODE_0000153": {
      "branch_length": 4.7622390725299973e-05,
      "clock_length": 4.7622390725299973e-05,
      "date": "2012-03-19",
      "mutation_length": 4.4403828671943956e-17,
      "num_date_confidence": [
        2011.8479775568212,
        2012.6268854876962
      ],
      "numdate": 2012.2147083995578
    },
    "NODE_0000154": {
      "branch_length": 4.1253015182603e-05,
      "clock_length": 4.1253015182603e-05,
      "date": "2012-06-11",
      "mutation_length": 4.4403828671943956e-17,
      "num_date_confidence": [
        2011.999009493182,
        2012.7217067829206
      ],
      "numdate": 2012.4436469548752
    },
    "NODE_0000155": {
      "branch_length": 1.0271586096820447e-05,
      "clock_length": 1.0271586096820447e-05,
      "date": "2012-01-03",
      "mutation_length": 4.4403828671943956e-17,
      "num_date_confidence": [
        2011.5914476703806,
        2012.461445777141
      ],
      "numdate": 2012.0074256297107
    },
    "NODE_0000156": {
      "branch_length": 1.3650277731081439e-05,
      "clock_length": 1.3650277731081439e-05,
      "date": "2012-01-31",
      "mutation_length": 4.4403828671943956e-17,
      "num_date_confidence": [
        2011.7385587023168,
        2012.5389102435515
      ],
      "numdate": 2012.083179483086
    },
    "NODE_0000157": {
      "branch_length": 3.132498566043814e-05,
      "clock_length": 3.132498566043814e-05,
      "date": "2012-04-04",
      "mutation_length": 4.4403828671943956e-17,
      "num_date_confidence": [
        2011.962477116145,
        2012.6081721926457
      ],
      "numdate": 2012.2570212478806
    },
    "NODE_0000158": {
      "branch_length": 8.39367442175519e-06,
      "clock_length": 8.39367442175519e-06,
      "date": "2012-01-20",
      "mutation_length": 4.4403828671943956e-17,
      "num_date_confidence": [
        2011.6790149882038,
        2012.4840368774494
      ],
      "numdate": 2012.0540073325853
    },
    "NODE_0000159": {
      "branch_length": 1.9090309848504962e-05,
      "clock_length": 1.9090309848504962e-05,
      "date": "2012-02-28",
      "mutation_length": 4.4403828671943956e-17,
      "num_date_confidence": [
        2011.8541776882712,
        2012.4838335712261
      ],
      "numdate": 2012.159951296631
    },
    "NODE_0000160": {
      "branch_length": 1.3502582008718435e-05,
      "clock_length": 1.3502582008718435e-05,
      "date": "2012-03-26",
      "mutation_length": 4.4403828671943956e-17,
      "num_date_confidence": [
        2011.9763293990175,
        2012.5068607097623
      ],
      "numdate": 2012.2348854948818
    },
    "NODE_0000161": {
      "branch_length": 1.5496787665271374e-05,
      "clock_length": 1.5496787665271374e-05,
      "date": "2012-04-27",
      "mutation_length": 4.4403828671943956e-17,
      "num_date_confidence": [
        2012.0650501196305,
        2012.5331488763406
      ],
      "numdate": 2012.3208867765927
    },
    "NODE_0000162": {
      "branch_length": 2.1783025041617046e-05,
      "clock_length": 2.1783025041617046e-05,
      "date": "2012-06-10",
      "mutation_length": 4.4403828671943956e-17,
      "num_date_confidence": [
        2012.1559872706325,
        2012.633253714019
      ],
      "numdate": 2012.4417742865458
    },
    "NODE_0000163": {
      "branch_length": 1.648015762711159e-06,
      "clock_length": 1.648015762711159e-06,
      "date": "2012-06-14",
      "mutation_length": 4.4403828671943956e-17,
      "num_date_confidence": [
        2012.2334996842048,
        2012.7375638113178
      ],
      "numdate": 2012.4509201476708
    },
    "NODE_0000164": {
      "branch_length": 3.9292853823945373e-07,
      "clock_length": 3.9292853823945373e-07,
      "date": "2012-06-14",
      "mutation_length": 4.4403828671943956e-17,
      "num_date_confidence": [
        2012.3160865994623,
        2012.8560318930965
      ],
      "numdate": 2012.4531007517187
    },
    "PUMCH6273": {
      "branch_length": 8.362654769050737e-05,
      "clock_length": 8.362654769050737e-05,
      "date": "2007-10-23",
      "mutation_length": 7.687158036236342e-05,
      "num_date_confidence": [
        2007.809589041096,
        2007.809589041096
      ],
      "numdate": 2007.809589041096,
      "raw_date": "2007-10-23"
    },
    "PUMCH6375": {
      "branch_length": 0.0,
      "clock_length": 0.0,
      "date": "2007-11-17",
      "mutation_length": 4.318624861720003e-17,
      "num_date_confidence": [
        2007.8780821917808,
        2007.8780821917808
      ],
      "numdate": 2007.8780821917808,
      "raw_date": "2007-11-17"
    },
    "PUMCH6389": {
      "branch_length": 4.636443394300145e-05,
      "clock_length": 4.636443394300145e-05,
      "date": "2007-11-20",
      "mutation_length": 3.843533135554804e-05,
      "num_date_confidence": [
        2007.886301369863,
        2007.886301369863
      ],
      "numdate": 2007.886301369863,
      "raw_date": "2007-11-20"
    },
    "PUMCH746": {
      "branch_length": 0.0,
      "clock_length": 0.0,
      "date": "2005-09-24",
      "mutation_length": 4.318624861720003e-17,
      "num_date_confidence": [
        2005.7301369863014,
        2005.7301369863014
      ],
      "numdate": 2005.7301369863014,
      "raw_date": "2005-09-24"
    },
    "PUMCH748": {
      "branch_length": 6.020945814674177e-05,
      "clock_length": 6.020945814674177e-05,
      "date": "2005-09-24",
      "mutation_length": 3.8436179276318e-05,
      "num_date_confidence": [
        2005.7301369863014,
        2005.7301369863014
      ],
      "numdate": 2005.7301369863014,
      "raw_date": "2005-09-24"
    },
    "PUMCH7980": {
      "branch_length": 0.00017478431636790094,
      "clock_length": 0.00017478431636790094,
      "date": "2009-01-06",
      "mutation_length": 4.3182669929643714e-17,
      "num_date_confidence": [
        2009.0150684931507,
        2009.0150684931507
      ],
      "numdate": 2009.0150684931507,
      "raw_date": "2009-01-06"
    },
    "PUMCH8339": {
      "branch_length": 3.833123127817799e-06,
      "clock_length": 3.833123127817799e-06,
      "date": "2009-04-08",
      "mutation_length": 4.318624861720003e-17,
      "num_date_confidence": [
        2009.2671232876712,
        2009.2671232876712
      ],
      "numdate": 2009.2671232876712,
      "raw_date": "2009-04-08"
    },
    "PUMCH8348": {
      "branch_length": 9.940691232573299e-05,
      "clock_length": 9.940691232573299e-05,
      "date": "2009-04-10",
      "mutation_length": 3.843598837080711e-05,
      "num_date_confidence": [
        2009.272602739726,
        2009.272602739726
      ],
      "numdate": 2009.272602739726,
      "raw_date": "2009-04-10"
    },
    "PUMCH8373": {
      "branch_length": 2.5867170554901963e-05,
      "clock_length": 2.5867170554901963e-05,
      "date": "2009-04-15",
      "mutation_length": 4.318624861720003e-17,
      "num_date_confidence": [
        2009.286301369863,
        2009.286301369863
      ],
      "numdate": 2009.286301369863,
      "raw_date": "2009-04-15"
    },
    "PUMCH8387": {
      "branch_length": 0.0,
      "clock_length": 0.0,
      "date": "2009-04-20",
      "mutation_length": 4.318624861720003e-17,
      "num_date_confidence": [
        2009.3,
        2009.3
      ],
      "numdate": 2009.3,
      "raw_date": "2009-04-20"
    },
    "PUMCH8425": {
      "branch_length": 5.675672992843262e-05,
      "clock_length": 5.675672992843262e-05,
      "date": "2009-04-29",
      "mutation_length": 3.843598837080711e-05,
      "num_date_confidence": [
        2009.3246575342466,
        2009.3246575342466
      ],
      "numdate": 2009.3246575342466,
      "raw_date": "2009-04-29"
    },
    "PUMCH857": {
      "branch_length": 6.417815776886895e-06,
      "clock_length": 6.417815776886895e-06,
      "date": "2005-10-07",
      "mutation_length": 4.318624861720003e-17,
      "num_date_confidence": [
        2005.7657534246575,
        2005.7657534246575
      ],
      "numdate": 2005.7657534246575,
      "raw_date": "2005-10-07"
    },
    "PUMCH873": {
      "branch_length": 1.778246030125245e-05,
      "clock_length": 1.778246030125245e-05,
      "date": "2005-10-09",
      "mutation_length": 4.318624861720003e-17,
      "num_date_confidence": [
        2005.7712328767122,
        2005.7712328767122
      ],
      "numdate": 2005.7712328767122,
      "raw_date": "2005-10-09"
    },
    "PUMCH898": {
      "branch_length": 2.981003175834716e-05,
      "clock_length": 2.981003175834716e-05,
      "date": "2005-10-12",
      "mutation_length": 3.843533135554804e-05,
      "num_date_confidence": [
        2005.7794520547945,
        2005.7794520547945
      ],
      "numdate": 2005.7794520547945,
      "raw_date": "2005-10-12"
    },
    "PUMCH902": {
      "branch_length": 0.0,
      "clock_length": 0.0,
      "date": "2005-10-12",
      "mutation_length": 4.317321613214552e-17,
      "num_date_confidence": [
        2005.7794520547945,
        2005.7794520547945
      ],
      "numdate": 2005.7794520547945,
      "raw_date": "2005-10-12"
    },
    "SH_5": {
      "branch_length": 1.2029691947736077e-05,
      "clock_length": 1.2029691947736077e-05,
      "date": "2012-01-10",
      "mutation_length": 3.843159753154527e-05,
      "num_date_confidence": [
        2012.0013661202186,
        2012.9986338797814
      ],
      "numdate": 2012.02630301488,
      "raw_date": "2012-XX-XX"
    },
    "SH_6": {
      "branch_length": 0.00048676596834723953,
      "clock_length": 0.00048676596834723953,
      "date": "2012-01-01",
      "mutation_length": 4.320607846082506e-17,
      "num_date_confidence": [
        2012.0013661202186,
        2012.8989071038252
      ],
      "numdate": 2012.0013661202186,
      "raw_date": "2012-XX-XX"
    },
    "SH_8": {
      "branch_length": 0.0011437855726001373,
      "clock_length": 0.0011437855726001373,
      "date": "2012-01-01",
      "mutation_length": 7.685117716963515e-05,
      "num_date_confidence": [
        2012.0013661202186,
        2012.8989071038252
      ],
      "numdate": 2012.0013661202186,
      "raw_date": "2012-XX-XX"
    },
    "SWE_10652/04": {
      "branch_length": 1.2947125371512783e-05,
      "clock_length": 1.2947125371512783e-05,
      "date": "2004-02-28",
      "mutation_length": 4.3293468416428725e-17,
      "num_date_confidence": [
        2004.0860655737704,
        2004.1598360655737
      ],
      "numdate": 2004.1591976645477,
      "raw_date": "2004-02-XX"
    },
    "SWE_10697/04": {
      "branch_length": 1.4864043622215498e-05,
      "clock_length": 1.4864043622215498e-05,
      "date": "2004-03-31",
      "mutation_length": 4.3293468416428725e-17,
      "num_date_confidence": [
        2004.1653005464482,
        2004.2472677595629
      ],
      "numdate": 2004.2472677595629,
      "raw_date": "2004-03-XX"
    },
    "SWE_10724/04": {
      "branch_length": 2.8816697719251383e-05,
      "clock_length": 2.8816697719251383e-05,
      "date": "2004-03-31",
      "mutation_length": 3.8608574677134446e-05,
      "num_date_confidence": [
        2004.1744714128017,
        2004.2472677595629
      ],
      "numdate": 2004.2472677595629,
      "raw_date": "2004-03-XX"
    },
    "SWE_36478/05": {
      "branch_length": 1.7237423290995812e-07,
      "clock_length": 1.7237423290995812e-07,
      "date": "2005-04-01",
      "mutation_length": 4.330434919638414e-17,
      "num_date_confidence": [
        2005.2479452054795,
        2005.3215584871798
      ],
      "numdate": 2005.2479452054795,
      "raw_date": "2005-04-XX"
    },
    "SWE_37174/06": {
      "branch_length": 1.5371301679893007e-05,
      "clock_length": 1.5371301679893007e-05,
      "date": "2006-02-01",
      "mutation_length": 4.3293468416428725e-17,
      "num_date_confidence": [
        2006.0863013698631,
        2006.151948184731
      ],
      "numdate": 2006.0863013698631,
      "raw_date": "2006-02-XX"
    },
    "SWE_37253/06": {
      "branch_length": 0.00016506087188551026,
      "clock_length": 0.00016506087188551026,
      "date": "2006-03-01",
      "mutation_length": 4.330434919638414e-17,
      "num_date_confidence": [
        2006.16301369863,
        2006.2369863013698
      ],
      "numdate": 2006.16301369863,
      "raw_date": "2006-03-XX"
    },
    "SWE_bla_gas_110051": {
      "branch_length": 6.727944265030525e-08,
      "clock_length": 6.727944265030525e-08,
      "date": "2006-01-01",
      "mutation_length": 4.3293468416428725e-17,
      "num_date_confidence": [
        2006.0013698630137,
        2006.0778224571243
      ],
      "numdate": 2006.0013698630137,
      "raw_date": "2006-01-XX"
    },
    "V349": {
      "branch_length": 9.118473200120489e-05,
      "clock_length": 9.118473200120489e-05,
      "date": "2010-01-01",
      "mutation_length": 7.31220485972511e-05,
      "num_date_confidence": [
        2010.0013698630137,
        2010.5906078753426
      ],
      "numdate": 2010.0013698630137,
      "raw_date": "2010-XX-XX"
    },
    "hCoV/229E/VFC408/BRA/2007": {
      "branch_length": 0.00022018044896127912,
      "clock_length": 0.00022018044896127912,
      "date": "2007-01-01",
      "mutation_length": 7.687944158905442e-05,
      "num_date_confidence": [
        2007.0013698630137,
        2007.5187275902335
      ],
      "numdate": 2007.0013698630137,
      "raw_date": "2007-XX-XX"
    }
  }
}