{
  "annotations": {
    "nuc": {
      "end": 618,
      "seqid": "config/hku1_nucleocapsid2_reference.gb",
      "start": 1,
      "strand": "+",
      "type": "source"
    }
  },
  "generated_by": {
    "program": "augur",
    "version": "6.4.1"
  },
  "nodes": {
    "12MYKL0163": {
      "aa_muts": {}
    },
    "12MYKL0181": {
      "aa_muts": {}
    },
    "12MYKL0323": {
      "aa_muts": {}
    },
    "12MYKL0407": {
      "aa_muts": {}
    },
    "12MYKL0447": {
      "aa_muts": {}
    },
    "12MYKL0529": {
      "aa_muts": {}
    },
    "12MYKL0624": {
      "aa_muts": {}
    },
    "12MYKL0737": {
      "aa_muts": {}
    },
    "12MYKL0759": {
      "aa_muts": {}
    },
    "12MYKL0777": {
      "aa_muts": {}
    },
    "12MYKL0790": {
      "aa_muts": {}
    },
    "12MYKL0841": {
      "aa_muts": {}
    },
    "12MYKL1058": {
      "aa_muts": {}
    },
    "12MYKL1061": {
      "aa_muts": {}
    },
    "12MYKL1075": {
      "aa_muts": {}
    },
    "12MYKL1132": {
      "aa_muts": {}
    },
    "12MYKL1153": {
      "aa_muts": {}
    },
    "12MYKL1214": {
      "aa_muts": {}
    },
    "12MYKL1217": {
      "aa_muts": {}
    },
    "13MYKL1781": {
      "aa_muts": {}
    },
    "13MYKL1898": {
      "aa_muts": {}
    },
    "13MYKL1997": {
      "aa_muts": {}
    },
    "BJ01_p3": {
      "aa_muts": {}
    },
    "BJ01_p9": {
      "aa_muts": {}
    },
    "Caen1": {
      "aa_muts": {}
    },
    "HKU1": {
      "aa_muts": {}
    },
    "HKU1/human/USA/1102/2005": {
      "aa_muts": {}
    },
    "HKU1/human/USA/HKU1_1/2005": {
      "aa_muts": {}
    },
    "HKU1/human/USA/HKU1_10/2010": {
      "aa_muts": {}
    },
    "HKU1/human/USA/HKU1_11/2009": {
      "aa_muts": {}
    },
    "HKU1/human/USA/HKU1_12/2010": {
      "aa_muts": {}
    },
    "HKU1/human/USA/HKU1_13/2010": {
      "aa_muts": {}
    },
    "HKU1/human/USA/HKU1_14/2009": {
      "aa_muts": {}
    },
    "HKU1/human/USA/HKU1_15/2009": {
      "aa_muts": {}
    },
    "HKU1/human/USA/HKU1_16/2010": {
      "aa_muts": {}
    },
    "HKU1/human/USA/HKU1_18/2010": {
      "aa_muts": {}
    },
    "HKU1/human/USA/HKU1_20/2010": {
      "aa_muts": {}
    },
    "HKU1/human/USA/HKU1_3/2009": {
      "aa_muts": {}
    },
    "HKU1/human/USA/HKU1_4/2005": {
      "aa_muts": {}
    },
    "HKU1/human/USA/HKU1_5/2009": {
      "aa_muts": {}
    },
    "HKU1/human/USA/HKU1_7/2010": {
      "aa_muts": {}
    },
    "N08_87": {
      "aa_muts": {}
    },
    "N09_1605B": {
      "aa_muts": {}
    },
    "N09_1627B": {
      "aa_muts": {}
    },
    "N09_1663B": {
      "aa_muts": {}
    },
    "NODE_0000000": {
      "aa_muts": {},
      "aa_sequences": {}
    },
    "NODE_0000006": {
      "aa_muts": {}
    },
    "NODE_0000007": {
      "aa_muts": {}
    },
    "NODE_0000008": {
      "aa_muts": {}
    },
    "NODE_0000009": {
      "aa_muts": {}
    },
    "NODE_0000010": {
      "aa_muts": {}
    },
    "NODE_0000011": {
      "aa_muts": {}
    },
    "NODE_0000012": {
      "aa_muts": {}
    },
    "NODE_0000013": {
      "aa_muts": {}
    },
    "NODE_0000014": {
      "aa_muts": {}
    },
    "NODE_0000015": {
      "aa_muts": {}
    },
    "NODE_0000016": {
      "aa_muts": {}
    },
    "NODE_0000017": {
      "aa_muts": {}
    },
    "NODE_0000018": {
      "aa_muts": {}
    },
    "NODE_0000019": {
      "aa_muts": {}
    },
    "NODE_0000020": {
      "aa_muts": {}
    },
    "NODE_0000021": {
      "aa_muts": {}
    },
    "NODE_0000022": {
      "aa_muts": {}
    },
    "NODE_0000023": {
      "aa_muts": {}
    },
    "NODE_0000024": {
      "aa_muts": {}
    },
    "NODE_0000025": {
      "aa_muts": {}
    },
    "NODE_0000026": {
      "aa_muts": {}
    },
    "NODE_0000027": {
      "aa_muts": {}
    },
    "NODE_0000028": {
      "aa_muts": {}
    },
    "NODE_0000029": {
      "aa_muts": {}
    },
    "NODE_0000032": {
      "aa_muts": {}
    },
    "NODE_0000034": {
      "aa_muts": {}
    },
    "NODE_0000035": {
      "aa_muts": {}
    },
    "NODE_0000036": {
      "aa_muts": {}
    },
    "NODE_0000037": {
      "aa_muts": {}
    },
    "NODE_0000038": {
      "aa_muts": {}
    },
    "NODE_0000039": {
      "aa_muts": {}
    },
    "NODE_0000040": {
      "aa_muts": {}
    },
    "NODE_0000041": {
      "aa_muts": {}
    },
    "NODE_0000042": {
      "aa_muts": {}
    },
    "NODE_0000043": {
      "aa_muts": {}
    },
    "NODE_0000044": {
      "aa_muts": {}
    },
    "NODE_0000046": {
      "aa_muts": {}
    },
    "NODE_0000047": {
      "aa_muts": {}
    },
    "NODE_0000048": {
      "aa_muts": {}
    },
    "NODE_0000049": {
      "aa_muts": {}
    },
    "NODE_0000050": {
      "aa_muts": {}
    },
    "NODE_0000051": {
      "aa_muts": {}
    },
    "NODE_0000052": {
      "aa_muts": {}
    },
    "NODE_0000053": {
      "aa_muts": {}
    },
    "NODE_0000054": {
      "aa_muts": {}
    },
    "NODE_0000055": {
      "aa_muts": {}
    },
    "SC2521": {
      "aa_muts": {}
    },
    "SC2628": {
      "aa_muts": {}
    },
    "SI17244": {
      "aa_muts": {}
    }
  },
  "reference": {}
}