{
  "annotations": {
    "nuc": {
      "end": 1161,
      "seqid": "config/hku1_he_reference.gb",
      "start": 1,
      "strand": "+",
      "type": "source"
    }
  },
  "generated_by": {
    "program": "augur",
    "version": "6.4.1"
  },
  "nodes": {
    "BJ01_p3": {
      "aa_muts": {}
    },
    "BJ01_p9": {
      "aa_muts": {}
    },
    "Caen1": {
      "aa_muts": {}
    },
    "HKU1": {
      "aa_muts": {}
    },
    "HKU1/HTBEC_lab/BRA/HKU1_21/2006": {
      "aa_muts": {}
    },
    "HKU1/HTBEC_lab/BRA/HKU1_23/2006": {
      "aa_muts": {}
    },
    "HKU1/human/USA/HKU1_10/2010": {
      "aa_muts": {}
    },
    "HKU1/human/USA/HKU1_11/2009": {
      "aa_muts": {}
    },
    "HKU1/human/USA/HKU1_12/2010": {
      "aa_muts": {}
    },
    "HKU1/human/USA/HKU1_13/2010": {
      "aa_muts": {}
    },
    "HKU1/human/USA/HKU1_14/2009": {
      "aa_muts": {}
    },
    "HKU1/human/USA/HKU1_15/2009": {
      "aa_muts": {}
    },
    "HKU1/human/USA/HKU1_16/2010": {
      "aa_muts": {}
    },
    "HKU1/human/USA/HKU1_18/2010": {
      "aa_muts": {}
    },
    "HKU1/human/USA/HKU1_20/2010": {
      "aa_muts": {}
    },
    "HKU1/human/USA/HKU1_3/2009": {
      "aa_muts": {}
    },
    "HKU1/human/USA/HKU1_4/2005": {
      "aa_muts": {}
    },
    "HKU1/human/USA/HKU1_5/2009": {
      "aa_muts": {}
    },
    "HKU1/human/USA/HKU1_7/2010": {
      "aa_muts": {}
    },
    "N09_1605B": {
      "aa_muts": {}
    },
    "N09_1627B": {
      "aa_muts": {}
    },
    "N09_1663B": {
      "aa_muts": {}
    },
    "NODE_0000000": {
      "aa_muts": {},
      "aa_sequences": {}
    },
    "NODE_0000004": {
      "aa_muts": {}
    },
    "NODE_0000005": {
      "aa_muts": {}
    },
    "NODE_0000006": {
      "aa_muts": {}
    },
    "NODE_0000008": {
      "aa_muts": {}
    },
    "NODE_0000009": {
      "aa_muts": {}
    },
    "NODE_0000010": {
      "aa_muts": {}
    },
    "NODE_0000011": {
      "aa_muts": {}
    },
    "NODE_0000012": {
      "aa_muts": {}
    },
    "NODE_0000013": {
      "aa_muts": {}
    },
    "NODE_0000014": {
      "aa_muts": {}
    },
    "NODE_0000015": {
      "aa_muts": {}
    },
    "NODE_0000016": {
      "aa_muts": {}
    },
    "NODE_0000017": {
      "aa_muts": {}
    },
    "NODE_0000018": {
      "aa_muts": {}
    },
    "NODE_0000024": {
      "aa_muts": {}
    },
    "NODE_0000025": {
      "aa_muts": {}
    },
    "SC2628": {
      "aa_muts": {}
    }
  },
  "reference": {}
}