{
  "alignment": "results/aligned_hku1_he.fasta",
  "clock": {
    "intercept": -0.25035535408467674,
    "rate": 0.00012552859049768178,
    "rtt_Tmrca": 1994.4090273944423
  },
  "generated_by": {
    "program": "augur",
    "version": "6.4.1"
  },
  "input_tree": "results/tree_raw_hku1_he.nwk",
  "nodes": {
    "BJ01_p3": {
      "branch_length": 0.0,
      "clock_length": 0.0,
      "date": "2009-04-23",
      "mutation_length": 3.150455661802008e-22,
      "num_date_confidence": [
        2009.3082191780823,
        2009.3082191780823
      ],
      "numdate": 2009.3082191780823,
      "raw_date": "2009-04-23"
    },
    "BJ01_p9": {
      "branch_length": 0.0,
      "clock_length": 0.0,
      "date": "2009-04-23",
      "mutation_length": 3.150455661802008e-22,
      "num_date_confidence": [
        2009.3082191780823,
        2009.3082191780823
      ],
      "numdate": 2009.3082191780823,
      "raw_date": "2009-04-23"
    },
    "Caen1": {
      "branch_length": 0.0007933943514237096,
      "clock_length": 0.0007933943514237096,
      "date": "2005-03-04",
      "mutation_length": 0.0008677266784276224,
      "num_date_confidence": [
        2005.1712328767123,
        2005.1712328767123
      ],
      "numdate": 2005.1712328767123,
      "raw_date": "2005-03-04"
    },
    "HKU1": {
      "branch_length": 0.000807653054652802,
      "clock_length": 0.000807653054652802,
      "date": "2010-01-01",
      "mutation_length": 0.0008679489026671884,
      "num_date_confidence": [
        2010.0013698630137,
        2010.894825157944
      ],
      "numdate": 2010.0013698630137,
      "raw_date": "2010-XX-XX"
    },
    "HKU1/HTBEC_lab/BRA/HKU1_21/2006": {
      "branch_length": 0.00036907083831675585,
      "clock_length": 0.00036907083831675585,
      "date": "2006-05-21",
      "mutation_length": 0.0008679489026671884,
      "num_date_confidence": [
        2006.0013698630137,
        2006.9986301369863
      ],
      "numdate": 2006.3846497494749,
      "raw_date": "2006-XX-XX"
    },
    "HKU1/HTBEC_lab/BRA/HKU1_23/2006": {
      "branch_length": 0.0003723124678610399,
      "clock_length": 0.0003723124678610399,
      "date": "2006-07-14",
      "mutation_length": 3.150455661802008e-22,
      "num_date_confidence": [
        2006.0013698630137,
        2006.9986301369863
      ],
      "numdate": 2006.5333106339108,
      "raw_date": "2006-XX-XX"
    },
    "HKU1/human/USA/HKU1_10/2010": {
      "branch_length": 0.000139029869240819,
      "clock_length": 0.000139029869240819,
      "date": "2010-01-16",
      "mutation_length": 1.1836167391551173e-22,
      "num_date_confidence": [
        2010.0424657534247,
        2010.0424657534247
      ],
      "numdate": 2010.0424657534247,
      "raw_date": "2010-01-16"
    },
    "HKU1/human/USA/HKU1_11/2009": {
      "branch_length": 0.00012896442921875133,
      "clock_length": 0.00012896442921875133,
      "date": "2009-12-13",
      "mutation_length": 1.1836167391551173e-22,
      "num_date_confidence": [
        2009.9493150684932,
        2009.9493150684932
      ],
      "numdate": 2009.9493150684932,
      "raw_date": "2009-12-13"
    },
    "HKU1/human/USA/HKU1_12/2010": {
      "branch_length": 0.00013662247161481391,
      "clock_length": 0.00013662247161481391,
      "date": "2010-01-09",
      "mutation_length": 1.1836167391551173e-22,
      "num_date_confidence": [
        2010.0232876712328,
        2010.0232876712328
      ],
      "numdate": 2010.0232876712328,
      "raw_date": "2010-01-09"
    },
    "HKU1/human/USA/HKU1_13/2010": {
      "branch_length": 0.00014246400575282977,
      "clock_length": 0.00014246400575282977,
      "date": "2010-01-08",
      "mutation_length": 1.1836167391551173e-22,
      "num_date_confidence": [
        2010.0205479452054,
        2010.0205479452054
      ],
      "numdate": 2010.0205479452054,
      "raw_date": "2010-01-08"
    },
    "HKU1/human/USA/HKU1_14/2009": {
      "branch_length": 0.000132495504255989,
      "clock_length": 0.000132495504255989,
      "date": "2009-12-28",
      "mutation_length": 1.1836167391551173e-22,
      "num_date_confidence": [
        2009.990410958904,
        2009.990410958904
      ],
      "numdate": 2009.990410958904,
      "raw_date": "2009-12-28"
    },
    "HKU1/human/USA/HKU1_15/2009": {
      "branch_length": 0.00019896764151985068,
      "clock_length": 0.00019896764151985068,
      "date": "2009-12-28",
      "mutation_length": 0.0008687392347918678,
      "num_date_confidence": [
        2009.990410958904,
        2009.990410958904
      ],
      "numdate": 2009.990410958904,
      "raw_date": "2009-12-28"
    },
    "HKU1/human/USA/HKU1_16/2010": {
      "branch_length": 0.00014246400575282977,
      "clock_length": 0.00014246400575282977,
      "date": "2010-01-08",
      "mutation_length": 1.1836167391551173e-22,
      "num_date_confidence": [
        2010.0205479452054,
        2010.0205479452054
      ],
      "numdate": 2010.0205479452054,
      "raw_date": "2010-01-08"
    },
    "HKU1/human/USA/HKU1_18/2010": {
      "branch_length": 0.0010412660806387911,
      "clock_length": 0.0010412660806387911,
      "date": "2010-01-22",
      "mutation_length": 0.0008652621092671799,
      "num_date_confidence": [
        2010.058904109589,
        2010.058904109589
      ],
      "numdate": 2010.058904109589,
      "raw_date": "2010-01-22"
    },
    "HKU1/human/USA/HKU1_20/2010": {
      "branch_length": 0.00014384466449277196,
      "clock_length": 0.00014384466449277196,
      "date": "2010-01-30",
      "mutation_length": 1.1836167391551173e-22,
      "num_date_confidence": [
        2010.0808219178082,
        2010.0808219178082
      ],
      "numdate": 2010.0808219178082,
      "raw_date": "2010-01-30"
    },
    "HKU1/human/USA/HKU1_3/2009": {
      "branch_length": 0.00016860810969393037,
      "clock_length": 0.00016860810969393037,
      "date": "2009-10-31",
      "mutation_length": 2.7947635428352677e-22,
      "num_date_confidence": [
        2009.831506849315,
        2009.831506849315
      ],
      "numdate": 2009.831506849315,
      "raw_date": "2009-10-31"
    },
    "HKU1/human/USA/HKU1_4/2005": {
      "branch_length": 0.0011679796695211184,
      "clock_length": 0.0011679796695211184,
      "date": "2005-04-19",
      "mutation_length": 0.0026023234561710355,
      "num_date_confidence": [
        2005.2972602739726,
        2005.2972602739726
      ],
      "numdate": 2005.2972602739726,
      "raw_date": "2005-04-19"
    },
    "HKU1/human/USA/HKU1_5/2009": {
      "branch_length": 0.00017823770019786468,
      "clock_length": 0.00017823770019786468,
      "date": "2009-11-28",
      "mutation_length": 1.6776333958037887e-22,
      "num_date_confidence": [
        2009.9082191780822,
        2009.9082191780822
      ],
      "numdate": 2009.9082191780822,
      "raw_date": "2009-11-28"
    },
    "HKU1/human/USA/HKU1_7/2010": {
      "branch_length": 0.0010347317156539613,
      "clock_length": 0.0010347317156539613,
      "date": "2010-01-03",
      "mutation_length": 0.0017307303622032925,
      "num_date_confidence": [
        2010.0068493150684,
        2010.0068493150684
      ],
      "numdate": 2010.0068493150684,
      "raw_date": "2010-01-03"
    },
    "N09_1605B": {
      "branch_length": 0.00034410353228111535,
      "clock_length": 0.00034410353228111535,
      "date": "2016-01-11",
      "mutation_length": 3.535201719388032e-22,
      "num_date_confidence": [
        2016.0013661202186,
        2016.9986338797814
      ],
      "numdate": 2016.029962550643,
      "raw_date": "2016-XX-XX"
    },
    "N09_1627B": {
      "branch_length": 0.000550932792486687,
      "clock_length": 0.000550932792486687,
      "date": "2016-01-01",
      "mutation_length": 3.535201719388032e-22,
      "num_date_confidence": [
        2016.0013661202186,
        2016.8979087964294
      ],
      "numdate": 2016.0013661202186,
      "raw_date": "2016-XX-XX"
    },
    "N09_1663B": {
      "branch_length": 0.00034410353228111535,
      "clock_length": 0.00034410353228111535,
      "date": "2016-01-11",
      "mutation_length": 3.535201719388032e-22,
      "num_date_confidence": [
        2016.0013661202186,
        2016.9986338797814
      ],
      "numdate": 2016.029962550643,
      "raw_date": "2016-XX-XX"
    },
    "NODE_0000000": {
      "branch_length": 0.001,
      "clock_length": 0.001,
      "date": "1995-12-29",
      "mutation_length": 0.001,
      "num_date_confidence": [
        1801.6744726310624,
        2004.9162002701967
      ],
      "numdate": 1995.9927690430072
    },
    "NODE_0000004": {
      "branch_length": 0.0005766420228309433,
      "clock_length": 0.0005766420228309433,
      "date": "2003-06-12",
      "mutation_length": 3.150455661802008e-22,
      "num_date_confidence": [
        1996.6842741331322,
        2003.962945054334
      ],
      "numdate": 2003.4445160567957
    },
    "NODE_0000005": {
      "branch_length": 1.5419561741092033e-05,
      "clock_length": 1.5419561741092033e-05,
      "date": "2003-07-27",
      "mutation_length": 3.150455661802008e-22,
      "num_date_confidence": [
        1997.2944630491363,
        2004.0897020996433
      ],
      "numdate": 2003.5673531067455
    },
    "NODE_0000006": {
      "branch_length": 0.0013127044107428929,
      "clock_length": 0.0013127044107428929,
      "date": "2009-04-23",
      "mutation_length": 0.0017361098467153135,
      "num_date_confidence": [
        2005.8714082817733,
        2009.3082191780823
      ],
      "numdate": 2009.3082191780823
    },
    "NODE_0000008": {
      "branch_length": 9.103852723932413e-05,
      "clock_length": 9.103852723932413e-05,
      "date": "2002-06-28",
      "mutation_length": 1.1836167391551173e-22,
      "num_date_confidence": [
        1997.5732405680476,
        2009.6839949139712
      ],
      "numdate": 2002.4890943185917
    },
    "NODE_0000009": {
      "branch_length": 0.00015816439941567124,
      "clock_length": 0.00015816439941567124,
      "date": "2003-10-01",
      "mutation_length": 1.1836167391551173e-22,
      "num_date_confidence": [
        1997.4019815917995,
        2009.878882639162
      ],
      "numdate": 2003.749081376429
    },
    "NODE_0000010": {
      "branch_length": 0.0011993713419187022,
      "clock_length": 0.0011993713419187022,
      "date": "2008-05-28",
      "mutation_length": 0.002608051923248707,
      "num_date_confidence": [
        1999.3490140237463,
        2009.990410958904
      ],
      "numdate": 2008.405372516817
    },
    "NODE_0000011": {
      "branch_length": 0.0006447843529789846,
      "clock_length": 0.0006447843529789846,
      "date": "2008-11-20",
      "mutation_length": 1.1836167391551173e-22,
      "num_date_confidence": [
        2000.5319987366627,
        2010.0205479452054
      ],
      "numdate": 2008.885635132212
    },
    "NODE_0000012": {
      "branch_length": 0.0006509698010635644,
      "clock_length": 0.0006509698010635644,
      "date": "2008-12-08",
      "mutation_length": 1.1836167391551173e-22,
      "num_date_confidence": [
        2000.472225573596,
        2009.990410958904
      ],
      "numdate": 2008.934910345612
    },
    "NODE_0000013": {
      "branch_length": 0.0003587652765552371,
      "clock_length": 0.0003587652765552371,
      "date": "1998-11-07",
      "mutation_length": 3.150455661802008e-22,
      "num_date_confidence": [
        1801.6725262849284,
        2005.1712328767123
      ],
      "numdate": 1998.8508054085305
    },
    "NODE_0000014": {
      "branch_length": 0.0003656707514640041,
      "clock_length": 0.0003656707514640041,
      "date": "2001-10-06",
      "mutation_length": 0.0017346731766078435,
      "num_date_confidence": [
        1997.5979875103562,
        2009.556226244353
      ],
      "numdate": 2001.7638529462606
    },
    "NODE_0000015": {
      "branch_length": 0.00016164690593614868,
      "clock_length": 0.00016164690593614868,
      "date": "2003-10-11",
      "mutation_length": 1.1836167391551173e-22,
      "num_date_confidence": [
        1997.3656397037253,
        2009.8377866912167
      ],
      "numdate": 2003.7768241122208
    },
    "NODE_0000016": {
      "branch_length": 0.0006474872945430869,
      "clock_length": 0.0006474872945430869,
      "date": "2008-12-08",
      "mutation_length": 1.1836167391551173e-22,
      "num_date_confidence": [
        2000.550769312951,
        2010.0424657534247
      ],
      "numdate": 2008.934910345612
    },
    "NODE_0000017": {
      "branch_length": 0.0006458596603818078,
      "clock_length": 0.0006458596603818078,
      "date": "2008-12-03",
      "mutation_length": 1.1836167391551173e-22,
      "num_date_confidence": [
        1996.6986026286486,
        2009.9493150684932
      ],
      "numdate": 2008.921944102983
    },
    "NODE_0000018": {
      "branch_length": 0.00021041892981001108,
      "clock_length": 0.00021041892981001108,
      "date": "2013-04-16",
      "mutation_length": 3.535201719388032e-22,
      "num_date_confidence": [
        2007.875875645151,
        2016.9428679459247
      ],
      "numdate": 2013.2887262241866
    },
    "NODE_0000024": {
      "branch_length": 0.0008441131133796217,
      "clock_length": 0.0008441131133796217,
      "date": "2008-06-27",
      "mutation_length": 0.0008652621092671799,
      "num_date_confidence": [
        2006.415185002845,
        2009.831506849315
      ],
      "numdate": 2008.4883219300432
    },
    "NODE_0000025": {
      "branch_length": 0.00033773707487516104,
      "clock_length": 0.00033773707487516104,
      "date": "2011-08-12",
      "mutation_length": 0.0008664431582172667,
      "num_date_confidence": [
        2006.8729603784782,
        2016.8810956145744
      ],
      "numdate": 2011.6124632391904
    },
    "SC2628": {
      "branch_length": 0.0008279862497945442,
      "clock_length": 0.0008279862497945442,
      "date": "2015-01-01",
      "mutation_length": 1.256723964007262e-22,
      "num_date_confidence": [
        2015.0013698630137,
        2015.898904109589
      ],
      "numdate": 2015.0013698630137,
      "raw_date": "2015-XX-XX"
    }
  }
}