{
  "alignment": "results/aligned_hku1_nucleocapsid2.fasta",
  "clock": {
    "intercept": -2.1491555425731983,
    "rate": 0.0010817110599070808,
    "rtt_Tmrca": 1986.8111016243204
  },
  "generated_by": {
    "program": "augur",
    "version": "6.4.1"
  },
  "input_tree": "results/tree_raw_hku1_nucleocapsid2.nwk",
  "nodes": {
    "12MYKL0163": {
      "branch_length": 0.0013669591943994645,
      "clock_length": 0.0013669591943994645,
      "date": "2012-01-01",
      "mutation_length": 7.62108669883332e-19,
      "num_date_confidence": [
        2012.0013661202186,
        2012.8733443330232
      ],
      "numdate": 2012.0013661202186,
      "raw_date": "2012-XX-XX"
    },
    "12MYKL0181": {
      "branch_length": 0.0013962457338288336,
      "clock_length": 0.0013962457338288336,
      "date": "2012-02-11",
      "mutation_length": 7.613866604916274e-19,
      "num_date_confidence": [
        2012.0013661202186,
        2012.9986338797814
      ],
      "numdate": 2012.113422260948,
      "raw_date": "2012-XX-XX"
    },
    "12MYKL0323": {
      "branch_length": 0.0002065464820041156,
      "clock_length": 0.0002065464820041156,
      "date": "2012-03-19",
      "mutation_length": 7.613866604916274e-19,
      "num_date_confidence": [
        2012.0013661202186,
        2012.9986338797814
      ],
      "numdate": 2012.2131737963132,
      "raw_date": "2012-XX-XX"
    },
    "12MYKL0407": {
      "branch_length": 0.00886525185772058,
      "clock_length": 0.00886525185772058,
      "date": "2012-12-31",
      "mutation_length": 0.014807046313496889,
      "num_date_confidence": [
        2012.1261127509852,
        2012.9986338797814
      ],
      "numdate": 2012.9986338797814,
      "raw_date": "2012-XX-XX"
    },
    "12MYKL0447": {
      "branch_length": 0.0009550406796815791,
      "clock_length": 0.0009550406796815791,
      "date": "2012-12-31",
      "mutation_length": 7.613866604916274e-19,
      "num_date_confidence": [
        2012.0605132239657,
        2012.9986338797814
      ],
      "numdate": 2012.9986338797814,
      "raw_date": "2012-XX-XX"
    },
    "12MYKL0529": {
      "branch_length": 4.784426562654681e-05,
      "clock_length": 4.784426562654681e-05,
      "date": "2012-01-01",
      "mutation_length": 7.613866604916274e-19,
      "num_date_confidence": [
        2012.0013661202186,
        2012.9041768575098
      ],
      "numdate": 2012.0013661202186,
      "raw_date": "2012-XX-XX"
    },
    "12MYKL0624": {
      "branch_length": 4.784426562654681e-05,
      "clock_length": 4.784426562654681e-05,
      "date": "2012-01-01",
      "mutation_length": 7.613866604916274e-19,
      "num_date_confidence": [
        2012.0013661202186,
        2012.9041768575098
      ],
      "numdate": 2012.0013661202186,
      "raw_date": "2012-XX-XX"
    },
    "12MYKL0737": {
      "branch_length": 4.784426562654681e-05,
      "clock_length": 4.784426562654681e-05,
      "date": "2012-01-01",
      "mutation_length": 7.613866604916274e-19,
      "num_date_confidence": [
        2012.0013661202186,
        2012.9041768575098
      ],
      "numdate": 2012.0013661202186,
      "raw_date": "2012-XX-XX"
    },
    "12MYKL0759": {
      "branch_length": 4.784426562654681e-05,
      "clock_length": 4.784426562654681e-05,
      "date": "2012-01-01",
      "mutation_length": 7.613866604916274e-19,
      "num_date_confidence": [
        2012.0013661202186,
        2012.9041768575098
      ],
      "numdate": 2012.0013661202186,
      "raw_date": "2012-XX-XX"
    },
    "12MYKL0777": {
      "branch_length": 0.0002065464820041156,
      "clock_length": 0.0002065464820041156,
      "date": "2012-03-19",
      "mutation_length": 7.613866604916274e-19,
      "num_date_confidence": [
        2012.0013661202186,
        2012.9986338797814
      ],
      "numdate": 2012.2131737963132,
      "raw_date": "2012-XX-XX"
    },
    "12MYKL0790": {
      "branch_length": 0.0013669591943994645,
      "clock_length": 0.0013669591943994645,
      "date": "2012-01-01",
      "mutation_length": 0.0016236370593969481,
      "num_date_confidence": [
        2012.0013661202186,
        2012.9986338797814
      ],
      "numdate": 2012.0013661202186,
      "raw_date": "2012-XX-XX"
    },
    "12MYKL0841": {
      "branch_length": 0.0013962457338288336,
      "clock_length": 0.0013962457338288336,
      "date": "2012-02-11",
      "mutation_length": 7.613866604916274e-19,
      "num_date_confidence": [
        2012.0013661202186,
        2012.9986338797814
      ],
      "numdate": 2012.113422260948,
      "raw_date": "2012-XX-XX"
    },
    "12MYKL1058": {
      "branch_length": 0.005366348971433786,
      "clock_length": 0.005366348971433786,
      "date": "2012-01-01",
      "mutation_length": 0.001623364222188033,
      "num_date_confidence": [
        2012.0013661202186,
        2012.880167233317
      ],
      "numdate": 2012.0013661202186,
      "raw_date": "2012-XX-XX"
    },
    "12MYKL1061": {
      "branch_length": 0.004384316101191641,
      "clock_length": 0.004384316101191641,
      "date": "2012-01-01",
      "mutation_length": 0.001624709494290385,
      "num_date_confidence": [
        2012.0013661202186,
        2012.8855081389293
      ],
      "numdate": 2012.0013661202186,
      "raw_date": "2012-XX-XX"
    },
    "12MYKL1075": {
      "branch_length": 0.00015039871381210268,
      "clock_length": 0.00015039871381210268,
      "date": "2012-01-01",
      "mutation_length": 7.731689482260018e-19,
      "num_date_confidence": [
        2012.0013661202186,
        2012.9018766608644
      ],
      "numdate": 2012.0013661202186,
      "raw_date": "2012-XX-XX"
    },
    "12MYKL1132": {
      "branch_length": 0.00015039871381210268,
      "clock_length": 0.00015039871381210268,
      "date": "2012-01-01",
      "mutation_length": 7.731689482260018e-19,
      "num_date_confidence": [
        2012.0013661202186,
        2012.9018766608644
      ],
      "numdate": 2012.0013661202186,
      "raw_date": "2012-XX-XX"
    },
    "12MYKL1153": {
      "branch_length": 0.00015039871381210268,
      "clock_length": 0.00015039871381210268,
      "date": "2012-01-01",
      "mutation_length": 7.731689482260018e-19,
      "num_date_confidence": [
        2012.0013661202186,
        2012.9018766608644
      ],
      "numdate": 2012.0013661202186,
      "raw_date": "2012-XX-XX"
    },
    "12MYKL1214": {
      "branch_length": 0.00015039871381210268,
      "clock_length": 0.00015039871381210268,
      "date": "2012-01-01",
      "mutation_length": 7.731689482260018e-19,
      "num_date_confidence": [
        2012.0013661202186,
        2012.9018766608644
      ],
      "numdate": 2012.0013661202186,
      "raw_date": "2012-XX-XX"
    },
    "12MYKL1217": {
      "branch_length": 0.004384316101191641,
      "clock_length": 0.004384316101191641,
      "date": "2012-01-01",
      "mutation_length": 0.0016244358933239762,
      "num_date_confidence": [
        2012.0013661202186,
        2012.8855132122194
      ],
      "numdate": 2012.0013661202186,
      "raw_date": "2012-XX-XX"
    },
    "13MYKL1781": {
      "branch_length": 0.005434384397948584,
      "clock_length": 0.005434384397948584,
      "date": "2013-01-01",
      "mutation_length": 7.731689482260018e-19,
      "num_date_confidence": [
        2013.0013698630137,
        2013.8610825867167
      ],
      "numdate": 2013.0013698630137,
      "raw_date": "2013-XX-XX"
    },
    "13MYKL1898": {
      "branch_length": 0.005434384397948584,
      "clock_length": 0.005434384397948584,
      "date": "2013-01-01",
      "mutation_length": 0.0016231571770535204,
      "num_date_confidence": [
        2013.0013698630137,
        2013.9986301369863
      ],
      "numdate": 2013.0013698630137,
      "raw_date": "2013-XX-XX"
    },
    "13MYKL1997": {
      "branch_length": -2.2563922138806036e-05,
      "clock_length": -2.2563922138806036e-05,
      "date": "2013-01-01",
      "mutation_length": 7.519055410751234e-19,
      "num_date_confidence": [
        2013.0013698630137,
        2013.9986301369863
      ],
      "numdate": 2013.0013698630137,
      "raw_date": "2013-XX-XX"
    },
    "BJ01_p3": {
      "branch_length": 0.0,
      "clock_length": 0.0,
      "date": "2009-04-23",
      "mutation_length": 7.731689482260018e-19,
      "num_date_confidence": [
        2009.3082191780823,
        2009.3082191780823
      ],
      "numdate": 2009.3082191780823,
      "raw_date": "2009-04-23"
    },
    "BJ01_p9": {
      "branch_length": 0.0,
      "clock_length": 0.0,
      "date": "2009-04-23",
      "mutation_length": 7.731689482260018e-19,
      "num_date_confidence": [
        2009.3082191780823,
        2009.3082191780823
      ],
      "numdate": 2009.3082191780823,
      "raw_date": "2009-04-23"
    },
    "Caen1": {
      "branch_length": 0.004159622050911131,
      "clock_length": 0.004159622050911131,
      "date": "2005-03-04",
      "mutation_length": 0.0016248429970637068,
      "num_date_confidence": [
        2005.1712328767123,
        2005.1712328767123
      ],
      "numdate": 2005.1712328767123,
      "raw_date": "2005-03-04"
    },
    "HKU1": {
      "branch_length": 0.02141541328983257,
      "clock_length": 0.02141541328983257,
      "date": "2010-01-01",
      "mutation_length": 7.707361830155922e-19,
      "num_date_confidence": [
        2010.0013698630137,
        2010.8931608676592
      ],
      "numdate": 2010.0013698630137,
      "raw_date": "2010-XX-XX"
    },
    "HKU1/human/USA/1102/2005": {
      "branch_length": 0.0,
      "clock_length": 0.0,
      "date": "2005-04-09",
      "mutation_length": 7.86690655713863e-19,
      "num_date_confidence": [
        2005.2698630136986,
        2005.2698630136986
      ],
      "numdate": 2005.2698630136986,
      "raw_date": "2005-04-09"
    },
    "HKU1/human/USA/HKU1_1/2005": {
      "branch_length": 0.0,
      "clock_length": 0.0,
      "date": "2005-02-18",
      "mutation_length": 7.519055410751234e-19,
      "num_date_confidence": [
        2005.1328767123289,
        2005.1328767123289
      ],
      "numdate": 2005.1328767123289,
      "raw_date": "2005-02-18"
    },
    "HKU1/human/USA/HKU1_10/2010": {
      "branch_length": 0.00023835865445726023,
      "clock_length": 0.00023835865445726023,
      "date": "2010-01-16",
      "mutation_length": 7.7754969792486255e-19,
      "num_date_confidence": [
        2010.0424657534247,
        2010.0424657534247
      ],
      "numdate": 2010.0424657534247,
      "raw_date": "2010-01-16"
    },
    "HKU1/human/USA/HKU1_11/2009": {
      "branch_length": 0.002126885524549694,
      "clock_length": 0.002126885524549694,
      "date": "2009-12-13",
      "mutation_length": 7.844223120950711e-19,
      "num_date_confidence": [
        2009.9493150684932,
        2009.9493150684932
      ],
      "numdate": 2009.9493150684932,
      "raw_date": "2009-12-13"
    },
    "HKU1/human/USA/HKU1_12/2010": {
      "branch_length": 2.963591944907945e-06,
      "clock_length": 2.963591944907945e-06,
      "date": "2010-01-09",
      "mutation_length": 7.844223120950711e-19,
      "num_date_confidence": [
        2010.0232876712328,
        2010.0232876712328
      ],
      "numdate": 2010.0232876712328,
      "raw_date": "2010-01-09"
    },
    "HKU1/human/USA/HKU1_13/2010": {
      "branch_length": 0.0,
      "clock_length": 0.0,
      "date": "2010-01-08",
      "mutation_length": 7.844223120950711e-19,
      "num_date_confidence": [
        2010.0205479452054,
        2010.0205479452054
      ],
      "numdate": 2010.0205479452054,
      "raw_date": "2010-01-08"
    },
    "HKU1/human/USA/HKU1_14/2009": {
      "branch_length": 0.0,
      "clock_length": 0.0,
      "date": "2009-12-28",
      "mutation_length": 7.7754969792486255e-19,
      "num_date_confidence": [
        2009.990410958904,
        2009.990410958904
      ],
      "numdate": 2009.990410958904,
      "raw_date": "2009-12-28"
    },
    "HKU1/human/USA/HKU1_15/2009": {
      "branch_length": 0.0,
      "clock_length": 0.0,
      "date": "2009-12-28",
      "mutation_length": 7.788973609643635e-19,
      "num_date_confidence": [
        2009.990410958904,
        2009.990410958904
      ],
      "numdate": 2009.990410958904,
      "raw_date": "2009-12-28"
    },
    "HKU1/human/USA/HKU1_16/2010": {
      "branch_length": 0.00012150726974294139,
      "clock_length": 0.00012150726974294139,
      "date": "2010-01-08",
      "mutation_length": 7.7754969792486255e-19,
      "num_date_confidence": [
        2010.0205479452054,
        2010.0205479452054
      ],
      "numdate": 2010.0205479452054,
      "raw_date": "2010-01-08"
    },
    "HKU1/human/USA/HKU1_18/2010": {
      "branch_length": 0.0,
      "clock_length": 0.0,
      "date": "2010-01-22",
      "mutation_length": 7.7754969792486255e-19,
      "num_date_confidence": [
        2010.058904109589,
        2010.058904109589
      ],
      "numdate": 2010.058904109589,
      "raw_date": "2010-01-22"
    },
    "HKU1/human/USA/HKU1_20/2010": {
      "branch_length": 2.3708735559508157e-05,
      "clock_length": 2.3708735559508157e-05,
      "date": "2010-01-30",
      "mutation_length": 7.7754969792486255e-19,
      "num_date_confidence": [
        2010.0808219178082,
        2010.0808219178082
      ],
      "numdate": 2010.0808219178082,
      "raw_date": "2010-01-30"
    },
    "HKU1/human/USA/HKU1_3/2009": {
      "branch_length": 0.0033321583020435534,
      "clock_length": 0.0033321583020435534,
      "date": "2009-10-31",
      "mutation_length": 7.7754969792486255e-19,
      "num_date_confidence": [
        2009.831506849315,
        2009.831506849315
      ],
      "numdate": 2009.831506849315,
      "raw_date": "2009-10-31"
    },
    "HKU1/human/USA/HKU1_4/2005": {
      "branch_length": 2.9635919449568643e-05,
      "clock_length": 2.9635919449568643e-05,
      "date": "2005-04-19",
      "mutation_length": 7.86690655713863e-19,
      "num_date_confidence": [
        2005.2972602739726,
        2005.2972602739726
      ],
      "numdate": 2005.2972602739726,
      "raw_date": "2005-04-19"
    },
    "HKU1/human/USA/HKU1_5/2009": {
      "branch_length": 0.0,
      "clock_length": 0.0,
      "date": "2009-11-28",
      "mutation_length": 7.7754969792486255e-19,
      "num_date_confidence": [
        2009.9082191780822,
        2009.9082191780822
      ],
      "numdate": 2009.9082191780822,
      "raw_date": "2009-11-28"
    },
    "HKU1/human/USA/HKU1_7/2010": {
      "branch_length": 1.7781551669692267e-05,
      "clock_length": 1.7781551669692267e-05,
      "date": "2010-01-03",
      "mutation_length": 7.7754969792486255e-19,
      "num_date_confidence": [
        2010.0068493150684,
        2010.0068493150684
      ],
      "numdate": 2010.0068493150684,
      "raw_date": "2010-01-03"
    },
    "N08_87": {
      "branch_length": 0.003222565208959564,
      "clock_length": 0.003222565208959564,
      "date": "2016-01-01",
      "mutation_length": 7.519055410751234e-19,
      "num_date_confidence": [
        2016.0013661202186,
        2016.8786965638665
      ],
      "numdate": 2016.0013661202186,
      "raw_date": "2016-XX-XX"
    },
    "N09_1605B": {
      "branch_length": 0.0004686038845878801,
      "clock_length": 0.0004686038845878801,
      "date": "2016-06-15",
      "mutation_length": 7.7754969792486255e-19,
      "num_date_confidence": [
        2016.0013661202186,
        2016.9986338797814
      ],
      "numdate": 2016.455435720312,
      "raw_date": "2016-XX-XX"
    },
    "N09_1627B": {
      "branch_length": 0.0004686038845878801,
      "clock_length": 0.0004686038845878801,
      "date": "2016-06-15",
      "mutation_length": 7.7754969792486255e-19,
      "num_date_confidence": [
        2016.0013661202186,
        2016.9986338797814
      ],
      "numdate": 2016.455435720312,
      "raw_date": "2016-XX-XX"
    },
    "N09_1663B": {
      "branch_length": 0.0008026022724563608,
      "clock_length": 0.0008026022724563608,
      "date": "2016-01-01",
      "mutation_length": 7.7754969792486255e-19,
      "num_date_confidence": [
        2016.0013661202186,
        2016.873731255456
      ],
      "numdate": 2016.0013661202186,
      "raw_date": "2016-XX-XX"
    },
    "NODE_0000000": {
      "branch_length": 0.001,
      "clock_length": 0.001,
      "date": "1990-03-16",
      "mutation_length": 0.001,
      "num_date_confidence": [
        1367.8983522489984,
        2005.0906531644337
      ],
      "numdate": 1990.2036493038172
    },
    "NODE_0000006": {
      "branch_length": 0.008533999988037666,
      "clock_length": 0.008533999988037666,
      "date": "2013-01-09",
      "mutation_length": 7.519055410751234e-19,
      "num_date_confidence": [
        2001.8425318662153,
        2013.9949312945728
      ],
      "numdate": 2013.022229335543
    },
    "NODE_0000007": {
      "branch_length": 0.000296213890279607,
      "clock_length": 0.000296213890279607,
      "date": "2005-01-29",
      "mutation_length": 7.613866604916274e-19,
      "num_date_confidence": [
        1931.9917872296644,
        2012.9421129365678
      ],
      "numdate": 2005.0768900009891
    },
    "NODE_0000008": {
      "branch_length": 0.0004438744476056404,
      "clock_length": 0.0004438744476056404,
      "date": "2004-10-20",
      "mutation_length": 7.613866604916274e-19,
      "num_date_confidence": [
        1907.8057664352646,
        2010.5244375306343
      ],
      "numdate": 2004.8030517263715
    },
    "NODE_0000009": {
      "branch_length": 0.002123933430799271,
      "clock_length": 0.002123933430799271,
      "date": "2007-01-15",
      "mutation_length": 7.613866604916274e-19,
      "num_date_confidence": [
        1959.6410957277114,
        2012.9492886079267
      ],
      "numdate": 2007.0403842366693
    },
    "NODE_0000010": {
      "branch_length": 0.0009815292252388363,
      "clock_length": 0.0009815292252388363,
      "date": "2007-12-12",
      "mutation_length": 7.613866604916274e-19,
      "num_date_confidence": [
        2004.9359125742344,
        2012.9621533479217
      ],
      "numdate": 2007.9477700087286
    },
    "NODE_0000011": {
      "branch_length": 5.4188642471647216e-05,
      "clock_length": 5.4188642471647216e-05,
      "date": "2007-12-31",
      "mutation_length": 7.613866604916274e-19,
      "num_date_confidence": [
        2004.0440599564117,
        2012.9877655345265
      ],
      "numdate": 2007.9978653109588
    },
    "NODE_0000012": {
      "branch_length": 0.000800649782749397,
      "clock_length": 0.000800649782749397,
      "date": "2005-02-18",
      "mutation_length": 0.001624456873490678,
      "num_date_confidence": [
        2004.448121103113,
        2005.1328767123289
      ],
      "numdate": 2005.1328767123289
    },
    "NODE_0000013": {
      "branch_length": 0.003055597736652073,
      "clock_length": 0.003055597736652073,
      "date": "2010-10-28",
      "mutation_length": 7.613866604916274e-19,
      "num_date_confidence": [
        2007.576884672395,
        2012.9949350373606
      ],
      "numdate": 2010.8226471310822
    },
    "NODE_0000014": {
      "branch_length": 0.0006634104207881401,
      "clock_length": 0.0006634104207881401,
      "date": "2004-05-23",
      "mutation_length": 0.001625733703353062,
      "num_date_confidence": [
        1907.9548563963747,
        2005.1254750150326
      ],
      "numdate": 2004.3927069826987
    },
    "NODE_0000015": {
      "branch_length": 0.004454345989249639,
      "clock_length": 0.004454345989249639,
      "date": "2012-02-12",
      "mutation_length": 7.613866604916274e-19,
      "num_date_confidence": [
        2006.6436765410695,
        2012.9949350373606
      ],
      "numdate": 2012.115735742673
    },
    "NODE_0000016": {
      "branch_length": 0.006123323207833592,
      "clock_length": 0.006123323207833592,
      "date": "2010-09-27",
      "mutation_length": 0.001623364222188033,
      "num_date_confidence": [
        1985.1989996933985,
        2012.994929033402
      ],
      "numdate": 2010.7376652623232
    },
    "NODE_0000017": {
      "branch_length": 0.014033323378227804,
      "clock_length": 0.014033323378227804,
      "date": "2003-10-12",
      "mutation_length": 0.06084716273522416,
      "num_date_confidence": [
        1894.354913951645,
        2005.114998487242
      ],
      "numdate": 2003.7794097304313
    },
    "NODE_0000018": {
      "branch_length": 0.004509465059714803,
      "clock_length": 0.004509465059714803,
      "date": "2007-12-13",
      "mutation_length": 0.0016244353385630262,
      "num_date_confidence": [
        1955.2196695818202,
        2012.994929030448
      ],
      "numdate": 2007.9482356090373
    },
    "NODE_0000019": {
      "branch_length": 0.0006517268218896102,
      "clock_length": 0.0006517268218896102,
      "date": "1990-10-22",
      "mutation_length": 7.707361830155922e-19,
      "num_date_confidence": [
        1367.8992635486752,
        2005.1043420775916
      ],
      "numdate": 1990.8061455211948
    },
    "NODE_0000020": {
      "branch_length": 1.5806147662181247e-05,
      "clock_length": 1.5806147662181247e-05,
      "date": "2007-12-18",
      "mutation_length": 7.613866604916274e-19,
      "num_date_confidence": [
        2005.446947785954,
        2012.9773387169907
      ],
      "numdate": 2007.9623821803593
    },
    "NODE_0000021": {
      "branch_length": 0.002872404097830135,
      "clock_length": 0.002872404097830135,
      "date": "2010-08-14",
      "mutation_length": 7.613866604916274e-19,
      "num_date_confidence": [
        2004.8932836603635,
        2012.9877655345265
      ],
      "numdate": 2010.617808573131
    },
    "NODE_0000022": {
      "branch_length": 0.0015191777245032404,
      "clock_length": 0.0015191777245032404,
      "date": "2012-01-09",
      "mutation_length": 7.613866604916274e-19,
      "num_date_confidence": [
        2007.3835955747973,
        2012.9949350373606
      ],
      "numdate": 2012.0222295694678
    },
    "NODE_0000023": {
      "branch_length": 0.004525868215736858,
      "clock_length": 0.004525868215736858,
      "date": "2000-06-17",
      "mutation_length": 0.0016230240342502461,
      "num_date_confidence": [
        1649.0887103220296,
        2005.2624311758332
      ],
      "numdate": 2000.4612767681106
    },
    "NODE_0000024": {
      "branch_length": 0.005201500924369662,
      "clock_length": 0.005201500924369662,
      "date": "2005-04-09",
      "mutation_length": 0.009782712562517138,
      "num_date_confidence": [
        2004.059699656099,
        2005.2698630136986
      ],
      "numdate": 2005.2698630136986
    },
    "NODE_0000025": {
      "branch_length": 3.838249480946597e-05,
      "clock_length": 3.838249480946597e-05,
      "date": "2007-12-31",
      "mutation_length": 7.613866604916274e-19,
      "num_date_confidence": [
        2004.5598296805074,
        2012.9877655345265
      ],
      "numdate": 2007.9978653109588
    },
    "NODE_0000026": {
      "branch_length": 0.004282786838096755,
      "clock_length": 0.004282786838096755,
      "date": "2011-12-16",
      "mutation_length": 7.613866604916274e-19,
      "num_date_confidence": [
        2007.7052869410145,
        2012.9949350373606
      ],
      "numdate": 2011.9571359487802
    },
    "NODE_0000027": {
      "branch_length": 0.005896380175771418,
      "clock_length": 0.005896380175771418,
      "date": "2009-12-28",
      "mutation_length": 0.003248949712159994,
      "num_date_confidence": [
        2006.381544607711,
        2009.990410958904
      ],
      "numdate": 2009.990410958904
    },
    "NODE_0000028": {
      "branch_length": 0.004282786838096755,
      "clock_length": 0.004282786838096755,
      "date": "2011-12-16",
      "mutation_length": 7.613866604916274e-19,
      "num_date_confidence": [
        2007.7052869410145,
        2012.9949350373606
      ],
      "numdate": 2011.9571359487802
    },
    "NODE_0000029": {
      "branch_length": 0.0059181940389061785,
      "clock_length": 0.0059181940389061785,
      "date": "1996-04-11",
      "mutation_length": 7.707361830155922e-19,
      "num_date_confidence": [
        1532.6643591132959,
        2005.1638311779882
      ],
      "numdate": 1996.2772868067566
    },
    "NODE_0000032": {
      "branch_length": 0.004411389669748626,
      "clock_length": 0.004411389669748626,
      "date": "2004-07-16",
      "mutation_length": 7.731689482260018e-19,
      "num_date_confidence": [
        1871.8725108449207,
        2009.2901846562797
      ],
      "numdate": 2004.5394357453586
    },
    "NODE_0000034": {
      "branch_length": 0.0038198762139302934,
      "clock_length": 0.0038198762139302934,
      "date": "2004-11-09",
      "mutation_length": 0.0016228877523953847,
      "num_date_confidence": [
        1973.2500278796622,
        2009.8241111590087
      ],
      "numdate": 2004.8571510025656
    },
    "NODE_0000035": {
      "branch_length": 0.003381364664425575,
      "clock_length": 0.003381364664425575,
      "date": "2007-12-25",
      "mutation_length": 0.0016215452084860078,
      "num_date_confidence": [
        2006.2116825442245,
        2009.9493150684932
      ],
      "numdate": 2007.983091736421
    },
    "NODE_0000036": {
      "branch_length": 0.0026028623759310806,
      "clock_length": 0.0026028623759310806,
      "date": "2006-12-12",
      "mutation_length": 7.731689482260018e-19,
      "num_date_confidence": [
        1996.6599212107471,
        2009.300823487776
      ],
      "numdate": 2006.9456812506553
    },
    "NODE_0000037": {
      "branch_length": 0.002555583405547724,
      "clock_length": 0.002555583405547724,
      "date": "2009-04-23",
      "mutation_length": 7.731689482260018e-19,
      "num_date_confidence": [
        2007.010528684432,
        2009.3082191780823
      ],
      "numdate": 2009.3082191780823
    },
    "NODE_0000038": {
      "branch_length": 0.0009833367197883466,
      "clock_length": 0.0009833367197883466,
      "date": "2007-11-08",
      "mutation_length": 7.731689482260018e-19,
      "num_date_confidence": [
        1996.852592011551,
        2012.9773387169907
      ],
      "numdate": 2007.8547379814543
    },
    "NODE_0000039": {
      "branch_length": 0.00013278422960452674,
      "clock_length": 0.00013278422960452674,
      "date": "2007-12-23",
      "mutation_length": 7.731689482260018e-19,
      "num_date_confidence": [
        1996.9766753252425,
        2013.9949252923889
      ],
      "numdate": 2007.9774918614191
    },
    "NODE_0000040": {
      "branch_length": 0.0001548224152998559,
      "clock_length": 0.0001548224152998559,
      "date": "2007-12-31",
      "mutation_length": 7.731689482260018e-19,
      "num_date_confidence": [
        2004.3349702623632,
        2012.9877655345265
      ],
      "numdate": 2007.9978653109588
    },
    "NODE_0000041": {
      "branch_length": 0.0041802323899111996,
      "clock_length": 0.0041802323899111996,
      "date": "2011-11-11",
      "mutation_length": 7.731689482260018e-19,
      "num_date_confidence": [
        2007.286918649331,
        2012.9949350373606
      ],
      "numdate": 2011.8623283314905
    },
    "NODE_0000042": {
      "branch_length": 0.0041802323899111996,
      "clock_length": 0.0041802323899111996,
      "date": "2011-11-11",
      "mutation_length": 7.731689482260018e-19,
      "num_date_confidence": [
        2007.286918649331,
        2012.9949350373606
      ],
      "numdate": 2011.8623283314905
    },
    "NODE_0000043": {
      "branch_length": 0.0054610577791772315,
      "clock_length": 0.0054610577791772315,
      "date": "2001-04-29",
      "mutation_length": 7.707361830155922e-19,
      "num_date_confidence": [
        1885.6831177607564,
        2005.1712328767123
      ],
      "numdate": 2001.3258233167246
    },
    "NODE_0000044": {
      "branch_length": 0.0020486574332987135,
      "clock_length": 0.0020486574332987135,
      "date": "2006-10-02",
      "mutation_length": 7.7754969792486255e-19,
      "num_date_confidence": [
        2004.7112137529684,
        2009.831506849315
      ],
      "numdate": 2006.7510554926193
    },
    "NODE_0000046": {
      "branch_length": 0.0022039389151182805,
      "clock_length": 0.0022039389151182805,
      "date": "2010-01-08",
      "mutation_length": 7.844223120950711e-19,
      "num_date_confidence": [
        2007.108831594159,
        2010.0205479452054
      ],
      "numdate": 2010.0205479452054
    },
    "NODE_0000047": {
      "branch_length": 0.0006532741651927524,
      "clock_length": 0.0006532741651927524,
      "date": "2007-05-10",
      "mutation_length": 7.7754969792486255e-19,
      "num_date_confidence": [
        2005.7352977904745,
        2009.9008236001046
      ],
      "numdate": 2007.3549821689803
    },
    "NODE_0000048": {
      "branch_length": 0.002761864711309448,
      "clock_length": 0.002761864711309448,
      "date": "2009-11-28",
      "mutation_length": 7.7754969792486255e-19,
      "num_date_confidence": [
        2007.7357017571298,
        2009.9082191780822
      ],
      "numdate": 2009.9082191780822
    },
    "NODE_0000049": {
      "branch_length": 0.0006647385892070787,
      "clock_length": 0.0006647385892070787,
      "date": "2007-12-20",
      "mutation_length": 7.7754969792486255e-19,
      "num_date_confidence": [
        2006.1463488802374,
        2009.9830152850361
      ],
      "numdate": 2007.9695072615352
    },
    "NODE_0000050": {
      "branch_length": 0.0021860338804508325,
      "clock_length": 0.0021860338804508325,
      "date": "2009-12-28",
      "mutation_length": 7.7754969792486255e-19,
      "num_date_confidence": [
        2008.0833084073379,
        2009.990410958904
      ],
      "numdate": 2009.990410958904
    },
    "NODE_0000051": {
      "branch_length": 6.118299849960235e-06,
      "clock_length": 6.118299849960235e-06,
      "date": "2007-12-22",
      "mutation_length": 7.7754969792486255e-19,
      "num_date_confidence": [
        2006.6696206984739,
        2010.0350700631184
      ],
      "numdate": 2007.9751633928968
    },
    "NODE_0000052": {
      "branch_length": 0.0022540053792247973,
      "clock_length": 0.0022540053792247973,
      "date": "2010-01-22",
      "mutation_length": 7.7754969792486255e-19,
      "num_date_confidence": [
        2007.1511724453865,
        2010.058904109589
      ],
      "numdate": 2010.058904109589
    },
    "NODE_0000053": {
      "branch_length": 0.001997865173097843,
      "clock_length": 0.001997865173097843,
      "date": "2009-10-28",
      "mutation_length": 7.7754969792486255e-19,
      "num_date_confidence": [
        2006.4677686485577,
        2010.0424657534247
      ],
      "numdate": 2009.82211240465
    },
    "NODE_0000054": {
      "branch_length": 0.005881564813646159,
      "clock_length": 0.005881564813646159,
      "date": "2015-04-05",
      "mutation_length": 7.7754969792486255e-19,
      "num_date_confidence": [
        2001.2147998053567,
        2016.6682310298447
      ],
      "numdate": 2015.2593913894384
    },
    "NODE_0000055": {
      "branch_length": 0.0008251704962569687,
      "clock_length": 0.0008251704962569687,
      "date": "2016-01-09",
      "mutation_length": 7.7754969792486255e-19,
      "num_date_confidence": [
        2002.2960931514938,
        2016.746609515867
      ],
      "numdate": 2016.0222295694678
    },
    "SC2521": {
      "branch_length": 0.006905168848860908,
      "clock_length": 0.006905168848860908,
      "date": "2017-01-01",
      "mutation_length": 0.001623364222188033,
      "num_date_confidence": [
        2017.0013698630137,
        2017.9986301369863
      ],
      "numdate": 2017.0013698630137,
      "raw_date": "2017-XX-XX"
    },
    "SC2628": {
      "branch_length": 0.005420409667315281,
      "clock_length": 0.005420409667315281,
      "date": "2015-01-01",
      "mutation_length": 0.0016217252800275585,
      "num_date_confidence": [
        2015.0013698630137,
        2015.9986301369863
      ],
      "numdate": 2015.0013698630137,
      "raw_date": "2015-XX-XX"
    },
    "SI17244": {
      "branch_length": 0.005741237622154378,
      "clock_length": 0.005741237622154378,
      "date": "2017-06-04",
      "mutation_length": 7.613866604916274e-19,
      "num_date_confidence": [
        2017.4232876712329,
        2017.4232876712329
      ],
      "numdate": 2017.4232876712329,
      "raw_date": "2017-06-04"
    }
  }
}