{
  "alignment": "results/aligned_hku1_nucleocapsid.fasta",
  "clock": {
    "intercept": -0.22712121272301405,
    "rate": 0.0001291083936888576,
    "rtt_Tmrca": 1759.151409399149
  },
  "generated_by": {
    "program": "augur",
    "version": "6.4.1"
  },
  "input_tree": "results/tree_raw_hku1_nucleocapsid.nwk",
  "nodes": {
    "12MYKL0163": {
      "branch_length": 0.0006643907281274888,
      "clock_length": 0.0006643907281274888,
      "date": "2012-01-01",
      "mutation_length": 0.0007555925140183981,
      "num_date_confidence": [
        2012.0013661202186,
        2012.895054975392
      ],
      "numdate": 2012.0013661202186,
      "raw_date": "2012-XX-XX"
    },
    "12MYKL0181": {
      "branch_length": 0.0007123089421334551,
      "clock_length": 0.0007123089421334551,
      "date": "2012-05-22",
      "mutation_length": 2.6388550487707684e-18,
      "num_date_confidence": [
        2012.0013661202186,
        2012.9986338797814
      ],
      "numdate": 2012.3906759018214,
      "raw_date": "2012-XX-XX"
    },
    "12MYKL0323": {
      "branch_length": 0.0009270036423978058,
      "clock_length": 0.0009270036423978058,
      "date": "2012-01-01",
      "mutation_length": 2.6423409313509064e-18,
      "num_date_confidence": [
        2012.0013661202186,
        2012.8978294769117
      ],
      "numdate": 2012.0013661202186,
      "raw_date": "2012-XX-XX"
    },
    "12MYKL0407": {
      "branch_length": 0.00185455829006467,
      "clock_length": 0.00185455829006467,
      "date": "2012-12-31",
      "mutation_length": 0.006845998563523234,
      "num_date_confidence": [
        2012.1080747408641,
        2012.9986338797814
      ],
      "numdate": 2012.9986338797814,
      "raw_date": "2012-XX-XX"
    },
    "12MYKL0447": {
      "branch_length": 0.0009547988003109286,
      "clock_length": 0.0009547988003109286,
      "date": "2012-03-02",
      "mutation_length": 0.0007556327265394447,
      "num_date_confidence": [
        2012.0013661202186,
        2012.9986338797814
      ],
      "numdate": 2012.1685624928507,
      "raw_date": "2012-XX-XX"
    },
    "12MYKL0529": {
      "branch_length": 0.0007123089421334551,
      "clock_length": 0.0007123089421334551,
      "date": "2012-05-22",
      "mutation_length": 2.6388550487707684e-18,
      "num_date_confidence": [
        2012.0013661202186,
        2012.9986338797814
      ],
      "numdate": 2012.3906759018214,
      "raw_date": "2012-XX-XX"
    },
    "12MYKL0624": {
      "branch_length": 0.0006620457815833393,
      "clock_length": 0.0006620457815833393,
      "date": "2012-01-01",
      "mutation_length": 2.6327892934483037e-18,
      "num_date_confidence": [
        2012.0013661202186,
        2012.8939863713047
      ],
      "numdate": 2012.0013661202186,
      "raw_date": "2012-XX-XX"
    },
    "12MYKL0737": {
      "branch_length": 0.0006620457815833393,
      "clock_length": 0.0006620457815833393,
      "date": "2012-01-01",
      "mutation_length": 2.6327892934483037e-18,
      "num_date_confidence": [
        2012.0013661202186,
        2012.893079298604
      ],
      "numdate": 2012.0013661202186,
      "raw_date": "2012-XX-XX"
    },
    "12MYKL0759": {
      "branch_length": 0.0006620457815833393,
      "clock_length": 0.0006620457815833393,
      "date": "2012-01-01",
      "mutation_length": 2.6388550487707684e-18,
      "num_date_confidence": [
        2012.0013661202186,
        2012.8960442662772
      ],
      "numdate": 2012.0013661202186,
      "raw_date": "2012-XX-XX"
    },
    "12MYKL0777": {
      "branch_length": 0.0006620457815833393,
      "clock_length": 0.0006620457815833393,
      "date": "2012-01-01",
      "mutation_length": 2.6388550487707684e-18,
      "num_date_confidence": [
        2012.0013661202186,
        2012.8960442662772
      ],
      "numdate": 2012.0013661202186,
      "raw_date": "2012-XX-XX"
    },
    "12MYKL0790": {
      "branch_length": 0.0006643907281274888,
      "clock_length": 0.0006643907281274888,
      "date": "2012-01-01",
      "mutation_length": 0.0007556415151439479,
      "num_date_confidence": [
        2012.0013661202186,
        2012.8950990891283
      ],
      "numdate": 2012.0013661202186,
      "raw_date": "2012-XX-XX"
    },
    "12MYKL0841": {
      "branch_length": 0.0006620457815833393,
      "clock_length": 0.0006620457815833393,
      "date": "2012-01-01",
      "mutation_length": 2.6327892934483037e-18,
      "num_date_confidence": [
        2012.0013661202186,
        2012.8939863713047
      ],
      "numdate": 2012.0013661202186,
      "raw_date": "2012-XX-XX"
    },
    "12MYKL1058": {
      "branch_length": 0.000957085374370348,
      "clock_length": 0.000957085374370348,
      "date": "2012-03-09",
      "mutation_length": 0.0007554440520589786,
      "num_date_confidence": [
        2012.0013661202186,
        2012.9986338797814
      ],
      "numdate": 2012.1883734864828,
      "raw_date": "2012-XX-XX"
    },
    "12MYKL1061": {
      "branch_length": 0.0012067770208139441,
      "clock_length": 0.0012067770208139441,
      "date": "2012-12-31",
      "mutation_length": 0.0022695263396463354,
      "num_date_confidence": [
        2012.1048427949881,
        2012.9986338797814
      ],
      "numdate": 2012.9986338797814,
      "raw_date": "2012-XX-XX"
    },
    "12MYKL1075": {
      "branch_length": 4.248642610132089e-06,
      "clock_length": 4.248642610132089e-06,
      "date": "2012-01-01",
      "mutation_length": 2.5330624817622737e-18,
      "num_date_confidence": [
        2012.0013661202186,
        2012.89499263119
      ],
      "numdate": 2012.0013661202186,
      "raw_date": "2012-XX-XX"
    },
    "12MYKL1132": {
      "branch_length": 4.248642610132089e-06,
      "clock_length": 4.248642610132089e-06,
      "date": "2012-01-01",
      "mutation_length": 2.5330624817622737e-18,
      "num_date_confidence": [
        2012.0013661202186,
        2012.89499263119
      ],
      "numdate": 2012.0013661202186,
      "raw_date": "2012-XX-XX"
    },
    "12MYKL1153": {
      "branch_length": 0.0006698193105019277,
      "clock_length": 0.0006698193105019277,
      "date": "2012-01-01",
      "mutation_length": 2.5233529937046753e-18,
      "num_date_confidence": [
        2012.0013661202186,
        2012.884816427039
      ],
      "numdate": 2012.0013661202186,
      "raw_date": "2012-XX-XX"
    },
    "12MYKL1214": {
      "branch_length": 4.248642610132089e-06,
      "clock_length": 4.248642610132089e-06,
      "date": "2012-01-01",
      "mutation_length": 2.5330624817622737e-18,
      "num_date_confidence": [
        2012.0013661202186,
        2012.89499263119
      ],
      "numdate": 2012.0013661202186,
      "raw_date": "2012-XX-XX"
    },
    "12MYKL1217": {
      "branch_length": 0.0010780213822990956,
      "clock_length": 0.0010780213822990956,
      "date": "2012-01-01",
      "mutation_length": 0.0007554910765783987,
      "num_date_confidence": [
        2012.0013661202186,
        2012.8978833885808
      ],
      "numdate": 2012.0013661202186,
      "raw_date": "2012-XX-XX"
    },
    "13MYKL1781": {
      "branch_length": 0.0007989281874170506,
      "clock_length": 0.0007989281874170506,
      "date": "2013-01-01",
      "mutation_length": 2.5233529937046753e-18,
      "num_date_confidence": [
        2013.0013698630137,
        2013.8944891181402
      ],
      "numdate": 2013.0013698630137,
      "raw_date": "2013-XX-XX"
    },
    "13MYKL1898": {
      "branch_length": 0.0011026616453440308,
      "clock_length": 0.0011026616453440308,
      "date": "2013-06-05",
      "mutation_length": 0.0007590831089715673,
      "num_date_confidence": [
        2013.0013698630137,
        2013.9986301369863
      ],
      "numdate": 2013.4267959537199,
      "raw_date": "2013-XX-XX"
    },
    "13MYKL1997": {
      "branch_length": 0.0011848671913752466,
      "clock_length": 0.0011848671913752466,
      "date": "2013-12-31",
      "mutation_length": 0.0030377737875014583,
      "num_date_confidence": [
        2013.1111462213826,
        2013.9986301369863
      ],
      "numdate": 2013.9986301369863,
      "raw_date": "2013-XX-XX"
    },
    "BJ01_p3": {
      "branch_length": 0.00036491023208290755,
      "clock_length": 0.00036491023208290755,
      "date": "2009-04-23",
      "mutation_length": 2.538568855936278e-18,
      "num_date_confidence": [
        2009.3082191780823,
        2009.3082191780823
      ],
      "numdate": 2009.3082191780823,
      "raw_date": "2009-04-23"
    },
    "BJ01_p9": {
      "branch_length": 0.00036491023208290755,
      "clock_length": 0.00036491023208290755,
      "date": "2009-04-23",
      "mutation_length": 2.538568855936278e-18,
      "num_date_confidence": [
        2009.3082191780823,
        2009.3082191780823
      ],
      "numdate": 2009.3082191780823,
      "raw_date": "2009-04-23"
    },
    "Caen1": {
      "branch_length": 0.005384967244051155,
      "clock_length": 0.005384967244051155,
      "date": "2005-03-04",
      "mutation_length": 0.002274378795838362,
      "num_date_confidence": [
        2005.1712328767123,
        2005.1712328767123
      ],
      "numdate": 2005.1712328767123,
      "raw_date": "2005-03-04"
    },
    "HKU1": {
      "branch_length": 0.0014270165486977753,
      "clock_length": 0.0014270165486977753,
      "date": "2010-01-01",
      "mutation_length": 0.0007580949805755984,
      "num_date_confidence": [
        2010.0013698630137,
        2010.898904109589
      ],
      "numdate": 2010.0013698630137,
      "raw_date": "2010-XX-XX"
    },
    "HKU1/human/USA/1102/2005": {
      "branch_length": 0.0007906388361796331,
      "clock_length": 0.0007906388361796331,
      "date": "2005-04-09",
      "mutation_length": 2.6082144993908803e-18,
      "num_date_confidence": [
        2005.2698630136986,
        2005.2698630136986
      ],
      "numdate": 2005.2698630136986,
      "raw_date": "2005-04-09"
    },
    "HKU1/human/USA/HKU1_1/2005": {
      "branch_length": 0.00020040993406382664,
      "clock_length": 0.00020040993406382664,
      "date": "2005-02-18",
      "mutation_length": 0.0007551967353823552,
      "num_date_confidence": [
        2005.1328767123289,
        2005.1328767123289
      ],
      "numdate": 2005.1328767123289,
      "raw_date": "2005-02-18"
    },
    "HKU1/human/USA/HKU1_10/2010": {
      "branch_length": 0.0007237305061419883,
      "clock_length": 0.0007237305061419883,
      "date": "2010-01-16",
      "mutation_length": 2.579967884768208e-18,
      "num_date_confidence": [
        2010.0424657534247,
        2010.0424657534247
      ],
      "numdate": 2010.0424657534247,
      "raw_date": "2010-01-16"
    },
    "HKU1/human/USA/HKU1_11/2009": {
      "branch_length": 0.0006318442648047238,
      "clock_length": 0.0006318442648047238,
      "date": "2009-12-13",
      "mutation_length": 2.5900773640164387e-18,
      "num_date_confidence": [
        2009.9493150684932,
        2009.9493150684932
      ],
      "numdate": 2009.9493150684932,
      "raw_date": "2009-12-13"
    },
    "HKU1/human/USA/HKU1_12/2010": {
      "branch_length": 0.00036526395370944714,
      "clock_length": 0.00036526395370944714,
      "date": "2010-01-09",
      "mutation_length": 2.5900773640164387e-18,
      "num_date_confidence": [
        2010.0232876712328,
        2010.0232876712328
      ],
      "numdate": 2010.0232876712328,
      "raw_date": "2010-01-09"
    },
    "HKU1/human/USA/HKU1_13/2010": {
      "branch_length": 0.00036491023208290755,
      "clock_length": 0.00036491023208290755,
      "date": "2010-01-08",
      "mutation_length": 2.5900773640164387e-18,
      "num_date_confidence": [
        2010.0205479452054,
        2010.0205479452054
      ],
      "numdate": 2010.0205479452054,
      "raw_date": "2010-01-08"
    },
    "HKU1/human/USA/HKU1_14/2009": {
      "branch_length": 0.0007491313550984306,
      "clock_length": 0.0007491313550984306,
      "date": "2009-12-28",
      "mutation_length": 2.579967884768208e-18,
      "num_date_confidence": [
        2009.990410958904,
        2009.990410958904
      ],
      "numdate": 2009.990410958904,
      "raw_date": "2009-12-28"
    },
    "HKU1/human/USA/HKU1_15/2009": {
      "branch_length": 0.0007976341534034475,
      "clock_length": 0.0007976341534034475,
      "date": "2009-12-28",
      "mutation_length": 0.0015180501839369,
      "num_date_confidence": [
        2009.990410958904,
        2009.990410958904
      ],
      "numdate": 2009.990410958904,
      "raw_date": "2009-12-28"
    },
    "HKU1/human/USA/HKU1_16/2010": {
      "branch_length": 0.0012967457490216938,
      "clock_length": 0.0012967457490216938,
      "date": "2010-01-08",
      "mutation_length": 0.0007566225630355665,
      "num_date_confidence": [
        2010.0205479452054,
        2010.0205479452054
      ],
      "numdate": 2010.0205479452054,
      "raw_date": "2010-01-08"
    },
    "HKU1/human/USA/HKU1_18/2010": {
      "branch_length": 0.00036491023208290755,
      "clock_length": 0.00036491023208290755,
      "date": "2010-01-22",
      "mutation_length": 2.579967884768208e-18,
      "num_date_confidence": [
        2010.058904109589,
        2010.058904109589
      ],
      "numdate": 2010.058904109589,
      "raw_date": "2010-01-22"
    },
    "HKU1/human/USA/HKU1_20/2010": {
      "branch_length": 0.00036774000509525416,
      "clock_length": 0.00036774000509525416,
      "date": "2010-01-30",
      "mutation_length": 2.579967884768208e-18,
      "num_date_confidence": [
        2010.0808219178082,
        2010.0808219178082
      ],
      "numdate": 2010.0808219178082,
      "raw_date": "2010-01-30"
    },
    "HKU1/human/USA/HKU1_3/2009": {
      "branch_length": 0.00036491023208290755,
      "clock_length": 0.00036491023208290755,
      "date": "2009-10-31",
      "mutation_length": 2.574501579279446e-18,
      "num_date_confidence": [
        2009.831506849315,
        2009.831506849315
      ],
      "numdate": 2009.831506849315,
      "raw_date": "2009-10-31"
    },
    "HKU1/human/USA/HKU1_4/2005": {
      "branch_length": 0.0007941760524450886,
      "clock_length": 0.0007941760524450886,
      "date": "2005-04-19",
      "mutation_length": 0.0007561184739715046,
      "num_date_confidence": [
        2005.2972602739726,
        2005.2972602739726
      ],
      "numdate": 2005.2972602739726,
      "raw_date": "2005-04-19"
    },
    "HKU1/human/USA/HKU1_5/2009": {
      "branch_length": 0.00037481443762616513,
      "clock_length": 0.00037481443762616513,
      "date": "2009-11-28",
      "mutation_length": 2.574501579279446e-18,
      "num_date_confidence": [
        2009.9082191780822,
        2009.9082191780822
      ],
      "numdate": 2009.9082191780822,
      "raw_date": "2009-11-28"
    },
    "HKU1/human/USA/HKU1_7/2010": {
      "branch_length": 0.000638357423604649,
      "clock_length": 0.000638357423604649,
      "date": "2010-01-03",
      "mutation_length": 2.579967884768208e-18,
      "num_date_confidence": [
        2010.0068493150684,
        2010.0068493150684
      ],
      "numdate": 2010.0068493150684,
      "raw_date": "2010-01-03"
    },
    "N08_87": {
      "branch_length": 0.0016036231433408266,
      "clock_length": 0.0016036231433408266,
      "date": "2016-01-01",
      "mutation_length": 2.6066633515345055e-18,
      "num_date_confidence": [
        2016.0013661202186,
        2016.8989071038252
      ],
      "numdate": 2016.0013661202186,
      "raw_date": "2016-XX-XX"
    },
    "N09_1605B": {
      "branch_length": 0.0004774865649449999,
      "clock_length": 0.0004774865649449999,
      "date": "2016-01-01",
      "mutation_length": 2.579967884768208e-18,
      "num_date_confidence": [
        2016.0013661202186,
        2016.8945613684002
      ],
      "numdate": 2016.0013661202186,
      "raw_date": "2016-XX-XX"
    },
    "N09_1627B": {
      "branch_length": 0.0004774865649449999,
      "clock_length": 0.0004774865649449999,
      "date": "2016-01-01",
      "mutation_length": 2.579967884768208e-18,
      "num_date_confidence": [
        2016.0013661202186,
        2016.8945613684002
      ],
      "numdate": 2016.0013661202186,
      "raw_date": "2016-XX-XX"
    },
    "N09_1663B": {
      "branch_length": 0.0012112314993091425,
      "clock_length": 0.0012112314993091425,
      "date": "2016-01-01",
      "mutation_length": 2.579967884768208e-18,
      "num_date_confidence": [
        2016.0013661202186,
        2016.8955608357653
      ],
      "numdate": 2016.0013661202186,
      "raw_date": "2016-XX-XX"
    },
    "NODE_0000000": {
      "branch_length": 0.001,
      "clock_length": 0.001,
      "date": "1777-12-06",
      "mutation_length": 0.001,
      "num_date_confidence": [
        -5232.967552384299,
        2004.8971537470434
      ],
      "numdate": 1777.930632538205
    },
    "NODE_0000005": {
      "branch_length": 0.0007214230483819312,
      "clock_length": 0.0007214230483819312,
      "date": "2006-11-09",
      "mutation_length": 0.0007554440520589786,
      "num_date_confidence": [
        1992.2726323448653,
        2012.9676277537558
      ],
      "numdate": 2006.8553743752618
    },
    "NODE_0000006": {
      "branch_length": 0.00040904828216661296,
      "clock_length": 0.00040904828216661296,
      "date": "1998-08-20",
      "mutation_length": 0.0007552469556723686,
      "num_date_confidence": [
        1894.8902669695462,
        2012.3348146266494
      ],
      "numdate": 1998.6342828327533
    },
    "NODE_0000007": {
      "branch_length": 0.00035385711244172993,
      "clock_length": 0.00035385711244172993,
      "date": "2003-12-01",
      "mutation_length": 2.6327892934483037e-18,
      "num_date_confidence": [
        1988.3088268141,
        2012.558198176615
      ],
      "numdate": 2003.9151493951076
    },
    "NODE_0000008": {
      "branch_length": 0.0004708519224429766,
      "clock_length": 0.0004708519224429766,
      "date": "2004-10-27",
      "mutation_length": 0.0007551979753855059,
      "num_date_confidence": [
        1986.840478607319,
        2012.9676511633108
      ],
      "numdate": 2004.8213244830201
    },
    "NODE_0000009": {
      "branch_length": 0.00011078610718925734,
      "clock_length": 0.00011078610718925734,
      "date": "2004-10-10",
      "mutation_length": 2.6327892934483037e-18,
      "num_date_confidence": [
        1988.727141282614,
        2012.9676277525098
      ],
      "numdate": 2004.7732354112363
    },
    "NODE_0000010": {
      "branch_length": 0.00013055677017403565,
      "clock_length": 0.00013055677017403565,
      "date": "2004-12-05",
      "mutation_length": 2.6327892934483037e-18,
      "num_date_confidence": [
        1989.3163659285046,
        2012.9075917234218
      ],
      "numdate": 2004.9263676934986
    },
    "NODE_0000011": {
      "branch_length": 0.0002513959006416775,
      "clock_length": 0.0002513959006416775,
      "date": "2006-11-15",
      "mutation_length": 2.6327892934483037e-18,
      "num_date_confidence": [
        1989.4051991970598,
        2012.9676511633108
      ],
      "numdate": 2006.873536994106
    },
    "NODE_0000012": {
      "branch_length": 0.0002513959006416775,
      "clock_length": 0.0002513959006416775,
      "date": "2006-11-15",
      "mutation_length": 2.6327892934483037e-18,
      "num_date_confidence": [
        1987.400027260882,
        2012.9676511633108
      ],
      "numdate": 2006.873536994106
    },
    "NODE_0000013": {
      "branch_length": 0.0003399888750404015,
      "clock_length": 0.0003399888750404015,
      "date": "2001-04-08",
      "mutation_length": 2.6388550487707684e-18,
      "num_date_confidence": [
        1988.2730276865636,
        2012.4222090654039
      ],
      "numdate": 2001.2676427974025
    },
    "NODE_0000015": {
      "branch_length": 0.0010476613651310383,
      "clock_length": 0.0010476613651310383,
      "date": "2003-07-31",
      "mutation_length": 0.0015113255845545163,
      "num_date_confidence": [
        1988.306651935443,
        2005.1328767123289
      ],
      "numdate": 2003.5806156366718
    },
    "NODE_0000016": {
      "branch_length": 0.00040334081062412324,
      "clock_length": 0.00040334081062412324,
      "date": "1995-06-20",
      "mutation_length": 0.0007556317944734624,
      "num_date_confidence": [
        1880.392369548284,
        2005.0727821388418
      ],
      "numdate": 1995.466028078129
    },
    "NODE_0000017": {
      "branch_length": 0.027682304678005754,
      "clock_length": 0.027682304678005754,
      "date": "1992-05-05",
      "mutation_length": 0.02691379650880721,
      "num_date_confidence": [
        1865.1636133008783,
        2004.985374362089
      ],
      "numdate": 1992.341980143677
    },
    "NODE_0000018": {
      "branch_length": 0.0014601703620414621,
      "clock_length": 0.0014601703620414621,
      "date": "2003-08-26",
      "mutation_length": 0.0007554909900691676,
      "num_date_confidence": [
        1987.515768275586,
        2012.967580849483
      ],
      "numdate": 2003.6516271799521
    },
    "NODE_0000019": {
      "branch_length": 0.023376278240961036,
      "clock_length": 0.023376278240961036,
      "date": "1958-12-28",
      "mutation_length": 0.025425986348974444,
      "num_date_confidence": [
        136.7466511000739,
        2005.1091520136777
      ],
      "numdate": 1958.9899546555282
    },
    "NODE_0000020": {
      "branch_length": 0.005184485792011287,
      "clock_length": 0.005184485792011287,
      "date": "1999-02-23",
      "mutation_length": 0.0075969660815862795,
      "num_date_confidence": [
        1990.1332205322387,
        2005.2698630136986
      ],
      "numdate": 1999.146025410351
    },
    "NODE_0000021": {
      "branch_length": 0.0005774234055841614,
      "clock_length": 0.0005774234055841614,
      "date": "1963-06-18",
      "mutation_length": 0.0015157475102158735,
      "num_date_confidence": [
        495.8669426026672,
        2005.1712328767123
      ],
      "numdate": 1963.4623471087696
    },
    "NODE_0000022": {
      "branch_length": 0.0003770554688280522,
      "clock_length": 0.0003770554688280522,
      "date": "1966-05-20",
      "mutation_length": 0.0007570656477892403,
      "num_date_confidence": [
        599.2965260154217,
        2009.0634050888407
      ],
      "numdate": 1966.3828037735525
    },
    "NODE_0000023": {
      "branch_length": 0.0008153650276999172,
      "clock_length": 0.0008153650276999172,
      "date": "1972-09-12",
      "mutation_length": 0.0015157760012883621,
      "num_date_confidence": [
        740.9041128483436,
        2009.1236668232075
      ],
      "numdate": 1972.6981563575596
    },
    "NODE_0000024": {
      "branch_length": 0.003389141426423916,
      "clock_length": 0.003389141426423916,
      "date": "1998-12-13",
      "mutation_length": 0.01224686075359412,
      "num_date_confidence": [
        1871.4301732425345,
        2009.184128249468
      ],
      "numdate": 1998.9485133606179
    },
    "NODE_0000025": {
      "branch_length": 0.00038436733932920757,
      "clock_length": 0.00038436733932920757,
      "date": "2004-03-30",
      "mutation_length": 2.6388550487707684e-18,
      "num_date_confidence": [
        1988.7556396677246,
        2012.7573824721103
      ],
      "numdate": 2004.244733041864
    },
    "NODE_0000026": {
      "branch_length": 0.0006279675087881398,
      "clock_length": 0.0006279675087881398,
      "date": "2003-10-24",
      "mutation_length": 0.0038010851757505626,
      "num_date_confidence": [
        1979.3454140663634,
        2009.2462557396766
      ],
      "numdate": 2003.8123916170657
    },
    "NODE_0000027": {
      "branch_length": 0.00033940065559687313,
      "clock_length": 0.00033940065559687313,
      "date": "2006-11-15",
      "mutation_length": 2.6388550487707684e-18,
      "num_date_confidence": [
        1989.3413269643802,
        2012.9676511633108
      ],
      "numdate": 2006.873536994106
    },
    "NODE_0000028": {
      "branch_length": 6.850528347623029e-05,
      "clock_length": 6.850528347623029e-05,
      "date": "2004-10-10",
      "mutation_length": 2.6388550487707684e-18,
      "num_date_confidence": [
        1989.4548575797662,
        2012.9075917234218
      ],
      "numdate": 2004.7753359060073
    },
    "NODE_0000029": {
      "branch_length": 0.00013863865483659593,
      "clock_length": 0.00013863865483659593,
      "date": "2004-11-20",
      "mutation_length": 0.0007592251755387142,
      "num_date_confidence": [
        1987.4330826099178,
        2012.8861749983557
      ],
      "numdate": 2004.8862075857678
    },
    "NODE_0000030": {
      "branch_length": 0.00027089537212064284,
      "clock_length": 0.00027089537212064284,
      "date": "2006-11-15",
      "mutation_length": 2.6388550487707684e-18,
      "num_date_confidence": [
        1989.4906480270895,
        2012.9676511633108
      ],
      "numdate": 2006.873536994106
    },
    "NODE_0000031": {
      "branch_length": 0.0007369953688756521,
      "clock_length": 0.0007369953688756521,
      "date": "2001-03-05",
      "mutation_length": 2.6327892934483037e-18,
      "num_date_confidence": [
        1976.3074861774962,
        2012.348715152234
      ],
      "numdate": 2001.1743739712067
    },
    "NODE_0000032": {
      "branch_length": 0.0009143780466143573,
      "clock_length": 0.0009143780466143573,
      "date": "2011-12-20",
      "mutation_length": 0.0007590335189500224,
      "num_date_confidence": [
        1986.9843664965144,
        2012.9444141259578
      ],
      "numdate": 2011.9684585571335
    },
    "NODE_0000034": {
      "branch_length": 0.004337253305185721,
      "clock_length": 0.004337253305185721,
      "date": "1999-12-23",
      "mutation_length": 0.0007570163846225933,
      "num_date_confidence": [
        1988.459880602832,
        2009.5263815014137
      ],
      "numdate": 1999.9766947767835
    },
    "NODE_0000035": {
      "branch_length": 0.0006557047219268213,
      "clock_length": 0.0006557047219268213,
      "date": "2005-01-21",
      "mutation_length": 0.0007565733672723557,
      "num_date_confidence": [
        1997.0913884836405,
        2009.9493150684932
      ],
      "numdate": 2005.0554096704645
    },
    "NODE_0000038": {
      "branch_length": 0.00034464723631090033,
      "clock_length": 0.00034464723631090033,
      "date": "2006-06-25",
      "mutation_length": 2.538568855936278e-18,
      "num_date_confidence": [
        1981.5259379139886,
        2009.3082191780823
      ],
      "numdate": 2006.4818325919218
    },
    "NODE_0000039": {
      "branch_length": 0.0009074287247071969,
      "clock_length": 0.0009074287247071969,
      "date": "2007-01-02",
      "mutation_length": 0.0007564248252861091,
      "num_date_confidence": [
        1999.0007832030713,
        2009.831506849315
      ],
      "numdate": 2007.0051202631546
    },
    "NODE_0000040": {
      "branch_length": 0.00024880737872256175,
      "clock_length": 0.00024880737872256175,
      "date": "2006-10-24",
      "mutation_length": 2.5233529937046753e-18,
      "num_date_confidence": [
        1987.7352217170903,
        2012.9676511633108
      ],
      "numdate": 2006.8133276715632
    },
    "NODE_0000045": {
      "branch_length": 0.000276130795011965,
      "clock_length": 0.000276130795011965,
      "date": "2007-03-12",
      "mutation_length": 2.5900773640164387e-18,
      "num_date_confidence": [
        1997.3743468493074,
        2010.0205479452054
      ],
      "numdate": 2007.194161359045
    },
    "NODE_0000046": {
      "branch_length": 0.00018061693427583224,
      "clock_length": 0.00018061693427583224,
      "date": "2001-05-18",
      "mutation_length": 2.579967884768208e-18,
      "num_date_confidence": [
        1989.1749070839423,
        2009.8829225358368
      ],
      "numdate": 2001.3756505620372
    },
    "NODE_0000047": {
      "branch_length": 0.0003631065217554359,
      "clock_length": 0.0003631065217554359,
      "date": "2004-03-09",
      "mutation_length": 2.579967884768208e-18,
      "num_date_confidence": [
        1981.9217699973976,
        2009.990410958904
      ],
      "numdate": 2004.1880666364752
    },
    "NODE_0000048": {
      "branch_length": 0.00039306416367916163,
      "clock_length": 0.00039306416367916163,
      "date": "2007-03-26",
      "mutation_length": 2.579967884768208e-18,
      "num_date_confidence": [
        1982.7739942147477,
        2010.058904109589
      ],
      "numdate": 2007.2325175234287
    },
    "NODE_0000049": {
      "branch_length": 0.0003952280816162494,
      "clock_length": 0.0003952280816162494,
      "date": "2004-06-08",
      "mutation_length": 2.579967884768208e-18,
      "num_date_confidence": [
        1988.202577156214,
        2009.9448858766627
      ],
      "numdate": 2004.4368619234667
    },
    "NODE_0000050": {
      "branch_length": 8.077470139223556e-05,
      "clock_length": 8.077470139223556e-05,
      "date": "2005-01-23",
      "mutation_length": 2.579967884768208e-18,
      "num_date_confidence": [
        1988.5039962102014,
        2010.0068493150684
      ],
      "numdate": 2005.0624967027738
    },
    "NODE_0000051": {
      "branch_length": 0.00020106835994930733,
      "clock_length": 0.00020106835994930733,
      "date": "2006-08-15",
      "mutation_length": 2.579967884768208e-18,
      "num_date_confidence": [
        1988.6239839159362,
        2016.8242950028389
      ],
      "numdate": 2006.619857569906
    },
    "NODE_0000052": {
      "branch_length": 0.0007337449343641426,
      "clock_length": 0.0007337449343641426,
      "date": "2012-04-20",
      "mutation_length": 2.579967884768208e-18,
      "num_date_confidence": [
        1989.2657087006671,
        2016.9444141259578
      ],
      "numdate": 2012.303027450653
    },
    "SC2521": {
      "branch_length": 0.0016372985249473709,
      "clock_length": 0.0016372985249473709,
      "date": "2017-06-16",
      "mutation_length": 0.0015111377558424434,
      "num_date_confidence": [
        2017.0013698630137,
        2017.9986301369863
      ],
      "numdate": 2017.454816199029,
      "raw_date": "2017-XX-XX"
    },
    "SC2628": {
      "branch_length": 0.005461699943565979,
      "clock_length": 0.005461699943565979,
      "date": "2015-01-01",
      "mutation_length": 0.005321700396625991,
      "num_date_confidence": [
        2015.0013698630137,
        2015.9001061482938
      ],
      "numdate": 2015.0013698630137,
      "raw_date": "2015-XX-XX"
    },
    "SI17244": {
      "branch_length": 0.001362061363741794,
      "clock_length": 0.001362061363741794,
      "date": "2017-06-04",
      "mutation_length": 0.0007550500216638314,
      "num_date_confidence": [
        2017.4232876712329,
        2017.4232876712329
      ],
      "numdate": 2017.4232876712329,
      "raw_date": "2017-06-04"
    }
  }
}