{
  "alignment": "results/aligned_hku1_nonstructural4.fasta",
  "clock": {
    "intercept": -0.012072320984190964,
    "rate": 7.653834197350028e-06,
    "rtt_Tmrca": 1577.2906327616479
  },
  "generated_by": {
    "program": "augur",
    "version": "6.4.1"
  },
  "input_tree": "results/tree_raw_hku1_nonstructural4.nwk",
  "nodes": {
    "BJ01_p3": {
      "branch_length": 0.0,
      "clock_length": 0.0,
      "date": "2009-04-23",
      "mutation_length": 1.6198636027280527e-18,
      "num_date_confidence": [
        2009.3082191780823,
        2009.3082191780823
      ],
      "numdate": 2009.3082191780823,
      "raw_date": "2009-04-23"
    },
    "BJ01_p9": {
      "branch_length": 0.0,
      "clock_length": 0.0,
      "date": "2009-04-23",
      "mutation_length": 1.6198636027280527e-18,
      "num_date_confidence": [
        2009.3082191780823,
        2009.3082191780823
      ],
      "numdate": 2009.3082191780823,
      "raw_date": "2009-04-23"
    },
    "Caen1": {
      "branch_length": 0.00016864130410602332,
      "clock_length": 0.00016864130410602332,
      "date": "2005-03-04",
      "mutation_length": 0.0030511133341698683,
      "num_date_confidence": [
        2005.1712328767123,
        2005.1712328767123
      ],
      "numdate": 2005.1712328767123,
      "raw_date": "2005-03-04"
    },
    "HKU1": {
      "branch_length": 0.0001897999726748632,
      "clock_length": 0.0001897999726748632,
      "date": "2010-10-26",
      "mutation_length": 1.5818991974413705e-18,
      "num_date_confidence": [
        2010.0013698630137,
        2010.9986301369863
      ],
      "numdate": 2010.8168415448538,
      "raw_date": "2010-XX-XX"
    },
    "HKU1/HTBEC_lab/BRA/HKU1_21/2006": {
      "branch_length": 0.0001529431508400247,
      "clock_length": 0.0001529431508400247,
      "date": "2006-01-01",
      "mutation_length": 1.5818991974413705e-18,
      "num_date_confidence": [
        2006.0013698630137,
        2006.9986301369863
      ],
      "numdate": 2006.0013698630137,
      "raw_date": "2006-XX-XX"
    },
    "HKU1/HTBEC_lab/BRA/HKU1_23/2006": {
      "branch_length": 0.0001529431508400247,
      "clock_length": 0.0001529431508400247,
      "date": "2006-01-01",
      "mutation_length": 1.5818991974413705e-18,
      "num_date_confidence": [
        2006.0013698630137,
        2006.9986301369863
      ],
      "numdate": 2006.0013698630137,
      "raw_date": "2006-XX-XX"
    },
    "HKU1/human/USA/HKU1_10/2010": {
      "branch_length": 0.0,
      "clock_length": 0.0,
      "date": "2010-01-16",
      "mutation_length": 1.5741235712216854e-18,
      "num_date_confidence": [
        2010.0424657534247,
        2010.0424657534247
      ],
      "numdate": 2010.0424657534247,
      "raw_date": "2010-01-16"
    },
    "HKU1/human/USA/HKU1_11/2009": {
      "branch_length": 0.00017542322433166784,
      "clock_length": 0.00017542322433166784,
      "date": "2009-12-13",
      "mutation_length": 1.536774229487857e-18,
      "num_date_confidence": [
        2009.9493150684932,
        2009.9493150684932
      ],
      "numdate": 2009.9493150684932,
      "raw_date": "2009-12-13"
    },
    "HKU1/human/USA/HKU1_12/2010": {
      "branch_length": 0.00017601768402154364,
      "clock_length": 0.00017601768402154364,
      "date": "2010-01-09",
      "mutation_length": 1.536774229487857e-18,
      "num_date_confidence": [
        2010.0232876712328,
        2010.0232876712328
      ],
      "numdate": 2010.0232876712328,
      "raw_date": "2010-01-09"
    },
    "HKU1/human/USA/HKU1_13/2010": {
      "branch_length": 0.00017599671461278408,
      "clock_length": 0.00017599671461278408,
      "date": "2010-01-08",
      "mutation_length": 1.536774229487857e-18,
      "num_date_confidence": [
        2010.0205479452054,
        2010.0205479452054
      ],
      "numdate": 2010.0205479452054,
      "raw_date": "2010-01-08"
    },
    "HKU1/human/USA/HKU1_14/2009": {
      "branch_length": 5.1154584377952636e-05,
      "clock_length": 5.1154584377952636e-05,
      "date": "2009-12-28",
      "mutation_length": 1.5741235712216854e-18,
      "num_date_confidence": [
        2009.990410958904,
        2009.990410958904
      ],
      "numdate": 2009.990410958904,
      "raw_date": "2009-12-28"
    },
    "HKU1/human/USA/HKU1_15/2009": {
      "branch_length": 0.00018347460999438482,
      "clock_length": 0.00018347460999438482,
      "date": "2009-12-28",
      "mutation_length": 1.5818991974413705e-18,
      "num_date_confidence": [
        2009.990410958904,
        2009.990410958904
      ],
      "numdate": 2009.990410958904,
      "raw_date": "2009-12-28"
    },
    "HKU1/human/USA/HKU1_16/2010": {
      "branch_length": 0.00014705500025026034,
      "clock_length": 0.00014705500025026034,
      "date": "2010-01-08",
      "mutation_length": 0.003051845128650459,
      "num_date_confidence": [
        2010.0205479452054,
        2010.0205479452054
      ],
      "numdate": 2010.0205479452054,
      "raw_date": "2010-01-08"
    },
    "HKU1/human/USA/HKU1_18/2010": {
      "branch_length": 1.2581645255908716e-07,
      "clock_length": 1.2581645255908716e-07,
      "date": "2010-01-22",
      "mutation_length": 1.5741235712216854e-18,
      "num_date_confidence": [
        2010.058904109589,
        2010.058904109589
      ],
      "numdate": 2010.058904109589,
      "raw_date": "2010-01-22"
    },
    "HKU1/human/USA/HKU1_20/2010": {
      "branch_length": 0.00014751632724297758,
      "clock_length": 0.00014751632724297758,
      "date": "2010-01-30",
      "mutation_length": 1.5419093813823124e-18,
      "num_date_confidence": [
        2010.0808219178082,
        2010.0808219178082
      ],
      "numdate": 2010.0808219178082,
      "raw_date": "2010-01-30"
    },
    "HKU1/human/USA/HKU1_3/2009": {
      "branch_length": 0.00017452153975499292,
      "clock_length": 0.00017452153975499292,
      "date": "2009-10-31",
      "mutation_length": 1.536774229487857e-18,
      "num_date_confidence": [
        2009.831506849315,
        2009.831506849315
      ],
      "numdate": 2009.831506849315,
      "raw_date": "2009-10-31"
    },
    "HKU1/human/USA/HKU1_4/2005": {
      "branch_length": 0.0001696058969089769,
      "clock_length": 0.0001696058969089769,
      "date": "2005-04-19",
      "mutation_length": 0.0030432229265686716,
      "num_date_confidence": [
        2005.2972602739726,
        2005.2972602739726
      ],
      "numdate": 2005.2972602739726,
      "raw_date": "2005-04-19"
    },
    "HKU1/human/USA/HKU1_5/2009": {
      "branch_length": 0.00017510868320026924,
      "clock_length": 0.00017510868320026924,
      "date": "2009-11-28",
      "mutation_length": 1.536774229487857e-18,
      "num_date_confidence": [
        2009.9082191780822,
        2009.9082191780822
      ],
      "numdate": 2009.9082191780822,
      "raw_date": "2009-11-28"
    },
    "HKU1/human/USA/HKU1_7/2010": {
      "branch_length": 0.00019834829340631014,
      "clock_length": 0.00019834829340631014,
      "date": "2010-01-03",
      "mutation_length": 0.0030442167361328203,
      "num_date_confidence": [
        2010.0068493150684,
        2010.0068493150684
      ],
      "numdate": 2010.0068493150684,
      "raw_date": "2010-01-03"
    },
    "N09_1605B": {
      "branch_length": 0.00022177290528883236,
      "clock_length": 0.00022177290528883236,
      "date": "2016-01-01",
      "mutation_length": 1.536774229487857e-18,
      "num_date_confidence": [
        2016.0013661202186,
        2016.898871770777
      ],
      "numdate": 2016.0013661202186,
      "raw_date": "2016-XX-XX"
    },
    "N09_1627B": {
      "branch_length": 0.00022174461963547158,
      "clock_length": 0.00022174461963547158,
      "date": "2016-01-01",
      "mutation_length": 1.536774229487857e-18,
      "num_date_confidence": [
        2016.0013661202186,
        2016.8988706796101
      ],
      "numdate": 2016.0013661202186,
      "raw_date": "2016-XX-XX"
    },
    "N09_1663B": {
      "branch_length": 0.00022177290528883236,
      "clock_length": 0.00022177290528883236,
      "date": "2016-01-01",
      "mutation_length": 1.536774229487857e-18,
      "num_date_confidence": [
        2016.0013661202186,
        2016.8988717704892
      ],
      "numdate": 2016.0013661202186,
      "raw_date": "2016-XX-XX"
    },
    "NODE_0000000": {
      "branch_length": 0.001,
      "clock_length": 0.001,
      "date": "1982-07-21",
      "mutation_length": 0.001,
      "num_date_confidence": [
        1923.4288202879873,
        1998.1705242541427
      ],
      "numdate": 1982.5512778815662
    },
    "NODE_0000003": {
      "branch_length": 2.205188412023691e-05,
      "clock_length": 2.205188412023691e-05,
      "date": "1986-01-07",
      "mutation_length": 1.5818991974413705e-18,
      "num_date_confidence": [
        1966.1383250975678,
        2005.692092939509
      ],
      "numdate": 1986.0188164268577
    },
    "NODE_0000004": {
      "branch_length": 0.0,
      "clock_length": 0.0,
      "date": "1986-01-07",
      "mutation_length": 1.5818991974413705e-18,
      "num_date_confidence": [
        1965.9624367687034,
        2006.4760152579954
      ],
      "numdate": 1986.0188164268577
    },
    "NODE_0000005": {
      "branch_length": 4.488080978344122e-06,
      "clock_length": 4.488080978344122e-06,
      "date": "1983-02-20",
      "mutation_length": 1.5818991974413705e-18,
      "num_date_confidence": [
        1965.8215440652286,
        2002.3577852722747
      ],
      "numdate": 1983.1376612369697
    },
    "NODE_0000006": {
      "branch_length": 0.0,
      "clock_length": 0.0,
      "date": "1986-01-07",
      "mutation_length": 1.5818991974413705e-18,
      "num_date_confidence": [
        1961.766754103321,
        2009.990410958904
      ],
      "numdate": 1986.0188164268577
    },
    "NODE_0000009": {
      "branch_length": 0.00020030511133341697,
      "clock_length": 0.00020030511133341697,
      "date": "2009-04-23",
      "mutation_length": 0.0030511133341698683,
      "num_date_confidence": [
        1985.555231853917,
        2009.3082191780823
      ],
      "numdate": 2009.3082191780823
    },
    "NODE_0000010": {
      "branch_length": 5.15530031443912e-05,
      "clock_length": 5.15530031443912e-05,
      "date": "2010-01-16",
      "mutation_length": 1.5741235712216854e-18,
      "num_date_confidence": [
        1998.7572635182144,
        2010.0424657534247
      ],
      "numdate": 2010.0424657534247
    },
    "NODE_0000011": {
      "branch_length": 2.3341758908476716e-06,
      "clock_length": 2.3341758908476716e-06,
      "date": "1984-05-25",
      "mutation_length": 1.536774229487857e-18,
      "num_date_confidence": [
        1961.5451261644205,
        2007.3128182607015
      ],
      "numdate": 1984.3969246078768
    },
    "NODE_0000012": {
      "branch_length": 2.0122249946477925e-05,
      "clock_length": 2.0122249946477925e-05,
      "date": "1987-01-10",
      "mutation_length": 1.536774229487857e-18,
      "num_date_confidence": [
        1964.7976288302966,
        2009.0074240396484
      ],
      "numdate": 1987.0259663962977
    },
    "NODE_0000013": {
      "branch_length": 0.0,
      "clock_length": 0.0,
      "date": "1987-01-10",
      "mutation_length": 1.536774229487857e-18,
      "num_date_confidence": [
        1963.940247624017,
        2010.0232876712328
      ],
      "numdate": 1987.0259663962977
    },
    "NODE_0000014": {
      "branch_length": 7.304017160870676e-06,
      "clock_length": 7.304017160870676e-06,
      "date": "1984-02-03",
      "mutation_length": 0.00305022466916988,
      "num_date_confidence": [
        1977.3693599038165,
        2004.454599774058
      ],
      "numdate": 1984.0919564271373
    },
    "NODE_0000015": {
      "branch_length": 5.139814019984934e-05,
      "clock_length": 5.139814019984934e-05,
      "date": "1990-10-22",
      "mutation_length": 0.003049097492259773,
      "num_date_confidence": [
        1980.1965666282342,
        2010.0205479452054
      ],
      "numdate": 1990.8073018180323
    },
    "NODE_0000016": {
      "branch_length": 0.0,
      "clock_length": 0.0,
      "date": "1987-01-10",
      "mutation_length": 1.536774229487857e-18,
      "num_date_confidence": [
        1963.942996356658,
        2010.0205479452054
      ],
      "numdate": 1987.0259663962977
    },
    "NODE_0000017": {
      "branch_length": 2.0150535599838706e-05,
      "clock_length": 2.0150535599838706e-05,
      "date": "1987-01-11",
      "mutation_length": 1.536774229487857e-18,
      "num_date_confidence": [
        1965.0443885329778,
        2008.786279162566
      ],
      "numdate": 1987.0296620150727
    },
    "NODE_0000018": {
      "branch_length": 0.0,
      "clock_length": 0.0,
      "date": "1987-01-11",
      "mutation_length": 1.536774229487857e-18,
      "num_date_confidence": [
        1964.0147417744283,
        2009.9493150684932
      ],
      "numdate": 1987.0296620150727
    },
    "NODE_0000019": {
      "branch_length": 0.00014706789257579842,
      "clock_length": 0.00014706789257579842,
      "date": "2003-04-23",
      "mutation_length": 0.0030521126841965025,
      "num_date_confidence": [
        1990.7239307650016,
        2008.9972380064019
      ],
      "numdate": 2003.306886981384
    },
    "NODE_0000020": {
      "branch_length": 0.0,
      "clock_length": 0.0,
      "date": "1987-01-11",
      "mutation_length": 1.536774229487857e-18,
      "num_date_confidence": [
        1964.0312114775918,
        2009.831506849315
      ],
      "numdate": 1987.0296620150727
    },
    "SC2628": {
      "branch_length": 0.00024836762371475594,
      "clock_length": 0.00024836762371475594,
      "date": "2015-01-01",
      "mutation_length": 1.5818991974413705e-18,
      "num_date_confidence": [
        2015.0013698630137,
        2015.898904109589
      ],
      "numdate": 2015.0013698630137,
      "raw_date": "2015-XX-XX"
    }
  }
}