{
  "alignment": "results/aligned_hku1_spike.fasta",
  "clock": {
    "intercept": -0.7076509544995092,
    "rate": 0.0003540548629884164,
    "rtt_Tmrca": 1998.7042361925176
  },
  "generated_by": {
    "program": "augur",
    "version": "6.4.1"
  },
  "input_tree": "results/tree_raw_hku1_spike.nwk",
  "nodes": {
    "BJ01_p3": {
      "branch_length": 5.104712884329869e-05,
      "clock_length": 5.104712884329869e-05,
      "date": "2009-04-23",
      "mutation_length": 2.5337298766231024e-17,
      "num_date_confidence": [
        2009.3082191780823,
        2009.3082191780823
      ],
      "numdate": 2009.3082191780823,
      "raw_date": "2009-04-23"
    },
    "BJ01_p9": {
      "branch_length": 5.104712884329869e-05,
      "clock_length": 5.104712884329869e-05,
      "date": "2009-04-23",
      "mutation_length": 0.00024605082031709045,
      "num_date_confidence": [
        2009.3082191780823,
        2009.3082191780823
      ],
      "numdate": 2009.3082191780823,
      "raw_date": "2009-04-23"
    },
    "Caen1": {
      "branch_length": 0.0017379720267165118,
      "clock_length": 0.0017379720267165118,
      "date": "2005-03-04",
      "mutation_length": 0.001725653264566129,
      "num_date_confidence": [
        2005.1712328767123,
        2005.1712328767123
      ],
      "numdate": 2005.1712328767123,
      "raw_date": "2005-03-04"
    },
    "HKU1": {
      "branch_length": 0.0019176382269703468,
      "clock_length": 0.0019176382269703468,
      "date": "2010-01-01",
      "mutation_length": 0.0004921911412256256,
      "num_date_confidence": [
        2010.0013698630137,
        2010.8140779841544
      ],
      "numdate": 2010.0013698630137,
      "raw_date": "2010-XX-XX"
    },
    "HKU1/HTBEC_lab/BRA/HKU1_21/2006": {
      "branch_length": 0.00012376631787119376,
      "clock_length": 0.00012376631787119376,
      "date": "2006-10-14",
      "mutation_length": 2.5277293875607954e-17,
      "num_date_confidence": [
        2006.0013698630137,
        2006.9986301369863
      ],
      "numdate": 2006.7853916236413,
      "raw_date": "2006-XX-XX"
    },
    "HKU1/HTBEC_lab/BRA/HKU1_23/2006": {
      "branch_length": 0.00019926445049740522,
      "clock_length": 0.00019926445049740522,
      "date": "2006-12-31",
      "mutation_length": 0.00024585899385181536,
      "num_date_confidence": [
        2006.3386642602761,
        2006.9986301369863
      ],
      "numdate": 2006.9986301369863,
      "raw_date": "2006-XX-XX"
    },
    "HKU1/human/USA/HKU1_10/2010": {
      "branch_length": 0.0002773353618434086,
      "clock_length": 0.0002773353618434086,
      "date": "2010-01-16",
      "mutation_length": 2.5422854044928816e-17,
      "num_date_confidence": [
        2010.0424657534247,
        2010.0424657534247
      ],
      "numdate": 2010.0424657534247,
      "raw_date": "2010-01-16"
    },
    "HKU1/human/USA/HKU1_11/2009": {
      "branch_length": 0.0002511450021155572,
      "clock_length": 0.0002511450021155572,
      "date": "2009-12-13",
      "mutation_length": 2.5556473959120632e-17,
      "num_date_confidence": [
        2009.9493150684932,
        2009.9493150684932
      ],
      "numdate": 2009.9493150684932,
      "raw_date": "2009-12-13"
    },
    "HKU1/human/USA/HKU1_12/2010": {
      "branch_length": 0.0002773353618434082,
      "clock_length": 0.0002773353618434082,
      "date": "2010-01-09",
      "mutation_length": 2.5556473959120632e-17,
      "num_date_confidence": [
        2010.0232876712328,
        2010.0232876712328
      ],
      "numdate": 2010.0232876712328,
      "raw_date": "2010-01-09"
    },
    "HKU1/human/USA/HKU1_13/2010": {
      "branch_length": 0.0002943178607823522,
      "clock_length": 0.0002943178607823522,
      "date": "2010-01-08",
      "mutation_length": 0.00024606858346933725,
      "num_date_confidence": [
        2010.0205479452054,
        2010.0205479452054
      ],
      "numdate": 2010.0205479452054,
      "raw_date": "2010-01-08"
    },
    "HKU1/human/USA/HKU1_14/2009": {
      "branch_length": 0.00025890510870149206,
      "clock_length": 0.00025890510870149206,
      "date": "2009-12-28",
      "mutation_length": 2.5422854044928816e-17,
      "num_date_confidence": [
        2009.990410958904,
        2009.990410958904
      ],
      "numdate": 2009.990410958904,
      "raw_date": "2009-12-28"
    },
    "HKU1/human/USA/HKU1_15/2009": {
      "branch_length": 0.0002704157890645524,
      "clock_length": 0.0002704157890645524,
      "date": "2009-12-28",
      "mutation_length": 0.0004915587363260478,
      "num_date_confidence": [
        2009.990410958904,
        2009.990410958904
      ],
      "numdate": 2009.990410958904,
      "raw_date": "2009-12-28"
    },
    "HKU1/human/USA/HKU1_16/2010": {
      "branch_length": 0.0002758047374348668,
      "clock_length": 0.0002758047374348668,
      "date": "2010-01-08",
      "mutation_length": 2.5350378405575506e-17,
      "num_date_confidence": [
        2010.0205479452054,
        2010.0205479452054
      ],
      "numdate": 2010.0205479452054,
      "raw_date": "2010-01-08"
    },
    "HKU1/human/USA/HKU1_18/2010": {
      "branch_length": 0.0006618974416263174,
      "clock_length": 0.0006618974416263174,
      "date": "2010-01-22",
      "mutation_length": 0.0004925150445040461,
      "num_date_confidence": [
        2010.058904109589,
        2010.058904109589
      ],
      "numdate": 2010.058904109589,
      "raw_date": "2010-01-22"
    },
    "HKU1/human/USA/HKU1_20/2010": {
      "branch_length": 0.00029714503054650886,
      "clock_length": 0.00029714503054650886,
      "date": "2010-01-30",
      "mutation_length": 1.2192976000035858e-22,
      "num_date_confidence": [
        2010.0808219178082,
        2010.0808219178082
      ],
      "numdate": 2010.0808219178082,
      "raw_date": "2010-01-30"
    },
    "HKU1/human/USA/HKU1_3/2009": {
      "branch_length": 0.00021790635573410702,
      "clock_length": 0.00021790635573410702,
      "date": "2009-10-31",
      "mutation_length": 2.6609589532861426e-17,
      "num_date_confidence": [
        2009.831506849315,
        2009.831506849315
      ],
      "numdate": 2009.831506849315,
      "raw_date": "2009-10-31"
    },
    "HKU1/human/USA/HKU1_5/2009": {
      "branch_length": 0.00024506672878528077,
      "clock_length": 0.00024506672878528077,
      "date": "2009-11-28",
      "mutation_length": 2.526360004951227e-17,
      "num_date_confidence": [
        2009.9082191780822,
        2009.9082191780822
      ],
      "numdate": 2009.9082191780822,
      "raw_date": "2009-11-28"
    },
    "HKU1/human/USA/HKU1_7/2010": {
      "branch_length": 0.000352887105240042,
      "clock_length": 0.000352887105240042,
      "date": "2010-01-03",
      "mutation_length": 0.00024600320669331303,
      "num_date_confidence": [
        2010.0068493150684,
        2010.0068493150684
      ],
      "numdate": 2010.0068493150684,
      "raw_date": "2010-01-03"
    },
    "NODE_0000000": {
      "branch_length": 2.437669779088193e-06,
      "clock_length": 2.437669779088193e-06,
      "date": "2006-06-09",
      "mutation_length": 0.00024589719108252054,
      "num_date_confidence": [
        2005.7452155727603,
        2006.987331455615
      ],
      "numdate": 2006.4358234329193
    },
    "NODE_0000001": {
      "branch_length": 0.001,
      "clock_length": 0.001,
      "date": "2000-04-06",
      "mutation_length": 0.001,
      "num_date_confidence": [
        1932.0772667302872,
        2005.1712328767123
      ],
      "numdate": 2000.2624681388209
    },
    "NODE_0000002": {
      "branch_length": 0.0009683762229379632,
      "clock_length": 0.0009683762229379632,
      "date": "2009-03-01",
      "mutation_length": 0.0017241769458628197,
      "num_date_confidence": [
        2008.5236613711897,
        2009.3082191780823
      ],
      "numdate": 2009.1640405939713
    },
    "NODE_0000003": {
      "branch_length": 0.0004833333171704946,
      "clock_length": 0.0004833333171704946,
      "date": "2006-06-06",
      "mutation_length": 0.0007383017146905712,
      "num_date_confidence": [
        1980.9619878509984,
        2006.9654271800734
      ],
      "numdate": 2006.4289384271365
    },
    "NODE_0000004": {
      "branch_length": 0.0009905408802073842,
      "clock_length": 0.0009905408802073842,
      "date": "2009-03-24",
      "mutation_length": 0.0017227082173111154,
      "num_date_confidence": [
        2004.8335903558907,
        2009.8740133135325
      ],
      "numdate": 2009.2266429180359
    },
    "NODE_0000005": {
      "branch_length": 0.0001694681872348681,
      "clock_length": 0.0001694681872348681,
      "date": "2005-01-24",
      "mutation_length": 0.0004922290893105292,
      "num_date_confidence": [
        1972.9330323181127,
        2006.9335639531948
      ],
      "numdate": 2005.0638016427104
    },
    "NODE_0000006": {
      "branch_length": 0.0015304672886463687,
      "clock_length": 0.0015304672886463687,
      "date": "2004-08-02",
      "mutation_length": 0.0012313204369904835,
      "num_date_confidence": [
        1967.7184570047993,
        2006.9010310344786
      ],
      "numdate": 2004.5851521311502
    },
    "NODE_0000011": {
      "branch_length": 1.7952512262185694e-05,
      "clock_length": 1.7952512262185694e-05,
      "date": "2009-03-29",
      "mutation_length": 2.5556473959120632e-17,
      "num_date_confidence": [
        2008.4790918887616,
        2009.9493150684932
      ],
      "numdate": 2009.239975843505
    },
    "NODE_0000012": {
      "branch_length": 0.0002905800832443588,
      "clock_length": 0.0002905800832443588,
      "date": "2009-01-04",
      "mutation_length": 2.5422854044928816e-17,
      "num_date_confidence": [
        2008.4933878228405,
        2009.967815642737
      ],
      "numdate": 2009.0101475546082
    },
    "NODE_0000013": {
      "branch_length": 0.0011066428778975616,
      "clock_length": 0.0011066428778975616,
      "date": "2008-03-10",
      "mutation_length": 0.0019717207311429914,
      "num_date_confidence": [
        2005.3822209580603,
        2009.6171195158504
      ],
      "numdate": 2008.1894270572488
    },
    "NODE_0000014": {
      "branch_length": 0.0003725125176658236,
      "clock_length": 0.0003725125176658236,
      "date": "2009-03-30",
      "mutation_length": 0.0009845174828159203,
      "num_date_confidence": [
        2008.4079455431108,
        2010.0205479452054
      ],
      "numdate": 2009.2415592452426
    },
    "NODE_0000015": {
      "branch_length": 8.81619165990187e-05,
      "clock_length": 8.81619165990187e-05,
      "date": "2009-04-05",
      "mutation_length": 2.5422854044928816e-17,
      "num_date_confidence": [
        2008.4433058224777,
        2009.990410958904
      ],
      "numdate": 2009.2591539256969
    },
    "NODE_0000023": {
      "branch_length": 0.00036347998006193167,
      "clock_length": 0.00036347998006193167,
      "date": "2009-03-20",
      "mutation_length": 0.0007380921137894767,
      "num_date_confidence": [
        2008.4725960225949,
        2009.831506849315
      ],
      "numdate": 2009.2160475561002
    },
    "NODE_0000024": {
      "branch_length": 0.0003539993943183382,
      "clock_length": 0.0003539993943183382,
      "date": "2009-03-11",
      "mutation_length": 0.000492270655310951,
      "num_date_confidence": [
        2008.7921155655513,
        2009.9267197742438
      ],
      "numdate": 2009.1892703903707
    },
    "SC2628": {
      "branch_length": 0.002044570157299682,
      "clock_length": 0.002044570157299682,
      "date": "2015-01-01",
      "mutation_length": 0.0017215414855705265,
      "num_date_confidence": [
        2015.0013698630137,
        2015.88042398122
      ],
      "numdate": 2015.0013698630137,
      "raw_date": "2015-XX-XX"
    }
  }
}