{
  "alignment": "results/aligned_hku1_replicase1ab.fasta",
  "clock": {
    "intercept": -0.02546654841212756,
    "rate": 1.867832469416466e-05,
    "rtt_Tmrca": 1363.4278678153414
  },
  "generated_by": {
    "program": "augur",
    "version": "6.4.1"
  },
  "input_tree": "results/tree_raw_hku1_replicase1ab.nwk",
  "nodes": {
    "BJ01_p3": {
      "branch_length": 5.55884057541062e-05,
      "clock_length": 5.55884057541062e-05,
      "date": "2009-04-23",
      "mutation_length": 4.6449166184989464e-05,
      "num_date_confidence": [
        2009.3082191780823,
        2009.3082191780823
      ],
      "numdate": 2009.3082191780823,
      "raw_date": "2009-04-23"
    },
    "BJ01_p9": {
      "branch_length": 5.55884057541062e-05,
      "clock_length": 5.55884057541062e-05,
      "date": "2009-04-23",
      "mutation_length": 9.418712995470868e-18,
      "num_date_confidence": [
        2009.3082191780823,
        2009.3082191780823
      ],
      "numdate": 2009.3082191780823,
      "raw_date": "2009-04-23"
    },
    "Caen1": {
      "branch_length": 0.000714693790362558,
      "clock_length": 0.000714693790362558,
      "date": "2005-03-04",
      "mutation_length": 0.0008361671930457525,
      "num_date_confidence": [
        2005.1712328767123,
        2005.1712328767123
      ],
      "numdate": 2005.1712328767123,
      "raw_date": "2005-03-04"
    },
    "HKU1": {
      "branch_length": 0.0008049126573099884,
      "clock_length": 0.0008049126573099884,
      "date": "2010-01-01",
      "mutation_length": 0.00037141603020918125,
      "num_date_confidence": [
        2010.0013698630137,
        2010.898904109589
      ],
      "numdate": 2010.0013698630137,
      "raw_date": "2010-XX-XX"
    },
    "HKU1/human/USA/1102/2005": {
      "branch_length": 9.356021310771102e-05,
      "clock_length": 9.356021310771102e-05,
      "date": "2005-04-09",
      "mutation_length": 9.551099303427736e-18,
      "num_date_confidence": [
        2005.2698630136986,
        2005.2698630136986
      ],
      "numdate": 2005.2698630136986,
      "raw_date": "2005-04-09"
    },
    "HKU1/human/USA/HKU1_1/2005": {
      "branch_length": 0.00023435608033870408,
      "clock_length": 0.00023435608033870408,
      "date": "2005-02-18",
      "mutation_length": 0.00037306114682704683,
      "num_date_confidence": [
        2005.1328767123289,
        2005.1328767123289
      ],
      "numdate": 2005.1328767123289,
      "raw_date": "2005-02-18"
    },
    "HKU1/human/USA/HKU1_10/2010": {
      "branch_length": 9.722963539456596e-07,
      "clock_length": 9.722963539456596e-07,
      "date": "2010-01-16",
      "mutation_length": 1.2746975890999518e-22,
      "num_date_confidence": [
        2010.0424657534247,
        2010.0424657534247
      ],
      "numdate": 2010.0424657534247,
      "raw_date": "2010-01-16"
    },
    "HKU1/human/USA/HKU1_11/2009": {
      "branch_length": 7.855308129265981e-05,
      "clock_length": 7.855308129265981e-05,
      "date": "2009-12-13",
      "mutation_length": 9.280071361537386e-05,
      "num_date_confidence": [
        2009.9493150684932,
        2009.9493150684932
      ],
      "numdate": 2009.9493150684932,
      "raw_date": "2009-12-13"
    },
    "HKU1/human/USA/HKU1_12/2010": {
      "branch_length": 6.367211840555551e-05,
      "clock_length": 6.367211840555551e-05,
      "date": "2010-01-09",
      "mutation_length": 9.524789106832994e-18,
      "num_date_confidence": [
        2010.0232876712328,
        2010.0232876712328
      ],
      "numdate": 2010.0232876712328,
      "raw_date": "2010-01-09"
    },
    "HKU1/human/USA/HKU1_13/2010": {
      "branch_length": 6.362094491324348e-05,
      "clock_length": 6.362094491324348e-05,
      "date": "2010-01-08",
      "mutation_length": 9.524789106832994e-18,
      "num_date_confidence": [
        2010.0205479452054,
        2010.0205479452054
      ],
      "numdate": 2010.0205479452054,
      "raw_date": "2010-01-08"
    },
    "HKU1/human/USA/HKU1_14/2009": {
      "branch_length": 0.0,
      "clock_length": 0.0,
      "date": "2009-12-28",
      "mutation_length": 9.41711484387793e-18,
      "num_date_confidence": [
        2009.990410958904,
        2009.990410958904
      ],
      "numdate": 2009.990410958904,
      "raw_date": "2009-12-28"
    },
    "HKU1/human/USA/HKU1_15/2009": {
      "branch_length": 0.0002136087440137218,
      "clock_length": 0.0002136087440137218,
      "date": "2009-12-28",
      "mutation_length": 0.00013942487007469865,
      "num_date_confidence": [
        2009.990410958904,
        2009.990410958904
      ],
      "numdate": 2009.990410958904,
      "raw_date": "2009-12-28"
    },
    "HKU1/human/USA/HKU1_16/2010": {
      "branch_length": 0.0002477109030325838,
      "clock_length": 0.0002477109030325838,
      "date": "2010-01-08",
      "mutation_length": 0.00018728060588612337,
      "num_date_confidence": [
        2010.0205479452054,
        2010.0205479452054
      ],
      "numdate": 2010.0205479452054,
      "raw_date": "2010-01-08"
    },
    "HKU1/human/USA/HKU1_18/2010": {
      "branch_length": 0.00019217587751196052,
      "clock_length": 0.00019217587751196052,
      "date": "2010-01-22",
      "mutation_length": 9.28148152210996e-05,
      "num_date_confidence": [
        2010.058904109589,
        2010.058904109589
      ],
      "numdate": 2010.058904109589,
      "raw_date": "2010-01-22"
    },
    "HKU1/human/USA/HKU1_20/2010": {
      "branch_length": 0.0002488367198634656,
      "clock_length": 0.0002488367198634656,
      "date": "2010-01-30",
      "mutation_length": 0.0005571688659213928,
      "num_date_confidence": [
        2010.0808219178082,
        2010.0808219178082
      ],
      "numdate": 2010.0808219178082,
      "raw_date": "2010-01-30"
    },
    "HKU1/human/USA/HKU1_3/2009": {
      "branch_length": 6.139328660584217e-05,
      "clock_length": 6.139328660584217e-05,
      "date": "2009-10-31",
      "mutation_length": 9.339557899042593e-05,
      "num_date_confidence": [
        2009.831506849315,
        2009.831506849315
      ],
      "numdate": 2009.831506849315,
      "raw_date": "2009-10-31"
    },
    "HKU1/human/USA/HKU1_4/2005": {
      "branch_length": 9.407194803083985e-05,
      "clock_length": 9.407194803083985e-05,
      "date": "2005-04-19",
      "mutation_length": 0.00018782582914052056,
      "num_date_confidence": [
        2005.2972602739726,
        2005.2972602739726
      ],
      "numdate": 2005.2972602739726,
      "raw_date": "2005-04-19"
    },
    "HKU1/human/USA/HKU1_5/2009": {
      "branch_length": 6.282614439060037e-05,
      "clock_length": 6.282614439060037e-05,
      "date": "2009-11-28",
      "mutation_length": 4.6413842428766256e-05,
      "num_date_confidence": [
        2009.9082191780822,
        2009.9082191780822
      ],
      "numdate": 2009.9082191780822,
      "raw_date": "2009-11-28"
    },
    "HKU1/human/USA/HKU1_7/2010": {
      "branch_length": 0.00015774227295585754,
      "clock_length": 0.00015774227295585754,
      "date": "2010-01-03",
      "mutation_length": 0.00013957954243905258,
      "num_date_confidence": [
        2010.0068493150684,
        2010.0068493150684
      ],
      "numdate": 2010.0068493150684,
      "raw_date": "2010-01-03"
    },
    "N08_87": {
      "branch_length": 0.00045598854545449445,
      "clock_length": 0.00045598854545449445,
      "date": "2016-12-31",
      "mutation_length": 0.0006514468101968165,
      "num_date_confidence": [
        2016.1045031087738,
        2016.9986338797814
      ],
      "numdate": 2016.9986338797814,
      "raw_date": "2016-XX-XX"
    },
    "N09_1605B": {
      "branch_length": 5.352112587898245e-06,
      "clock_length": 5.352112587898245e-06,
      "date": "2016-03-02",
      "mutation_length": 9.573603465582347e-18,
      "num_date_confidence": [
        2016.0013661202186,
        2016.9986338797814
      ],
      "numdate": 2016.1674463244078,
      "raw_date": "2016-XX-XX"
    },
    "N09_1627B": {
      "branch_length": 1.7830457347313202e-05,
      "clock_length": 1.7830457347313202e-05,
      "date": "2016-01-01",
      "mutation_length": 9.573603465582347e-18,
      "num_date_confidence": [
        2016.0013661202186,
        2016.8820632124339
      ],
      "numdate": 2016.0013661202186,
      "raw_date": "2016-XX-XX"
    },
    "N09_1663B": {
      "branch_length": 5.352112587898245e-06,
      "clock_length": 5.352112587898245e-06,
      "date": "2016-03-02",
      "mutation_length": 9.550215700118798e-18,
      "num_date_confidence": [
        2016.0013661202186,
        2016.9986338797814
      ],
      "numdate": 2016.1674463244078,
      "raw_date": "2016-XX-XX"
    },
    "NODE_0000000": {
      "branch_length": 0.0004699953986485343,
      "clock_length": 0.0004699953986485343,
      "date": "1992-08-02",
      "mutation_length": 0.0006511644243210194,
      "num_date_confidence": [
        1744.7283337274891,
        2005.1328767123289
      ],
      "numdate": 1992.5859227335322
    },
    "NODE_0000001": {
      "branch_length": 0.0006323322364358698,
      "clock_length": 0.0006323322364358698,
      "date": "1967-06-04",
      "mutation_length": 0.000837505868837908,
      "num_date_confidence": [
        1430.0573944305177,
        2003.4473851930443
      ],
      "numdate": 1967.423312791573
    },
    "NODE_0000002": {
      "branch_length": 0.010376822643699761,
      "clock_length": 0.010376822643699761,
      "date": "1933-07-27",
      "mutation_length": 0.010588016571216592,
      "num_date_confidence": [
        936.8252263485784,
        2001.9767330204797
      ],
      "numdate": 1933.5695145098985
    },
    "NODE_0000003": {
      "branch_length": 0.010168822890666597,
      "clock_length": 0.010168822890666597,
      "date": "1922-06-08",
      "mutation_length": 0.010106444105569866,
      "num_date_confidence": [
        828.0711118468441,
        2002.834634509142
      ],
      "numdate": 1922.4336253742872
    },
    "NODE_0000004": {
      "branch_length": 0.0008307061069860917,
      "clock_length": 0.0008307061069860917,
      "date": "1966-11-28",
      "mutation_length": 0.00037145830498437165,
      "num_date_confidence": [
        1426.1261753677318,
        2003.5558914060664
      ],
      "numdate": 1966.907962371203
    },
    "NODE_0000005": {
      "branch_length": 0.001,
      "clock_length": 0.001,
      "date": "1378-01-06",
      "mutation_length": 0.001,
      "num_date_confidence": [
        -5990.753096935195,
        2000.3103580933662
      ],
      "numdate": 1378.015265742523
    },
    "NODE_0000006": {
      "branch_length": 0.0006229758229781058,
      "clock_length": 0.0006229758229781058,
      "date": "2000-04-05",
      "mutation_length": 0.0008823877458988612,
      "num_date_confidence": [
        1971.103408914358,
        2005.2698630136986
      ],
      "numdate": 2000.26083706305
    },
    "NODE_0000007": {
      "branch_length": 0.00030991824152901007,
      "clock_length": 0.00030991824152901007,
      "date": "1939-01-10",
      "mutation_length": 0.000510870094457929,
      "num_date_confidence": [
        1035.2759344625983,
        2006.2610792552584
      ],
      "numdate": 1939.0260257422835
    },
    "NODE_0000008": {
      "branch_length": 0.0007256861727996423,
      "clock_length": 0.0007256861727996423,
      "date": "1977-11-17",
      "mutation_length": 0.0015812199270963995,
      "num_date_confidence": [
        1557.3070184858216,
        2008.718814003048
      ],
      "numdate": 1977.8778063319182
    },
    "NODE_0000009": {
      "branch_length": 0.0003862009119844535,
      "clock_length": 0.0003862009119844535,
      "date": "1998-07-22",
      "mutation_length": 0.0006506543246804595,
      "num_date_confidence": [
        1807.9032301359828,
        2009.990410958904
      ],
      "numdate": 1998.5542277084621
    },
    "NODE_0000010": {
      "branch_length": 0.0005314790506581897,
      "clock_length": 0.0005314790506581897,
      "date": "2006-05-02",
      "mutation_length": 0.000883072648514318,
      "num_date_confidence": [
        2002.048945418085,
        2009.3082191780823
      ],
      "numdate": 2006.3321275497215
    },
    "NODE_0000011": {
      "branch_length": 0.0009339947437952715,
      "clock_length": 0.0009339947437952715,
      "date": "1989-01-12",
      "mutation_length": 0.0006036455324916093,
      "num_date_confidence": [
        1760.3770591157584,
        2007.7070766475242
      ],
      "numdate": 1989.0302289611654
    },
    "NODE_0000012": {
      "branch_length": 0.00014435309038540321,
      "clock_length": 0.00014435309038540321,
      "date": "1996-10-04",
      "mutation_length": 0.0001392164246599176,
      "num_date_confidence": [
        1818.9658616075478,
        2010.0205479452054
      ],
      "numdate": 1996.758603574468
    },
    "NODE_0000013": {
      "branch_length": 8.932384857139142e-05,
      "clock_length": 8.932384857139142e-05,
      "date": "1993-10-24",
      "mutation_length": 9.570836652636598e-18,
      "num_date_confidence": [
        1931.2071306971025,
        2008.3210262421674
      ],
      "numdate": 1993.8124484607172
    },
    "NODE_0000014": {
      "branch_length": 0.00015231486968637968,
      "clock_length": 0.00015231486968637968,
      "date": "2005-09-29",
      "mutation_length": 0.00023204884380063098,
      "num_date_confidence": [
        2001.3411567456856,
        2009.7354274703564
      ],
      "numdate": 2005.743740822469
    },
    "NODE_0000016": {
      "branch_length": 7.054168306742622e-05,
      "clock_length": 7.054168306742622e-05,
      "date": "1997-08-04",
      "mutation_length": 9.570836652636598e-18,
      "num_date_confidence": [
        1931.220265573454,
        2008.9861314594175
      ],
      "numdate": 1997.5891085318135
    },
    "NODE_0000018": {
      "branch_length": 0.0002518793468797658,
      "clock_length": 0.0002518793468797658,
      "date": "2015-01-18",
      "mutation_length": 0.00023206720832588467,
      "num_date_confidence": [
        2006.9480664138337,
        2016.563474580898
      ],
      "numdate": 2015.0467592355399
    },
    "NODE_0000019": {
      "branch_length": 1.6262647179546242e-05,
      "clock_length": 1.6262647179546242e-05,
      "date": "2006-08-13",
      "mutation_length": 9.524789106832994e-18,
      "num_date_confidence": [
        2003.5337105699002,
        2010.0205479452054
      ],
      "numdate": 2006.6144102987644
    },
    "NODE_0000020": {
      "branch_length": 2.0189345728504628e-05,
      "clock_length": 2.0189345728504628e-05,
      "date": "1998-09-02",
      "mutation_length": 9.570836652636598e-18,
      "num_date_confidence": [
        1931.0797611689804,
        2009.463824153707
      ],
      "numdate": 1998.6700055640197
    },
    "NODE_0000021": {
      "branch_length": 0.00021144620763522388,
      "clock_length": 0.00021144620763522388,
      "date": "2009-12-28",
      "mutation_length": 0.00018563750046000986,
      "num_date_confidence": [
        2005.4340698204255,
        2009.990410958904
      ],
      "numdate": 2009.990410958904
    },
    "NODE_0000022": {
      "branch_length": 0.00011128069622701631,
      "clock_length": 0.00011128069622701631,
      "date": "1999-10-09",
      "mutation_length": 9.281003161589389e-05,
      "num_date_confidence": [
        1964.7787529040747,
        2009.2327915160852
      ],
      "numdate": 1999.7701934966935
    },
    "NODE_0000023": {
      "branch_length": 0.00012653519104415575,
      "clock_length": 0.00012653519104415575,
      "date": "2006-07-18",
      "mutation_length": 0.0002320841726461865,
      "num_date_confidence": [
        1999.884135541023,
        2009.831506849315
      ],
      "numdate": 2006.544633555747
    },
    "NODE_0000024": {
      "branch_length": 5.401097563324282e-05,
      "clock_length": 5.401097563324282e-05,
      "date": "2001-07-25",
      "mutation_length": 9.570836652636598e-18,
      "num_date_confidence": [
        1931.0714458492937,
        2010.0068493150684
      ],
      "numdate": 2001.5616447510242
    },
    "NODE_0000026": {
      "branch_length": 1.5580444738537037e-05,
      "clock_length": 1.5580444738537037e-05,
      "date": "2015-11-18",
      "mutation_length": 9.569584530985379e-18,
      "num_date_confidence": [
        2008.9136014853834,
        2016.8776991856084
      ],
      "numdate": 2015.8809049629351
    },
    "SC2521": {
      "branch_length": 0.001558367284122068,
      "clock_length": 0.001558367284122068,
      "date": "2017-01-01",
      "mutation_length": 0.0014898461896092731,
      "num_date_confidence": [
        2017.0013698630137,
        2017.898904109589
      ],
      "numdate": 2017.0013698630137,
      "raw_date": "2017-XX-XX"
    },
    "SC2628": {
      "branch_length": 0.0003258322126556501,
      "clock_length": 0.0003258322126556501,
      "date": "2015-12-31",
      "mutation_length": 0.0007904352724100048,
      "num_date_confidence": [
        2015.116485565055,
        2015.9986301369863
      ],
      "numdate": 2015.9986301369863,
      "raw_date": "2015-XX-XX"
    },
    "SI17244": {
      "branch_length": 0.0009339157655023664,
      "clock_length": 0.0009339157655023664,
      "date": "2017-06-04",
      "mutation_length": 0.0008839773826831518,
      "num_date_confidence": [
        2017.4232876712329,
        2017.4232876712329
      ],
      "numdate": 2017.4232876712329,
      "raw_date": "2017-06-04"
    }
  }
}