{
  "alignment": "results/aligned_hku1_membrane.fasta",
  "clock": {
    "intercept": 0.5922789069862205,
    "rate": -0.00027049136642468837,
    "rtt_Tmrca": 2189.6407076309624
  },
  "generated_by": {
    "program": "augur",
    "version": "6.4.1"
  },
  "input_tree": "results/tree_raw_hku1_membrane.nwk",
  "nodes": {
    "BJ01_p3": {
      "branch_length": 0.00036002304147465455,
      "clock_length": 0.00036002304147465455,
      "date": "2009-04-23",
      "mutation_length": 1.246101304439504e-22,
      "num_date_confidence": [
        2009.3082191780823,
        2009.3082191780823
      ],
      "numdate": 2009.3082191780823,
      "raw_date": "2009-04-23"
    },
    "BJ01_p9": {
      "branch_length": 0.00036002304147465455,
      "clock_length": 0.00036002304147465455,
      "date": "2009-04-23",
      "mutation_length": 1.246101304439504e-22,
      "num_date_confidence": [
        2009.3082191780823,
        2009.3082191780823
      ],
      "numdate": 2009.3082191780823,
      "raw_date": "2009-04-23"
    },
    "Caen1": {
      "branch_length": 0.0006131095646549423,
      "clock_length": 0.0006131095646549423,
      "date": "2005-03-04",
      "mutation_length": 0.0014963879175099214,
      "num_date_confidence": [
        2005.1712328767123,
        2005.1712328767123
      ],
      "numdate": 2005.1712328767123,
      "raw_date": "2005-03-04"
    },
    "HKU1": {
      "branch_length": 0.0019196199180980186,
      "clock_length": 0.0019196199180980186,
      "date": "2010-01-01",
      "mutation_length": 0.0014963879175099214,
      "num_date_confidence": [
        2010.0013698630137,
        2010.894890711425
      ],
      "numdate": 2010.0013698630137,
      "raw_date": "2010-XX-XX"
    },
    "HKU1/human/USA/HKU1_1/2005": {
      "branch_length": 0.00021503969852623706,
      "clock_length": 0.00021503969852623706,
      "date": "2005-02-18",
      "mutation_length": 0.002993637542216184,
      "num_date_confidence": [
        2005.1328767123289,
        2005.1328767123289
      ],
      "numdate": 2005.1328767123289,
      "raw_date": "2005-02-18"
    },
    "HKU1/human/USA/HKU1_10/2010": {
      "branch_length": 0.0014598492278752196,
      "clock_length": 0.0014598492278752196,
      "date": "2010-01-16",
      "mutation_length": 0.0014963880012306963,
      "num_date_confidence": [
        2010.0424657534247,
        2010.0424657534247
      ],
      "numdate": 2010.0424657534247,
      "raw_date": "2010-01-16"
    },
    "HKU1/human/USA/HKU1_11/2009": {
      "branch_length": 0.0004800307219662058,
      "clock_length": 0.0004800307219662058,
      "date": "2009-12-13",
      "mutation_length": 3.2138955668685965e-22,
      "num_date_confidence": [
        2009.9493150684932,
        2009.9493150684932
      ],
      "numdate": 2009.9493150684932,
      "raw_date": "2009-12-13"
    },
    "HKU1/human/USA/HKU1_12/2010": {
      "branch_length": 0.0004800307219662058,
      "clock_length": 0.0004800307219662058,
      "date": "2010-01-09",
      "mutation_length": 3.2138955668685965e-22,
      "num_date_confidence": [
        2010.0232876712328,
        2010.0232876712328
      ],
      "numdate": 2010.0232876712328,
      "raw_date": "2010-01-09"
    },
    "HKU1/human/USA/HKU1_13/2010": {
      "branch_length": 0.00047928964972943685,
      "clock_length": 0.00047928964972943685,
      "date": "2010-01-08",
      "mutation_length": 3.2138955668685965e-22,
      "num_date_confidence": [
        2010.0205479452054,
        2010.0205479452054
      ],
      "numdate": 2010.0205479452054,
      "raw_date": "2010-01-08"
    },
    "HKU1/human/USA/HKU1_15/2009": {
      "branch_length": 0.0015094461384776731,
      "clock_length": 0.0015094461384776731,
      "date": "2009-12-28",
      "mutation_length": 0.0015067571014138765,
      "num_date_confidence": [
        2009.990410958904,
        2009.990410958904
      ],
      "numdate": 2009.990410958904,
      "raw_date": "2009-12-28"
    },
    "HKU1/human/USA/HKU1_16/2010": {
      "branch_length": 0.0004800307219662058,
      "clock_length": 0.0004800307219662058,
      "date": "2010-01-08",
      "mutation_length": 1.4407087105207466e-22,
      "num_date_confidence": [
        2010.0205479452054,
        2010.0205479452054
      ],
      "numdate": 2010.0205479452054,
      "raw_date": "2010-01-08"
    },
    "HKU1/human/USA/HKU1_18/2010": {
      "branch_length": 0.0,
      "clock_length": 0.0,
      "date": "2010-01-22",
      "mutation_length": 1.0308131174822606e-22,
      "num_date_confidence": [
        2010.058904109589,
        2010.058904109589
      ],
      "numdate": 2010.058904109589,
      "raw_date": "2010-01-22"
    },
    "HKU1/human/USA/HKU1_20/2010": {
      "branch_length": 0.0004963343111753738,
      "clock_length": 0.0004963343111753738,
      "date": "2010-01-30",
      "mutation_length": 1.4407087105207466e-22,
      "num_date_confidence": [
        2010.0808219178082,
        2010.0808219178082
      ],
      "numdate": 2010.0808219178082,
      "raw_date": "2010-01-30"
    },
    "HKU1/human/USA/HKU1_3/2009": {
      "branch_length": 0.0,
      "clock_length": 0.0,
      "date": "2009-10-31",
      "mutation_length": 1.0308131174822606e-22,
      "num_date_confidence": [
        2009.831506849315,
        2009.831506849315
      ],
      "numdate": 2009.831506849315,
      "raw_date": "2009-10-31"
    },
    "HKU1/human/USA/HKU1_4/2005": {
      "branch_length": 0.006200048209853954,
      "clock_length": 0.006200048209853954,
      "date": "2005-04-19",
      "mutation_length": 0.004508394523959985,
      "num_date_confidence": [
        2005.2972602739726,
        2005.2972602739726
      ],
      "numdate": 2005.2972602739726,
      "raw_date": "2005-04-19"
    },
    "HKU1/human/USA/HKU1_5/2009": {
      "branch_length": 0.000453352121442146,
      "clock_length": 0.000453352121442146,
      "date": "2009-11-28",
      "mutation_length": 1.0308131174822606e-22,
      "num_date_confidence": [
        2009.9082191780822,
        2009.9082191780822
      ],
      "numdate": 2009.9082191780822,
      "raw_date": "2009-11-28"
    },
    "HKU1/human/USA/HKU1_7/2010": {
      "branch_length": 0.0004800307219662058,
      "clock_length": 0.0004800307219662058,
      "date": "2010-01-03",
      "mutation_length": 1.0308131174822606e-22,
      "num_date_confidence": [
        2010.0068493150684,
        2010.0068493150684
      ],
      "numdate": 2010.0068493150684,
      "raw_date": "2010-01-03"
    },
    "N08_87": {
      "branch_length": 0.0004387645772915491,
      "clock_length": 0.0004387645772915491,
      "date": "2016-04-08",
      "mutation_length": 0.0014953293884166247,
      "num_date_confidence": [
        2016.0013661202186,
        2016.9986338797814
      ],
      "numdate": 2016.2694713233573,
      "raw_date": "2016-XX-XX"
    },
    "N09_1605B": {
      "branch_length": 0.0016073846691819665,
      "clock_length": 0.0016073846691819665,
      "date": "2016-01-01",
      "mutation_length": 1.0308131174822606e-22,
      "num_date_confidence": [
        2016.0013661202186,
        2016.8809412013618
      ],
      "numdate": 2016.0013661202186,
      "raw_date": "2016-XX-XX"
    },
    "N09_1627B": {
      "branch_length": 0.0016688936648347312,
      "clock_length": 0.0016688936648347312,
      "date": "2016-01-01",
      "mutation_length": 1.0308131174822606e-22,
      "num_date_confidence": [
        2016.0013661202186,
        2016.8886183022425
      ],
      "numdate": 2016.0013661202186,
      "raw_date": "2016-XX-XX"
    },
    "N09_1663B": {
      "branch_length": 0.0018676062795432425,
      "clock_length": 0.0018676062795432425,
      "date": "2016-01-01",
      "mutation_length": 1.0308131174822606e-22,
      "num_date_confidence": [
        2016.0013661202186,
        2016.8816746032228
      ],
      "numdate": 2016.0013661202186,
      "raw_date": "2016-XX-XX"
    },
    "NODE_0000000": {
      "branch_length": 0.034825084575495366,
      "clock_length": 0.034825084575495366,
      "date": "2004-05-03",
      "mutation_length": 0.026180836539803205,
      "num_date_confidence": [
        1972.188404881018,
        2005.1328767123289
      ],
      "numdate": 2004.337880179284
    },
    "NODE_0000001": {
      "branch_length": 0.0020115063546213485,
      "clock_length": 0.0020115063546213485,
      "date": "2011-10-10",
      "mutation_length": 5.652481837933397e-19,
      "num_date_confidence": [
        1994.5709074832985,
        2016.9551323061974
      ],
      "numdate": 2011.77437022778
    },
    "NODE_0000002": {
      "branch_length": 0.001,
      "clock_length": 0.001,
      "date": "1875-08-04",
      "mutation_length": 0.001,
      "num_date_confidence": [
        992.5897796181819,
        2005.0703827198263
      ],
      "numdate": 1875.5903898774388
    },
    "NODE_0000003": {
      "branch_length": 0.028884540398374417,
      "clock_length": 0.028884540398374417,
      "date": "1982-05-18",
      "mutation_length": 0.04902417475558284,
      "num_date_confidence": [
        1851.3283713817575,
        2005.100749963082
      ],
      "numdate": 1982.3758329034608
    },
    "NODE_0000004": {
      "branch_length": 0.003381320710909205,
      "clock_length": 0.003381320710909205,
      "date": "1994-11-16",
      "mutation_length": 0.006023730219447068,
      "num_date_confidence": [
        1964.6862806486884,
        2005.142548169701
      ],
      "numdate": 1994.8764932964448
    },
    "NODE_0000005": {
      "branch_length": 0.0007771214602682232,
      "clock_length": 0.0007771214602682232,
      "date": "2014-08-25",
      "mutation_length": 5.652481837933397e-19,
      "num_date_confidence": [
        1996.0792753423568,
        2016.9838228670574
      ],
      "numdate": 2014.6473693572536
    },
    "NODE_0000007": {
      "branch_length": 0.0011512064615415585,
      "clock_length": 0.0011512064615415585,
      "date": "1999-02-18",
      "mutation_length": 0.0014995030027943935,
      "num_date_confidence": [
        1974.1446577295303,
        2009.220317572853
      ],
      "numdate": 1999.1324755732844
    },
    "NODE_0000008": {
      "branch_length": 0.0014275316405295809,
      "clock_length": 0.0014275316405295809,
      "date": "2004-05-30",
      "mutation_length": 0.0015042591649697772,
      "num_date_confidence": [
        1983.5918963975785,
        2009.2499371643364
      ],
      "numdate": 2004.4100253132203
    },
    "NODE_0000009": {
      "branch_length": 0.0008429191515195015,
      "clock_length": 0.0008429191515195015,
      "date": "2007-07-12",
      "mutation_length": 0.0015036119620972213,
      "num_date_confidence": [
        1993.5044548633773,
        2009.2786433727406
      ],
      "numdate": 2007.526276906242
    },
    "NODE_0000010": {
      "branch_length": 0.002171528611397932,
      "clock_length": 0.002171528611397932,
      "date": "2002-11-27",
      "mutation_length": 3.315476177595399e-22,
      "num_date_confidence": [
        1963.3752031715965,
        2005.1712328767123
      ],
      "numdate": 2002.9045817345375
    },
    "NODE_0000011": {
      "branch_length": 0.0008940257891727433,
      "clock_length": 0.0008940257891727433,
      "date": "2002-06-09",
      "mutation_length": 0.0014995031944522702,
      "num_date_confidence": [
        1988.699915093274,
        2009.6898530369092
      ],
      "numdate": 2002.4376671621687
    },
    "NODE_0000012": {
      "branch_length": 0.001571073062472889,
      "clock_length": 0.001571073062472889,
      "date": "2008-03-30",
      "mutation_length": 0.0015003724698596848,
      "num_date_confidence": [
        2005.9968747555713,
        2010.0205479452054
      ],
      "numdate": 2008.245886046339
    },
    "NODE_0000013": {
      "branch_length": 0.0005971831344581515,
      "clock_length": 0.0005971831344581515,
      "date": "2004-08-24",
      "mutation_length": 0.0014963879175099214,
      "num_date_confidence": [
        1995.9692126818632,
        2009.719472776137
      ],
      "numdate": 2004.6454386794323
    },
    "NODE_0000014": {
      "branch_length": 0.0009546220498584928,
      "clock_length": 0.0009546220498584928,
      "date": "2008-03-04",
      "mutation_length": 0.0014932857101297473,
      "num_date_confidence": [
        2005.7877892413323,
        2009.9493150684932
      ],
      "numdate": 2008.1746531696267
    },
    "NODE_0000015": {
      "branch_length": 0.00012197695852534567,
      "clock_length": 0.00012197695852534567,
      "date": "2007-12-23",
      "mutation_length": 1.246101304439504e-22,
      "num_date_confidence": [
        2006.4161120271883,
        2009.3082191780823
      ],
      "numdate": 2007.9772227539324
    },
    "NODE_0000018": {
      "branch_length": 2.00089503930136e-05,
      "clock_length": 2.00089503930136e-05,
      "date": "2008-03-31",
      "mutation_length": 3.2138955668685965e-22,
      "num_date_confidence": [
        2006.4468256415864,
        2010.0205479452054
      ],
      "numdate": 2008.2486257723663
    },
    "NODE_0000019": {
      "branch_length": 0.0005207083550154003,
      "clock_length": 0.0005207083550154003,
      "date": "2006-07-28",
      "mutation_length": 1.0308131174822606e-22,
      "num_date_confidence": [
        1992.6218500782084,
        2009.7611594626544
      ],
      "numdate": 2006.570484797902
    },
    "NODE_0000020": {
      "branch_length": 0.0006833656959192198,
      "clock_length": 0.0006833656959192198,
      "date": "2009-02-05",
      "mutation_length": 1.0308131174822606e-22,
      "num_date_confidence": [
        1992.4397640970442,
        2010.030243025842
      ],
      "numdate": 2009.096871147869
    },
    "NODE_0000021": {
      "branch_length": 0.000260221610361276,
      "clock_length": 0.000260221610361276,
      "date": "2010-01-22",
      "mutation_length": 1.0308131174822606e-22,
      "num_date_confidence": [
        2007.9605079533137,
        2010.058904109589
      ],
      "numdate": 2010.058904109589
    },
    "NODE_0000022": {
      "branch_length": 0.00030016367637881536,
      "clock_length": 0.00030016367637881536,
      "date": "2007-09-06",
      "mutation_length": 1.0308131174822606e-22,
      "num_date_confidence": [
        1992.7691104159087,
        2009.8028459929653
      ],
      "numdate": 2007.6801826058074
    },
    "NODE_0000023": {
      "branch_length": 0.00014931253543661429,
      "clock_length": 0.00014931253543661429,
      "date": "2008-03-25",
      "mutation_length": 1.0308131174822606e-22,
      "num_date_confidence": [
        2006.4427712265756,
        2009.9082191780822
      ],
      "numdate": 2008.232187416202
    },
    "NODE_0000024": {
      "branch_length": 0.0005819146342489158,
      "clock_length": 0.0005819146342489158,
      "date": "2009-10-31",
      "mutation_length": 1.0308131174822606e-22,
      "num_date_confidence": [
        2007.5665710105977,
        2009.831506849315
      ],
      "numdate": 2009.831506849315
    },
    "SC2521": {
      "branch_length": 0.0016836085678235935,
      "clock_length": 0.0016836085678235935,
      "date": "2017-12-31",
      "mutation_length": 0.004509107052731053,
      "num_date_confidence": [
        2017.107088565354,
        2017.9986301369863
      ],
      "numdate": 2017.9986301369863,
      "raw_date": "2017-XX-XX"
    },
    "SC2628": {
      "branch_length": 0.0020219481080287517,
      "clock_length": 0.0020219481080287517,
      "date": "2015-01-01",
      "mutation_length": 0.0015032043327961153,
      "num_date_confidence": [
        2015.0013698630137,
        2015.8911320469674
      ],
      "numdate": 2015.0013698630137,
      "raw_date": "2015-XX-XX"
    },
    "SI17244": {
      "branch_length": 0.000750861937831566,
      "clock_length": 0.000750861937831566,
      "date": "2017-06-04",
      "mutation_length": 0.0029998785917881464,
      "num_date_confidence": [
        2017.4232876712329,
        2017.4232876712329
      ],
      "numdate": 2017.4232876712329,
      "raw_date": "2017-06-04"
    }
  }
}