{
  "alignment": "results/aligned_hku1_envelope.fasta",
  "clock": {
    "intercept": -0.13868570574305783,
    "rate": 0.00010513969316596482,
    "rtt_Tmrca": 1319.0613513027859
  },
  "generated_by": {
    "program": "augur",
    "version": "6.4.1"
  },
  "input_tree": "results/tree_raw_hku1_envelope.nwk",
  "nodes": {
    "BJ01_p3": {
      "branch_length": 0.0,
      "clock_length": 0.0,
      "date": "2009-04-23",
      "mutation_length": 3.3541327381390367e-18,
      "num_date_confidence": [
        2009.3082191780823,
        2009.3082191780823
      ],
      "numdate": 2009.3082191780823,
      "raw_date": "2009-04-23"
    },
    "BJ01_p9": {
      "branch_length": 0.0,
      "clock_length": 0.0,
      "date": "2009-04-23",
      "mutation_length": 3.3541327381390367e-18,
      "num_date_confidence": [
        2009.3082191780823,
        2009.3082191780823
      ],
      "numdate": 2009.3082191780823,
      "raw_date": "2009-04-23"
    },
    "Caen1": {
      "branch_length": 0.0,
      "clock_length": 0.0,
      "date": "2005-03-04",
      "mutation_length": 3.3541327381390367e-18,
      "num_date_confidence": [
        2005.1712328767123,
        2005.1712328767123
      ],
      "numdate": 2005.1712328767123,
      "raw_date": "2005-03-04"
    },
    "HKU1": {
      "branch_length": 4.312367193790739e-05,
      "clock_length": 4.312367193790739e-05,
      "date": "2010-01-01",
      "mutation_length": 3.3541327381390367e-18,
      "num_date_confidence": [
        2010.0013698630137,
        2010.8953011237936
      ],
      "numdate": 2010.0013698630137,
      "raw_date": "2010-XX-XX"
    },
    "HKU1/human/USA/HKU1_1/2005": {
      "branch_length": 0.0,
      "clock_length": 0.0,
      "date": "2005-02-18",
      "mutation_length": 4.362739642388005e-18,
      "num_date_confidence": [
        2005.1328767123289,
        2005.1328767123289
      ],
      "numdate": 2005.1328767123289,
      "raw_date": "2005-02-18"
    },
    "HKU1/human/USA/HKU1_10/2010": {
      "branch_length": 0.0020044069228152385,
      "clock_length": 0.0020044069228152385,
      "date": "2010-01-16",
      "mutation_length": 3.541643299704992e-18,
      "num_date_confidence": [
        2010.0424657534247,
        2010.0424657534247
      ],
      "numdate": 2010.0424657534247,
      "raw_date": "2010-01-16"
    },
    "HKU1/human/USA/HKU1_11/2009": {
      "branch_length": 4.9704257315164426e-05,
      "clock_length": 4.9704257315164426e-05,
      "date": "2009-12-13",
      "mutation_length": 3.3541327381390367e-18,
      "num_date_confidence": [
        2009.9493150684932,
        2009.9493150684932
      ],
      "numdate": 2009.9493150684932,
      "raw_date": "2009-12-13"
    },
    "HKU1/human/USA/HKU1_12/2010": {
      "branch_length": 3.4566474465499205e-06,
      "clock_length": 3.4566474465499205e-06,
      "date": "2010-01-09",
      "mutation_length": 3.3541327381390367e-18,
      "num_date_confidence": [
        2010.0232876712328,
        2010.0232876712328
      ],
      "numdate": 2010.0232876712328,
      "raw_date": "2010-01-09"
    },
    "HKU1/human/USA/HKU1_13/2010": {
      "branch_length": 1.440269769399866e-06,
      "clock_length": 1.440269769399866e-06,
      "date": "2010-01-08",
      "mutation_length": 3.3541327381390367e-18,
      "num_date_confidence": [
        2010.0205479452054,
        2010.0205479452054
      ],
      "numdate": 2010.0205479452054,
      "raw_date": "2010-01-08"
    },
    "HKU1/human/USA/HKU1_15/2009": {
      "branch_length": 0.0,
      "clock_length": 0.0,
      "date": "2009-12-28",
      "mutation_length": 3.3541327381390367e-18,
      "num_date_confidence": [
        2009.990410958904,
        2009.990410958904
      ],
      "numdate": 2009.990410958904,
      "raw_date": "2009-12-28"
    },
    "HKU1/human/USA/HKU1_16/2010": {
      "branch_length": 4.514004961505744e-05,
      "clock_length": 4.514004961505744e-05,
      "date": "2010-01-08",
      "mutation_length": 3.3541327381390367e-18,
      "num_date_confidence": [
        2010.0205479452054,
        2010.0205479452054
      ],
      "numdate": 2010.0205479452054,
      "raw_date": "2010-01-08"
    },
    "HKU1/human/USA/HKU1_18/2010": {
      "branch_length": 0.0,
      "clock_length": 0.0,
      "date": "2010-01-22",
      "mutation_length": 3.3541327381390367e-18,
      "num_date_confidence": [
        2010.058904109589,
        2010.058904109589
      ],
      "numdate": 2010.058904109589,
      "raw_date": "2010-01-22"
    },
    "HKU1/human/USA/HKU1_20/2010": {
      "branch_length": 2.3044316310252572e-06,
      "clock_length": 2.3044316310252572e-06,
      "date": "2010-01-30",
      "mutation_length": 3.3541327381390367e-18,
      "num_date_confidence": [
        2010.0808219178082,
        2010.0808219178082
      ],
      "numdate": 2010.0808219178082,
      "raw_date": "2010-01-30"
    },
    "HKU1/human/USA/HKU1_3/2009": {
      "branch_length": 0.0,
      "clock_length": 0.0,
      "date": "2009-10-31",
      "mutation_length": 3.2117067700359682e-18,
      "num_date_confidence": [
        2009.831506849315,
        2009.831506849315
      ],
      "numdate": 2009.831506849315,
      "raw_date": "2009-10-31"
    },
    "HKU1/human/USA/HKU1_4/2005": {
      "branch_length": 0.00043376077027911636,
      "clock_length": 0.00043376077027911636,
      "date": "2005-04-19",
      "mutation_length": 0.004038156341039831,
      "num_date_confidence": [
        2005.2972602739726,
        2005.2972602739726
      ],
      "numdate": 2005.2972602739726,
      "raw_date": "2005-04-19"
    },
    "HKU1/human/USA/HKU1_5/2009": {
      "branch_length": 8.06551070862407e-06,
      "clock_length": 8.06551070862407e-06,
      "date": "2009-11-28",
      "mutation_length": 3.2117067700359682e-18,
      "num_date_confidence": [
        2009.9082191780822,
        2009.9082191780822
      ],
      "numdate": 2009.9082191780822,
      "raw_date": "2009-11-28"
    },
    "HKU1/human/USA/HKU1_7/2010": {
      "branch_length": 0.0,
      "clock_length": 0.0,
      "date": "2010-01-03",
      "mutation_length": 3.3541327381390367e-18,
      "num_date_confidence": [
        2010.0068493150684,
        2010.0068493150684
      ],
      "numdate": 2010.0068493150684,
      "raw_date": "2010-01-03"
    },
    "N08_87": {
      "branch_length": 0.00036134726547784856,
      "clock_length": 0.00036134726547784856,
      "date": "2016-12-31",
      "mutation_length": 4.362739642388005e-18,
      "num_date_confidence": [
        2016.0013661202186,
        2016.9986338797814
      ],
      "numdate": 2016.9986338797814,
      "raw_date": "2016-XX-XX"
    },
    "N09_1605B": {
      "branch_length": 0.0001526706685342684,
      "clock_length": 0.0001526706685342684,
      "date": "2016-12-31",
      "mutation_length": 3.2197944976078128e-18,
      "num_date_confidence": [
        2016.0013661202186,
        2016.9986338797814
      ],
      "numdate": 2016.9986338797814,
      "raw_date": "2016-XX-XX"
    },
    "N09_1627B": {
      "branch_length": 0.0003917074894340183,
      "clock_length": 0.0003917074894340183,
      "date": "2016-08-08",
      "mutation_length": 3.2197944976078128e-18,
      "num_date_confidence": [
        2016.0013661202186,
        2016.9986338797814
      ],
      "numdate": 2016.6035303367,
      "raw_date": "2016-XX-XX"
    },
    "N09_1663B": {
      "branch_length": 0.0001526706685342684,
      "clock_length": 0.0001526706685342684,
      "date": "2016-12-31",
      "mutation_length": 3.2197944976078128e-18,
      "num_date_confidence": [
        2016.0013661202186,
        2016.9986338797814
      ],
      "numdate": 2016.9986338797814,
      "raw_date": "2016-XX-XX"
    },
    "NODE_0000000": {
      "branch_length": 0.001,
      "clock_length": 0.001,
      "date": "1419-07-05",
      "mutation_length": 0.001,
      "num_date_confidence": [
        -27409.060549985086,
        2004.8725688765107
      ],
      "numdate": 1419.5081694996825
    },
    "NODE_0000002": {
      "branch_length": 0.061028260656271115,
      "clock_length": 0.061028260656271115,
      "date": "1999-12-16",
      "mutation_length": 0.06908316913346245,
      "num_date_confidence": [
        1931.3028354492817,
        2005.0567874661165
      ],
      "numdate": 1999.9574633732811
    },
    "NODE_0000003": {
      "branch_length": 0.06008418778928219,
      "clock_length": 0.06008418778928219,
      "date": "1990-12-24",
      "mutation_length": 0.06912718583823471,
      "num_date_confidence": [
        1934.4407149236526,
        2004.951282949272
      ],
      "numdate": 1990.978239270937
    },
    "NODE_0000004": {
      "branch_length": 0.001071736704417071,
      "clock_length": 0.001071736704417071,
      "date": "2001-03-04",
      "mutation_length": 0.004057668195206324,
      "num_date_confidence": [
        1996.2075567439224,
        2005.0276799284973
      ],
      "numdate": 2001.1716940180922
    },
    "NODE_0000005": {
      "branch_length": 0.0009104900639494455,
      "clock_length": 0.0009104900639494455,
      "date": "2009-10-31",
      "mutation_length": 0.004038156341039831,
      "num_date_confidence": [
        2005.2219556479538,
        2009.831506849315
      ],
      "numdate": 2009.831506849315
    },
    "NODE_0000006": {
      "branch_length": 0.0008862148022899611,
      "clock_length": 0.0008862148022899611,
      "date": "2013-07-25",
      "mutation_length": 4.362739642388005e-18,
      "num_date_confidence": [
        1994.8004468460774,
        2016.9605882594076
      ],
      "numdate": 2013.5618037483919
    },
    "NODE_0000007": {
      "branch_length": 0.0005441413704745149,
      "clock_length": 0.0005441413704745149,
      "date": "2005-02-18",
      "mutation_length": 4.362739642388005e-18,
      "num_date_confidence": [
        1996.9499055855208,
        2005.1328767123289
      ],
      "numdate": 2005.1328767123289
    },
    "NODE_0000009": {
      "branch_length": 0.0012307910460917877,
      "clock_length": 0.0012307910460917877,
      "date": "2012-11-17",
      "mutation_length": 0.004053931005337006,
      "num_date_confidence": [
        1999.6535482969236,
        2016.88683345024
      ],
      "numdate": 2012.8779393858524
    },
    "NODE_0000011": {
      "branch_length": -1.9489711599332115e-05,
      "clock_length": -1.9489711599332115e-05,
      "date": "2000-12-26",
      "mutation_length": 3.3541327381390367e-18,
      "num_date_confidence": [
        1997.898902745864,
        2005.1371384341878
      ],
      "numdate": 2000.986324335031
    },
    "NODE_0000012": {
      "branch_length": 0.00043999999999999985,
      "clock_length": 0.00043999999999999985,
      "date": "2005-03-04",
      "mutation_length": 3.3541327381390367e-18,
      "num_date_confidence": [
        2001.237843143733,
        2005.1712328767123
      ],
      "numdate": 2005.1712328767123
    },
    "NODE_0000013": {
      "branch_length": 0.0005084152285970511,
      "clock_length": 0.0005084152285970511,
      "date": "2010-01-03",
      "mutation_length": 3.3541327381390367e-18,
      "num_date_confidence": [
        2005.4803171801059,
        2010.0068493150684
      ],
      "numdate": 2010.0068493150684
    },
    "NODE_0000014": {
      "branch_length": 7.734685844544955e-05,
      "clock_length": 7.734685844544955e-05,
      "date": "2001-09-21",
      "mutation_length": 3.3541327381390367e-18,
      "num_date_confidence": [
        1998.3329399430386,
        2009.122671725053
      ],
      "numdate": 2001.7219823545324
    },
    "NODE_0000015": {
      "branch_length": 0.00041949238262754796,
      "clock_length": 0.00041949238262754796,
      "date": "2005-09-17",
      "mutation_length": 3.3541327381390367e-18,
      "num_date_confidence": [
        1997.8220364650197,
        2009.8755662706035
      ],
      "numdate": 2005.7118397527784
    },
    "NODE_0000016": {
      "branch_length": 0.00044984766380077863,
      "clock_length": 0.00044984766380077863,
      "date": "2009-12-28",
      "mutation_length": 3.3541327381390367e-18,
      "num_date_confidence": [
        2005.9102049331245,
        2009.990410958904
      ],
      "numdate": 2009.990410958904
    },
    "NODE_0000017": {
      "branch_length": 0.0003958225971774391,
      "clock_length": 0.0003958225971774391,
      "date": "2009-06-23",
      "mutation_length": 3.3541327381390367e-18,
      "num_date_confidence": [
        2004.8709036984944,
        2009.9493150684932
      ],
      "numdate": 2009.476570134411
    },
    "NODE_0000018": {
      "branch_length": 0.0003854407199164248,
      "clock_length": 0.0003854407199164248,
      "date": "2005-05-22",
      "mutation_length": 3.3541327381390367e-18,
      "num_date_confidence": [
        1997.5043034432072,
        2009.2321299318698
      ],
      "numdate": 2005.3879690842825
    },
    "NODE_0000019": {
      "branch_length": 0.00041217389199595805,
      "clock_length": 0.00041217389199595805,
      "date": "2009-04-23",
      "mutation_length": 3.3541327381390367e-18,
      "num_date_confidence": [
        2005.6644832564298,
        2009.3082191780823
      ],
      "numdate": 2009.3082191780823
    },
    "NODE_0000020": {
      "branch_length": 1.776623629579869e-05,
      "clock_length": 1.776623629579869e-05,
      "date": "2005-07-23",
      "mutation_length": 3.3541327381390367e-18,
      "num_date_confidence": [
        1998.2178503897446,
        2009.9467940760828
      ],
      "numdate": 2005.5569465252547
    },
    "NODE_0000021": {
      "branch_length": 0.0004241616340937204,
      "clock_length": 0.0004241616340937204,
      "date": "2009-08-04",
      "mutation_length": 3.3541327381390367e-18,
      "num_date_confidence": [
        1998.4973388979993,
        2010.0205479452054
      ],
      "numdate": 2009.5912139015554
    },
    "NODE_0000022": {
      "branch_length": 0.0004733344390631018,
      "clock_length": 0.0004733344390631018,
      "date": "2010-01-22",
      "mutation_length": 3.3541327381390367e-18,
      "num_date_confidence": [
        2006.3622321574737,
        2010.058904109589
      ],
      "numdate": 2010.058904109589
    },
    "NODE_0000023": {
      "branch_length": 0.0002805778861881213,
      "clock_length": 0.0002805778861881213,
      "date": "2015-07-19",
      "mutation_length": 3.2197944976078128e-18,
      "num_date_confidence": [
        2001.8530567310777,
        2016.5117415931584
      ],
      "numdate": 2015.5465593688423
    },
    "SC2521": {
      "branch_length": 0.0003708315556686841,
      "clock_length": 0.0003708315556686841,
      "date": "2017-02-02",
      "mutation_length": 4.362739642388005e-18,
      "num_date_confidence": [
        2017.0013698630137,
        2017.9986301369863
      ],
      "numdate": 2017.0888404412165,
      "raw_date": "2017-XX-XX"
    },
    "SC2628": {
      "branch_length": 0.0005808757482686882,
      "clock_length": 0.0005808757482686882,
      "date": "2015-01-01",
      "mutation_length": 3.3541327381390367e-18,
      "num_date_confidence": [
        2015.0013698630137,
        2015.898904109589
      ],
      "numdate": 2015.0013698630137,
      "raw_date": "2015-XX-XX"
    },
    "SI17244": {
      "branch_length": 0.0018363514075772904,
      "clock_length": 0.0018363514075772904,
      "date": "2017-06-04",
      "mutation_length": 0.004111763857658908,
      "num_date_confidence": [
        2017.4232876712329,
        2017.4232876712329
      ],
      "numdate": 2017.4232876712329,
      "raw_date": "2017-06-04"
    }
  }
}