{
    "default": 0,
    "map": {
        "NA": {
            "100": 1,
            "102": 1,
            "104": 1,
            "107": 1,
            "108": 1,
            "110": 1,
            "111": 1,
            "112": 1,
            "113": 1,
            "126": 1,
            "127": 1,
            "128": 1,
            "137": 1,
            "141": 1,
            "142": 1,
            "143": 1,
            "144": 1,
            "146": 1,
            "147": 1,
            "150": 1,
            "151": 1,
            "152": 1,
            "153": 1,
            "154": 1,
            "155": 1,
            "162": 1,
            "164": 1,
            "165": 1,
            "168": 1,
            "169": 1,
            "170": 1,
            "172": 1,
            "173": 1,
            "176": 1,
            "187": 1,
            "196": 1,
            "197": 1,
            "198": 1,
            "199": 1,
            "200": 1,
            "202": 1,
            "208": 1,
            "209": 1,
            "210": 1,
            "211": 1,
            "212": 1,
            "214": 1,
            "216": 1,
            "219": 1,
            "220": 1,
            "221": 1,
            "234": 1,
            "245": 1,
            "246": 1,
            "247": 1,
            "249": 1,
            "250": 1,
            "251": 1,
            "253": 1,
            "258": 1,
            "259": 1,
            "261": 1,
            "263": 1,
            "264": 1,
            "265": 1,
            "267": 1,
            "268": 1,
            "269": 1,
            "270": 1,
            "271": 1,
            "273": 1,
            "283": 1,
            "284": 1,
            "285": 1,
            "295": 1,
            "296": 1,
            "306": 1,
            "308": 1,
            "309": 1,
            "310": 1,
            "311": 1,
            "313": 1,
            "315": 1,
            "328": 1,
            "329": 1,
            "330": 1,
            "331": 1,
            "332": 1,
            "334": 1,
            "336": 1,
            "338": 1,
            "339": 1,
            "342": 1,
            "344": 1,
            "346": 1,
            "347": 1,
            "357": 1,
            "358": 1,
            "366": 1,
            "367": 1,
            "368": 1,
            "369": 1,
            "370": 1,
            "371": 1,
            "380": 1,
            "384": 1,
            "385": 1,
            "386": 1,
            "387": 1,
            "389": 1,
            "390": 1,
            "391": 1,
            "392": 1,
            "393": 1,
            "394": 1,
            "396": 1,
            "399": 1,
            "400": 1,
            "401": 1,
            "402": 1,
            "413": 1,
            "414": 1,
            "415": 1,
            "416": 1,
            "430": 1,
            "431": 1,
            "432": 1,
            "434": 1,
            "435": 1,
            "437": 1,
            "450": 1,
            "451": 1,
            "452": 1,
            "453": 1,
            "454": 1,
            "455": 1,
            "456": 1,
            "457": 1,
            "458": 1,
            "461": 1,
            "463": 1,
            "465": 1,
            "466": 1,
            "469": 1,
            "82": 1,
            "83": 1,
            "84": 1,
            "86": 1,
            "88": 1,
            "89": 1,
            "90": 1,
            "93": 1,
            "95": 1,
            "98": 1,
            "99": 1
        }
    },
    "name": "rsa"
}