{"A/duck/Minnesota/1525/1981": {"virus": "avian_flu", "date": "1981-10-17", "region": "north_america", "country": "usa", "aa_muts": [], "nt_muts": []}, "A/mallard/Wisconsin/568/1982": {"virus": "avian_flu", "date": "1982-XX-XX", "region": "north_america", "country": "usa", "aa_muts": [], "nt_muts": []}, "A/turkey/Ontario/84/1983": {"virus": "avian_flu", "date": "1983-01-XX", "region": "north_america", "country": "canada", "aa_muts": [], "nt_muts": []}, "A/turkey/England/50_92/1991": {"virus": "avian_flu", "date": "1991-XX-XX", "region": "europe", "country": "united_kingdom", "aa_muts": [], "nt_muts": []}, "A/Goose/Guangdong/1/1996": {"virus": "avian_flu", "date": "1996-XX-XX", "region": "china", "country": "china", "aa_muts": [], "nt_muts": []}, "A/goose/Guangdong/3/1997": {"virus": "avian_flu", "date": "1997-XX-XX", "region": "china", "country": "china", "aa_muts": [], "nt_muts": []}, "A/Swine/Fujian/F1/2001": {"virus": "avian_flu", "date": "2001-XX-XX", "region": "china", "country": "china", "aa_muts": [], "nt_muts": []}, "A/goose/Guangdong/xb/2001": {"virus": "avian_flu", "date": "2001-XX-XX", "region": "china", "country": "china", "aa_muts": [], "nt_muts": []}, "A/openbill_stork/Thailand/VSMU_4_NSN/2004": {"virus": "avian_flu", "date": "2004-02-05", "region": "southeast_asia", "country": "thailand", "aa_muts": [], "nt_muts": []}, "A/Guangxi/1/2005": {"virus": "avian_flu", "date": "2005-11-23", "region": "china", "country": "china", "aa_muts": [], "nt_muts": []}, "A/chicken/Vietnam/NCVD11/2005": {"virus": "avian_flu", "date": "2005-XX-XX", "region": "southeast_asia", "country": "vietnam", "aa_muts": [], "nt_muts": []}, "A/open_billed_stork/Nakhonsawan/BBA3011M/2005": {"virus": "avian_flu", "date": "2005-XX-XX", "region": "southeast_asia", "country": "thailand", "aa_muts": [], "nt_muts": []}, "A/environment/Hunan/1_8/2007": {"virus": "avian_flu", "date": "2007-03-XX", "region": "china", "country": "china", "aa_muts": [], "nt_muts": []}, "A/chicken/Egypt/CL6/2007": {"virus": "avian_flu", "date": "2007-03-XX", "region": "africa", "country": "egypt", "aa_muts": [], "nt_muts": []}, "A/environment/Hunan/1_35/2007": {"virus": "avian_flu", "date": "2007-03-XX", "region": "china", "country": "china", "aa_muts": [], "nt_muts": []}, "A/duck/SocTrang/07_25/2007": {"virus": "avian_flu", "date": "2007-XX-XX", "region": "southeast_asia", "country": "vietnam", "aa_muts": [], "nt_muts": []}, "A/chicken/Egypt/083/2008": {"virus": "avian_flu", "date": "2008-01-02", "region": "africa", "country": "egypt", "aa_muts": [], "nt_muts": []}, "A/chicken/Egypt/0813_NLQP/2008": {"virus": "avian_flu", "date": "2008-01-04", "region": "africa", "country": "egypt", "aa_muts": [], "nt_muts": []}, "A/environment/Guizhou/4/2009": {"virus": "avian_flu", "date": "2009-01-16", "region": "china", "country": "china", "aa_muts": [], "nt_muts": []}, "A/water/Xinjiang/3/2009": {"virus": "avian_flu", "date": "2009-01-16", "region": "china", "country": "china", "aa_muts": [], "nt_muts": []}, "A/environment/Guizhou/9/2009": {"virus": "avian_flu", "date": "2009-01-16", "region": "china", "country": "china", "aa_muts": [], "nt_muts": []}, "A/quail/Vietnam/CVVI_49/2010": {"virus": "avian_flu", "date": "2010-01-10", "region": "southeast_asia", "country": "vietnam", "aa_muts": [], "nt_muts": []}, "A/Vietnam/UT36250_1/2010": {"virus": "avian_flu", "date": "2010-03-05", "region": "southeast_asia", "country": "vietnam", "aa_muts": [], "nt_muts": []}, "A/duck/Lao/6/2010": {"virus": "avian_flu", "date": "2010-03-XX", "region": "southeast_asia", "country": "laos", "aa_muts": [], "nt_muts": []}, "A/wild_duck/Fujian/2/2011": {"virus": "avian_flu", "date": "2011-03-11", "region": "china", "country": "china", "aa_muts": [], "nt_muts": []}, "A/peregrine_falcon/Aomori/7/2011": {"virus": "avian_flu", "date": "2011-03-15", "region": "japan_korea", "country": "japan", "aa_muts": [], "nt_muts": []}, "A/chicken/Chiba/1/2011": {"virus": "avian_flu", "date": "2011-03-XX", "region": "japan_korea", "country": "japan", "aa_muts": [], "nt_muts": []}, "A/muscovy_duck/Vietnam/LBM335/2013": {"virus": "avian_flu", "date": "2013-01-07", "region": "southeast_asia", "country": "vietnam", "aa_muts": [{"HA": ["K135R"]}], "nt_muts": ["T90C", "A425G", "C585T", "A684G", "A699G", "C966T"]}, "A/chicken/Vietnam/NCVD_KA423/2013": {"virus": "avian_flu", "date": "2013-01-09", "region": "southeast_asia", "country": "vietnam", "aa_muts": [{"HA": ["I11V", "V14A", "N88D", "A99T", "N110S", "S139P", "D140G", "I167L", "N171D", "T175I", "K177T", "Q185K", "I190V", "T204I", "Q208K", "I214V", "V226I", "K228R", "K234R", "I235V", "S239R", "H256N", "N291S", "I298M", "R339I", "K341R", "I529T", "M549V"]}], "nt_muts": ["T39C", "A52G", "T62C", "T90C", "T99C", "C156T", "A171G", "A177G", "A258G", "A283G", "G316A", "A350G", "G372A", "G390A", "T399C", "G414A", "C420T", "T436C", "A440G", "C495A", "C498T", "A520C", "A532G", "C545T", "A551C", "C573T", "C574A", "A589G", "C632T", "C643A", "A661G", "G697A", "A704G", "C711T", "A722G", "A724G", "A736C", "C741A", "C787A", "A893G", "A912G", "A915G", "C927T", "T975C", "G1037T", "A1043G", "A1059G", "A1080T", "C1134T", "G1158A", "T1179C", "C1197T", "G1212A", "C1254A", "A1257G", "A1293G", "C1324T", "C1362A", "A1377G", "G1458A", "A1488G", "T1545C", "A1560G", "A1599G", "T1607C", "G1656T", "A1666G", "C1698T", "G1701T", "G1710A", "T1725C"]}, "A/duck/Vietnam/NCVD_2745/2013": {"virus": "avian_flu", "date": "2013-01-10", "region": "southeast_asia", "country": "vietnam", "aa_muts": [{"HA": ["A99T"]}], "nt_muts": ["G316A", "T586C", "A819G"]}, "A/chicken/Vietnam/NCVD14_A459/2014": {"virus": "avian_flu", "date": "2014-02-17", "region": "southeast_asia", "country": "vietnam", "aa_muts": [{"HA": ["L13I", "S157P", "N291S"]}], "nt_muts": ["C58A", "T117G", "A294G", "T490C", "T507C", "A893G", "G918A", "A1062G", "T1086C", "T1419C", "G1434A", "G1704T"]}, "A/duck/Egypt/17EG_BS1/2017": {"virus": "avian_flu", "date": "2017-03-18", "region": "africa", "country": "egypt", "aa_muts": [{"HA": ["R282K", "V285L", "G288S", "R293K", "K323R", "K326R", "R339G", "R344K"]}], "nt_muts": ["G846A", "A849G", "G866A", "A873G", "G874T", "G883A", "C894T", "G899A", "T930C", "A951C", "A969G", "T975C", "A989G", "A998G", "G1011T", "A1023G", "T1029C", "A1036G", "G1052A", "A1056G", "G1065A", "T1068C", "T1074C", "T1083C"]}, "A/duck/Bangladesh/34752/2018": {"virus": "avian_flu", "date": "2018-01-24", "region": "south_asia", "country": "bangladesh", "aa_muts": [{"HA": ["T10A", "I11T", "E30K", "D104G", "N110T", "I132V", "K135R", "S152P", "N156K", "A172T", "V273I", "K275Q", "R282K", "K462R", "N492D", "A512S"]}], "nt_muts": ["C10T", "C12T", "A49G", "T53C", "T78C", "G109A", "G213A", "A228G", "A246C", "A332G", "A350C", "A415G", "A425G", "T454C", "C465T", "T474C", "T475C", "T489G", "T507C", "G535A", "C603T", "T609C", "G621A", "A651G", "T660C", "G672A", "G690A", "T766C", "T801C", "T807C", "A822G", "G838A", "G843A", "A844C", "G866A", "T885A", "C888T", "C894T", "T903C", "T909C", "A912T", "C954T", "T957C", "G1041A", "C1063T", "T1083A", "A1107G", "G1128A", "T1182C", "C1206T", "G1221A", "T1242C", "G1245A", "A1266G", "G1284A", "A1299G", "C1323T", "T1341C", "T1347A", "A1406G", "C1410T", "T1443C", "C1461T", "C1464T", "A1495G", "C1533T", "G1539A", "G1555T", "G1572A", "A1584G", "A1590G", "C1618T", "G1641A", "A1737G"]}}