{"DENV1/VIETNAM/BIDV1862/2008": {"virus": "dengue", "date": "2008-XX-XX", "region": "southeast_asia", "country": "vietnam", "aa_muts": [], "nt_muts": []}, "DENV3/WALLIS_AND_FUTUNA/1404838/1989": {"virus": "dengue", "date": "1989-08-14", "region": "?", "country": "wallis_and_futuna", "aa_muts": [], "nt_muts": []}, "DENV/BRAZIL/SJRP778/2013": {"virus": "dengue", "date": "2013-02-04", "region": "south_america", "country": "brazil", "aa_muts": [{"E": ["V55I", "S338L", "I380V", "V428L", "V436I"]}], "nt_muts": ["C962T", "A995G", "T1004C", "G1079A", "G1101A", "A1220G", "T1253C", "C1262T", "C1274T", "A1280G", "T1397C", "T1481C", "A1505T", "G1532A", "T1533C", "C1601T", "C1644T", "T1658C", "G1679A", "A1706G", "T1728C", "A1778G", "C1899T", "T1928C", "T1950C", "C1951T", "C2006T", "C2018T", "C2054T", "A2076G", "T2177C", "A2192T", "T2207C", "G2220T", "G2244A", "C2249T", "C2334T", "G2366A"]}, "DENV3/VENEZUELA/L6700/2001": {"virus": "dengue", "date": "2001-XX-XX", "region": "south_america", "country": "venezuela", "aa_muts": [], "nt_muts": []}, "DENV1/VENEZUELA/BIDV2254/2005": {"virus": "dengue", "date": "2005-XX-XX", "region": "south_america", "country": "venezuela", "aa_muts": [], "nt_muts": []}, "DENV3/NICARAGUA/BIDV4829/2009": {"virus": "dengue", "date": "2009-XX-XX", "region": "north_america", "country": "nicaragua", "aa_muts": [], "nt_muts": []}, "DENV3/VIETNAM/BIDV1783/2007": {"virus": "dengue", "date": "2007-XX-XX", "region": "southeast_asia", "country": "vietnam", "aa_muts": [], "nt_muts": []}, "DENV1/MYANMAR/438266601/NA": {"virus": "dengue", "date": "?", "region": "southeast_asia", "country": "myanmar", "aa_muts": [], "nt_muts": []}, "DENV4/VENEZUELA/BIDV1156/2007": {"virus": "dengue", "date": "2007-XX-XX", "region": "south_america", "country": "venezuela", "aa_muts": [], "nt_muts": []}, "DENV1/MEXICO/18/2007": {"virus": "dengue", "date": "2007-XX-XX", "region": "europe", "country": "spain", "aa_muts": [], "nt_muts": []}, "DENV1/NEW_CALEDONIA/170256/2012": {"virus": "dengue", "date": "2012-02-17", "region": "oceania", "country": "new_caledonia", "aa_muts": [{"E": ["N8S", "N37D", "T155S", "V312L", "V324I", "D347N", "V439I", "I484L"]}], "nt_muts": ["A961G", "A965G", "A995T", "G1001A", "A1047G", "T1059C", "G1091A", "T1151C", "G1184A", "C1226T", "A1256G", "A1259C", "A1337G", "G1355A", "T1364C", "C1367T", "T1373C", "A1391G", "G1400A", "C1402G", "T1403C", "A1415G", "C1427T", "C1493T", "G1511A", "G1523A", "C1530T", "C1557T", "T1559A", "C1578T", "A1622G", "C1652G", "G1697A", "T1733C", "G1736A", "C1748T", "G1751A", "A1757T", "C1785T", "A1802G", "T1856C", "G1868A", "G1872T", "T1895C", "G1908A", "G1977A", "A2051G", "C2066T", "G2075A", "C2153T", "C2180A", "A2192C", "G2234T", "G2243A", "G2253A", "G2273A", "C2277T", "T2294C", "T2340C", "T2345C", "A2360C", "A2388C", "C2393A", "G2399A", "A2420G"]}, "DENV/PERU/FPU0574R/2012": {"virus": "dengue", "date": "2012-XX-XX", "region": "south_america", "country": "peru", "aa_muts": [{"E": ["V4I", "G7S", "T19S", "M23I", "K52Q", "I55T", "I65L", "S66T", "N81S", "K83N", "K89R", "R93K", "R94H", "T95S", "K118M", "M122K", "K124N", "V139I", "V141I", "V143P", "T145S", "D147E", "K148E", "T156G", "T160K", "T161E", "A162I", "T163K", "T168S", "P169S", "V173A", "K174E", "D177G", "A180T", "L181V", "L183M", "D184E", "K200Q", "K202E", "E203D", "T205A", "K210R", "T221L", "S227Q", "E228G", "A229S", "N232I", "T242N", "T272M", "E274S", "P277L", "M278L", "A280T", "K293Q", "T300S", "E309V", "M312I", "V322I", "K323R", "K325Q", "A329D", "A331S", "K340T", "V342L", "N346H", "A354V", "I357V", "D360E", "V379I", "I380V", "G383E", "E384P", "R385G", "A386Q", "K400Q", "T406M", "I425L", "M432I", "V436L", "T442A", "V443I", "M447A", "L462I", "M463I", "M477V", "T478S", "C479L", "I480V", "A481L", "V491A"]}], "nt_muts": ["A944C", "G948A", "G957T", "G958C", "C962T", "G974A", "A980G", "C983T", "C994G", "A995C", "C1001T", "G1007C", "A1010T", "C1011T", "C1028T", "C1031G", "A1034G", "C1037G", "G1079A", "G1091A", "A1092C", "T1102C", "C1103T", "A1109G", "A1112G", "C1118T", "T1121A", "C1127A", "A1130G", "A1131C", "A1133G", "T1134A", "A1136C", "C1145A", "A1155C", "A1157T", "T1160C", "A1172G", "A1180G", "G1184A", "A1187T", "A1193G", "A1204G", "C1215A", "G1216A", "G1219A", "A1220C", "A1221T", "C1244A", "C1250A", "A1268G", "C1274T", "A1283C", "A1291T", "C1295T", "T1301C", "T1303A", "G1304A", "A1310C", "A1325C", "C1328A", "A1331G", "T1334A", "C1340T", "A1352C", "G1353A", "G1355C", "A1358G", "G1359A", "G1365C", "T1366C", "C1367T", "A1371T", "T1373A", "C1379A", "A1380G", "A1388T", "A1394T", "A1404G", "C1405G", "A1409G", "C1417A", "A1419G", "C1420A", "G1422A", "C1423T", "C1426A", "C1436A", "C1441G", "C1443T", "G1448C", "T1456C", "A1458G", "A1468G", "A1475C", "G1476A", "C1479G", "A1484G", "C1485A", "T1490G", "A1496C", "C1499G", "A1505G", "A1508C", "A1536C", "A1538G", "A1542G", "A1547C", "A1551G", "A1553T", "T1559G", "A1567G", "T1577C", "A1589G", "C1590T", "A1599C", "C1600T", "A1604C", "A1610G", "T1617C", "C1618A", "A1621G", "G1623T", "A1633T", "C1634A", "A1637G", "C1647T", "A1655T", "T1658C", "G1661A", "C1663A", "T1667C", "T1670C", "A1688C", "C1691T", "G1694C", "C1695T", "G1697A", "A1700G", "A1712G", "T1724G", "T1733A", "C1739T", "C1753T", "G1758T", "A1759C", "C1767T", "C1768T", "A1770C", "T1775C", "G1776A", "A1778G", "A1796G", "A1799G", "G1814A", "A1815C", "A1817G", "A1836T", "G1838T", "A1864T", "G1874A", "G1886A", "A1901T", "G1902A", "G1904C", "A1906G", "C1910A", "A1911C", "A1922G", "C1924A", "G1929T", "A1957C", "G1962T", "A1974C", "C1980T", "C1994T", "C1999T", "C2006A", "A2007G", "T2012A", "C2018A", "C2054A", "T2057C", "C2066T", "G2073A", "G2075C", "A2076G", "G2086A", "A2087G", "G2088C", "A2089C", "A2091G", "G2094C", "C2095A", "C2114T", "A2120G", "A2136C", "C2155T", "C2156G", "A2168G", "C2180T", "C2181T", "T2207A", "A2211C", "A2213G", "C2225T", "G2234A", "G2244C", "A2246C", "C2249T", "G2252A", "T2258C", "A2262G", "T2264A", "G2265A", "A2267C", "A2277G", "T2278C", "G2279T", "C2285T", "A2288G", "C2300T", "A2312C", "G2318A", "C2322A", "A2324C", "G2327C", "A2349C", "G2351T", "C2366T", "A2367G", "A2370T", "T2373C", "G2374T", "C2375A", "A2376G", "G2379T", "C2380T", "A2381G", "T2384G", "A2390C", "C2393G", "T2410C", "C2411T", "T2417G", "A2420G", "G2423T"]}, "DENV1/CHINA/FJ216/2014": {"virus": "dengue", "date": "2014-XX-XX", "region": "china", "country": "china", "aa_muts": [{"E": ["Q248H", "M297V", "F337I", "K344E"]}], "nt_muts": ["C1028T", "A1046G", "C1049T", "C1104T", "C1178T", "G1223A", "C1250T", "A1265G", "A1268G", "C1275T", "C1295T", "C1313T", "A1352G", "C1379T", "T1445C", "C1466T", "C1590T", "A1607G", "C1619T", "G1682C", "G1694A", "A1700G", "A1766G", "T1772C", "T1775C", "C1808T", "A1827G", "T1898C", "C1916T", "C1943T", "T1946A", "T1947A", "G1952A", "A1968G", "T2000C", "G2042A", "A2084G", "A2150C", "A2165G", "T2210C", "A2219G", "G2228A", "T2264C", "T2276C", "G2336A", "A2342G", "T2363C"]}, "DENV1/VIETNAM/QUYNHON138020JUN/2009": {"virus": "dengue", "date": "2009-XX-XX", "region": "southeast_asia", "country": "vietnam", "aa_muts": [], "nt_muts": []}, "DENV4/INDONESIA/JMB005/2014": {"virus": "dengue", "date": "2014-XX-XX", "region": "southeast_asia", "country": "indonesia", "aa_muts": [{"E": ["L64S", "S120L", "T222A", "A354S", "I455V"]}], "nt_muts": ["A953G", "A959G", "A980G", "A986G", "C1043T", "C1088T", "T1129C", "G1184C", "G1196A", "T1217G", "A1238G", "T1247C", "C1256T", "T1286C", "C1295T", "T1296C", "C1297T", "T1301C", "C1349T", "A1352T", "G1355A", "C1379T", "A1454G", "C1457T", "C1461T", "T1505C", "A1553G", "G1568A", "G1586A", "A1602G", "T1613C", "C1637T", "T1658C", "A1709G", "T1733C", "C1751T", "C1754T", "C1802T", "C1820T", "T1844C", "T1856C", "T1922C", "T1991C", "G1998T", "T2024C", "C2054T", "C2063T", "C2090T", "C2093T", "A2096G", "C2097T", "T2108C", "G2117A", "T2126C", "C2210T", "A2301G", "G2327A", "T2328C", "G2351A", "C2366A", "G2405A", "C2408T", "G2414A", "G2423A"]}, "DENV2/CAMBODIA/BIDV2062/2007": {"virus": "dengue", "date": "2007-XX-XX", "region": "southeast_asia", "country": "cambodia", "aa_muts": [], "nt_muts": []}, "DENV1/USA/DB081/2010": {"virus": "dengue", "date": "2010-XX-XX", "region": "north_america", "country": "usa", "aa_muts": [], "nt_muts": []}, "DENV2/SINGAPORE/DED456/2008": {"virus": "dengue", "date": "2008-XX-XX", "region": "southeast_asia", "country": "singapore", "aa_muts": [], "nt_muts": []}, "DENV2/SINGAPORE/95/2009": {"virus": "dengue", "date": "2009-XX-XX", "region": "southeast_asia", "country": "singapore", "aa_muts": [], "nt_muts": []}, "DENV4/BRAZIL/GUSP0316/2013": {"virus": "dengue", "date": "2013-03-03", "region": "south_america", "country": "brazil", "aa_muts": [{"E": ["L122S", "I335V", "F357L", "D384N"]}], "nt_muts": ["T1004C", "C1145T", "A1148G", "C1223T", "C1232T", "A1259G", "T1303C", "A1337G", "C1385T", "A1415G", "G1418T", "A1451T", "A1502G", "G1532A", "T1559C", "C1565T", "C1583T", "A1592T", "A1601G", "A1622G", "T1628C", "A1706G", "A1871G", "A1941G", "G1964A", "T2000C", "C2009G", "C2027T", "G2088A", "A2123G", "A2171C", "A2246G", "A2330G", "T2345C", "A2387G", "C2402T", "C2403T"]}, "DENV2/THAILAND/NHP14/1993": {"virus": "dengue", "date": "1993-XX-XX", "region": "southeast_asia", "country": "thailand", "aa_muts": [], "nt_muts": []}, "DENV2/THAILAND/BIDV2309/2001": {"virus": "dengue", "date": "2001-XX-XX", "region": "southeast_asia", "country": "thailand", "aa_muts": [], "nt_muts": []}, "DENV1/PARAGUAY/LM54/2011": {"virus": "dengue", "date": "2011-XX-XX", "region": "south_america", "country": "paraguay", "aa_muts": [], "nt_muts": []}, "DENV2/THAILAND/0307/1983": {"virus": "dengue", "date": "1983-XX-XX", "region": "southeast_asia", "country": "thailand", "aa_muts": [], "nt_muts": []}, "DENV4/NA/LD32GZ1990/NA": {"virus": "dengue", "date": "?", "region": "?", "country": "?", "aa_muts": [], "nt_muts": []}, "DENV3/PAKISTAN/E52/2011": {"virus": "dengue", "date": "2011-08-XX", "region": "west_asia", "country": "pakistan", "aa_muts": [], "nt_muts": []}, "DENV2/VENEZUELA/15957/NA": {"virus": "dengue", "date": "?", "region": "south_america", "country": "venezuela", "aa_muts": [], "nt_muts": []}, "DENV2/THAILAND/30964/2001": {"virus": "dengue", "date": "2001-XX-XX", "region": "southeast_asia", "country": "thailand", "aa_muts": [], "nt_muts": []}, "DENV2/SINGAPORE/0778/2009": {"virus": "dengue", "date": "2009-XX-XX", "region": "southeast_asia", "country": "singapore", "aa_muts": [], "nt_muts": []}, "DENV3/VIETNAM/07ATW/2009": {"virus": "dengue", "date": "2009-XX-XX", "region": "southeast_asia", "country": "vietnam", "aa_muts": [], "nt_muts": []}, "DENV3/CHINA/07CHLS001/2008": {"virus": "dengue", "date": "2008-XX-XX", "region": "china", "country": "china", "aa_muts": [], "nt_muts": []}, "DENV3/NICARAGUA/BIDV4856/2009": {"virus": "dengue", "date": "2009-XX-XX", "region": "north_america", "country": "nicaragua", "aa_muts": [], "nt_muts": []}, "DENV1/THAILAND/AILANDKPPKDV06233KT02435V/2006": {"virus": "dengue", "date": "2006-XX-XX", "region": "southeast_asia", "country": "thailand", "aa_muts": [], "nt_muts": []}, "DENV3/VENEZUELA/BIDV2479/2007": {"virus": "dengue", "date": "2007-XX-XX", "region": "south_america", "country": "venezuela", "aa_muts": [], "nt_muts": []}, "DENV2/THAILAND/AILANDKPPKDS01228NC06SCHOLS11/2004": {"virus": "dengue", "date": "2004-XX-XX", "region": "southeast_asia", "country": "thailand", "aa_muts": [], "nt_muts": []}, "DENV1/NICARAGUA/BIDV602/2005": {"virus": "dengue", "date": "2005-XX-XX", "region": "north_america", "country": "nicaragua", "aa_muts": [], "nt_muts": []}, "DENV4/THAILAND/033393/NA": {"virus": "dengue", "date": "?", "region": "southeast_asia", "country": "thailand", "aa_muts": [], "nt_muts": []}, "DENV1/MYANMAR/MOS0592101/NA": {"virus": "dengue", "date": "?", "region": "southeast_asia", "country": "myanmar", "aa_muts": [], "nt_muts": []}, "DENV2/VIETNAM/BIDV715/2006": {"virus": "dengue", "date": "2006-XX-XX", "region": "southeast_asia", "country": "vietnam", "aa_muts": [], "nt_muts": []}, "DENV3/ARUBA/ARU1/1999": {"virus": "dengue", "date": "1999-XX-XX", "region": "south_america", "country": "aruba", "aa_muts": [], "nt_muts": []}, "DENV1/INDONESIA/01ATW/2009": {"virus": "dengue", "date": "2009-XX-XX", "region": "southeast_asia", "country": "indonesia", "aa_muts": [], "nt_muts": []}, "DENV1/SINGAPORE/DED1459/2008": {"virus": "dengue", "date": "2008-XX-XX", "region": "southeast_asia", "country": "singapore", "aa_muts": [], "nt_muts": []}, "DENV1/VENEZUELA/BIDV3561/2006": {"virus": "dengue", "date": "2006-XX-XX", "region": "south_america", "country": "venezuela", "aa_muts": [], "nt_muts": []}, "DENV1/FRENCH_POLYNESIA/FP895103/NA": {"virus": "dengue", "date": "?", "region": "oceania", "country": "french_polynesia", "aa_muts": [], "nt_muts": []}, "DENV1/NA/4642CAMPECHE95/NA": {"virus": "dengue", "date": "?", "region": "?", "country": "?", "aa_muts": [], "nt_muts": []}, "DENV1/VIETNAM/VIETM10DX2318013000MG48HRS/NA": {"virus": "dengue", "date": "?", "region": "southeast_asia", "country": "vietnam", "aa_muts": [], "nt_muts": []}, "DENV1/TAIWAN/832/1994": {"virus": "dengue", "date": "1994-XX-XX", "region": "china", "country": "taiwan", "aa_muts": [], "nt_muts": []}, "DENV4/INDONESIA/08ATW/2009": {"virus": "dengue", "date": "2009-XX-XX", "region": "southeast_asia", "country": "indonesia", "aa_muts": [], "nt_muts": []}, "DENV3/THAILAND/0006/1997": {"virus": "dengue", "date": "1997-XX-XX", "region": "southeast_asia", "country": "thailand", "aa_muts": [], "nt_muts": []}, "DENV1/VIETNAM/BIDV935/2006": {"virus": "dengue", "date": "2006-XX-XX", "region": "southeast_asia", "country": "vietnam", "aa_muts": [], "nt_muts": []}}