{"A/Perth/16/2009": {"virus": "flu", "date": "2009-04-07", "region": "oceania", "country": "australia", "aa_muts": [], "nt_muts": []}, "A/Brisbane/10/2007": {"virus": "flu", "date": "2007-XX-XX", "region": "oceania", "country": "australia", "aa_muts": [], "nt_muts": []}, "A/Wisconsin/67/2005": {"virus": "flu", "date": "2005-XX-XX", "region": "north_america", "country": "usa", "aa_muts": [], "nt_muts": []}, "A/Delhi/1720/2013": {"virus": "flu", "date": "2013-02-20", "region": "south_asia", "country": "india", "aa_muts": [{"NA": ["V263I"]}], "nt_muts": ["G633A", "A735G", "G790A", "A831G", "T840C"]}, "A/SaudiArabia/6/2014": {"virus": "flu", "date": "2014-10-02", "region": "west_asia", "country": "saudi_arabia", "aa_muts": [{"NA": ["K128R", "K221D", "I392T", "I397L"]}], "nt_muts": ["C69T", "C87T", "A386G", "A522G", "C624T", "A664G", "A666T", "C669T", "A891G", "T1178C", "A1192T", "G1212A", "C1257A", "G1281A"]}, "A/Peru/PER272/2010": {"virus": "flu", "date": "2010-10-16", "region": "south_america", "country": "peru", "aa_muts": [], "nt_muts": []}, "A/Hyogo/10K034/2011": {"virus": "flu", "date": "2011-01-17", "region": "japan_korea", "country": "japan", "aa_muts": [], "nt_muts": []}, "A/CzechRepublic/119/2012": {"virus": "flu", "date": "2012-02-28", "region": "europe", "country": "czech_republic", "aa_muts": [{"NA": ["H184Y", "V317L"]}], "nt_muts": ["C429T", "A438G", "C475T", "G492A", "C553T", "A831G", "T942C", "G952T", "T1284C"]}, "A/Tehran/1219/2012": {"virus": "flu", "date": "2012-01-28", "region": "west_asia", "country": "iran", "aa_muts": [{"NA": ["Q39H", "E425D", "L464I"]}], "nt_muts": ["A120C", "A270G", "T1023C", "C1155A", "G1278C", "C1393A"]}, "A/Helsinki/942/2013": {"virus": "flu", "date": "2013-02-27", "region": "europe", "country": "finland", "aa_muts": [{"NA": ["V215I", "V216G", "T265I"]}], "nt_muts": ["G646A", "T650G", "T699C", "C797T", "T798C"]}}