{"Arizona.USA/11.08/2": {"virus": "measles", "date": "2008-03-11", "region": "north_america", "country": "usa", "aa_muts": [], "nt_muts": []}, "London.GBR/3.14/2/B3": {"virus": "measles", "date": "2014-01-XX", "region": "europe", "country": "united_kingdom", "aa_muts": [{"H": ["A359T"]}, {"L": ["Q47H", "K1704R"]}], "nt_muts": ["G1622A", "T3394G", "C3668T", "A4127G", "T4987C", "G8345A", "G9374C", "T13829C", "A14344G", "T14639C", "A14804G", "G15497A"]}, "London.GBR/3.14/3/B3": {"virus": "measles", "date": "2014-01-XX", "region": "europe", "country": "united_kingdom", "aa_muts": [{"M": ["E210G"]}], "nt_muts": ["A4066G", "G4545A"]}, "Roraima.BRA/31.18/D8": {"virus": "measles", "date": "2018-08-04", "region": "south_america", "country": "brazil", "aa_muts": [{"F": ["Q527R"]}, {"H": ["H301N"]}, {"L": ["K50T", "I150V", "S2089N"]}], "nt_muts": ["T881C", "A1802G", "T3431C", "C4016T", "G4199A", "C4706T", "C4761T", "A4843G", "A5070C", "C5279T", "C5336T", "T5370C", "T6807C", "G6885A", "T6924C", "A7037G", "A7199G", "A7228G", "A7261C", "C8171A", "G8239A", "A9137G", "A9382C", "A9681G", "C9710T", "C9962T", "T10524C", "G11516A", "T11696C", "T11945C", "T12650C", "T13422C", "G14132A", "G15499A"]}, "Ancona.ITA/45.17/1/D8": {"virus": "measles", "date": "2017-11-XX", "region": "europe", "country": "italy", "aa_muts": [{"C": ["N7D"]}, {"F": ["A174T", "I265V"]}, {"H": ["S247L"]}, {"M": ["K204E", "N326K"]}, {"P": ["E14G", "A495V"]}, {"V": ["E14G"]}], "nt_muts": ["G1547A", "A1847G", "C3290T", "A4047G", "T4415G", "G4878C", "C4896T", "A4908G", "G4953A", "G5071A", "G5977A", "A6250G", "C7774T", "C8010T", "C8819T", "A9140G", "C10445T", "G10571A", "T11363C", "G11927A", "C12914T", "T15269G"]}, "Zhejiang.CHN/12.09/1/H1": {"virus": "measles", "date": "2009-03-18", "region": "china", "country": "china", "aa_muts": [], "nt_muts": []}, "Shanghai-191": {"virus": "measles", "date": "?", "region": "china", "country": "china", "aa_muts": [], "nt_muts": []}, "New_Jersey.USA/45.05": {"virus": "measles", "date": "2005-11-05", "region": "north_america", "country": "usa", "aa_muts": [], "nt_muts": []}, "Gambia/1993": {"virus": "measles", "date": "1993-XX-XX", "region": "africa", "country": "gambia", "aa_muts": [], "nt_muts": []}, "London.GBR/3.14/B3": {"virus": "measles", "date": "2014-01-XX", "region": "europe", "country": "united_kingdom", "aa_muts": [], "nt_muts": ["C14447T"]}, "London.GBR/4.14/2/B3": {"virus": "measles", "date": "2014-01-XX", "region": "europe", "country": "united_kingdom", "aa_muts": [{"L": ["A718S", "N1582D", "T1624A"]}], "nt_muts": ["G2715A", "A3429G", "C4016T", "C4556T", "G11385T", "G13880A", "A13977G", "A14103G"]}, "T11": {"virus": "measles", "date": "1989-XX-XX", "region": "japan_korea", "country": "japan", "aa_muts": [], "nt_muts": []}, "Paris.FRA/18.11/D4": {"virus": "measles", "date": "2011-05-03", "region": "europe", "country": "france", "aa_muts": [], "nt_muts": []}, "Teeside.GBR/16.13/6/D8": {"virus": "measles", "date": "2013-04-XX", "region": "europe", "country": "united_kingdom", "aa_muts": [], "nt_muts": ["A5382T"]}, "Zhejiang.CHN/12.08/1/H1": {"virus": "measles", "date": "2008-03-20", "region": "china", "country": "china", "aa_muts": [], "nt_muts": []}, "London.GBR/20.11/2/D4": {"virus": "measles", "date": "2011-05-XX", "region": "europe", "country": "united_kingdom", "aa_muts": [], "nt_muts": []}, "Derby.GBR/47.12/D8": {"virus": "measles", "date": "2012-11-XX", "region": "europe", "country": "united_kingdom", "aa_muts": [{"F": ["I467V"]}, {"H": ["T372A"]}, {"L": ["S2076N"]}], "nt_muts": ["A6856G", "A8384G", "G15460A"]}, "Swansea.GBR/16.13/5/D8": {"virus": "measles", "date": "2013-04-XX", "region": "europe", "country": "united_kingdom", "aa_muts": [], "nt_muts": ["A4776G", "T6513C", "C11090T"]}, "9301V": {"virus": "measles", "date": "?", "region": "?", "country": "?", "aa_muts": [], "nt_muts": []}, "Swansea.GBR/16.13/2/D8": {"virus": "measles", "date": "2013-04-XX", "region": "europe", "country": "united_kingdom", "aa_muts": [], "nt_muts": ["G4627A"]}}