{"HCoV_OC43/Yamagata.JPN/10.2009_0762": {"virus": "seasonal_corona", "date": "2009-03-XX", "region": "?", "country": "japan", "aa_muts": [], "nt_muts": []}, "HCoV_OC43/Yamagata.JPN/05.2015_0228": {"virus": "seasonal_corona", "date": "2015-01-XX", "region": "?", "country": "japan", "aa_muts": [], "nt_muts": []}, "HCoV_OC43/Yamagata.JPN/25.16_1044": {"virus": "seasonal_corona", "date": "2016-06-XX", "region": "?", "country": "japan", "aa_muts": [], "nt_muts": []}, "OC43/SLO/44656/2014": {"virus": "seasonal_corona", "date": "2014-04-22", "region": "?", "country": "slovenia", "aa_muts": [], "nt_muts": []}, "HCoV_OC43/Yamagata.JPN/05.15_0234": {"virus": "seasonal_corona", "date": "2015-01-XX", "region": "?", "country": "japan", "aa_muts": [], "nt_muts": []}, "HCoV_OC43/Seattle/USA/SC0776/2019": {"virus": "seasonal_corona", "date": "2019-XX-XX", "region": "?", "country": "usa", "aa_muts": [{"N": ["V60I"]}, {"S": ["S262P", "S510F"]}], "nt_muts": ["A582G", "C2187T", "A3743C", "G6225A", "T10824C", "T11508A", "C17027T", "T23305C", "C23979T", "T24427C", "C25172T", "C27809G", "G29281A"]}, "HCoV_OC43/Yamagata.JPN/07.2017_0314": {"virus": "seasonal_corona", "date": "2017-02-XX", "region": "?", "country": "japan", "aa_muts": [], "nt_muts": []}, "OC43/SLO/41165/2014": {"virus": "seasonal_corona", "date": "2014-01-27", "region": "?", "country": "slovenia", "aa_muts": [], "nt_muts": []}, "HCoV_OC43/Yamagata.JPN/48.2010_2644": {"virus": "seasonal_corona", "date": "2010-12-XX", "region": "?", "country": "japan", "aa_muts": [], "nt_muts": []}, "HCoV_OC43/Yamagata.JPN/04.2015_0158": {"virus": "seasonal_corona", "date": "2015-01-XX", "region": "?", "country": "japan", "aa_muts": [], "nt_muts": []}, "HCoV_OC43/Seattle/USA/SC2730/2015": {"virus": "seasonal_corona", "date": "2015-XX-XX", "region": "?", "country": "usa", "aa_muts": [{"N": ["A208T"]}, {"S": ["N662S"]}], "nt_muts": ["A513G", "C1428T", "C4359T", "C5556T", "T17225C", "C19018T", "C21053T", "A25628G", "T25644C", "C27775T", "T28077C", "G29725A"]}, "HCoV_OC43/Yamagata.JPN/27.16_1096": {"virus": "seasonal_corona", "date": "2016-07-XX", "region": "?", "country": "japan", "aa_muts": [{"S": ["Q580L"]}], "nt_muts": ["A25382T"]}, "HCoV_OC43/Yamagata.JPN/43.2010_2385": {"virus": "seasonal_corona", "date": "2010-10-XX", "region": "?", "country": "japan", "aa_muts": [], "nt_muts": []}, "HCoV_OC43/Yamagata.JPN/07.2015_0424": {"virus": "seasonal_corona", "date": "2015-02-XX", "region": "?", "country": "japan", "aa_muts": [], "nt_muts": []}, "HCoV_OC43/Yamagata.JPN/46.2010_2538": {"virus": "seasonal_corona", "date": "2010-11-XX", "region": "?", "country": "japan", "aa_muts": [], "nt_muts": []}, "HCoV_OC43/Yamagata.JPN/51.2017_2650": {"virus": "seasonal_corona", "date": "2017-12-XX", "region": "?", "country": "japan", "aa_muts": [], "nt_muts": []}, "HCoV_OC43/Yamagata.JPN/46.2010_2510": {"virus": "seasonal_corona", "date": "2010-11-XX", "region": "?", "country": "japan", "aa_muts": [], "nt_muts": []}, "HCoV_OC43/Yamagata.JPN/05.2015_0236": {"virus": "seasonal_corona", "date": "2015-01-XX", "region": "?", "country": "japan", "aa_muts": [], "nt_muts": []}, "HCoV_OC43/Yamagata.JPN/14.16_0684": {"virus": "seasonal_corona", "date": "2016-04-XX", "region": "?", "country": "japan", "aa_muts": [], "nt_muts": []}, "HCoV_OC43/Yamagata.JPN/11.16_0552": {"virus": "seasonal_corona", "date": "2016-03-XX", "region": "?", "country": "japan", "aa_muts": [], "nt_muts": ["T24901C"]}, "HCoV_OC43/Yamagata.JPN/06.2015_0294": {"virus": "seasonal_corona", "date": "2015-02-XX", "region": "?", "country": "japan", "aa_muts": [], "nt_muts": []}, "HCoV_OC43/Yamagata.JPN/06.2015_0303": {"virus": "seasonal_corona", "date": "2015-02-XX", "region": "?", "country": "japan", "aa_muts": [], "nt_muts": []}, "OC43/human/USA/912_10/1991": {"virus": "seasonal_corona", "date": "1991-02-07", "region": "?", "country": "usa", "aa_muts": [], "nt_muts": []}, "HCoV_OC43/Yamagata.JPN/05.2014_0285": {"virus": "seasonal_corona", "date": "2014-01-XX", "region": "?", "country": "japan", "aa_muts": [], "nt_muts": []}, "HCoV_OC43/Yamagata.JPN/24.16_1002": {"virus": "seasonal_corona", "date": "2016-06-XX", "region": "?", "country": "japan", "aa_muts": [], "nt_muts": []}, "HCoV_OC43/Yamagata.JPN/39.2010_2197": {"virus": "seasonal_corona", "date": "2010-10-XX", "region": "?", "country": "japan", "aa_muts": [], "nt_muts": []}, "HCoV_OC43/Yamagata.JPN/11.2017_0634": {"virus": "seasonal_corona", "date": "2017-03-XX", "region": "?", "country": "japan", "aa_muts": [{"S": ["A492T"]}], "nt_muts": ["G24411A", "G24696A", "G25117A"]}, "OC43/human/USA/913_29/1991": {"virus": "seasonal_corona", "date": "1991-03-14", "region": "?", "country": "usa", "aa_muts": [], "nt_muts": []}, "HCoV_OC43/Yamagata.JPN/04.2015_0159": {"virus": "seasonal_corona", "date": "2015-01-XX", "region": "?", "country": "japan", "aa_muts": [], "nt_muts": []}, "OC43/human/USA/872_5/1987": {"virus": "seasonal_corona", "date": "1987-02-10", "region": "?", "country": "usa", "aa_muts": [], "nt_muts": []}, "HCoV_OC43/Yamagata.JPN/07.2017_0306": {"virus": "seasonal_corona", "date": "2017-02-XX", "region": "?", "country": "japan", "aa_muts": [], "nt_muts": []}, "HCoV_OC43/Yamagata.JPN/03.2015_0093": {"virus": "seasonal_corona", "date": "2015-01-XX", "region": "?", "country": "japan", "aa_muts": [], "nt_muts": []}, "HCoV_OC43/Yamagata.JPN/43.2010_2412": {"virus": "seasonal_corona", "date": "2010-10-XX", "region": "?", "country": "japan", "aa_muts": [], "nt_muts": []}, "HCoV_OC43/Yamagata.JPN/03.2015_0088": {"virus": "seasonal_corona", "date": "2015-01-XX", "region": "?", "country": "japan", "aa_muts": [], "nt_muts": []}, "OC43/human/USA/901_33/1990": {"virus": "seasonal_corona", "date": "1990-01-16", "region": "?", "country": "usa", "aa_muts": [], "nt_muts": []}, "HCoV_OC43/Seattle/USA/SC9428/2018": {"virus": "seasonal_corona", "date": "2019-XX-XX", "region": "?", "country": "usa", "aa_muts": [{"HE": ["V48G", "Y150H", "V188L", "H220Y", "S221T", "D388H"]}, {"N": ["G56R", "H399P"]}, {"NS2": ["F27S", "R52K"]}, {"S": ["L478F", "P574L", "E803D"]}], "nt_muts": ["C2353T", "G2577T", "G3525C", "G4644T", "C5616T", "G6060A", "C7221T", "C7499T", "C7591T", "C8901T", "A9294T", "C11133T", "G14168A", "C16445T", "G17867A", "C21060T", "G21914A", "C22025T", "T22459C", "T22497G", "C22591T", "T22802C", "T22861C", "T22864C", "G22916C", "C23012T", "G23016C", "G23516C", "C24015T", "C24208T", "T24471C", "C25075T", "C25364T", "G26052T", "A26679G", "T26946C", "C27733T", "T27896C", "G27971A", "C28080T", "T28306C", "C28842T", "G29269A", "G29919A", "A30299C"]}, "OC43/human/USA/873_19/1987": {"virus": "seasonal_corona", "date": "1987-03-17", "region": "?", "country": "usa", "aa_muts": [], "nt_muts": []}, "HCoV_OC43/Yamagata.JPN/20.16_0885": {"virus": "seasonal_corona", "date": "2016-05-XX", "region": "?", "country": "japan", "aa_muts": [], "nt_muts": []}, "HCoV_OC43/Yamagata.JPN/07.2015_0417": {"virus": "seasonal_corona", "date": "2015-02-XX", "region": "?", "country": "japan", "aa_muts": [], "nt_muts": []}, "HCoV_OC43/Yamagata.JPN/07.2017_0361": {"virus": "seasonal_corona", "date": "2017-02-XX", "region": "?", "country": "japan", "aa_muts": [], "nt_muts": []}, "HCoV_OC43/Yamagata.JPN/05.2015_0216": {"virus": "seasonal_corona", "date": "2015-01-XX", "region": "?", "country": "japan", "aa_muts": [], "nt_muts": []}, "OC43/human/USA/901_54/1990": {"virus": "seasonal_corona", "date": "1990-01-23", "region": "?", "country": "usa", "aa_muts": [], "nt_muts": []}, "HCoV_OC43/Yamagata.JPN/09.2011_0752": {"virus": "seasonal_corona", "date": "2011-03-XX", "region": "?", "country": "japan", "aa_muts": [], "nt_muts": []}, "sloOC43_1": {"virus": "seasonal_corona", "date": "2011-02-10", "region": "?", "country": "slovenia", "aa_muts": [], "nt_muts": []}, "HCoV_OC43/Yamagata.JPN/09.2017_0410": {"virus": "seasonal_corona", "date": "2017-02-XX", "region": "?", "country": "japan", "aa_muts": [{"S": ["P35L", "S37P", "T90K", "F115V", "I177S", "F539L"]}], "nt_muts": ["C23747T", "T23752C", "T23778C", "C23912A", "T23986G", "T24173G", "C24237T", "A24642G", "T24897C", "T25071C", "G25137T", "T25258C", "T25872C"]}, "HCoV_OC43/Yamagata.JPN/03.2015_0134": {"virus": "seasonal_corona", "date": "2015-01-XX", "region": "?", "country": "japan", "aa_muts": [], "nt_muts": []}, "HCoV_OC43/FRA_EPI/Caen/2010/12": {"virus": "seasonal_corona", "date": "2010-12-17", "region": "?", "country": "france", "aa_muts": [], "nt_muts": []}, "HCoV_OC43/Yamagata.JPN/46.2012_2185": {"virus": "seasonal_corona", "date": "2012-11-XX", "region": "?", "country": "japan", "aa_muts": [{"S": ["Y173H", "S525Y", "S550T"]}], "nt_muts": ["C23856T", "T23902C", "T24160C", "C24186T", "T24897C", "C25217A", "T25291A"]}, "OC43/human/USA/008_5/2000": {"virus": "seasonal_corona", "date": "2000-08-08", "region": "?", "country": "usa", "aa_muts": [], "nt_muts": []}, "HCoV_OC43/Yamagata.JPN/20.2017_1370": {"virus": "seasonal_corona", "date": "2017-05-XX", "region": "?", "country": "japan", "aa_muts": [], "nt_muts": []}, "OC43/human/USA/965_6/1996": {"virus": "seasonal_corona", "date": "1996-05-10", "region": "?", "country": "usa", "aa_muts": [], "nt_muts": []}, "HCoV_OC43/Seattle/USA/SC9430/2018": {"virus": "seasonal_corona", "date": "2019-XX-XX", "region": "?", "country": "usa", "aa_muts": [{"HE": ["Y223F", "D423Y"]}, {"S": ["S468A"]}], "nt_muts": ["G618T", "T1057C", "C1634T", "T4716G", "A6269C", "G17867A", "G22594A", "A23022T", "G23621T", "T24858C", "T25045G"]}, "HCoV_OC43/Yamagata.JPN/06.2015_0290": {"virus": "seasonal_corona", "date": "2015-02-XX", "region": "?", "country": "japan", "aa_muts": [], "nt_muts": []}, "HCoV_OC43/Yamagata.JPN/05.2015_0225": {"virus": "seasonal_corona", "date": "2015-01-XX", "region": "?", "country": "japan", "aa_muts": [], "nt_muts": []}, "HCoV_OC43/USA/ACRI_0213/2016": {"virus": "seasonal_corona", "date": "2016-12-19", "region": "?", "country": "usa", "aa_muts": [], "nt_muts": ["G417T", "T619G", "C6705T", "T30273C"]}, "HCoV_OC43/Yamagata.JPN/06.2014_0296": {"virus": "seasonal_corona", "date": "2014-02-XX", "region": "?", "country": "japan", "aa_muts": [], "nt_muts": []}, "HCoV_OC43/USA/TCNP_00212/2017": {"virus": "seasonal_corona", "date": "2017-01-17", "region": "?", "country": "usa", "aa_muts": [{"N2": ["R46Q"]}], "nt_muts": ["C70T", "C2135T", "T5706C", "G12249A", "A13495G", "T15401C", "T19826C", "C21335T", "G29577A"]}, "HCoV_OC43/Yamagata.JPN/04.2015_0147": {"virus": "seasonal_corona", "date": "2015-01-XX", "region": "?", "country": "japan", "aa_muts": [], "nt_muts": []}, "HCoV_OC43/Yamagata.JPN/07.2015_0425": {"virus": "seasonal_corona", "date": "2015-02-XX", "region": "?", "country": "japan", "aa_muts": [], "nt_muts": []}, "HCoV_OC43/Yamagata.JPN/11.2015_0604": {"virus": "seasonal_corona", "date": "2015-03-XX", "region": "?", "country": "japan", "aa_muts": [], "nt_muts": []}, "HCoV_OC43/Yamagata.JPN/24.16_1005": {"virus": "seasonal_corona", "date": "2016-06-XX", "region": "?", "country": "japan", "aa_muts": [], "nt_muts": []}, "HCoV_OC43/Yamagata.JPN/06.2017_0300": {"virus": "seasonal_corona", "date": "2017-02-XX", "region": "?", "country": "japan", "aa_muts": [{"S": ["P262L"]}], "nt_muts": ["C24428T", "C25359T", "T25896C"]}, "OC43/human/USA/901_41/1990": {"virus": "seasonal_corona", "date": "1990-01-17", "region": "?", "country": "usa", "aa_muts": [], "nt_muts": []}, "HCoV_OC43/Yamagata.JPN/06.15_0350": {"virus": "seasonal_corona", "date": "2015-02-XX", "region": "?", "country": "japan", "aa_muts": [], "nt_muts": []}, "HCoV_OC43/Yamagata.JPN/46.2010_2512": {"virus": "seasonal_corona", "date": "2010-11-XX", "region": "?", "country": "japan", "aa_muts": [], "nt_muts": []}, "HCoV_OC43/Seattle/USA/SC2269/2016": {"virus": "seasonal_corona", "date": "2016-XX-XX", "region": "?", "country": "usa", "aa_muts": [{"S": ["P1257L"]}], "nt_muts": ["C1241T", "C2600T", "G4953T", "T6198C", "A6222G", "G10155A", "T11163C", "T24651C", "T24709C", "C24873T", "C27413T"]}, "OC43/SLO/62794/2016": {"virus": "seasonal_corona", "date": "2016-02-05", "region": "?", "country": "slovenia", "aa_muts": [], "nt_muts": []}, "HCoV_OC43/Yamagata.JPN/05.2015_0284": {"virus": "seasonal_corona", "date": "2015-01-XX", "region": "?", "country": "japan", "aa_muts": [], "nt_muts": []}, "HCoV_OC43/Yamagata.JPN/02.15_0022": {"virus": "seasonal_corona", "date": "2015-01-XX", "region": "?", "country": "japan", "aa_muts": [], "nt_muts": []}, "HCoV_OC43/Yamagata.JPN/13.2015_0693": {"virus": "seasonal_corona", "date": "2015-03-XX", "region": "?", "country": "japan", "aa_muts": [], "nt_muts": []}, "HCoV_OC43/Yamagata.JPN/11.2009_0842": {"virus": "seasonal_corona", "date": "2009-03-XX", "region": "?", "country": "japan", "aa_muts": [], "nt_muts": []}, "HCoV_OC43/Yamagata.JPN/06.2015_0297": {"virus": "seasonal_corona", "date": "2015-02-XX", "region": "?", "country": "japan", "aa_muts": [], "nt_muts": []}, "HCoV_OC43/Yamagata.JPN/06.2012_0371": {"virus": "seasonal_corona", "date": "2012-02-XX", "region": "?", "country": "japan", "aa_muts": [{"S": ["P22T"]}], "nt_muts": ["C23707A", "C24195T", "T24321C", "C24924T", "T25293C"]}, "HCoV_OC43/Yamagata.JPN/08.2015_0433": {"virus": "seasonal_corona", "date": "2015-02-XX", "region": "?", "country": "japan", "aa_muts": [], "nt_muts": []}, "HCoV_OC43/Yamagata.JPN/05.2015_0229": {"virus": "seasonal_corona", "date": "2015-01-XX", "region": "?", "country": "japan", "aa_muts": [], "nt_muts": []}, "OC43/human/USA/951_15/1995": {"virus": "seasonal_corona", "date": "1995-01-11", "region": "?", "country": "usa", "aa_muts": [], "nt_muts": []}, "HCoV_OC43/Yamagata.JPN/06.2012_0291": {"virus": "seasonal_corona", "date": "2012-02-XX", "region": "?", "country": "japan", "aa_muts": [{"S": ["F234V", "D263N", "P277S"]}], "nt_muts": ["T24315C", "T24343G", "G24430A", "C24472T", "C24585T", "C24654T"]}, "HCoV_OC43/Yamagata.JPN/49.2012_2416": {"virus": "seasonal_corona", "date": "2012-12-XX", "region": "?", "country": "japan", "aa_muts": [], "nt_muts": []}, "HCoV_OC43/Yamagata.JPN/09.2017_0411": {"virus": "seasonal_corona", "date": "2017-02-XX", "region": "?", "country": "japan", "aa_muts": [], "nt_muts": []}, "HCoV_OC43/FRA_EPI/Caen/2011/13": {"virus": "seasonal_corona", "date": "2011-11-20", "region": "?", "country": "france", "aa_muts": [], "nt_muts": []}, "HCoV_OC43/Yamagata.JPN/04.2015_0137": {"virus": "seasonal_corona", "date": "2015-01-XX", "region": "?", "country": "japan", "aa_muts": [], "nt_muts": []}, "HCoV_OC43/Yamagata.JPN/05.2015_0285": {"virus": "seasonal_corona", "date": "2015-01-XX", "region": "?", "country": "japan", "aa_muts": [], "nt_muts": []}, "HCoV_OC43/Yamagata.JPN/04.2015_0152": {"virus": "seasonal_corona", "date": "2015-01-XX", "region": "?", "country": "japan", "aa_muts": [], "nt_muts": []}, "HCoV_OC43/Yamagata.JPN/16.2017_1199": {"virus": "seasonal_corona", "date": "2017-04-XX", "region": "?", "country": "japan", "aa_muts": [], "nt_muts": []}, "HCoV_OC43/Yamagata.JPN/11.2013_0666": {"virus": "seasonal_corona", "date": "2013-03-XX", "region": "?", "country": "japan", "aa_muts": [], "nt_muts": []}, "HCoV_OC43/Yamagata.JPN/08.2015_0434": {"virus": "seasonal_corona", "date": "2015-02-XX", "region": "?", "country": "japan", "aa_muts": [], "nt_muts": []}, "HCoV_OC43/Yamagata.JPN/04.2013_0289": {"virus": "seasonal_corona", "date": "2013-01-XX", "region": "?", "country": "japan", "aa_muts": [{"S": ["P180R"]}], "nt_muts": ["C24182G"]}, "HCoV_OC43/Yamagata.JPN/05.2012_0283": {"virus": "seasonal_corona", "date": "2012-02-XX", "region": "?", "country": "japan", "aa_muts": [], "nt_muts": ["T24321C"]}, "OC43/human/USA/873_16/1987": {"virus": "seasonal_corona", "date": "1987-03-12", "region": "?", "country": "usa", "aa_muts": [], "nt_muts": []}, "HCoV_OC43/Yamagata.JPN/05.2015_0215": {"virus": "seasonal_corona", "date": "2015-01-XX", "region": "?", "country": "japan", "aa_muts": [], "nt_muts": []}, "OC43/SLO/41313/2014": {"virus": "seasonal_corona", "date": "2014-01-29", "region": "?", "country": "slovenia", "aa_muts": [], "nt_muts": []}, "HCoV_OC43/Yamagata.JPN/05.2009_0292": {"virus": "seasonal_corona", "date": "2009-01-XX", "region": "?", "country": "japan", "aa_muts": [], "nt_muts": []}, "HCoV_OC43/Yamagata.JPN/11.2009_0765": {"virus": "seasonal_corona", "date": "2009-03-XX", "region": "?", "country": "japan", "aa_muts": [], "nt_muts": []}, "HCoV_OC43/Yamagata.JPN/21.2010_1394": {"virus": "seasonal_corona", "date": "2010-05-XX", "region": "?", "country": "japan", "aa_muts": [], "nt_muts": []}, "HCoV_OC43/Yamagata.JPN/38.2010_2108": {"virus": "seasonal_corona", "date": "2010-09-XX", "region": "?", "country": "japan", "aa_muts": [], "nt_muts": []}, "HCoV_OC43/Yamagata.JPN/26.2017_1566": {"virus": "seasonal_corona", "date": "2017-06-XX", "region": "?", "country": "japan", "aa_muts": [{"S": ["P262L"]}], "nt_muts": ["C24428T", "T24588A", "C24645G"]}, "HCoV_OC43/Yamagata.JPN/07.2014_0446": {"virus": "seasonal_corona", "date": "2014-02-XX", "region": "?", "country": "japan", "aa_muts": [], "nt_muts": []}, "HCoV_OC43/Yamagata.JPN/52.2014_2419": {"virus": "seasonal_corona", "date": "2014-12-XX", "region": "?", "country": "japan", "aa_muts": [], "nt_muts": []}, "HCoV_OC43/Yamagata.JPN/24.16_1008": {"virus": "seasonal_corona", "date": "2016-06-XX", "region": "?", "country": "japan", "aa_muts": [{"S": ["F405S"]}], "nt_muts": ["T24857C"]}, "HCoV_OC43/Yamagata.JPN/43.2010_2384": {"virus": "seasonal_corona", "date": "2010-10-XX", "region": "?", "country": "japan", "aa_muts": [], "nt_muts": []}, "HCoV_OC43/Yamagata.JPN/04.2015_0209": {"virus": "seasonal_corona", "date": "2015-01-XX", "region": "?", "country": "japan", "aa_muts": [], "nt_muts": []}, "HCoV_OC43/Yamagata.JPN/45.2010_2465": {"virus": "seasonal_corona", "date": "2010-11-XX", "region": "?", "country": "japan", "aa_muts": [], "nt_muts": []}, "OC43/SLO/59988/2015": {"virus": "seasonal_corona", "date": "2015-11-16", "region": "?", "country": "slovenia", "aa_muts": [], "nt_muts": []}, "HCoV_OC43/Yamagata.JPN/13.2011_0825": {"virus": "seasonal_corona", "date": "2011-03-XX", "region": "?", "country": "japan", "aa_muts": [], "nt_muts": []}, "HCoV_OC43/Seattle/USA/SC2345/2015": {"virus": "seasonal_corona", "date": "2015-XX-XX", "region": "?", "country": "usa", "aa_muts": [{"S": ["A740S"]}], "nt_muts": ["T472C", "T20522C", "T23308C", "G25861T"]}, "HCoV_OC43/Yamagata.JPN/08.2017_0364": {"virus": "seasonal_corona", "date": "2017-02-XX", "region": "?", "country": "japan", "aa_muts": [], "nt_muts": []}, "HCoV_OC43/Yamagata.JPN/07.2015_0418": {"virus": "seasonal_corona", "date": "2015-02-XX", "region": "?", "country": "japan", "aa_muts": [], "nt_muts": []}, "HCoV_OC43/Yamagata.JPN/14.2011_0874": {"virus": "seasonal_corona", "date": "2011-04-XX", "region": "?", "country": "japan", "aa_muts": [], "nt_muts": []}, "OC43/human/USA/911_38/1991": {"virus": "seasonal_corona", "date": "1991-01-15", "region": "?", "country": "usa", "aa_muts": [], "nt_muts": []}, "HCoV_OC43/Yamagata.JPN/20.16_0914": {"virus": "seasonal_corona", "date": "2016-05-XX", "region": "?", "country": "japan", "aa_muts": [], "nt_muts": []}, "HCoV_OC43/Yamagata.JPN/22.2011_1255": {"virus": "seasonal_corona", "date": "2011-06-XX", "region": "?", "country": "japan", "aa_muts": [], "nt_muts": []}, "OC43/SLO/46580/2014": {"virus": "seasonal_corona", "date": "2014-08-14", "region": "?", "country": "slovenia", "aa_muts": [], "nt_muts": []}, "HCoV_OC43/Yamagata.JPN/26.16_1049": {"virus": "seasonal_corona", "date": "2016-06-XX", "region": "?", "country": "japan", "aa_muts": [], "nt_muts": []}, "HCoV_OC43/Yamagata.JPN/06.2015_0300": {"virus": "seasonal_corona", "date": "2015-02-XX", "region": "?", "country": "japan", "aa_muts": [], "nt_muts": []}, "HCoV_OC43/Yamagata.JPN/08.2009_0554": {"virus": "seasonal_corona", "date": "2009-02-XX", "region": "?", "country": "japan", "aa_muts": [], "nt_muts": []}, "HCoV_OC43/Yamagata.JPN/07.2015_0361": {"virus": "seasonal_corona", "date": "2015-02-XX", "region": "?", "country": "japan", "aa_muts": [], "nt_muts": []}, "HCoV_OC43/Yamagata.JPN/51.2017_2652": {"virus": "seasonal_corona", "date": "2017-12-XX", "region": "?", "country": "japan", "aa_muts": [], "nt_muts": []}, "OC43/human/USA/9212_33/1992": {"virus": "seasonal_corona", "date": "1992-12-16", "region": "?", "country": "usa", "aa_muts": [], "nt_muts": []}, "HCoV_OC43/Yamagata.JPN/16.2011_0969": {"virus": "seasonal_corona", "date": "2011-04-XX", "region": "?", "country": "japan", "aa_muts": [], "nt_muts": []}, "OC43/human/USA/991_19/1999": {"virus": "seasonal_corona", "date": "1999-01-15", "region": "?", "country": "usa", "aa_muts": [], "nt_muts": []}, "HCoV_OC43/Yamagata.JPN/07.2015_0353": {"virus": "seasonal_corona", "date": "2015-02-XX", "region": "?", "country": "japan", "aa_muts": [], "nt_muts": []}, "HCoV_OC43/Yamagata.JPN/07.2017_0362": {"virus": "seasonal_corona", "date": "2017-02-XX", "region": "?", "country": "japan", "aa_muts": [], "nt_muts": []}, "OC43_KLF_02_2017": {"virus": "seasonal_corona", "date": "2017-11-27", "region": "?", "country": "kenya", "aa_muts": [{"M": ["L83F"]}], "nt_muts": ["C3441T", "T8061C", "C12370T", "C23554T", "C27252T", "C28648T"]}, "HCoV_OC43/FRA_EPI/Caen/2009/11": {"virus": "seasonal_corona", "date": "2009-11-02", "region": "?", "country": "france", "aa_muts": [], "nt_muts": []}, "HCoV_OC43/Yamagata.JPN/05.2015_0220": {"virus": "seasonal_corona", "date": "2015-01-XX", "region": "?", "country": "japan", "aa_muts": [], "nt_muts": []}, "HCoV_OC43/Seattle/USA/SC3118/2015": {"virus": "seasonal_corona", "date": "2015-XX-XX", "region": "?", "country": "usa", "aa_muts": [], "nt_muts": ["C546T", "G1992T", "A5648G", "C9951T", "C11361T", "G13904A"]}, "hCoV/OC43/VFC348/BRA/2007": {"virus": "seasonal_corona", "date": "2007-XX-XX", "region": "?", "country": "brazil", "aa_muts": [], "nt_muts": []}, "HCoV_OC43/FRA_EPI/Caen/2001/02": {"virus": "seasonal_corona", "date": "2001-02-07", "region": "?", "country": "france", "aa_muts": [], "nt_muts": []}, "HCoV_OC43/Yamagata.JPN/08.2017_0379": {"virus": "seasonal_corona", "date": "2017-02-XX", "region": "?", "country": "japan", "aa_muts": [], "nt_muts": []}, "HCoV_OC43/Yamagata.JPN/05.2015_0232": {"virus": "seasonal_corona", "date": "2015-01-XX", "region": "?", "country": "japan", "aa_muts": [], "nt_muts": []}, "HCoV_OC43/Yamagata.JPN/43.2010_2375": {"virus": "seasonal_corona", "date": "2010-10-XX", "region": "?", "country": "japan", "aa_muts": [], "nt_muts": []}, "HCoV_OC43/Yamagata.JPN/07.2009_0467": {"virus": "seasonal_corona", "date": "2009-02-XX", "region": "?", "country": "japan", "aa_muts": [], "nt_muts": []}, "HCoV_OC43/Yamagata.JPN/04.2015_0142": {"virus": "seasonal_corona", "date": "2015-01-XX", "region": "?", "country": "japan", "aa_muts": [], "nt_muts": []}, "HCoV_OC43/Yamagata.JPN/09.2012_0501": {"virus": "seasonal_corona", "date": "2012-02-XX", "region": "?", "country": "japan", "aa_muts": [{"S": ["T132N"]}], "nt_muts": ["C24038A", "C25560T"]}, "HCoV_OC43/Yamagata.JPN/46.2010_2506": {"virus": "seasonal_corona", "date": "2010-11-XX", "region": "?", "country": "japan", "aa_muts": [], "nt_muts": []}, "OC43/human/USA/9712_31/1997": {"virus": "seasonal_corona", "date": "1997-12-18", "region": "?", "country": "usa", "aa_muts": [], "nt_muts": []}, "OC43/human/USA/9612_29/1996": {"virus": "seasonal_corona", "date": "1996-12-17", "region": "?", "country": "usa", "aa_muts": [], "nt_muts": []}, "HCoV_OC43/Yamagata.JPN/03.2009_0118": {"virus": "seasonal_corona", "date": "2009-01-XX", "region": "?", "country": "japan", "aa_muts": [], "nt_muts": []}, "HCoV_OC43/Yamagata.JPN/24.16_1027": {"virus": "seasonal_corona", "date": "2016-06-XX", "region": "?", "country": "japan", "aa_muts": [], "nt_muts": []}, "hCoV/OC43/VFC373/BRA/2007": {"virus": "seasonal_corona", "date": "2007-XX-XX", "region": "?", "country": "brazil", "aa_muts": [], "nt_muts": []}, "HCoV_OC43/Yamagata.JPN/02.2009_0063": {"virus": "seasonal_corona", "date": "2009-01-XX", "region": "?", "country": "japan", "aa_muts": [], "nt_muts": []}, "HCoV_OC43/Yamagata.JPN/03.2015_0086": {"virus": "seasonal_corona", "date": "2015-01-XX", "region": "?", "country": "japan", "aa_muts": [], "nt_muts": []}, "HCoV_OC43/Yamagata.JPN/07.2013_0380": {"virus": "seasonal_corona", "date": "2013-02-XX", "region": "?", "country": "japan", "aa_muts": [], "nt_muts": ["C24987T"]}, "HCoV_OC43/Yamagata.JPN/05.2012_0279": {"virus": "seasonal_corona", "date": "2012-02-XX", "region": "?", "country": "japan", "aa_muts": [], "nt_muts": []}, "HCoV_OC43/Yamagata.JPN/22.16_0950": {"virus": "seasonal_corona", "date": "2016-06-XX", "region": "?", "country": "japan", "aa_muts": [], "nt_muts": []}, "OC43/SLO/39776/2013": {"virus": "seasonal_corona", "date": "2013-12-09", "region": "?", "country": "slovenia", "aa_muts": [], "nt_muts": []}, "HCoV_OC43/Yamagata.JPN/10.2013_0627": {"virus": "seasonal_corona", "date": "2013-03-XX", "region": "?", "country": "japan", "aa_muts": [], "nt_muts": []}, "HCoV_OC43/Yamagata.JPN/10.2017_0516": {"virus": "seasonal_corona", "date": "2017-03-XX", "region": "?", "country": "japan", "aa_muts": [], "nt_muts": ["G24699T"]}, "OC43/human/Mex/LRTI_238/2011": {"virus": "seasonal_corona", "date": "2011-02-09", "region": "?", "country": "mexico", "aa_muts": [], "nt_muts": []}, "OC43/human/USA/951_18/1995": {"virus": "seasonal_corona", "date": "1995-01-12", "region": "?", "country": "usa", "aa_muts": [], "nt_muts": []}, "HCoV_OC43/Yamagata.JPN/14.2012_0781": {"virus": "seasonal_corona", "date": "2012-04-XX", "region": "?", "country": "japan", "aa_muts": [{"S": ["T90K", "N181K"]}], "nt_muts": ["C23912A", "C24186A"]}, "HCoV_OC43/Yamagata.JPN/06.2015_0359": {"virus": "seasonal_corona", "date": "2015-02-XX", "region": "?", "country": "japan", "aa_muts": [], "nt_muts": []}, "OC43/human/USA/873_6/1987": {"virus": "seasonal_corona", "date": "1987-03-05", "region": "?", "country": "usa", "aa_muts": [], "nt_muts": []}, "HCoV_OC43/Yamagata.JPN/05.2015_0230": {"virus": "seasonal_corona", "date": "2015-01-XX", "region": "?", "country": "japan", "aa_muts": [], "nt_muts": []}, "HCoV_OC43/Yamagata.JPN/05.2015_0235": {"virus": "seasonal_corona", "date": "2015-01-XX", "region": "?", "country": "japan", "aa_muts": [], "nt_muts": []}, "HCoV_OC43/Yamagata.JPN/11.2017_0521": {"virus": "seasonal_corona", "date": "2017-03-XX", "region": "?", "country": "japan", "aa_muts": [{"S": ["T538A"]}], "nt_muts": ["A25255G"]}, "HCoV_OC43/Yamagata.JPN/05.2017_0247": {"virus": "seasonal_corona", "date": "2017-02-XX", "region": "?", "country": "japan", "aa_muts": [], "nt_muts": ["T24750C", "C25131T"]}, "HCoV_OC43/Yamagata.JPN/05.15_0248": {"virus": "seasonal_corona", "date": "2015-01-XX", "region": "?", "country": "japan", "aa_muts": [], "nt_muts": []}, "HCoV_OC43/Yamagata.JPN/06.2014_0375": {"virus": "seasonal_corona", "date": "2014-02-XX", "region": "?", "country": "japan", "aa_muts": [], "nt_muts": []}, "HCoV_OC43/Yamagata.JPN/43.2010_2382": {"virus": "seasonal_corona", "date": "2010-10-XX", "region": "?", "country": "japan", "aa_muts": [], "nt_muts": []}, "HCoV_OC43/UK/London/2011": {"virus": "seasonal_corona", "date": "2011-08-20", "region": "?", "country": "united_kingdom", "aa_muts": [], "nt_muts": []}, "HCoV_OC43/Yamagata.JPN/06.2014_0370": {"virus": "seasonal_corona", "date": "2014-02-XX", "region": "?", "country": "japan", "aa_muts": [], "nt_muts": []}, "OC43/SLO/61480/2016": {"virus": "seasonal_corona", "date": "2016-01-08", "region": "?", "country": "slovenia", "aa_muts": [], "nt_muts": []}, "HCoV_OC43/Yamagata.JPN/04.2015_0155": {"virus": "seasonal_corona", "date": "2015-01-XX", "region": "?", "country": "japan", "aa_muts": [], "nt_muts": []}, "HCoV_OC43/Yamagata.JPN/05.2015_0279": {"virus": "seasonal_corona", "date": "2015-01-XX", "region": "?", "country": "japan", "aa_muts": [], "nt_muts": []}, "HCoV_OC43/FRA_EPI/Caen/1967/VR759": {"virus": "seasonal_corona", "date": "1967-XX-XX", "region": "?", "country": "france", "aa_muts": [], "nt_muts": []}, "OC43/SLO/41459/2014": {"virus": "seasonal_corona", "date": "2014-02-03", "region": "?", "country": "slovenia", "aa_muts": [], "nt_muts": []}, "HCoV_OC43/FRA_EPI/Caen/2003/05": {"virus": "seasonal_corona", "date": "2003-01-17", "region": "?", "country": "france", "aa_muts": [], "nt_muts": []}, "OC43/SLO/61412/2016": {"virus": "seasonal_corona", "date": "2016-01-07", "region": "?", "country": "slovenia", "aa_muts": [], "nt_muts": []}, "OC43/SLO/60116/2015": {"virus": "seasonal_corona", "date": "2015-11-19", "region": "?", "country": "slovenia", "aa_muts": [], "nt_muts": []}, "HCoV_OC43/Yamagata.JPN/07.2015_0373": {"virus": "seasonal_corona", "date": "2015-02-XX", "region": "?", "country": "japan", "aa_muts": [], "nt_muts": []}, "HCoV_OC43/Yamagata.JPN/27.2011_1525": {"virus": "seasonal_corona", "date": "2011-07-XX", "region": "?", "country": "japan", "aa_muts": [], "nt_muts": []}, "OC43/SLO/40760/2014": {"virus": "seasonal_corona", "date": "2014-01-18", "region": "?", "country": "slovenia", "aa_muts": [], "nt_muts": []}, "HCoV_OC43/FRA_EPI/Caen/2012/14": {"virus": "seasonal_corona", "date": "2012-03-30", "region": "?", "country": "france", "aa_muts": [], "nt_muts": []}, "HCoV_OC43/USA/TCNP_0070/2016": {"virus": "seasonal_corona", "date": "2016-02-01", "region": "?", "country": "usa", "aa_muts": [{"M": ["L61I"]}, {"N": ["E96Q"]}, {"S": ["P35S", "T40S", "L534F", "A1048S"]}], "nt_muts": ["C534T", "T633C", "A3125C", "C3193T", "C3203T", "C3426T", "G4248T", "C5135A", "G5186A", "C11626T", "A13217G", "T13424C", "G14912T", "T16313C", "G17021A", "T17819C", "C19186T", "G20994A", "C23314T", "C23746T", "A23761T", "T23859C", "C24015T", "T24174C", "T24969C", "C25243T", "G26785T", "C28582A", "G29389C", "T30063C", "C30198T", "A30618T", "G30660A"]}, "HCoV_OC43/Seattle/USA/SC831/2016": {"virus": "seasonal_corona", "date": "2016-XX-XX", "region": "?", "country": "usa", "aa_muts": [], "nt_muts": ["T10467A", "C24987T", "T28725C"]}, "OC43/SLO/43979/2014": {"virus": "seasonal_corona", "date": "2014-03-26", "region": "?", "country": "slovenia", "aa_muts": [], "nt_muts": []}, "HCoV_OC43/Yamagata.JPN/07.2017_0305": {"virus": "seasonal_corona", "date": "2017-02-XX", "region": "?", "country": "japan", "aa_muts": [], "nt_muts": []}, "HCoV_OC43/Yamagata.JPN/06.2014_0371": {"virus": "seasonal_corona", "date": "2014-02-XX", "region": "?", "country": "japan", "aa_muts": [], "nt_muts": []}, "HCoV_OC43/Yamagata.JPN/04.2015_0144": {"virus": "seasonal_corona", "date": "2015-01-XX", "region": "?", "country": "japan", "aa_muts": [], "nt_muts": []}, "HCoV_OC43/Yamagata.JPN/03.2015_0131": {"virus": "seasonal_corona", "date": "2015-01-XX", "region": "?", "country": "japan", "aa_muts": [], "nt_muts": []}, "OC43/human/USA/911_11/1991": {"virus": "seasonal_corona", "date": "1991-01-03", "region": "?", "country": "usa", "aa_muts": [], "nt_muts": []}, "HCoV_OC43/Yamagata.JPN/46.2010_2513": {"virus": "seasonal_corona", "date": "2010-11-XX", "region": "?", "country": "japan", "aa_muts": [], "nt_muts": []}, "OC43/human/USA/912_6/1991": {"virus": "seasonal_corona", "date": "1991-02-05", "region": "?", "country": "usa", "aa_muts": [], "nt_muts": []}, "HCoV_OC43/Yamagata.JPN/21.2011_1236": {"virus": "seasonal_corona", "date": "2011-05-XX", "region": "?", "country": "japan", "aa_muts": [], "nt_muts": []}, "OC43/human/USA/9211_43/1992": {"virus": "seasonal_corona", "date": "1992-11-30", "region": "?", "country": "usa", "aa_muts": [], "nt_muts": []}, "HCoV_OC43/Yamagata.JPN/03.2015_0128": {"virus": "seasonal_corona", "date": "2015-01-XX", "region": "?", "country": "japan", "aa_muts": [], "nt_muts": []}, "OC43/SLO/62706/2016": {"virus": "seasonal_corona", "date": "2016-02-04", "region": "?", "country": "slovenia", "aa_muts": [], "nt_muts": []}, "HCoV_OC43/Yamagata.JPN/05.2015_0233": {"virus": "seasonal_corona", "date": "2015-01-XX", "region": "?", "country": "japan", "aa_muts": [], "nt_muts": []}, "HCoV_OC43/Yamagata.JPN/02.2009_0058": {"virus": "seasonal_corona", "date": "2009-01-XX", "region": "?", "country": "japan", "aa_muts": [], "nt_muts": []}, "HCoV_OC43/Yamagata.JPN/10.15_0600": {"virus": "seasonal_corona", "date": "2015-03-XX", "region": "?", "country": "japan", "aa_muts": [], "nt_muts": []}, "HCoV_OC43/Yamagata.JPN/04.2014_0225": {"virus": "seasonal_corona", "date": "2014-01-XX", "region": "?", "country": "japan", "aa_muts": [], "nt_muts": []}, "HCoV_OC43/Yamagata.JPN/06.2014_0297": {"virus": "seasonal_corona", "date": "2014-02-XX", "region": "?", "country": "japan", "aa_muts": [], "nt_muts": []}, "HCoV_OC43/Seattle/USA/SC2924/2015": {"virus": "seasonal_corona", "date": "2015-XX-XX", "region": "?", "country": "usa", "aa_muts": [{"HE": ["V151F", "*186Y", "P380L"]}, {"N": ["A27S", "F36V", "G192R"]}, {"NS2a": ["E218D"]}, {"S": ["P35S", "S149L", "S759F"]}], "nt_muts": ["T179C", "T891G", "T1563C", "T2847A", "C3654T", "G4384T", "C4743T", "C5299T", "C6705T", "C7175T", "T7641C", "A9012G", "G10812A", "T11081G", "T11325G", "G22160T", "T22597C", "C22777T", "G22805T", "G22912T", "C23493T", "C23746T", "C24089T", "G24096A", "C25919T", "T27630C", "G28213A", "G29182T", "T29209G", "G29397A", "G29677A", "C30024T"]}, "HCoV_OC43/Yamagata.JPN/07.2015_0368": {"virus": "seasonal_corona", "date": "2015-02-XX", "region": "?", "country": "japan", "aa_muts": [], "nt_muts": ["C25722T"]}, "HCoV_OC43/Seattle/USA/SC0839/2019": {"virus": "seasonal_corona", "date": "2019-XX-XX", "region": "?", "country": "usa", "aa_muts": [{"NS3": ["*85Y"]}, {"S": ["K25R", "S262A"]}], "nt_muts": ["A3444C", "G4293T", "G9009A", "C17957T", "A23717G", "T24427G", "G24696A", "G28387T"]}, "OC43": {"virus": "seasonal_corona", "date": "2010-XX-XX", "region": "?", "country": "usa", "aa_muts": [], "nt_muts": []}, "HCoV_OC43/Yamagata.JPN/08.2014_0432": {"virus": "seasonal_corona", "date": "2014-02-XX", "region": "?", "country": "japan", "aa_muts": [], "nt_muts": []}, "HCoV_OC43/Yamagata.JPN/20.2010_1337": {"virus": "seasonal_corona", "date": "2010-05-XX", "region": "?", "country": "japan", "aa_muts": [], "nt_muts": []}, "OC43/SLO/61010/2015": {"virus": "seasonal_corona", "date": "2015-12-28", "region": "?", "country": "slovenia", "aa_muts": [], "nt_muts": []}, "OC43/human/USA/007_11/2000": {"virus": "seasonal_corona", "date": "2000-07-27", "region": "?", "country": "usa", "aa_muts": [], "nt_muts": []}, "HCoV_OC43/Yamagata.JPN/10.2017_0491": {"virus": "seasonal_corona", "date": "2017-03-XX", "region": "?", "country": "japan", "aa_muts": [], "nt_muts": []}, "HCoV_OC43/Yamagata.JPN/03.2015_0136": {"virus": "seasonal_corona", "date": "2015-01-XX", "region": "?", "country": "japan", "aa_muts": [], "nt_muts": []}, "OC43/human/USA/912_11/1991": {"virus": "seasonal_corona", "date": "1991-02-07", "region": "?", "country": "usa", "aa_muts": [], "nt_muts": []}, "HCoV_OC43/Yamagata.JPN/05.2015_0224": {"virus": "seasonal_corona", "date": "2015-01-XX", "region": "?", "country": "japan", "aa_muts": [], "nt_muts": []}, "HCoV_OC43/Yamagata.JPN/04.2015_0140": {"virus": "seasonal_corona", "date": "2015-01-XX", "region": "?", "country": "japan", "aa_muts": [], "nt_muts": []}, "HCoV_OC43/Yamagata.JPN/11.15_0615": {"virus": "seasonal_corona", "date": "2015-03-XX", "region": "?", "country": "japan", "aa_muts": [], "nt_muts": []}, "HCoV_OC43/Yamagata.JPN/13.2012_0719": {"virus": "seasonal_corona", "date": "2012-03-XX", "region": "?", "country": "japan", "aa_muts": [], "nt_muts": ["T25182C"]}, "OC43/SLO/62066/2016": {"virus": "seasonal_corona", "date": "2016-01-20", "region": "?", "country": "slovenia", "aa_muts": [], "nt_muts": []}, "HCoV_OC43/Yamagata.JPN/02.15_0076": {"virus": "seasonal_corona", "date": "2015-01-XX", "region": "?", "country": "japan", "aa_muts": [], "nt_muts": []}, "OC43/SLO/39849/2013": {"virus": "seasonal_corona", "date": "2013-12-13", "region": "?", "country": "slovenia", "aa_muts": [], "nt_muts": []}, "HCoV_OC43/Yamagata.JPN/09.2017_0478": {"virus": "seasonal_corona", "date": "2017-03-XX", "region": "?", "country": "japan", "aa_muts": [], "nt_muts": []}, "HCoV_OC43/Yamagata.JPN/14.2011_0897": {"virus": "seasonal_corona", "date": "2011-04-XX", "region": "?", "country": "japan", "aa_muts": [], "nt_muts": []}, "HCoV_OC43/Yamagata.JPN/04.2012_0168": {"virus": "seasonal_corona", "date": "2012-01-XX", "region": "?", "country": "japan", "aa_muts": [], "nt_muts": []}, "HCoV_OC43/Seattle/USA/SC622/2016": {"virus": "seasonal_corona", "date": "2016-XX-XX", "region": "?", "country": "usa", "aa_muts": [], "nt_muts": ["G22T", "G868T", "C2819A", "C3319T", "T16373C", "T20353C", "C30036T", "T30719G", "G30721C"]}, "HCoV_OC43/Yamagata.JPN/08.2015_0486": {"virus": "seasonal_corona", "date": "2015-02-XX", "region": "?", "country": "japan", "aa_muts": [], "nt_muts": []}, "HCoV_OC43/Yamagata.JPN/05.2013_0300": {"virus": "seasonal_corona", "date": "2013-01-XX", "region": "?", "country": "japan", "aa_muts": [], "nt_muts": []}, "OC43/SLO/45283/2014": {"virus": "seasonal_corona", "date": "2014-05-23", "region": "?", "country": "slovenia", "aa_muts": [], "nt_muts": []}, "HCoV_OC43/Yamagata.JPN/47.2010_2547": {"virus": "seasonal_corona", "date": "2010-11-XX", "region": "?", "country": "japan", "aa_muts": [], "nt_muts": []}, "sloOC43_2": {"virus": "seasonal_corona", "date": "2011-02-20", "region": "?", "country": "slovenia", "aa_muts": [], "nt_muts": []}, "HCoV_OC43/Yamagata.JPN/09.2009_0623": {"virus": "seasonal_corona", "date": "2009-02-XX", "region": "?", "country": "japan", "aa_muts": [], "nt_muts": []}, "HCoV_OC43/Yamagata.JPN/19.2015_0902": {"virus": "seasonal_corona", "date": "2015-05-XX", "region": "?", "country": "japan", "aa_muts": [], "nt_muts": ["C24409T"]}, "OC43/human/USA/952_23/1995": {"virus": "seasonal_corona", "date": "1995-02-13", "region": "?", "country": "usa", "aa_muts": [], "nt_muts": []}, "HCoV_OC43/FRA_EPI/Caen/2005/07": {"virus": "seasonal_corona", "date": "2005-02-07", "region": "?", "country": "france", "aa_muts": [], "nt_muts": []}, "OC43/SLO/43431/2014": {"virus": "seasonal_corona", "date": "2014-03-12", "region": "?", "country": "slovenia", "aa_muts": [], "nt_muts": []}, "HCoV_OC43/Seattle/USA/SC2770/2015": {"virus": "seasonal_corona", "date": "2015-XX-XX", "region": "?", "country": "usa", "aa_muts": [{"HE": ["L212F"]}, {"N": ["S306N"]}, {"S": ["S267N"]}], "nt_muts": ["G169T", "C5506T", "T7233A", "C14699T", "C21074T", "G22990T", "G24443A", "A24642T", "C25425T", "T25788C", "C26922T", "G30020A"]}, "OC43/human/USA/982_4/1998": {"virus": "seasonal_corona", "date": "1998-02-05", "region": "?", "country": "usa", "aa_muts": [], "nt_muts": []}, "HCoV_OC43/Yamagata.JPN/26.16_1046": {"virus": "seasonal_corona", "date": "2016-06-XX", "region": "?", "country": "japan", "aa_muts": [{"S": ["Q580L"]}], "nt_muts": ["A25382T"]}, "hCoV/OC43/VFC297/BRA/2007": {"virus": "seasonal_corona", "date": "2007-XX-XX", "region": "?", "country": "brazil", "aa_muts": [], "nt_muts": []}, "HCoV_OC43/Yamagata.JPN/51.2012_2581": {"virus": "seasonal_corona", "date": "2012-12-XX", "region": "?", "country": "japan", "aa_muts": [], "nt_muts": []}, "HCoV_OC43/Yamagata.JPN/03.2015_0101": {"virus": "seasonal_corona", "date": "2015-01-XX", "region": "?", "country": "japan", "aa_muts": [], "nt_muts": []}, "HCoV_OC43/Yamagata.JPN/09.2015_0492": {"virus": "seasonal_corona", "date": "2015-02-XX", "region": "?", "country": "japan", "aa_muts": [], "nt_muts": ["C25287T"]}, "OC43/SLO/61445/2016": {"virus": "seasonal_corona", "date": "2016-01-08", "region": "?", "country": "slovenia", "aa_muts": [], "nt_muts": []}, "HCoV_OC43/FRA_EPI/Caen/2002/04": {"virus": "seasonal_corona", "date": "2002-02-21", "region": "?", "country": "france", "aa_muts": [], "nt_muts": []}, "hCoV/OC43/VFC359/BRA/2007": {"virus": "seasonal_corona", "date": "2007-XX-XX", "region": "?", "country": "brazil", "aa_muts": [], "nt_muts": []}, "HCoV_OC43/Seattle/USA/SC0841/2019": {"virus": "seasonal_corona", "date": "2019-XX-XX", "region": "?", "country": "usa", "aa_muts": [{"HE": ["V48G", "V415L"]}, {"N": ["E77A", "Q116L", "N151S"]}, {"N2": ["S4C", "T26M", "T39A"]}, {"NS2": ["F27S", "R52K"]}, {"S": ["R78L", "D263N", "N480D", "E803D", "V1266A", "E1280D"]}], "nt_muts": ["C735T", "G1398T", "A1684G", "G2577A", "A2586G", "G3216T", "C4954T", "G5190T", "G5358T", "C5949T", "C6282T", "C7246T", "C7831T", "G8877A", "G9915A", "G10443A", "C11306T", "T11787C", "A12810G", "T14045C", "T15131C", "A15827G", "T15839C", "G15989T", "G16254A", "T17391A", "T17447C", "C17720T", "G19073T", "C19817T", "G19928T", "T20117A", "G20202A", "C20261T", "A21080G", "C22172T", "C22402T", "T22497G", "C22858T", "G23597T", "G23876T", "T24057C", "C24409T", "G24430A", "T24951C", "A25081G", "T25479C", "G26052T", "T26322C", "C26430T", "C27018T", "T27285C", "T27309C", "T27440C", "G27483T", "C27783T", "T27896C", "G27971A", "T28306C", "C28974T", "A29333C", "A29450T", "C29517T", "A29555G", "T29805C", "C29824T", "T30112C", "C30159T"]}, "HCoV_OC43/Yamagata.JPN/04.2015_0210": {"virus": "seasonal_corona", "date": "2015-01-XX", "region": "?", "country": "japan", "aa_muts": [], "nt_muts": []}, "HCoV_OC43/Seattle/USA/SC2854/2015": {"virus": "seasonal_corona", "date": "2015-XX-XX", "region": "?", "country": "usa", "aa_muts": [{"N": ["G57R"]}], "nt_muts": ["T7732C", "A8623G", "C8951T", "T9775C", "T17603C", "G20837A", "C25284T", "G29272A", "G30204A"]}, "HCoV_OC43/Yamagata.JPN/07.2017_0304": {"virus": "seasonal_corona", "date": "2017-02-XX", "region": "?", "country": "japan", "aa_muts": [], "nt_muts": []}, "HCoV_OC43/FRA_EPI/Caen/2002/03": {"virus": "seasonal_corona", "date": "2002-03-12", "region": "?", "country": "france", "aa_muts": [], "nt_muts": []}, "OC43/human/USA/871_25/1987": {"virus": "seasonal_corona", "date": "1987-01-22", "region": "?", "country": "usa", "aa_muts": [], "nt_muts": []}, "HCoV_OC43/Yamagata.JPN/48.2017_2515": {"virus": "seasonal_corona", "date": "2017-12-XX", "region": "?", "country": "japan", "aa_muts": [], "nt_muts": []}, "hCoV/OC43/VFC332/BRA/2007": {"virus": "seasonal_corona", "date": "2007-XX-XX", "region": "?", "country": "brazil", "aa_muts": [], "nt_muts": []}, "HCoV_OC43/Yamagata.JPN/06.2015_0291": {"virus": "seasonal_corona", "date": "2015-02-XX", "region": "?", "country": "japan", "aa_muts": [], "nt_muts": []}, "OC43/human/USA/901_43/1990": {"virus": "seasonal_corona", "date": "1990-01-19", "region": "?", "country": "usa", "aa_muts": [], "nt_muts": []}, "HCoV_OC43/Yamagata.JPN/50.2017_2568": {"virus": "seasonal_corona", "date": "2017-12-XX", "region": "?", "country": "japan", "aa_muts": [], "nt_muts": []}, "HCoV_OC43/Yamagata.JPN/05.2015_0287": {"virus": "seasonal_corona", "date": "2015-01-XX", "region": "?", "country": "japan", "aa_muts": [], "nt_muts": []}, "HCoV_OC43/Yamagata.JPN/14.2017_0959": {"virus": "seasonal_corona", "date": "2017-04-XX", "region": "?", "country": "japan", "aa_muts": [], "nt_muts": ["T25260C"]}, "HCoV_OC43/Yamagata.JPN/12.2017_0642": {"virus": "seasonal_corona", "date": "2017-03-XX", "region": "?", "country": "japan", "aa_muts": [], "nt_muts": []}, "OC43/SLO/44364/2014": {"virus": "seasonal_corona", "date": "2014-04-08", "region": "?", "country": "slovenia", "aa_muts": [], "nt_muts": []}, "HCoV_OC43/Yamagata.JPN/06.2013_0378": {"virus": "seasonal_corona", "date": "2013-02-XX", "region": "?", "country": "japan", "aa_muts": [], "nt_muts": []}, "OC43/human/USA/851_15/1985": {"virus": "seasonal_corona", "date": "1985-01-08", "region": "?", "country": "usa", "aa_muts": [], "nt_muts": []}, "OC43/human/USA/832_27/1983": {"virus": "seasonal_corona", "date": "1983-02-24", "region": "?", "country": "usa", "aa_muts": [], "nt_muts": []}, "HCoV_OC43/Yamagata.JPN/06.2013_0375": {"virus": "seasonal_corona", "date": "2013-02-XX", "region": "?", "country": "japan", "aa_muts": [], "nt_muts": []}, "OC43/SLO/45151/2014": {"virus": "seasonal_corona", "date": "2014-05-17", "region": "?", "country": "slovenia", "aa_muts": [], "nt_muts": []}, "HCoV_OC43/Yamagata.JPN/04.2015_0154": {"virus": "seasonal_corona", "date": "2015-01-XX", "region": "?", "country": "japan", "aa_muts": [], "nt_muts": []}, "HCoV_OC43/Yamagata.JPN/06.2017_0266": {"virus": "seasonal_corona", "date": "2017-02-XX", "region": "?", "country": "japan", "aa_muts": [], "nt_muts": []}, "hCoV/OC43/VFC41/BRA/2006": {"virus": "seasonal_corona", "date": "2006-XX-XX", "region": "?", "country": "brazil", "aa_muts": [], "nt_muts": []}, "HCoV_OC43/Yamagata.JPN/48.2010_2590": {"virus": "seasonal_corona", "date": "2010-11-XX", "region": "?", "country": "japan", "aa_muts": [], "nt_muts": []}, "HCoV_OC43/Yamagata.JPN/04.2015_0213": {"virus": "seasonal_corona", "date": "2015-01-XX", "region": "?", "country": "japan", "aa_muts": [], "nt_muts": []}, "HCoV_OC43/Yamagata.JPN/05.2015_0275": {"virus": "seasonal_corona", "date": "2015-01-XX", "region": "?", "country": "japan", "aa_muts": [], "nt_muts": []}, "HCoV_OC43/Yamagata.JPN/43.2010_2388": {"virus": "seasonal_corona", "date": "2010-10-XX", "region": "?", "country": "japan", "aa_muts": [], "nt_muts": []}, "OC43/SLO/14041/2010": {"virus": "seasonal_corona", "date": "2010-02-21", "region": "?", "country": "slovenia", "aa_muts": [], "nt_muts": []}, "HCoV_OC43/FRA_EPI/Caen/2001/01": {"virus": "seasonal_corona", "date": "2001-02-20", "region": "?", "country": "france", "aa_muts": [], "nt_muts": []}, "HCoV_OC43/Yamagata.JPN/05.2017_0193": {"virus": "seasonal_corona", "date": "2017-01-XX", "region": "?", "country": "japan", "aa_muts": [], "nt_muts": []}, "HCoV_OC43/Yamagata.JPN/02.2015_0077": {"virus": "seasonal_corona", "date": "2015-01-XX", "region": "?", "country": "japan", "aa_muts": [], "nt_muts": []}, "HCoV_OC43/Yamagata.JPN/24.16_1006": {"virus": "seasonal_corona", "date": "2016-06-XX", "region": "?", "country": "japan", "aa_muts": [], "nt_muts": []}, "HCoV_OC43/Yamagata.JPN/08.2014_0434": {"virus": "seasonal_corona", "date": "2014-02-XX", "region": "?", "country": "japan", "aa_muts": [], "nt_muts": []}, "HCoV_OC43/Yamagata.JPN/07.2009_0469": {"virus": "seasonal_corona", "date": "2009-02-XX", "region": "?", "country": "japan", "aa_muts": [], "nt_muts": []}, "HCoV_OC43/Yamagata.JPN/11.15_0612": {"virus": "seasonal_corona", "date": "2015-03-XX", "region": "?", "country": "japan", "aa_muts": [], "nt_muts": []}, "HCoV_OC43/Yamagata.JPN/03.2010_0241": {"virus": "seasonal_corona", "date": "2010-01-XX", "region": "?", "country": "japan", "aa_muts": [], "nt_muts": []}, "OC43/SLO/61531/2016": {"virus": "seasonal_corona", "date": "2016-01-11", "region": "?", "country": "slovenia", "aa_muts": [], "nt_muts": []}, "OC43/SLO/42347/2014": {"virus": "seasonal_corona", "date": "2014-02-19", "region": "?", "country": "slovenia", "aa_muts": [], "nt_muts": []}, "HCoV_OC43/Yamagata.JPN/04.2010_0251": {"virus": "seasonal_corona", "date": "2010-01-XX", "region": "?", "country": "japan", "aa_muts": [], "nt_muts": []}, "HCoV_OC43/Yamagata.JPN/12.2017_0640": {"virus": "seasonal_corona", "date": "2017-03-XX", "region": "?", "country": "japan", "aa_muts": [], "nt_muts": []}, "HCoV_OC43/Yamagata.JPN/04.2015_0151": {"virus": "seasonal_corona", "date": "2015-01-XX", "region": "?", "country": "japan", "aa_muts": [], "nt_muts": ["T24015C", "C24987T", "T25884C"]}, "HCoV_OC43/Seattle/USA/SC0682/2019": {"virus": "seasonal_corona", "date": "2019-XX-XX", "region": "?", "country": "usa", "aa_muts": [{"HE": ["L409F"]}], "nt_muts": ["C4698T", "A11945G", "T14604C", "A15143T", "C16362T", "G23581T", "C24783T"]}, "HCoV_OC43/FRA_EPI/Caen/2006/08": {"virus": "seasonal_corona", "date": "2006-04-12", "region": "?", "country": "france", "aa_muts": [], "nt_muts": []}, "OC43/human/USA/925_1/1992": {"virus": "seasonal_corona", "date": "1992-05-04", "region": "?", "country": "usa", "aa_muts": [], "nt_muts": []}, "OC43/human/USA/9612_9/1996": {"virus": "seasonal_corona", "date": "1996-12-04", "region": "?", "country": "usa", "aa_muts": [], "nt_muts": []}, "OC43/SLO/60954/2015": {"virus": "seasonal_corona", "date": "2015-12-24", "region": "?", "country": "slovenia", "aa_muts": [], "nt_muts": []}, "HCoV_OC43/Yamagata.JPN/08.2014_0436": {"virus": "seasonal_corona", "date": "2014-02-XX", "region": "?", "country": "japan", "aa_muts": [], "nt_muts": []}, "OC43/human/USA/9712_13/1997": {"virus": "seasonal_corona", "date": "1997-12-11", "region": "?", "country": "usa", "aa_muts": [], "nt_muts": []}, "HCoV_OC43/Yamagata.JPN/52.2014_2417": {"virus": "seasonal_corona", "date": "2014-12-XX", "region": "?", "country": "japan", "aa_muts": [], "nt_muts": ["C24393T", "T25414C"]}, "HCoV_OC43/Yamagata.JPN/03.2015_0130": {"virus": "seasonal_corona", "date": "2015-01-XX", "region": "?", "country": "japan", "aa_muts": [], "nt_muts": []}, "OC43/human/USA/953_23/1995": {"virus": "seasonal_corona", "date": "1995-03-09", "region": "?", "country": "usa", "aa_muts": [], "nt_muts": []}, "HCoV_OC43/Yamagata.JPN/53.2014_2422": {"virus": "seasonal_corona", "date": "2014-12-XX", "region": "?", "country": "japan", "aa_muts": [], "nt_muts": []}, "OC43/SLO/43970/2014": {"virus": "seasonal_corona", "date": "2014-03-27", "region": "?", "country": "slovenia", "aa_muts": [], "nt_muts": []}, "HCoV_OC43/FRA_EPI/Caen/2004/06": {"virus": "seasonal_corona", "date": "2004-02-20", "region": "?", "country": "france", "aa_muts": [], "nt_muts": []}, "OC43/SLO/62519/2016": {"virus": "seasonal_corona", "date": "2016-01-31", "region": "?", "country": "slovenia", "aa_muts": [], "nt_muts": []}, "HCoV_OC43/Yamagata.JPN/08.2013_0498": {"virus": "seasonal_corona", "date": "2013-02-XX", "region": "?", "country": "japan", "aa_muts": [], "nt_muts": []}, "OC43/human/USA/991_5/1999": {"virus": "seasonal_corona", "date": "1999-01-07", "region": "?", "country": "usa", "aa_muts": [], "nt_muts": []}, "HCoV_OC43/Yamagata.JPN/06.2015_0301": {"virus": "seasonal_corona", "date": "2015-02-XX", "region": "?", "country": "japan", "aa_muts": [], "nt_muts": []}, "HCoV_OC43/Yamagata.JPN/05.2015_0288": {"virus": "seasonal_corona", "date": "2015-01-XX", "region": "?", "country": "japan", "aa_muts": [], "nt_muts": []}, "HCoV_OC43/Yamagata.JPN/03.2015_0129": {"virus": "seasonal_corona", "date": "2015-01-XX", "region": "?", "country": "japan", "aa_muts": [], "nt_muts": []}, "HCoV_OC43/Yamagata.JPN/01.2011_0064": {"virus": "seasonal_corona", "date": "2011-01-XX", "region": "?", "country": "japan", "aa_muts": [], "nt_muts": []}, "OC43/human/USA/912_36/1991": {"virus": "seasonal_corona", "date": "1991-02-22", "region": "?", "country": "usa", "aa_muts": [], "nt_muts": []}, "HCoV_OC43/Yamagata.JPN/05.2015_0223": {"virus": "seasonal_corona", "date": "2015-01-XX", "region": "?", "country": "japan", "aa_muts": [], "nt_muts": []}, "OC43/SLO/60430/2015": {"virus": "seasonal_corona", "date": "2015-12-02", "region": "?", "country": "slovenia", "aa_muts": [], "nt_muts": []}, "HCoV_OC43/Seattle/USA/SC0810/2019": {"virus": "seasonal_corona", "date": "2019-XX-XX", "region": "?", "country": "usa", "aa_muts": [{"S": ["I516V"]}], "nt_muts": ["C36A", "A37C", "C38T", "A39G", "C4548T", "T6832C", "C19519T", "G22313A", "C23242T", "A25189G"]}, "HCoV_OC43/Yamagata.JPN/08.2017_0375": {"virus": "seasonal_corona", "date": "2017-02-XX", "region": "?", "country": "japan", "aa_muts": [], "nt_muts": []}, "OC43/SLO/40296/2014": {"virus": "seasonal_corona", "date": "2014-02-03", "region": "?", "country": "slovenia", "aa_muts": [], "nt_muts": []}, "HCoV_OC43/Yamagata.JPN/07.2015_0416": {"virus": "seasonal_corona", "date": "2015-02-XX", "region": "?", "country": "japan", "aa_muts": [], "nt_muts": []}, "HCoV_OC43/Yamagata.JPN/07.2017_0354": {"virus": "seasonal_corona", "date": "2017-02-XX", "region": "?", "country": "japan", "aa_muts": [], "nt_muts": []}, "OC43/human/USA/911_58/1991": {"virus": "seasonal_corona", "date": "1991-01-24", "region": "?", "country": "usa", "aa_muts": [], "nt_muts": []}, "HCoV_OC43/Yamagata.JPN/06.2014_0378": {"virus": "seasonal_corona", "date": "2014-02-XX", "region": "?", "country": "japan", "aa_muts": [], "nt_muts": []}, "OC43/human/USA/9612_48/1996": {"virus": "seasonal_corona", "date": "1996-12-30", "region": "?", "country": "usa", "aa_muts": [], "nt_muts": []}, "HCoV_OC43/Yamagata.JPN/03.15_0087": {"virus": "seasonal_corona", "date": "2015-01-XX", "region": "?", "country": "japan", "aa_muts": [], "nt_muts": []}, "HCoV_OC43/USA/ACRI_0052/2016": {"virus": "seasonal_corona", "date": "2016-03-07", "region": "?", "country": "usa", "aa_muts": [{"HE": ["V151L"]}, {"S": ["V163I"]}], "nt_muts": ["G618T", "T3543C", "C5145T", "G6067C", "C11928T", "C12852T", "C14075T", "C15134T", "G20615A", "C21980T", "G22805C", "A23152T", "G24130A", "A26043C", "T28938C"]}, "HCoV_OC43/Yamagata.JPN/20.2010_1341": {"virus": "seasonal_corona", "date": "2010-05-XX", "region": "?", "country": "japan", "aa_muts": [], "nt_muts": []}, "HCoV_OC43/Yamagata.JPN/06.2015_0351": {"virus": "seasonal_corona", "date": "2015-02-XX", "region": "?", "country": "japan", "aa_muts": [], "nt_muts": []}, "HCoV_OC43/Yamagata.JPN/05.2015_0218": {"virus": "seasonal_corona", "date": "2015-01-XX", "region": "?", "country": "japan", "aa_muts": [], "nt_muts": []}, "HCoV_OC43/Yamagata.JPN/08.2014_0484": {"virus": "seasonal_corona", "date": "2014-02-XX", "region": "?", "country": "japan", "aa_muts": [{"S": ["N495T"]}], "nt_muts": ["A25127C", "C25719T"]}, "HCoV_OC43/Yamagata.JPN/06.2013_0348": {"virus": "seasonal_corona", "date": "2013-02-XX", "region": "?", "country": "japan", "aa_muts": [], "nt_muts": []}, "OC43/SLO/63863/2016": {"virus": "seasonal_corona", "date": "2016-02-20", "region": "?", "country": "slovenia", "aa_muts": [], "nt_muts": []}, "HCoV_OC43/Yamagata.JPN/52.2012_2590": {"virus": "seasonal_corona", "date": "2012-12-XX", "region": "?", "country": "japan", "aa_muts": [], "nt_muts": []}, "HCoV_OC43/Yamagata.JPN/02.15_0083": {"virus": "seasonal_corona", "date": "2015-01-XX", "region": "?", "country": "japan", "aa_muts": [], "nt_muts": []}, "HCoV_OC43/Yamagata.JPN/23.16_0980": {"virus": "seasonal_corona", "date": "2016-06-XX", "region": "?", "country": "japan", "aa_muts": [{"S": ["A600S"]}], "nt_muts": ["G25441T"]}, "OC43/human/USA/931_85/1993": {"virus": "seasonal_corona", "date": "1993-01-26", "region": "?", "country": "usa", "aa_muts": [], "nt_muts": []}, "HCoV_OC43/Yamagata.JPN/07.2014_0380": {"virus": "seasonal_corona", "date": "2014-02-XX", "region": "?", "country": "japan", "aa_muts": [], "nt_muts": ["C25368T"]}, "HCoV_OC43/Yamagata.JPN/05.2015_0282": {"virus": "seasonal_corona", "date": "2015-01-XX", "region": "?", "country": "japan", "aa_muts": [], "nt_muts": []}, "HCoV_OC43/FRA_EPI/Caen/2008/10": {"virus": "seasonal_corona", "date": "2008-01-17", "region": "?", "country": "france", "aa_muts": [], "nt_muts": []}, "HCoV_OC43/Yamagata.JPN/07.2015_0369": {"virus": "seasonal_corona", "date": "2015-02-XX", "region": "?", "country": "japan", "aa_muts": [], "nt_muts": ["T25692C"]}, "OC43_KLF_01_2018": {"virus": "seasonal_corona", "date": "2018-01-18", "region": "?", "country": "kenya", "aa_muts": [{"N": ["E96Q"]}, {"N2": ["L112P"]}, {"S": ["P35H", "K116I", "P262A", "D264H", "G511S", "E1243G"]}], "nt_muts": ["T6A", "G7T", "G9T", "C10G", "T13C", "G18A", "C683A", "G712T", "G1243A", "T1603C", "C1634T", "C1740T", "G2451T", "C2850T", "T4779G", "A5036G", "C5720T", "A5946C", "C6321T", "T7488C", "G8166T", "G9654A", "T10071C", "G10515A", "G12162A", "T12420C", "C13343G", "C14039T", "C14103A", "C16199T", "T16280C", "C16412T", "T16688C", "G16821A", "C16934T", "T16970C", "T17306C", "T20585C", "T20898C", "C22819A", "T23023C", "C23747A", "G23832A", "A23990T", "T24228C", "C24427G", "G24433C", "G25174A", "A25557T", "C25926T", "T27342C", "A27371G", "C28080T", "G29190A", "G29389C", "T29775C", "C30351T"]}, "HCoV_OC43/USA/TCNP_00204/2017": {"virus": "seasonal_corona", "date": "2017-01-03", "region": "?", "country": "usa", "aa_muts": [{"S": ["S351L"]}], "nt_muts": ["C70T", "C2472T", "G11967A", "T13053C", "A18683G", "T19187C", "T19607C", "C24695T"]}, "OC43/human/USA/971_5/1997": {"virus": "seasonal_corona", "date": "1997-01-02", "region": "?", "country": "usa", "aa_muts": [], "nt_muts": []}, "HCoV_OC43/Yamagata.JPN/52.2012_2586": {"virus": "seasonal_corona", "date": "2012-12-XX", "region": "?", "country": "japan", "aa_muts": [], "nt_muts": []}, "HCoV_OC43/Yamagata.JPN/09.2017_0480": {"virus": "seasonal_corona", "date": "2017-03-XX", "region": "?", "country": "japan", "aa_muts": [], "nt_muts": []}, "HCoV_OC43/Seattle/USA/SC2476/2015": {"virus": "seasonal_corona", "date": "2015-XX-XX", "region": "?", "country": "usa", "aa_muts": [], "nt_muts": ["C6923T", "C8242T", "G8581A", "A18509G", "T18863C", "G19796T", "T25965C"]}, "HCoV_OC43/Yamagata.JPN/03.2014_0174": {"virus": "seasonal_corona", "date": "2014-01-XX", "region": "?", "country": "japan", "aa_muts": [], "nt_muts": []}, "HCoV_OC43/FRA_EPI/Caen/2013/15": {"virus": "seasonal_corona", "date": "2013-03-18", "region": "?", "country": "france", "aa_muts": [{"S": ["S696P"]}], "nt_muts": ["T24882C", "C25449T", "T25729C", "T25968C"]}, "HCoV_OC43/Yamagata.JPN/06.2012_0369": {"virus": "seasonal_corona", "date": "2012-02-XX", "region": "?", "country": "japan", "aa_muts": [{"S": ["P22T"]}], "nt_muts": ["C23707A", "C24195T", "C24924T", "T25293C"]}, "HCoV_OC43/Yamagata.JPN/04.2015_0211": {"virus": "seasonal_corona", "date": "2015-01-XX", "region": "?", "country": "japan", "aa_muts": [], "nt_muts": []}, "OC43/human/USA/8912_37/1989": {"virus": "seasonal_corona", "date": "1989-12-21", "region": "?", "country": "usa", "aa_muts": [], "nt_muts": []}, "HCoV_OC43/Yamagata.JPN/04.15_0214": {"virus": "seasonal_corona", "date": "2015-01-XX", "region": "?", "country": "japan", "aa_muts": [], "nt_muts": []}, "HCoV_OC43/Yamagata.JPN/21.2011_1174": {"virus": "seasonal_corona", "date": "2011-05-XX", "region": "?", "country": "japan", "aa_muts": [], "nt_muts": []}, "HCoV_OC43/Yamagata.JPN/08.2014_0485": {"virus": "seasonal_corona", "date": "2014-02-XX", "region": "?", "country": "japan", "aa_muts": [], "nt_muts": []}, "sloOC43_3": {"virus": "seasonal_corona", "date": "2011-02-22", "region": "?", "country": "slovenia", "aa_muts": [], "nt_muts": []}, "HCoV_OC43/Seattle/USA/SC9741/2016": {"virus": "seasonal_corona", "date": "2016-XX-XX", "region": "?", "country": "usa", "aa_muts": [{"S": ["S759F"]}], "nt_muts": ["C6949T", "A11656G", "T24087C", "C25919T", "T28614A"]}, "HCoV_OC43/Yamagata.JPN/08.2014_0435": {"virus": "seasonal_corona", "date": "2014-02-XX", "region": "?", "country": "japan", "aa_muts": [{"S": ["T622I"]}], "nt_muts": ["C25508T"]}, "HCoV_OC43/Yamagata.JPN/12.2017_0751": {"virus": "seasonal_corona", "date": "2017-03-XX", "region": "?", "country": "japan", "aa_muts": [], "nt_muts": []}, "HCoV_OC43/Yamagata.JPN/46.2014_2103": {"virus": "seasonal_corona", "date": "2014-11-XX", "region": "?", "country": "japan", "aa_muts": [], "nt_muts": []}, "HCoV_OC43/Yamagata.JPN/20.2011_1168": {"virus": "seasonal_corona", "date": "2011-05-XX", "region": "?", "country": "japan", "aa_muts": [], "nt_muts": []}, "OC43/human/USA/911_66/1991": {"virus": "seasonal_corona", "date": "1991-01-29", "region": "?", "country": "usa", "aa_muts": [], "nt_muts": []}, "HCoV_OC43/Yamagata.JPN/13.2011_0857": {"virus": "seasonal_corona", "date": "2011-03-XX", "region": "?", "country": "japan", "aa_muts": [], "nt_muts": []}, "HCoV_OC43/Yamagata.JPN/09.2017_0482": {"virus": "seasonal_corona", "date": "2017-03-XX", "region": "?", "country": "japan", "aa_muts": [], "nt_muts": []}, "HCoV_OC43/FRA_EPI/Caen/2007/09": {"virus": "seasonal_corona", "date": "2007-06-16", "region": "?", "country": "france", "aa_muts": [], "nt_muts": []}, "HCoV_OC43/Seattle/USA/SC2481/2015": {"virus": "seasonal_corona", "date": "2015-XX-XX", "region": "?", "country": "usa", "aa_muts": [{"NS2a": ["K8N"]}], "nt_muts": ["G7272A", "A10317G", "T20141C", "G20236A", "C21494T", "G21530T", "C27906T"]}, "HCoV_OC43/Yamagata.JPN/07.2009_0536": {"virus": "seasonal_corona", "date": "2009-02-XX", "region": "?", "country": "japan", "aa_muts": [], "nt_muts": []}}