strain	virus	assension	date	region	country
BJ8081	seasonal_corona	DQ846901	?	?	china
TN93_10_23	seasonal_corona	KM077074	?	?	usa
Athens.GR/73/07	seasonal_corona	KX866388	2007-01-05	?	greece
CU_682	seasonal_corona	GQ856807	2006-XX-XX	?	hong_kong
HCoV/NL63/N01	seasonal_corona	GU068568	2006-12-04	?	china
NL63/DEN/2010/31	seasonal_corona	JQ771058	2010-12-11	?	usa
12MYKL0736	seasonal_corona	KT359876	2012-XX-XX	?	malaysia
NL63/human/USA/911_56/1991	seasonal_corona	KF530107	1991-01-24	?	usa
TN92_5_25	seasonal_corona	KM077086	?	?	usa
HCOV/KENYA/003/2009	seasonal_corona	KP112153	2014-07-01	?	kenya
Kilifi/HH/0512/04_Jun_2010	seasonal_corona	MG356426	2010-06-04	?	kenya
ChinaGD04	seasonal_corona	MK334047	2018-07-25	?	china
ChinaGD11	seasonal_corona	MK342130	2018-08-15	?	china
Kilifi/HH/5402/20_May_2010	seasonal_corona	MG356419	2010-05-20	?	kenya
V110138	seasonal_corona	FJ656174	2007-03-XX	?	sweden
12MYKL1288	seasonal_corona	KT359904	2012-XX-XX	?	malaysia
NL63	seasonal_corona	MF996622	2010-XX-XX	?	australia
CU_U0348	seasonal_corona	GQ856812	2005-XX-XX	?	hong_kong
CU_616	seasonal_corona	GQ856803	2006-XX-XX	?	hong_kong
Kilifi_HH_0511_01_Jun_2010	seasonal_corona	MG428703	2010-06-01	?	kenya
Kilifi/HH/5401/20_May_2010	seasonal_corona	MG356421	2010-05-20	?	kenya
GS05_2009	seasonal_corona	KM055630	2009-XX-XX	?	china
hCoV/NL63/VFC43/BRA/2006	seasonal_corona	JN251788	2006-XX-XX	?	brazil
909A_2008	seasonal_corona	KM055645	2008-XX-XX	?	china
Baghdad_2018	seasonal_corona	MN086823	2018-12-26	?	iraq
TN01_2_31	seasonal_corona	KM077078	?	?	usa
225A_2007	seasonal_corona	KM055640	2007-XX-XX	?	china
12MYKL1350	seasonal_corona	KT359908	2012-XX-XX	?	malaysia
Kilifi/IP/014/21_Aug_2012	seasonal_corona	MG356437	2012-08-21	?	kenya
NL63/DEN/2010/36	seasonal_corona	JQ771060	2010-12-30	?	usa
N07_6B	seasonal_corona	KY674915	2016-XX-XX	?	usa
CU_U0355	seasonal_corona	GQ856813	2005-XX-XX	?	hong_kong
PUMCH868	seasonal_corona	HM130750	2005-10-08	?	china
NL63/DEN/2005/193	seasonal_corona	JQ765568	2005-01-11	?	usa
971A_2008	seasonal_corona	KM055643	2008-XX-XX	?	china
12MYKL1229	seasonal_corona	KT359902	2012-XX-XX	?	malaysia
NL63/DEN/2010/28	seasonal_corona	JQ771057	2010-12-03	?	usa
HCoVNL63/Tokyo/SGH_24/2018	seasonal_corona	LC488388	2018-XX-XX	?	japan
NL63/FRA_EPI/Caen/2005/04	seasonal_corona	KY862051	2005-02-23	?	france
INMI4	seasonal_corona	EU125189	?	?	italy
NL63/human/USA/891_4/1989	seasonal_corona	KF530114	1989-01-03	?	usa
1023A_2008	seasonal_corona	KM055634	2008-XX-XX	?	china
TN96_1_29	seasonal_corona	KM077075	?	?	usa
12MYKL0943	seasonal_corona	KT359888	2012-XX-XX	?	malaysia
N07_324B_182X	seasonal_corona	KY554970	2016-XX-XX	?	usa
Kilifi/IP/028/21_Feb_2014	seasonal_corona	MG356451	2014-02-21	?	kenya
12MYKL1013	seasonal_corona	KT359893	2012-XX-XX	?	malaysia
954A_2008	seasonal_corona	KM055648	2008-XX-XX	?	china
HCoVNL63/Tokyo/SGH_15/2017	seasonal_corona	LC488390	2017-XX-XX	?	japan
Kilifi/IP/003/20_May_2010	seasonal_corona	MG356420	2010-05-20	?	kenya
HCoV_NL63/Haiti_1/2015	seasonal_corona	KT266906	2015-01-16	?	haiti
NL63/human/USA/838_9/1983	seasonal_corona	KF530110	1983-08-16	?	usa
V41633	seasonal_corona	FJ656158	2007-02-XX	?	sweden
HCoV_NL63/Seattle/USA/SC0768/2019	seasonal_corona	MN306040	2019-XX-XX	?	usa
CU_H1901/2010	seasonal_corona	JX513250	2010-05-06	?	thailand
NL63/DEN/2009/22	seasonal_corona	JQ900256	2009-03-03	?	usa
12MYKL1002	seasonal_corona	KT359891	2012-XX-XX	?	malaysia
Kilifi/HH/3807/11_May_2010	seasonal_corona	MG356414	2010-05-11	?	kenya
CU_662	seasonal_corona	GQ856806	2006-XX-XX	?	hong_kong
12MYKL1088	seasonal_corona	KT359897	2012-XX-XX	?	malaysia
HCoV_NL63/Seattle/USA/SC0179/2018	seasonal_corona	MN306018	2018-XX-XX	?	usa
CU_H1747/2010	seasonal_corona	JX513217	2010-03-11	?	thailand
13MYKL1870	seasonal_corona	KT359912	2013-XX-XX	?	malaysia
NL63/human/USA/905_25/1990	seasonal_corona	KF530113	1990-05-29	?	usa
TN90_4_20	seasonal_corona	KM077083	?	?	usa
12MYKL0880	seasonal_corona	KT359886	2012-XX-XX	?	malaysia
Athens.GR/651/08	seasonal_corona	KX866394	2008-03-14	?	greece
12MYKL0865	seasonal_corona	KT359885	2012-XX-XX	?	malaysia
HCoV/NL63/N14	seasonal_corona	GU068581	2007-09-13	?	china
V110122	seasonal_corona	FJ656171	2007-03-XX	?	sweden
hCoV/NL63/VFC135/BRA/2007	seasonal_corona	JN251793	2007-XX-XX	?	brazil
990A_2008	seasonal_corona	KM055646	2008-XX-XX	?	china
TN83_8_9	seasonal_corona	KM077088	?	?	usa
V42234	seasonal_corona	FJ656167	2007-05-XX	?	sweden
12MYKL0779	seasonal_corona	KT359879	2012-XX-XX	?	malaysia
NL63/FRA_EPI/Caen/2004/02	seasonal_corona	KY862053	2004-12-18	?	france
CU_P208	seasonal_corona	GQ856811	2005-XX-XX	?	hong_kong
Kilifi/HH/1612/18_May_2010	seasonal_corona	MG356417	2010-05-18	?	kenya
NL63/DEN/2010/25	seasonal_corona	JQ771056	2010-12-23	?	usa
NL63/human/USA/891_6/1989	seasonal_corona	KF530108	1989-01-05	?	usa
180A_2007	seasonal_corona	KM055638	2007-XX-XX	?	china
ChinaGD05	seasonal_corona	MK334045	2018-08-14	?	china
ChinaGD10	seasonal_corona	MK342129	2018-08-15	?	china
TN01_11_25	seasonal_corona	KM077089	?	?	usa
PUMCH6261	seasonal_corona	HM130756	2007-10-21	?	china
NL63/DEN/2009/20	seasonal_corona	JQ765567	2009-03-12	?	usa
TN95_1_23	seasonal_corona	KM077091	?	?	usa
12MYKL1193	seasonal_corona	KT359899	2012-XX-XX	?	malaysia
12MYKL0280	seasonal_corona	KT359872	2012-XX-XX	?	malaysia
TN97_2_22	seasonal_corona	KM077090	?	?	usa
NL63/human/USA/0111_25/2001	seasonal_corona	KF530112	2001-11-21	?	usa
BJ082	seasonal_corona	KM676091	2014-05-XX	?	china
236A_2007	seasonal_corona	KM055641	2007-XX-XX	?	china
197A_2007	seasonal_corona	KM055639	2007-XX-XX	?	china
NL63/DEN/2005/271	seasonal_corona	JQ765571	2005-01-23	?	usa
TN91_1_56	seasonal_corona	KM077077	?	?	usa
12MYKL0802	seasonal_corona	KT359881	2012-XX-XX	?	malaysia
hCoV/NL63/VFC57/BRA/2006	seasonal_corona	JN251790	2006-XX-XX	?	brazil
HCoV/NL63/N12	seasonal_corona	GU068579	2007-09-06	?	china
TN91_1_17	seasonal_corona	KM077093	?	?	usa
NL63/FRA_EPI/Caen/2012/14	seasonal_corona	KY862041	2012-02-17	?	france
Kilifi_HH_5402_20_May_2010	seasonal_corona	MG428704	2010-05-20	?	kenya
930A_2008	seasonal_corona	KM055650	2008-XX-XX	?	china
NL63/DEN/2009/31	seasonal_corona	JQ900257	2009-02-21	?	usa
12MYKL1007	seasonal_corona	KT359892	2012-XX-XX	?	malaysia
13MYKL1797	seasonal_corona	KT359911	2013-XX-XX	?	malaysia
TN91_12_96	seasonal_corona	KM077072	?	?	usa
Kilifi/IP/023/18_Jun_2013	seasonal_corona	MG356446	2013-06-18	?	kenya
HCoV/NL63/N02	seasonal_corona	GU068569	2007-01-29	?	china
N07_196B	seasonal_corona	KY554969	2016-XX-XX	?	usa
12MYKL1195	seasonal_corona	KT359900	2012-XX-XX	?	malaysia
12MYKL1197	seasonal_corona	KT359901	2012-XX-XX	?	malaysia
V95343	seasonal_corona	FJ656168	2006-12-XX	?	sweden
hCoV/NL63/VFC55/BRA/2006	seasonal_corona	JN251789	2006-XX-XX	?	brazil
188A_2007	seasonal_corona	KM055647	2007-XX-XX	?	china
1014A_2008	seasonal_corona	KM055632	2008-XX-XX	?	china
ZA08_04	seasonal_corona	EU189114	?	?	na
sloNL63_1	seasonal_corona	KF668029	2010-03-11	?	slovenia
V37201	seasonal_corona	FJ656153	2006-02-XX	?	sweden
Athens.GR/386/08	seasonal_corona	KX866393	2008-02-24	?	greece
12MYKL1079	seasonal_corona	KT359896	2012-XX-XX	?	malaysia
CU_H1048/2009	seasonal_corona	JX513215	2009-12-03	?	thailand
HCoV/NL63/N05	seasonal_corona	GU068572	2007-07-16	?	china
NL63/FRA_EPI/Caen/2015/19	seasonal_corona	KY862036	2015-01-05	?	france
Kilifi/HH/0503/04_Jun_2010	seasonal_corona	MG356425	2010-06-04	?	kenya
SH_7	seasonal_corona	KC294433	2012-XX-XX	?	china
NL63/DEN/2009/15	seasonal_corona	JQ765565	2009-02-13	?	usa
Kilifi/IP/022/17_Jun_2013	seasonal_corona	MG356445	2013-06-17	?	kenya
12MYKL0809	seasonal_corona	KT359880	2012-XX-XX	?	malaysia
N07_468B_176X	seasonal_corona	KY554971	2016-XX-XX	?	usa
TN99_2_46	seasonal_corona	KM077079	?	?	usa
Athens.GR/168/06	seasonal_corona	KX866386	2006-01-25	?	greece
NL63/FRA_EPI/Caen/2010/09	seasonal_corona	KY862046	2010-10-05	?	france
CU_H1694/2010	seasonal_corona	JX513249	2010-03-04	?	thailand
V42073	seasonal_corona	FJ656165	2007-04-XX	?	sweden
Kilifi/IP/012/15_Jun_2012	seasonal_corona	MG356435	2012-06-15	?	kenya
CU_H1996/2010	seasonal_corona	JX513253	2010-06-17	?	thailand
HCOV/KENYA/011/2009	seasonal_corona	KP112155	2014-07-01	?	kenya
ChinaGD13	seasonal_corona	MK342132	2018-07-06	?	china
CN0601/14	seasonal_corona	MG772808	2014-11-25	?	south_korea
V110105	seasonal_corona	FJ656170	2007-03-XX	?	sweden
PUMCH1053	seasonal_corona	HM130751	2005-12-21	?	china
12MYKL0780	seasonal_corona	KT359878	2012-XX-XX	?	malaysia
BJ021	seasonal_corona	KM676089	2014-05-XX	?	china
CBJ_037	seasonal_corona	JX104161	2008-11-04	?	china
12MYKL1337	seasonal_corona	KT359907	2012-XX-XX	?	malaysia
Kilifi/HH/5405/15_May_2010	seasonal_corona	MG356416	2010-05-15	?	kenya
NL63/DEN/2008/16	seasonal_corona	JQ765566	2008-01-08	?	usa
Kilifi_HH_5709_19_May_2010	seasonal_corona	MG428699	2010-05-19	?	kenya
NL63/human/USA/904_20/1990	seasonal_corona	KF530104	1990-04-26	?	usa
N07_64B	seasonal_corona	KY674916	2016-XX-XX	?	usa
PUMCH5905	seasonal_corona	HM130754	2007-08-11	?	china
PUMCH3858	seasonal_corona	HM130753	2006-11-05	?	china
CU_586	seasonal_corona	GQ856801	2006-XX-XX	?	hong_kong
NL63/FRA_EPI/Caen/2013/15	seasonal_corona	KY862040	2013-03-20	?	france
ChinaGD08	seasonal_corona	MK342127	2018-07-03	?	china
Kilifi_HH_1602_01_Jun_2010	seasonal_corona	MG428700	2010-06-01	?	kenya
V41645	seasonal_corona	FJ656159	2007-02-XX	?	sweden
12MYKL0863	seasonal_corona	KT359884	2012-XX-XX	?	malaysia
V37214	seasonal_corona	FJ656154	2006-03-XX	?	sweden
12MYKL1528	seasonal_corona	KT359909	2012-XX-XX	?	malaysia
NL63/UF_1/2015	seasonal_corona	KT381875	2015-XX-XX	?	usa
NL63/DEN/2010/35	seasonal_corona	JQ771059	2010-12-14	?	usa
NL63/FRA_EPI/Caen/2013/16	seasonal_corona	KY862039	2013-02-01	?	france
TN87_12_17	seasonal_corona	KM077087	?	?	usa
Kilifi_HH_0512_04_Jun_2010	seasonal_corona	MG428701	2010-06-04	?	kenya
CU_706	seasonal_corona	GQ856808	2006-XX-XX	?	hong_kong
CU_644	seasonal_corona	GQ856805	2006-XX-XX	?	hong_kong
HCoV_NL63/Seattle/USA/SC2940/2015	seasonal_corona	KY983586	2015-XX-XX	?	usa
HCOV/KENYA/005/2009	seasonal_corona	KP112154	2014-07-01	?	kenya
Kilifi/IP/021/26_May_2013	seasonal_corona	MG356444	2013-05-26	?	kenya
V110123	seasonal_corona	FJ656172	2007-03-XX	?	sweden
Kilifi/IP/002/14_May_2010	seasonal_corona	MG356415	2010-05-14	?	kenya
NL63/FRA_EPI/Caen/2015/20	seasonal_corona	KY862035	2015-02-15	?	france
HCOV/KENYA/004/2012	seasonal_corona	KP112157	2014-07-01	?	kenya
CU_572	seasonal_corona	GQ856799	2006-XX-XX	?	hong_kong
CU_H2004/2010	seasonal_corona	JX513254	2010-06-17	?	thailand
1093A_2008	seasonal_corona	KM055635	2008-XX-XX	?	china
N07_185B	seasonal_corona	KY554968	2016-XX-XX	?	usa
Kilifi/HH/0511/01_Jun_2010	seasonal_corona	MG356424	2010-06-01	?	kenya
INMI5	seasonal_corona	EU125190	?	?	italy
Kilifi/IP/005/09_Aug_2010	seasonal_corona	MG356428	2010-08-09	?	kenya
ChinaGD06	seasonal_corona	MK342125	2018-08-01	?	china
CU_743	seasonal_corona	GQ856809	2006-XX-XX	?	hong_kong
Kilifi/HH/5709/19_May_2010	seasonal_corona	MG356418	2010-05-19	?	kenya
hCoV/NL63/VFC10/BRA/2006	seasonal_corona	JN251784	2006-XX-XX	?	brazil
TN90_1_24	seasonal_corona	KM077085	?	?	usa
12MYKL1336	seasonal_corona	KT359906	2012-XX-XX	?	malaysia
12MYKL0750	seasonal_corona	KT359877	2012-XX-XX	?	malaysia
12MYKL0903	seasonal_corona	KT359887	2012-XX-XX	?	malaysia
12MYKL0813	seasonal_corona	KT359882	2012-XX-XX	?	malaysia
NL63/DEN/2005/1062	seasonal_corona	JQ765573	2005-04-12	?	usa
12MYKL0630	seasonal_corona	KT359831	2012-XX-XX	?	malaysia
996A_2008	seasonal_corona	KM055649	2008-XX-XX	?	china
TN89_1_4	seasonal_corona	KM077082	?	?	usa
12MYKL0967	seasonal_corona	KT359890	2012-XX-XX	?	malaysia
Kilifi/IP/007/30_Mar_2011	seasonal_corona	MG356430	2011-03-30	?	kenya
Kilifi/IP/019/04_May_2013	seasonal_corona	MG356442	2013-05-04	?	kenya
NL63/FRA_EPI/Caen/2005/03	seasonal_corona	KY862052	2005-01-24	?	france
HCoV/NL63/N03	seasonal_corona	GU068570	2007-05-21	?	china
NL63/FRA_EPI/Caen/2011/11	seasonal_corona	KY862044	2011-02-21	?	france
ChinaGD02	seasonal_corona	MK334043	2018-08-15	?	china
945A_2008	seasonal_corona	KM055637	2008-XX-XX	?	china
hCoV/NL63/VFC19/BRA/2006	seasonal_corona	JN251786	2006-XX-XX	?	brazil
INMI3	seasonal_corona	EU125188	?	?	italy
CU_X091	seasonal_corona	GQ856814	2005-XX-XX	?	hong_kong
13MYKL1791	seasonal_corona	KT359910	2013-XX-XX	?	malaysia
TN90_3_28	seasonal_corona	KM077081	?	?	usa
Athens.GR/255/07	seasonal_corona	KX866390	2007-03-03	?	greece
N07_262B	seasonal_corona	KY829118	2015-XX-XX	?	usa
Kilifi_HH_3807_11_May_2010	seasonal_corona	MG428702	2010-05-11	?	kenya
Kilifi/IP/017/12_Apr_2013	seasonal_corona	MG356440	2013-04-12	?	kenya
PUMCH3562	seasonal_corona	HM130752	2006-09-27	?	china
hCoV/NL63/VFC370/BRA/2007	seasonal_corona	JN251799	2007-XX-XX	?	brazil
CU_H1966/2010	seasonal_corona	JX513252	2010-06-03	?	thailand
12MYKL1253	seasonal_corona	KT359905	2012-XX-XX	?	malaysia
Kilifi/IP/013/27_Jul_2012	seasonal_corona	MG356436	2012-07-27	?	kenya
V41988	seasonal_corona	FJ656164	2007-03-XX	?	sweden
TN93_11_36	seasonal_corona	KM077092	?	?	usa
V41620	seasonal_corona	FJ656157	2007-02-XX	?	sweden
NL64	seasonal_corona	KJ768642	2012-01-04	?	ghana
hCoV/NL63/VFC65/BRA/2006	seasonal_corona	JN251791	2006-XX-XX	?	brazil
NL63/human/USA/903_28/1990	seasonal_corona	KF530109	1990-03-21	?	usa
12MYKL1238	seasonal_corona	KT359903	2012-XX-XX	?	malaysia
CU_L182	seasonal_corona	GQ856810	2005-XX-XX	?	hong_kong
HCOV/KENYA/015/2009	seasonal_corona	KP112156	2014-07-01	?	kenya
12MYKL1055	seasonal_corona	KT359894	2012-XX-XX	?	malaysia
CU_H1955/2010	seasonal_corona	JX513251	2010-05-27	?	thailand
Kilifi/IP/026/24_Jan_2014	seasonal_corona	MG356449	2014-01-24	?	kenya
HCoV/NL63/N06	seasonal_corona	GU068573	2007-07-26	?	china
Kilifi/IP/006/28_Mar_2011	seasonal_corona	MG356429	2011-03-28	?	kenya
HCoV/NL63/N08	seasonal_corona	GU068575	2007-08-02	?	china
NL63/RPTEC/2004	seasonal_corona	JX504050	2004-XX-XX	?	usa
ChinaGD01	seasonal_corona	KT006149	2018-09-01	?	china
NL63/Haiti_3/2015	seasonal_corona	KX179495	2015-01-22	?	haiti
NL63/UF_2/2015	seasonal_corona	KX179500	2015-09-01	?	usa
Kilifi/IP/016/08_Apr_2013	seasonal_corona	MG356439	2013-04-08	?	kenya
Kilifi/IP/029/27_May_2014	seasonal_corona	MG356452	2014-05-27	?	kenya
NL63/DEN/2005/235	seasonal_corona	JQ765570	2005-01-19	?	usa
NL63/FRA_EPI/Caen/2009/07	seasonal_corona	KY862048	2009-01-08	?	france
CU_583	seasonal_corona	GQ856800	2006-XX-XX	?	hong_kong
V110104	seasonal_corona	FJ656169	2007-02-XX	?	sweden
HCoV/NL63/N09	seasonal_corona	GU068576	2007-08-23	?	china
Athens.GR/125/07	seasonal_corona	KX866389	2007-02-18	?	greece
NL63/DEN/2005/1862	seasonal_corona	JQ765574	2005-11-XX	?	usa
CU_H2007/2010	seasonal_corona	JX513255	2010-06-17	?	thailand
Athens.GR/336/07	seasonal_corona	KX866392	2007-04-15	?	greece
NL63/DEN/2005/232	seasonal_corona	JQ765569	2005-01-18	?	usa
NL63/DEN/2009/14	seasonal_corona	JQ765564	2009-03-01	?	usa
NL63/DEN/2009/9	seasonal_corona	JQ765563	2009-03-16	?	usa
Kilifi/HH/0522/21_May_2010	seasonal_corona	MG356422	2010-05-21	?	kenya
N06_1144B	seasonal_corona	KY554967	2016-XX-XX	?	usa
Kilifi/IP/008/12_May_2011	seasonal_corona	MG356431	2011-05-12	?	kenya
TN92_5_5	seasonal_corona	KM077073	?	?	usa
PUMCH6159	seasonal_corona	HM130755	2007-09-23	?	china
NL63/human/USA/901_24/1990	seasonal_corona	KF530111	1990-01-05	?	usa
Kilifi/IP/025/21_Jan_2014	seasonal_corona	MG356448	2014-01-21	?	kenya
V41946	seasonal_corona	FJ656163	2007-03-XX	?	sweden
NL63/DEN/2005/449	seasonal_corona	JQ900259	2005-02-09	?	usa
997A_2008	seasonal_corona	KM055606	2008-XX-XX	?	china
HCoV/NL63/N13	seasonal_corona	GU068580	2007-09-10	?	china
NL63/DEN/2010/20	seasonal_corona	JQ771055	2010-12-15	?	usa
HCoV/NL63/N10	seasonal_corona	GU068577	2007-08-23	?	china
Kilifi/IP/004/20_Jun_2010	seasonal_corona	MG356427	2010-06-20	?	kenya
HCoVNL63/Tokyo/SGH_18/2018	seasonal_corona	LC488389	2018-XX-XX	?	japan
HCoV/NL63/N11	seasonal_corona	GU068578	2007-08-30	?	china
NL63/FRA_EPI/Caen/2010/10	seasonal_corona	KY862045	2010-12-17	?	france
HCoV/NL63/N04	seasonal_corona	GU068571	2007-06-28	?	china
V110132	seasonal_corona	FJ656173	2007-03-XX	?	sweden
NL63/DEN/2009/6	seasonal_corona	JQ900255	2009-02-25	?	usa
Kilifi_HH_3808_24_May_2010	seasonal_corona	MG428706	2010-05-24	?	kenya
Kilifi/IP/027/26_Jan_2014	seasonal_corona	MG356450	2014-01-26	?	kenya
12MYKL0964	seasonal_corona	KT359889	2012-XX-XX	?	malaysia
NL63/FRA_EPI/Caen/2011/12	seasonal_corona	KY862043	2011-10-08	?	france
Kilifi/HH/3808/24_May_2010	seasonal_corona	MG356423	2010-05-24	?	kenya
12MYKL0730	seasonal_corona	KT359875	2012-XX-XX	?	malaysia
ChinaGD07	seasonal_corona	MK342126	2018-07-06	?	china
Kilifi/IP/011/26_Jul_2011	seasonal_corona	MG356434	2011-07-26	?	kenya
2093A_2010	seasonal_corona	KM055633	2010-XX-XX	?	china
374A_2007	seasonal_corona	KM055644	2007-XX-XX	?	china
HCoV/NL63/N07	seasonal_corona	GU068574	2007-07-26	?	china
BJ040	seasonal_corona	KM676090	2014-05-XX	?	china
NL63/Haiti_2/2015	seasonal_corona	KX179494	2015-01-21	?	haiti
Athens.GR/301/06	seasonal_corona	KX866387	2006-03-12	?	greece
NL63/FRA_EPI/Caen/2004/01	seasonal_corona	KY862054	2004-10-11	?	france
NL63_KLF_01_2018	seasonal_corona	MN026166	2018-01-29	?	kenya
Kilifi/IP/010/06_Jun_2011	seasonal_corona	MG356433	2011-06-06	?	kenya
Kilifi/IP/001/18_Mar_2008	seasonal_corona	MG356413	2008-03-18	?	kenya
NL63/human/USA/012_31/2001	seasonal_corona	KF530105	2001-02-23	?	usa
NL63/FRA_EPI/Caen/2008/06	seasonal_corona	KY862049	2008-02-19	?	france
NL63/human/USA/8712_17/1987	seasonal_corona	KF530106	1987-12-16	?	usa
TN90_5_25	seasonal_corona	KM077080	?	?	usa
13MYKL2005	seasonal_corona	KT359913	2013-XX-XX	?	malaysia
Kilifi/IP/020/25_May_2013	seasonal_corona	MG356443	2013-05-25	?	kenya
NL63/FRA_EPI/Caen/2008/05	seasonal_corona	KY862050	2008-02-15	?	france
ChinaGD09	seasonal_corona	MK342128	2018-08-01	?	china
12MYKL1089	seasonal_corona	KT359898	2012-XX-XX	?	malaysia
Kilifi_HH_0522_21_May_2010	seasonal_corona	MG428705	2010-05-21	?	kenya
CU_604	seasonal_corona	GQ856802	2006-XX-XX	?	hong_kong
Athens.GR/263/07	seasonal_corona	KX866391	2007-03-27	?	greece
Kilifi/IP/024/09_Dec_2013	seasonal_corona	MG356447	2013-12-09	?	kenya
Kilifi/IP/015/19_Nov_2012	seasonal_corona	MG356438	2012-11-19	?	kenya
ChinaGD12	seasonal_corona	MK342131	2018-08-01	?	china
Kilifi_HH_5401_20_May_2010	seasonal_corona	MG428707	2010-05-20	?	kenya
12MYKL1064	seasonal_corona	KT359895	2012-XX-XX	?	malaysia
V41898	seasonal_corona	FJ656162	2007-03-XX	?	sweden
V42174	seasonal_corona	FJ656166	2007-04-XX	?	sweden
940A_2008	seasonal_corona	KM055636	2008-XX-XX	?	china
Kilifi/IP/018/03_May_2013	seasonal_corona	MG356441	2013-05-03	?	kenya
CBJ123	seasonal_corona	JX524171	2009-01-24	?	china
12MYKL0862	seasonal_corona	KT359883	2012-XX-XX	?	malaysia
NL63/Haiti_4/2015	seasonal_corona	KX179496	2015-01-27	?	haiti
ZA85_05	seasonal_corona	EU189113	?	?	na
ChinaGD14	seasonal_corona	MK342133	2018-08-01	?	china
NL63/FRA_EPI/Caen/2012/13	seasonal_corona	KY862042	2012-02-01	?	france
TN89_1_6	seasonal_corona	KM077084	?	?	usa
NL63/DEN/2005/1876	seasonal_corona	JQ765575	2005-11-21	?	usa
12MYKL0482	seasonal_corona	KT359873	2012-XX-XX	?	malaysia
12MYKL0719	seasonal_corona	KT359874	2012-XX-XX	?	malaysia
CU_488	seasonal_corona	GQ856798	2006-XX-XX	?	hong_kong
V41836	seasonal_corona	FJ656161	2007-03-XX	?	sweden
NL63/FRA_EPI/Caen/2014/18	seasonal_corona	KY862037	2014-01-03	?	france
PUMCH6267	seasonal_corona	HM130757	2007-10-22	?	china
NL63/FRA_EPI/Caen/2014/17	seasonal_corona	KY862038	2014-03-16	?	france
NL63/DEN/2005/1120	seasonal_corona	JQ900260	2005-04-25	?	usa
CU_643	seasonal_corona	GQ856804	2006-XX-XX	?	hong_kong
NL63/DEN/2005/347	seasonal_corona	JQ765572	2005-02-01	?	usa
277A_2007	seasonal_corona	KM055642	2007-XX-XX	?	china
TN96_1_21	seasonal_corona	KM077076	?	?	usa
NL63/FRA_EPI/Caen/2009/08	seasonal_corona	KY862047	2009-04-24	?	france
Kilifi/IP/009/20_May_2011	seasonal_corona	MG356432	2011-05-20	?	kenya
ChinaGD03	seasonal_corona	MK334044	2018-07-13	?	china
NL63/DEN/2005/291	seasonal_corona	JQ900258	2005-01-26	?	usa
