strain	virus	assension	date	region	country
HCoV_OC43/Yamagata.JPN/10.2009_0762	seasonal_corona	LC506764	2009-03-XX	?	japan
HCoV_OC43/Yamagata.JPN/05.2015_0228	seasonal_corona	LC506878	2015-01-XX	?	japan
HCoV_OC43/Yamagata.JPN/25.16_1044	seasonal_corona	LC331091	2016-06-XX	?	japan
OC43/SLO/44656/2014	seasonal_corona	KX059659	2014-04-22	?	slovenia
HCoV_OC43/Yamagata.JPN/05.15_0234	seasonal_corona	LC331073	2015-01-XX	?	japan
HCoV_OC43/Seattle/USA/SC0776/2019	seasonal_corona	MN310478	2019-XX-XX	?	usa
HCoV_OC43/Yamagata.JPN/07.2017_0314	seasonal_corona	LC506924	2017-02-XX	?	japan
OC43/SLO/41165/2014	seasonal_corona	KX059654	2014-01-27	?	slovenia
HCoV_OC43/Yamagata.JPN/48.2010_2644	seasonal_corona	LC506788	2010-12-XX	?	japan
HCoV_OC43/Yamagata.JPN/04.2015_0158	seasonal_corona	LC506865	2015-01-XX	?	japan
HCoV_OC43/Seattle/USA/SC2730/2015	seasonal_corona	KY967359	2015-XX-XX	?	usa
HCoV_OC43/Yamagata.JPN/27.16_1096	seasonal_corona	LC331093	2016-07-XX	?	japan
HCoV_OC43/Yamagata.JPN/43.2010_2385	seasonal_corona	LC506777	2010-10-XX	?	japan
HCoV_OC43/Yamagata.JPN/07.2015_0424	seasonal_corona	LC506908	2015-02-XX	?	japan
HCoV_OC43/Yamagata.JPN/46.2010_2538	seasonal_corona	LC506785	2010-11-XX	?	japan
HCoV_OC43/Yamagata.JPN/51.2017_2650	seasonal_corona	LC506948	2017-12-XX	?	japan
HCoV_OC43/Yamagata.JPN/46.2010_2510	seasonal_corona	LC506782	2010-11-XX	?	japan
HCoV_OC43/Yamagata.JPN/05.2015_0236	seasonal_corona	LC506884	2015-01-XX	?	japan
HCoV_OC43/Yamagata.JPN/14.16_0684	seasonal_corona	LC331080	2016-04-XX	?	japan
HCoV_OC43/Yamagata.JPN/11.16_0552	seasonal_corona	LC331079	2016-03-XX	?	japan
HCoV_OC43/Yamagata.JPN/06.2015_0294	seasonal_corona	LC506893	2015-02-XX	?	japan
HCoV_OC43/Yamagata.JPN/06.2015_0303	seasonal_corona	LC506897	2015-02-XX	?	japan
OC43/human/USA/912_10/1991	seasonal_corona	KF530067	1991-02-07	?	usa
HCoV_OC43/Yamagata.JPN/05.2014_0285	seasonal_corona	LC506826	2014-01-XX	?	japan
HCoV_OC43/Yamagata.JPN/24.16_1002	seasonal_corona	LC331090	2016-06-XX	?	japan
HCoV_OC43/Yamagata.JPN/39.2010_2197	seasonal_corona	LC506773	2010-10-XX	?	japan
HCoV_OC43/Yamagata.JPN/11.2017_0634	seasonal_corona	LC506938	2017-03-XX	?	japan
OC43/human/USA/913_29/1991	seasonal_corona	KF530079	1991-03-14	?	usa
HCoV_OC43/Yamagata.JPN/04.2015_0159	seasonal_corona	LC506866	2015-01-XX	?	japan
OC43/human/USA/872_5/1987	seasonal_corona	KF530086	1987-02-10	?	usa
HCoV_OC43/Yamagata.JPN/07.2017_0306	seasonal_corona	LC506923	2017-02-XX	?	japan
HCoV_OC43/Yamagata.JPN/03.2015_0093	seasonal_corona	LC506848	2015-01-XX	?	japan
HCoV_OC43/Yamagata.JPN/43.2010_2412	seasonal_corona	LC506779	2010-10-XX	?	japan
HCoV_OC43/Yamagata.JPN/03.2015_0088	seasonal_corona	LC506847	2015-01-XX	?	japan
OC43/human/USA/901_33/1990	seasonal_corona	KF530066	1990-01-16	?	usa
HCoV_OC43/Seattle/USA/SC9428/2018	seasonal_corona	MN310476	2019-XX-XX	?	usa
OC43/human/USA/873_19/1987	seasonal_corona	KF530083	1987-03-17	?	usa
HCoV_OC43/Yamagata.JPN/20.16_0885	seasonal_corona	LC331089	2016-05-XX	?	japan
HCoV_OC43/Yamagata.JPN/07.2015_0417	seasonal_corona	LC506906	2015-02-XX	?	japan
HCoV_OC43/Yamagata.JPN/07.2017_0361	seasonal_corona	LC506926	2017-02-XX	?	japan
HCoV_OC43/Yamagata.JPN/05.2015_0216	seasonal_corona	LC506872	2015-01-XX	?	japan
OC43/human/USA/901_54/1990	seasonal_corona	KF530088	1990-01-23	?	usa
HCoV_OC43/Yamagata.JPN/09.2011_0752	seasonal_corona	LC506790	2011-03-XX	?	japan
sloOC43_1	seasonal_corona	KF668028	2011-02-10	?	slovenia
HCoV_OC43/Yamagata.JPN/09.2017_0410	seasonal_corona	LC506931	2017-02-XX	?	japan
HCoV_OC43/Yamagata.JPN/03.2015_0134	seasonal_corona	LC506854	2015-01-XX	?	japan
HCoV_OC43/FRA_EPI/Caen/2010/12	seasonal_corona	KF963241	2010-12-17	?	france
HCoV_OC43/Yamagata.JPN/46.2012_2185	seasonal_corona	LC506810	2012-11-XX	?	japan
OC43/human/USA/008_5/2000	seasonal_corona	KF530092	2000-08-08	?	usa
HCoV_OC43/Yamagata.JPN/20.2017_1370	seasonal_corona	LC506944	2017-05-XX	?	japan
OC43/human/USA/965_6/1996	seasonal_corona	KF530098	1996-05-10	?	usa
HCoV_OC43/Seattle/USA/SC9430/2018	seasonal_corona	MN306053	2019-XX-XX	?	usa
HCoV_OC43/Yamagata.JPN/06.2015_0290	seasonal_corona	LC506891	2015-02-XX	?	japan
HCoV_OC43/Yamagata.JPN/05.2015_0225	seasonal_corona	LC506877	2015-01-XX	?	japan
HCoV_OC43/USA/ACRI_0213/2016	seasonal_corona	MH121121	2016-12-19	?	usa
HCoV_OC43/Yamagata.JPN/06.2014_0296	seasonal_corona	LC506827	2014-02-XX	?	japan
HCoV_OC43/USA/TCNP_00212/2017	seasonal_corona	MF374985	2017-01-17	?	usa
HCoV_OC43/Yamagata.JPN/04.2015_0147	seasonal_corona	LC506860	2015-01-XX	?	japan
HCoV_OC43/Yamagata.JPN/07.2015_0425	seasonal_corona	LC506909	2015-02-XX	?	japan
HCoV_OC43/Yamagata.JPN/11.2015_0604	seasonal_corona	LC506914	2015-03-XX	?	japan
HCoV_OC43/Yamagata.JPN/24.16_1005	seasonal_corona	LC331084	2016-06-XX	?	japan
HCoV_OC43/Yamagata.JPN/06.2017_0300	seasonal_corona	LC506920	2017-02-XX	?	japan
OC43/human/USA/901_41/1990	seasonal_corona	KF530065	1990-01-17	?	usa
HCoV_OC43/Yamagata.JPN/06.15_0350	seasonal_corona	LC331075	2015-02-XX	?	japan
HCoV_OC43/Yamagata.JPN/46.2010_2512	seasonal_corona	LC506783	2010-11-XX	?	japan
HCoV_OC43/Seattle/USA/SC2269/2016	seasonal_corona	KY684759	2016-XX-XX	?	usa
OC43/SLO/62794/2016	seasonal_corona	KX059650	2016-02-05	?	slovenia
HCoV_OC43/Yamagata.JPN/05.2015_0284	seasonal_corona	LC506888	2015-01-XX	?	japan
HCoV_OC43/Yamagata.JPN/02.15_0022	seasonal_corona	LC331068	2015-01-XX	?	japan
HCoV_OC43/Yamagata.JPN/13.2015_0693	seasonal_corona	LC506915	2015-03-XX	?	japan
HCoV_OC43/Yamagata.JPN/11.2009_0842	seasonal_corona	LC506766	2009-03-XX	?	japan
HCoV_OC43/Yamagata.JPN/06.2015_0297	seasonal_corona	LC506894	2015-02-XX	?	japan
HCoV_OC43/Yamagata.JPN/06.2012_0371	seasonal_corona	LC506806	2012-02-XX	?	japan
HCoV_OC43/Yamagata.JPN/08.2015_0433	seasonal_corona	LC506910	2015-02-XX	?	japan
HCoV_OC43/Yamagata.JPN/05.2015_0229	seasonal_corona	LC506879	2015-01-XX	?	japan
OC43/human/USA/951_15/1995	seasonal_corona	KF530059	1995-01-11	?	usa
HCoV_OC43/Yamagata.JPN/06.2012_0291	seasonal_corona	LC506804	2012-02-XX	?	japan
HCoV_OC43/Yamagata.JPN/49.2012_2416	seasonal_corona	LC506811	2012-12-XX	?	japan
HCoV_OC43/Yamagata.JPN/09.2017_0411	seasonal_corona	LC506932	2017-02-XX	?	japan
HCoV_OC43/FRA_EPI/Caen/2011/13	seasonal_corona	KF963242	2011-11-20	?	france
HCoV_OC43/Yamagata.JPN/04.2015_0137	seasonal_corona	LC506856	2015-01-XX	?	japan
HCoV_OC43/Yamagata.JPN/05.2015_0285	seasonal_corona	LC506950	2015-01-XX	?	japan
HCoV_OC43/Yamagata.JPN/04.2015_0152	seasonal_corona	LC506862	2015-01-XX	?	japan
HCoV_OC43/Yamagata.JPN/16.2017_1199	seasonal_corona	LC506943	2017-04-XX	?	japan
HCoV_OC43/Yamagata.JPN/11.2013_0666	seasonal_corona	LC506823	2013-03-XX	?	japan
HCoV_OC43/Yamagata.JPN/08.2015_0434	seasonal_corona	LC506911	2015-02-XX	?	japan
HCoV_OC43/Yamagata.JPN/04.2013_0289	seasonal_corona	LC506815	2013-01-XX	?	japan
HCoV_OC43/Yamagata.JPN/05.2012_0283	seasonal_corona	LC506803	2012-02-XX	?	japan
OC43/human/USA/873_16/1987	seasonal_corona	KF530077	1987-03-12	?	usa
HCoV_OC43/Yamagata.JPN/05.2015_0215	seasonal_corona	LC506871	2015-01-XX	?	japan
OC43/SLO/41313/2014	seasonal_corona	KX059655	2014-01-29	?	slovenia
HCoV_OC43/Yamagata.JPN/05.2009_0292	seasonal_corona	LC506758	2009-01-XX	?	japan
HCoV_OC43/Yamagata.JPN/11.2009_0765	seasonal_corona	LC506765	2009-03-XX	?	japan
HCoV_OC43/Yamagata.JPN/21.2010_1394	seasonal_corona	LC506771	2010-05-XX	?	japan
HCoV_OC43/Yamagata.JPN/38.2010_2108	seasonal_corona	LC506772	2010-09-XX	?	japan
HCoV_OC43/Yamagata.JPN/26.2017_1566	seasonal_corona	LC506945	2017-06-XX	?	japan
HCoV_OC43/Yamagata.JPN/07.2014_0446	seasonal_corona	LC506838	2014-02-XX	?	japan
HCoV_OC43/Yamagata.JPN/52.2014_2419	seasonal_corona	LC506843	2014-12-XX	?	japan
HCoV_OC43/Yamagata.JPN/24.16_1008	seasonal_corona	LC331086	2016-06-XX	?	japan
HCoV_OC43/Yamagata.JPN/43.2010_2384	seasonal_corona	LC506776	2010-10-XX	?	japan
HCoV_OC43/Yamagata.JPN/04.2015_0209	seasonal_corona	LC506867	2015-01-XX	?	japan
HCoV_OC43/Yamagata.JPN/45.2010_2465	seasonal_corona	LC506780	2010-11-XX	?	japan
OC43/SLO/59988/2015	seasonal_corona	KX059642	2015-11-16	?	slovenia
HCoV_OC43/Yamagata.JPN/13.2011_0825	seasonal_corona	LC506791	2011-03-XX	?	japan
HCoV_OC43/Seattle/USA/SC2345/2015	seasonal_corona	KY967361	2015-XX-XX	?	usa
HCoV_OC43/Yamagata.JPN/08.2017_0364	seasonal_corona	LC506928	2017-02-XX	?	japan
HCoV_OC43/Yamagata.JPN/07.2015_0418	seasonal_corona	LC506907	2015-02-XX	?	japan
HCoV_OC43/Yamagata.JPN/14.2011_0874	seasonal_corona	LC506793	2011-04-XX	?	japan
OC43/human/USA/911_38/1991	seasonal_corona	KF530096	1991-01-15	?	usa
HCoV_OC43/Yamagata.JPN/20.16_0914	seasonal_corona	LC331081	2016-05-XX	?	japan
HCoV_OC43/Yamagata.JPN/22.2011_1255	seasonal_corona	LC506799	2011-06-XX	?	japan
OC43/SLO/46580/2014	seasonal_corona	KX059641	2014-08-14	?	slovenia
HCoV_OC43/Yamagata.JPN/26.16_1049	seasonal_corona	LC331088	2016-06-XX	?	japan
HCoV_OC43/Yamagata.JPN/06.2015_0300	seasonal_corona	LC506895	2015-02-XX	?	japan
HCoV_OC43/Yamagata.JPN/08.2009_0554	seasonal_corona	LC506762	2009-02-XX	?	japan
HCoV_OC43/Yamagata.JPN/07.2015_0361	seasonal_corona	LC506901	2015-02-XX	?	japan
HCoV_OC43/Yamagata.JPN/51.2017_2652	seasonal_corona	LC506949	2017-12-XX	?	japan
OC43/human/USA/9212_33/1992	seasonal_corona	KF530074	1992-12-16	?	usa
HCoV_OC43/Yamagata.JPN/16.2011_0969	seasonal_corona	LC506795	2011-04-XX	?	japan
OC43/human/USA/991_19/1999	seasonal_corona	KF530070	1999-01-15	?	usa
HCoV_OC43/Yamagata.JPN/07.2015_0353	seasonal_corona	LC506899	2015-02-XX	?	japan
HCoV_OC43/Yamagata.JPN/07.2017_0362	seasonal_corona	LC506927	2017-02-XX	?	japan
OC43_KLF_02_2017	seasonal_corona	MN026165	2017-11-27	?	kenya
HCoV_OC43/FRA_EPI/Caen/2009/11	seasonal_corona	KF963240	2009-11-02	?	france
HCoV_OC43/Yamagata.JPN/05.2015_0220	seasonal_corona	LC506874	2015-01-XX	?	japan
HCoV_OC43/Seattle/USA/SC3118/2015	seasonal_corona	KY983588	2015-XX-XX	?	usa
hCoV/OC43/VFC348/BRA/2007	seasonal_corona	JN251796	2007-XX-XX	?	brazil
HCoV_OC43/FRA_EPI/Caen/2001/02	seasonal_corona	KF963231	2001-02-07	?	france
HCoV_OC43/Yamagata.JPN/08.2017_0379	seasonal_corona	LC506930	2017-02-XX	?	japan
HCoV_OC43/Yamagata.JPN/05.2015_0232	seasonal_corona	LC506881	2015-01-XX	?	japan
HCoV_OC43/Yamagata.JPN/43.2010_2375	seasonal_corona	LC506774	2010-10-XX	?	japan
HCoV_OC43/Yamagata.JPN/07.2009_0467	seasonal_corona	LC506759	2009-02-XX	?	japan
HCoV_OC43/Yamagata.JPN/04.2015_0142	seasonal_corona	LC506858	2015-01-XX	?	japan
HCoV_OC43/Yamagata.JPN/09.2012_0501	seasonal_corona	LC506807	2012-02-XX	?	japan
HCoV_OC43/Yamagata.JPN/46.2010_2506	seasonal_corona	LC506781	2010-11-XX	?	japan
OC43/human/USA/9712_31/1997	seasonal_corona	KF530080	1997-12-18	?	usa
OC43/human/USA/9612_29/1996	seasonal_corona	KF530078	1996-12-17	?	usa
HCoV_OC43/Yamagata.JPN/03.2009_0118	seasonal_corona	LC506757	2009-01-XX	?	japan
HCoV_OC43/Yamagata.JPN/24.16_1027	seasonal_corona	LC331087	2016-06-XX	?	japan
hCoV/OC43/VFC373/BRA/2007	seasonal_corona	JN251800	2007-XX-XX	?	brazil
HCoV_OC43/Yamagata.JPN/02.2009_0063	seasonal_corona	LC506756	2009-01-XX	?	japan
HCoV_OC43/Yamagata.JPN/03.2015_0086	seasonal_corona	LC506846	2015-01-XX	?	japan
HCoV_OC43/Yamagata.JPN/07.2013_0380	seasonal_corona	LC506820	2013-02-XX	?	japan
HCoV_OC43/Yamagata.JPN/05.2012_0279	seasonal_corona	LC506802	2012-02-XX	?	japan
HCoV_OC43/Yamagata.JPN/22.16_0950	seasonal_corona	LC331082	2016-06-XX	?	japan
OC43/SLO/39776/2013	seasonal_corona	KX059634	2013-12-09	?	slovenia
HCoV_OC43/Yamagata.JPN/10.2013_0627	seasonal_corona	LC506822	2013-03-XX	?	japan
HCoV_OC43/Yamagata.JPN/10.2017_0516	seasonal_corona	LC506936	2017-03-XX	?	japan
OC43/human/Mex/LRTI_238/2011	seasonal_corona	KX344031	2011-02-09	?	mexico
OC43/human/USA/951_18/1995	seasonal_corona	KF530084	1995-01-12	?	usa
HCoV_OC43/Yamagata.JPN/14.2012_0781	seasonal_corona	LC506809	2012-04-XX	?	japan
HCoV_OC43/Yamagata.JPN/06.2015_0359	seasonal_corona	LC506900	2015-02-XX	?	japan
OC43/human/USA/873_6/1987	seasonal_corona	KF530087	1987-03-05	?	usa
HCoV_OC43/Yamagata.JPN/05.2015_0230	seasonal_corona	LC506880	2015-01-XX	?	japan
HCoV_OC43/Yamagata.JPN/05.2015_0235	seasonal_corona	LC506883	2015-01-XX	?	japan
HCoV_OC43/Yamagata.JPN/11.2017_0521	seasonal_corona	LC506937	2017-03-XX	?	japan
HCoV_OC43/Yamagata.JPN/05.2017_0247	seasonal_corona	LC506918	2017-02-XX	?	japan
HCoV_OC43/Yamagata.JPN/05.15_0248	seasonal_corona	LC331074	2015-01-XX	?	japan
HCoV_OC43/Yamagata.JPN/06.2014_0375	seasonal_corona	LC506831	2014-02-XX	?	japan
HCoV_OC43/Yamagata.JPN/43.2010_2382	seasonal_corona	LC506775	2010-10-XX	?	japan
HCoV_OC43/UK/London/2011	seasonal_corona	KU131570	2011-08-20	?	united_kingdom
HCoV_OC43/Yamagata.JPN/06.2014_0370	seasonal_corona	LC506829	2014-02-XX	?	japan
OC43/SLO/61480/2016	seasonal_corona	KX059647	2016-01-08	?	slovenia
HCoV_OC43/Yamagata.JPN/04.2015_0155	seasonal_corona	LC506864	2015-01-XX	?	japan
HCoV_OC43/Yamagata.JPN/05.2015_0279	seasonal_corona	LC506886	2015-01-XX	?	japan
HCoV_OC43/FRA_EPI/Caen/1967/VR759	seasonal_corona	KF963229	1967-XX-XX	?	france
OC43/SLO/41459/2014	seasonal_corona	KX059656	2014-02-03	?	slovenia
HCoV_OC43/FRA_EPI/Caen/2003/05	seasonal_corona	KF963234	2003-01-17	?	france
OC43/SLO/61412/2016	seasonal_corona	KX059646	2016-01-07	?	slovenia
OC43/SLO/60116/2015	seasonal_corona	KX059643	2015-11-19	?	slovenia
HCoV_OC43/Yamagata.JPN/07.2015_0373	seasonal_corona	LC506904	2015-02-XX	?	japan
HCoV_OC43/Yamagata.JPN/27.2011_1525	seasonal_corona	LC506800	2011-07-XX	?	japan
OC43/SLO/40760/2014	seasonal_corona	KX059637	2014-01-18	?	slovenia
HCoV_OC43/FRA_EPI/Caen/2012/14	seasonal_corona	KF963243	2012-03-30	?	france
HCoV_OC43/USA/TCNP_0070/2016	seasonal_corona	MF374983	2016-02-01	?	usa
HCoV_OC43/Seattle/USA/SC831/2016	seasonal_corona	KY369905	2016-XX-XX	?	usa
OC43/SLO/43979/2014	seasonal_corona	KX059639	2014-03-26	?	slovenia
HCoV_OC43/Yamagata.JPN/07.2017_0305	seasonal_corona	LC506922	2017-02-XX	?	japan
HCoV_OC43/Yamagata.JPN/06.2014_0371	seasonal_corona	LC506830	2014-02-XX	?	japan
HCoV_OC43/Yamagata.JPN/04.2015_0144	seasonal_corona	LC506859	2015-01-XX	?	japan
HCoV_OC43/Yamagata.JPN/03.2015_0131	seasonal_corona	LC506853	2015-01-XX	?	japan
OC43/human/USA/911_11/1991	seasonal_corona	KF530076	1991-01-03	?	usa
HCoV_OC43/Yamagata.JPN/46.2010_2513	seasonal_corona	LC506784	2010-11-XX	?	japan
OC43/human/USA/912_6/1991	seasonal_corona	KF530095	1991-02-05	?	usa
HCoV_OC43/Yamagata.JPN/21.2011_1236	seasonal_corona	LC506798	2011-05-XX	?	japan
OC43/human/USA/9211_43/1992	seasonal_corona	KF530097	1992-11-30	?	usa
HCoV_OC43/Yamagata.JPN/03.2015_0128	seasonal_corona	LC506850	2015-01-XX	?	japan
OC43/SLO/62706/2016	seasonal_corona	KX059633	2016-02-04	?	slovenia
HCoV_OC43/Yamagata.JPN/05.2015_0233	seasonal_corona	LC506882	2015-01-XX	?	japan
HCoV_OC43/Yamagata.JPN/02.2009_0058	seasonal_corona	LC506755	2009-01-XX	?	japan
HCoV_OC43/Yamagata.JPN/10.15_0600	seasonal_corona	LC331076	2015-03-XX	?	japan
HCoV_OC43/Yamagata.JPN/04.2014_0225	seasonal_corona	LC506825	2014-01-XX	?	japan
HCoV_OC43/Yamagata.JPN/06.2014_0297	seasonal_corona	LC506828	2014-02-XX	?	japan
HCoV_OC43/Seattle/USA/SC2924/2015	seasonal_corona	KY967356	2015-XX-XX	?	usa
HCoV_OC43/Yamagata.JPN/07.2015_0368	seasonal_corona	LC506902	2015-02-XX	?	japan
HCoV_OC43/Seattle/USA/SC0839/2019	seasonal_corona	MN306042	2019-XX-XX	?	usa
OC43	seasonal_corona	MF996651	2010-XX-XX	?	usa
HCoV_OC43/Yamagata.JPN/08.2014_0432	seasonal_corona	LC506834	2014-02-XX	?	japan
HCoV_OC43/Yamagata.JPN/20.2010_1337	seasonal_corona	LC506769	2010-05-XX	?	japan
OC43/SLO/61010/2015	seasonal_corona	KX059645	2015-12-28	?	slovenia
OC43/human/USA/007_11/2000	seasonal_corona	KF530068	2000-07-27	?	usa
HCoV_OC43/Yamagata.JPN/10.2017_0491	seasonal_corona	LC506951	2017-03-XX	?	japan
HCoV_OC43/Yamagata.JPN/03.2015_0136	seasonal_corona	LC506855	2015-01-XX	?	japan
OC43/human/USA/912_11/1991	seasonal_corona	KF530082	1991-02-07	?	usa
HCoV_OC43/Yamagata.JPN/05.2015_0224	seasonal_corona	LC506876	2015-01-XX	?	japan
HCoV_OC43/Yamagata.JPN/04.2015_0140	seasonal_corona	LC506857	2015-01-XX	?	japan
HCoV_OC43/Yamagata.JPN/11.15_0615	seasonal_corona	LC331078	2015-03-XX	?	japan
HCoV_OC43/Yamagata.JPN/13.2012_0719	seasonal_corona	LC506808	2012-03-XX	?	japan
OC43/SLO/62066/2016	seasonal_corona	KX059649	2016-01-20	?	slovenia
HCoV_OC43/Yamagata.JPN/02.15_0076	seasonal_corona	LC331069	2015-01-XX	?	japan
OC43/SLO/39849/2013	seasonal_corona	KX059635	2013-12-13	?	slovenia
HCoV_OC43/Yamagata.JPN/09.2017_0478	seasonal_corona	LC506933	2017-03-XX	?	japan
HCoV_OC43/Yamagata.JPN/14.2011_0897	seasonal_corona	LC506794	2011-04-XX	?	japan
HCoV_OC43/Yamagata.JPN/04.2012_0168	seasonal_corona	LC506801	2012-01-XX	?	japan
HCoV_OC43/Seattle/USA/SC622/2016	seasonal_corona	KY369906	2016-XX-XX	?	usa
HCoV_OC43/Yamagata.JPN/08.2015_0486	seasonal_corona	LC506912	2015-02-XX	?	japan
HCoV_OC43/Yamagata.JPN/05.2013_0300	seasonal_corona	LC506816	2013-01-XX	?	japan
OC43/SLO/45283/2014	seasonal_corona	KX059661	2014-05-23	?	slovenia
HCoV_OC43/Yamagata.JPN/47.2010_2547	seasonal_corona	LC506786	2010-11-XX	?	japan
sloOC43_2	seasonal_corona	KF668030	2011-02-20	?	slovenia
HCoV_OC43/Yamagata.JPN/09.2009_0623	seasonal_corona	LC506763	2009-02-XX	?	japan
HCoV_OC43/Yamagata.JPN/19.2015_0902	seasonal_corona	LC506916	2015-05-XX	?	japan
OC43/human/USA/952_23/1995	seasonal_corona	KF530062	1995-02-13	?	usa
HCoV_OC43/FRA_EPI/Caen/2005/07	seasonal_corona	KF963236	2005-02-07	?	france
OC43/SLO/43431/2014	seasonal_corona	KX059658	2014-03-12	?	slovenia
HCoV_OC43/Seattle/USA/SC2770/2015	seasonal_corona	KY967358	2015-XX-XX	?	usa
OC43/human/USA/982_4/1998	seasonal_corona	KF530069	1998-02-05	?	usa
HCoV_OC43/Yamagata.JPN/26.16_1046	seasonal_corona	LC331092	2016-06-XX	?	japan
hCoV/OC43/VFC297/BRA/2007	seasonal_corona	JN251794	2007-XX-XX	?	brazil
HCoV_OC43/Yamagata.JPN/51.2012_2581	seasonal_corona	LC506812	2012-12-XX	?	japan
HCoV_OC43/Yamagata.JPN/03.2015_0101	seasonal_corona	LC506849	2015-01-XX	?	japan
HCoV_OC43/Yamagata.JPN/09.2015_0492	seasonal_corona	LC506913	2015-02-XX	?	japan
OC43/SLO/61445/2016	seasonal_corona	KX059652	2016-01-08	?	slovenia
HCoV_OC43/FRA_EPI/Caen/2002/04	seasonal_corona	KF963233	2002-02-21	?	france
hCoV/OC43/VFC359/BRA/2007	seasonal_corona	JN251797	2007-XX-XX	?	brazil
HCoV_OC43/Seattle/USA/SC0841/2019	seasonal_corona	MN306043	2019-XX-XX	?	usa
HCoV_OC43/Yamagata.JPN/04.2015_0210	seasonal_corona	LC506868	2015-01-XX	?	japan
HCoV_OC43/Seattle/USA/SC2854/2015	seasonal_corona	KY983585	2015-XX-XX	?	usa
HCoV_OC43/Yamagata.JPN/07.2017_0304	seasonal_corona	LC506921	2017-02-XX	?	japan
HCoV_OC43/FRA_EPI/Caen/2002/03	seasonal_corona	KF963232	2002-03-12	?	france
OC43/human/USA/871_25/1987	seasonal_corona	KF530085	1987-01-22	?	usa
HCoV_OC43/Yamagata.JPN/48.2017_2515	seasonal_corona	LC506946	2017-12-XX	?	japan
hCoV/OC43/VFC332/BRA/2007	seasonal_corona	JN251795	2007-XX-XX	?	brazil
HCoV_OC43/Yamagata.JPN/06.2015_0291	seasonal_corona	LC506892	2015-02-XX	?	japan
OC43/human/USA/901_43/1990	seasonal_corona	KF530061	1990-01-19	?	usa
HCoV_OC43/Yamagata.JPN/50.2017_2568	seasonal_corona	LC506947	2017-12-XX	?	japan
HCoV_OC43/Yamagata.JPN/05.2015_0287	seasonal_corona	LC506889	2015-01-XX	?	japan
HCoV_OC43/Yamagata.JPN/14.2017_0959	seasonal_corona	LC506942	2017-04-XX	?	japan
HCoV_OC43/Yamagata.JPN/12.2017_0642	seasonal_corona	LC506940	2017-03-XX	?	japan
OC43/SLO/44364/2014	seasonal_corona	KX059640	2014-04-08	?	slovenia
HCoV_OC43/Yamagata.JPN/06.2013_0378	seasonal_corona	LC506819	2013-02-XX	?	japan
OC43/human/USA/851_15/1985	seasonal_corona	KF530060	1985-01-08	?	usa
OC43/human/USA/832_27/1983	seasonal_corona	KF530093	1983-02-24	?	usa
HCoV_OC43/Yamagata.JPN/06.2013_0375	seasonal_corona	LC506818	2013-02-XX	?	japan
OC43/SLO/45151/2014	seasonal_corona	KX059660	2014-05-17	?	slovenia
HCoV_OC43/Yamagata.JPN/04.2015_0154	seasonal_corona	LC506863	2015-01-XX	?	japan
HCoV_OC43/Yamagata.JPN/06.2017_0266	seasonal_corona	LC506919	2017-02-XX	?	japan
hCoV/OC43/VFC41/BRA/2006	seasonal_corona	JN251787	2006-XX-XX	?	brazil
HCoV_OC43/Yamagata.JPN/48.2010_2590	seasonal_corona	LC506787	2010-11-XX	?	japan
HCoV_OC43/Yamagata.JPN/04.2015_0213	seasonal_corona	LC506870	2015-01-XX	?	japan
HCoV_OC43/Yamagata.JPN/05.2015_0275	seasonal_corona	LC506885	2015-01-XX	?	japan
HCoV_OC43/Yamagata.JPN/43.2010_2388	seasonal_corona	LC506778	2010-10-XX	?	japan
OC43/SLO/14041/2010	seasonal_corona	KX059662	2010-02-21	?	slovenia
HCoV_OC43/FRA_EPI/Caen/2001/01	seasonal_corona	KF963230	2001-02-20	?	france
HCoV_OC43/Yamagata.JPN/05.2017_0193	seasonal_corona	LC506917	2017-01-XX	?	japan
HCoV_OC43/Yamagata.JPN/02.2015_0077	seasonal_corona	LC506845	2015-01-XX	?	japan
HCoV_OC43/Yamagata.JPN/24.16_1006	seasonal_corona	LC331085	2016-06-XX	?	japan
HCoV_OC43/Yamagata.JPN/08.2014_0434	seasonal_corona	LC506835	2014-02-XX	?	japan
HCoV_OC43/Yamagata.JPN/07.2009_0469	seasonal_corona	LC506760	2009-02-XX	?	japan
HCoV_OC43/Yamagata.JPN/11.15_0612	seasonal_corona	LC331077	2015-03-XX	?	japan
HCoV_OC43/Yamagata.JPN/03.2010_0241	seasonal_corona	LC506767	2010-01-XX	?	japan
OC43/SLO/61531/2016	seasonal_corona	KX059648	2016-01-11	?	slovenia
OC43/SLO/42347/2014	seasonal_corona	KX059657	2014-02-19	?	slovenia
HCoV_OC43/Yamagata.JPN/04.2010_0251	seasonal_corona	LC506768	2010-01-XX	?	japan
HCoV_OC43/Yamagata.JPN/12.2017_0640	seasonal_corona	LC506939	2017-03-XX	?	japan
HCoV_OC43/Yamagata.JPN/04.2015_0151	seasonal_corona	LC506861	2015-01-XX	?	japan
HCoV_OC43/Seattle/USA/SC0682/2019	seasonal_corona	MN306036	2019-XX-XX	?	usa
HCoV_OC43/FRA_EPI/Caen/2006/08	seasonal_corona	KF963237	2006-04-12	?	france
OC43/human/USA/925_1/1992	seasonal_corona	KF530071	1992-05-04	?	usa
OC43/human/USA/9612_9/1996	seasonal_corona	KF530064	1996-12-04	?	usa
OC43/SLO/60954/2015	seasonal_corona	KX059632	2015-12-24	?	slovenia
HCoV_OC43/Yamagata.JPN/08.2014_0436	seasonal_corona	LC506837	2014-02-XX	?	japan
OC43/human/USA/9712_13/1997	seasonal_corona	KF530072	1997-12-11	?	usa
HCoV_OC43/Yamagata.JPN/52.2014_2417	seasonal_corona	LC506842	2014-12-XX	?	japan
HCoV_OC43/Yamagata.JPN/03.2015_0130	seasonal_corona	LC506852	2015-01-XX	?	japan
OC43/human/USA/953_23/1995	seasonal_corona	KF530075	1995-03-09	?	usa
HCoV_OC43/Yamagata.JPN/53.2014_2422	seasonal_corona	LC506844	2014-12-XX	?	japan
OC43/SLO/43970/2014	seasonal_corona	KX059638	2014-03-27	?	slovenia
HCoV_OC43/FRA_EPI/Caen/2004/06	seasonal_corona	KF963235	2004-02-20	?	france
OC43/SLO/62519/2016	seasonal_corona	KX059653	2016-01-31	?	slovenia
HCoV_OC43/Yamagata.JPN/08.2013_0498	seasonal_corona	LC506821	2013-02-XX	?	japan
OC43/human/USA/991_5/1999	seasonal_corona	KF530081	1999-01-07	?	usa
HCoV_OC43/Yamagata.JPN/06.2015_0301	seasonal_corona	LC506896	2015-02-XX	?	japan
HCoV_OC43/Yamagata.JPN/05.2015_0288	seasonal_corona	LC506890	2015-01-XX	?	japan
HCoV_OC43/Yamagata.JPN/03.2015_0129	seasonal_corona	LC506851	2015-01-XX	?	japan
HCoV_OC43/Yamagata.JPN/01.2011_0064	seasonal_corona	LC506789	2011-01-XX	?	japan
OC43/human/USA/912_36/1991	seasonal_corona	KF530094	1991-02-22	?	usa
HCoV_OC43/Yamagata.JPN/05.2015_0223	seasonal_corona	LC506875	2015-01-XX	?	japan
OC43/SLO/60430/2015	seasonal_corona	KX059644	2015-12-02	?	slovenia
HCoV_OC43/Seattle/USA/SC0810/2019	seasonal_corona	MN306041	2019-XX-XX	?	usa
HCoV_OC43/Yamagata.JPN/08.2017_0375	seasonal_corona	LC506929	2017-02-XX	?	japan
OC43/SLO/40296/2014	seasonal_corona	KX059636	2014-02-03	?	slovenia
HCoV_OC43/Yamagata.JPN/07.2015_0416	seasonal_corona	LC506905	2015-02-XX	?	japan
HCoV_OC43/Yamagata.JPN/07.2017_0354	seasonal_corona	LC506925	2017-02-XX	?	japan
OC43/human/USA/911_58/1991	seasonal_corona	KF530091	1991-01-24	?	usa
HCoV_OC43/Yamagata.JPN/06.2014_0378	seasonal_corona	LC506832	2014-02-XX	?	japan
OC43/human/USA/9612_48/1996	seasonal_corona	KF530063	1996-12-30	?	usa
HCoV_OC43/Yamagata.JPN/03.15_0087	seasonal_corona	LC331071	2015-01-XX	?	japan
HCoV_OC43/USA/ACRI_0052/2016	seasonal_corona	MF314143	2016-03-07	?	usa
HCoV_OC43/Yamagata.JPN/20.2010_1341	seasonal_corona	LC506770	2010-05-XX	?	japan
HCoV_OC43/Yamagata.JPN/06.2015_0351	seasonal_corona	LC506898	2015-02-XX	?	japan
HCoV_OC43/Yamagata.JPN/05.2015_0218	seasonal_corona	LC506873	2015-01-XX	?	japan
HCoV_OC43/Yamagata.JPN/08.2014_0484	seasonal_corona	LC506839	2014-02-XX	?	japan
HCoV_OC43/Yamagata.JPN/06.2013_0348	seasonal_corona	LC506817	2013-02-XX	?	japan
OC43/SLO/63863/2016	seasonal_corona	KX059651	2016-02-20	?	slovenia
HCoV_OC43/Yamagata.JPN/52.2012_2590	seasonal_corona	LC506814	2012-12-XX	?	japan
HCoV_OC43/Yamagata.JPN/02.15_0083	seasonal_corona	LC331070	2015-01-XX	?	japan
HCoV_OC43/Yamagata.JPN/23.16_0980	seasonal_corona	LC331083	2016-06-XX	?	japan
OC43/human/USA/931_85/1993	seasonal_corona	KF530090	1993-01-26	?	usa
HCoV_OC43/Yamagata.JPN/07.2014_0380	seasonal_corona	LC506833	2014-02-XX	?	japan
HCoV_OC43/Yamagata.JPN/05.2015_0282	seasonal_corona	LC506887	2015-01-XX	?	japan
HCoV_OC43/FRA_EPI/Caen/2008/10	seasonal_corona	KF963239	2008-01-17	?	france
HCoV_OC43/Yamagata.JPN/07.2015_0369	seasonal_corona	LC506903	2015-02-XX	?	japan
OC43_KLF_01_2018	seasonal_corona	MN026164	2018-01-18	?	kenya
HCoV_OC43/USA/TCNP_00204/2017	seasonal_corona	MF374984	2017-01-03	?	usa
OC43/human/USA/971_5/1997	seasonal_corona	KF530099	1997-01-02	?	usa
HCoV_OC43/Yamagata.JPN/52.2012_2586	seasonal_corona	LC506813	2012-12-XX	?	japan
HCoV_OC43/Yamagata.JPN/09.2017_0480	seasonal_corona	LC506934	2017-03-XX	?	japan
HCoV_OC43/Seattle/USA/SC2476/2015	seasonal_corona	KY967360	2015-XX-XX	?	usa
HCoV_OC43/Yamagata.JPN/03.2014_0174	seasonal_corona	LC506824	2014-01-XX	?	japan
HCoV_OC43/FRA_EPI/Caen/2013/15	seasonal_corona	KF963244	2013-03-18	?	france
HCoV_OC43/Yamagata.JPN/06.2012_0369	seasonal_corona	LC506805	2012-02-XX	?	japan
HCoV_OC43/Yamagata.JPN/04.2015_0211	seasonal_corona	LC506869	2015-01-XX	?	japan
OC43/human/USA/8912_37/1989	seasonal_corona	KF530073	1989-12-21	?	usa
HCoV_OC43/Yamagata.JPN/04.15_0214	seasonal_corona	LC331072	2015-01-XX	?	japan
HCoV_OC43/Yamagata.JPN/21.2011_1174	seasonal_corona	LC506797	2011-05-XX	?	japan
HCoV_OC43/Yamagata.JPN/08.2014_0485	seasonal_corona	LC506840	2014-02-XX	?	japan
sloOC43_3	seasonal_corona	KF668031	2011-02-22	?	slovenia
HCoV_OC43/Seattle/USA/SC9741/2016	seasonal_corona	KY369907	2016-XX-XX	?	usa
HCoV_OC43/Yamagata.JPN/08.2014_0435	seasonal_corona	LC506836	2014-02-XX	?	japan
HCoV_OC43/Yamagata.JPN/12.2017_0751	seasonal_corona	LC506941	2017-03-XX	?	japan
HCoV_OC43/Yamagata.JPN/46.2014_2103	seasonal_corona	LC506841	2014-11-XX	?	japan
HCoV_OC43/Yamagata.JPN/20.2011_1168	seasonal_corona	LC506796	2011-05-XX	?	japan
OC43/human/USA/911_66/1991	seasonal_corona	KF530089	1991-01-29	?	usa
HCoV_OC43/Yamagata.JPN/13.2011_0857	seasonal_corona	LC506792	2011-03-XX	?	japan
HCoV_OC43/Yamagata.JPN/09.2017_0482	seasonal_corona	LC506935	2017-03-XX	?	japan
HCoV_OC43/FRA_EPI/Caen/2007/09	seasonal_corona	KF963238	2007-06-16	?	france
HCoV_OC43/Seattle/USA/SC2481/2015	seasonal_corona	KY983583	2015-XX-XX	?	usa
HCoV_OC43/Yamagata.JPN/07.2009_0536	seasonal_corona	LC506761	2009-02-XX	?	japan
