{
 "title": "TB outbreak in Nunavik, Canada",
 "maintainers": [
   {"name": "Emma Hodcroft", "url": "https://neherlab.org/emma-hodcroft.html"}
 ],
 "build_url": "https://github.com/nextstrain/tb",
 "colorings": [
  {
   "key": "gt",
   "title": "Genotype",
   "type": "categorical"
  },
  {
   "key": "num_date",
   "title": "Sampling date",
   "type": "continuous"
  },
  {
   "key": "clade_membership",
   "title": "Clade",
   "type": "categorical"
  },
  {
    "key": "location",
    "title": "Location",
    "type": "categorical"
  }
 ],
 "geo_resolutions": [
   "location"
 ],
 "filters": [
  "location",
  "clade_membership",
  "author"
 ]
}
