{
  "title": "Twenty years of West Nile Virus in North America",
  "color_options": {
    "gt": {"menuItem": "genotype", "legendTitle": "Genotype", "type": "discrete"},
    "num_date": {"menuItem": "date", "legendTitle": "Sampling date", "type": "continuous"},
    "country": {"legendTitle":"Country", "type":"discrete"},
    "lineage": {"legendTitle":"Strain", "menuItem":"strain", "type":"discrete"},
    "state": {"type":"discrete"},
    "authors": {"legendTitle":"Authors", "type":"discrete"},
    "host": {"legendTitle":"Host Species", "type":"discrete"}
  },
  "geo": [
    "state"
  ],
  "maintainer": [
    "Nate Grubaugh",
    "http://grubaughlab.com/"
  ],
  "filters": [
    "country",
    "state",
    "authors",
    "lineage"
  ]
}
