{
  "annotations": {
    "nuc": {
      "end": 1170,
      "seqid": "config/229e_nucleocapsid_reference.gb",
      "start": 1,
      "strand": "+",
      "type": "source"
    }
  },
  "generated_by": {
    "program": "augur",
    "version": "6.4.1"
  },
  "nodes": {
    "1060_Yamagata_2010": {
      "aa_muts": {}
    },
    "12MYKL0011": {
      "aa_muts": {}
    },
    "12MYKL0051": {
      "aa_muts": {}
    },
    "12MYKL0106": {
      "aa_muts": {}
    },
    "12MYKL0126": {
      "aa_muts": {}
    },
    "12MYKL0335": {
      "aa_muts": {}
    },
    "12MYKL0367": {
      "aa_muts": {}
    },
    "12MYKL0415": {
      "aa_muts": {}
    },
    "12MYKL0543": {
      "aa_muts": {}
    },
    "12MYKL0667": {
      "aa_muts": {}
    },
    "12MYKL1076": {
      "aa_muts": {}
    },
    "12MYKL1102": {
      "aa_muts": {}
    },
    "12MYKL1271": {
      "aa_muts": {}
    },
    "12MYKL1586": {
      "aa_muts": {}
    },
    "12MYKL1616": {
      "aa_muts": {}
    },
    "13MYKL1719": {
      "aa_muts": {}
    },
    "13MYKL1847": {
      "aa_muts": {}
    },
    "13MYKL1883": {
      "aa_muts": {}
    },
    "229E": {
      "aa_muts": {}
    },
    "229E/Haiti_1/2016": {
      "aa_muts": {}
    },
    "229E/human/USA/892_11/1989": {
      "aa_muts": {}
    },
    "229E/human/USA/932_72/1993": {
      "aa_muts": {}
    },
    "229E/human/USA/933_40/1993": {
      "aa_muts": {}
    },
    "229E/human/USA/933_50/1993": {
      "aa_muts": {}
    },
    "229E/human/USA/953_49/1995": {
      "aa_muts": {}
    },
    "432A_2007": {
      "aa_muts": {}
    },
    "452_Yamagata_2008": {
      "aa_muts": {}
    },
    "756_Yamagata_2010": {
      "aa_muts": {}
    },
    "775_Yamagata_2010": {
      "aa_muts": {}
    },
    "777_Yamagata_2010": {
      "aa_muts": {}
    },
    "882_Yamagata_2010": {
      "aa_muts": {}
    },
    "HCoV_229E/BN1/GER/2015": {
      "aa_muts": {}
    },
    "HCoV_229E/Seattle/USA/SC0865/2019": {
      "aa_muts": {}
    },
    "HCoV_229E/Seattle/USA/SC1073/2016": {
      "aa_muts": {}
    },
    "HCoV_229E/Seattle/USA/SC1143/2016": {
      "aa_muts": {}
    },
    "HCoV_229E/Seattle/USA/SC1212/2016": {
      "aa_muts": {}
    },
    "HCoV_229E/Seattle/USA/SC2282/2017": {
      "aa_muts": {}
    },
    "HCoV_229E/Seattle/USA/SC2872/2015": {
      "aa_muts": {}
    },
    "HCoV_229E/Seattle/USA/SC3112/2015": {
      "aa_muts": {}
    },
    "HCoV_229E/Seattle/USA/SC379/2016": {
      "aa_muts": {}
    },
    "HCoV_229E/Seattle/USA/SC399/2016": {
      "aa_muts": {}
    },
    "HCoV_229E/Seattle/USA/SC579/2016": {
      "aa_muts": {}
    },
    "HCoV_229E/Seattle/USA/SC677/2016": {
      "aa_muts": {}
    },
    "HCoV_229E/Seattle/USA/SC9724/2018": {
      "aa_muts": {}
    },
    "HCoV_229E/Seattle/USA/SC9731/2016": {
      "aa_muts": {}
    },
    "HCoV_229E/Seattle/USA/SC9773/2016": {
      "aa_muts": {}
    },
    "J0304": {
      "aa_muts": {}
    },
    "N08_434B": {
      "aa_muts": {}
    },
    "NODE_0000000": {
      "aa_muts": {},
      "aa_sequences": {}
    },
    "NODE_0000003": {
      "aa_muts": {}
    },
    "NODE_0000004": {
      "aa_muts": {}
    },
    "NODE_0000005": {
      "aa_muts": {}
    },
    "NODE_0000006": {
      "aa_muts": {}
    },
    "NODE_0000007": {
      "aa_muts": {}
    },
    "NODE_0000008": {
      "aa_muts": {}
    },
    "NODE_0000010": {
      "aa_muts": {}
    },
    "NODE_0000011": {
      "aa_muts": {}
    },
    "NODE_0000013": {
      "aa_muts": {}
    },
    "NODE_0000019": {
      "aa_muts": {}
    },
    "NODE_0000020": {
      "aa_muts": {}
    },
    "NODE_0000021": {
      "aa_muts": {}
    },
    "NODE_0000032": {
      "aa_muts": {}
    },
    "NODE_0000034": {
      "aa_muts": {}
    },
    "NODE_0000038": {
      "aa_muts": {}
    },
    "NODE_0000039": {
      "aa_muts": {}
    },
    "NODE_0000041": {
      "aa_muts": {}
    },
    "NODE_0000042": {
      "aa_muts": {}
    },
    "NODE_0000044": {
      "aa_muts": {}
    },
    "NODE_0000046": {
      "aa_muts": {}
    },
    "NODE_0000047": {
      "aa_muts": {}
    },
    "V349": {
      "aa_muts": {}
    }
  },
  "reference": {}
}