{
  "annotations": {
    "nuc": {
      "end": 3522,
      "seqid": "config/229e_spike_reference.gb",
      "start": 1,
      "strand": "+",
      "type": "source"
    }
  },
  "generated_by": {
    "program": "augur",
    "version": "6.4.1"
  },
  "nodes": {
    "11949_2011": {
      "aa_muts": {}
    },
    "1424A_2009": {
      "aa_muts": {}
    },
    "1482A_2009": {
      "aa_muts": {}
    },
    "1512A_2009": {
      "aa_muts": {}
    },
    "1518A_2009": {
      "aa_muts": {}
    },
    "1546A_2009": {
      "aa_muts": {}
    },
    "1649A_2009": {
      "aa_muts": {}
    },
    "1658A_2009": {
      "aa_muts": {}
    },
    "1667A_2009": {
      "aa_muts": {}
    },
    "1761A_2010": {
      "aa_muts": {}
    },
    "1781A_2010": {
      "aa_muts": {}
    },
    "1782A_2010": {
      "aa_muts": {}
    },
    "1827A_2010": {
      "aa_muts": {}
    },
    "1829A_2010": {
      "aa_muts": {}
    },
    "1990A_2010": {
      "aa_muts": {}
    },
    "229E": {
      "aa_muts": {}
    },
    "229E/Haiti_1/2016": {
      "aa_muts": {}
    },
    "229E/human/USA/892_11/1989": {
      "aa_muts": {}
    },
    "229E/human/USA/932_72/1993": {
      "aa_muts": {}
    },
    "229E/human/USA/933_40/1993": {
      "aa_muts": {}
    },
    "229E/human/USA/933_50/1993": {
      "aa_muts": {}
    },
    "229E/human/USA/953_49/1995": {
      "aa_muts": {}
    },
    "2764A_2011": {
      "aa_muts": {}
    },
    "2861A_2011": {
      "aa_muts": {}
    },
    "2961A_2011": {
      "aa_muts": {}
    },
    "2981A_2011": {
      "aa_muts": {}
    },
    "359A_2007": {
      "aa_muts": {}
    },
    "423A_2007": {
      "aa_muts": {}
    },
    "494A_2008": {
      "aa_muts": {}
    },
    "507A_2008": {
      "aa_muts": {}
    },
    "693A_2008": {
      "aa_muts": {}
    },
    "748_2005": {
      "aa_muts": {}
    },
    "8339_2009": {
      "aa_muts": {}
    },
    "8348_2009": {
      "aa_muts": {}
    },
    "8373_2009": {
      "aa_muts": {}
    },
    "8425_2009": {
      "aa_muts": {}
    },
    "857_2005": {
      "aa_muts": {}
    },
    "HCoV_229E/BN1/GER/2015": {
      "aa_muts": {}
    },
    "HCoV_229E/Seattle/USA/SC0865/2019": {
      "aa_muts": {}
    },
    "HCoV_229E/Seattle/USA/SC1073/2016": {
      "aa_muts": {}
    },
    "HCoV_229E/Seattle/USA/SC1143/2016": {
      "aa_muts": {}
    },
    "HCoV_229E/Seattle/USA/SC1212/2016": {
      "aa_muts": {}
    },
    "HCoV_229E/Seattle/USA/SC2282/2017": {
      "aa_muts": {}
    },
    "HCoV_229E/Seattle/USA/SC2872/2015": {
      "aa_muts": {}
    },
    "HCoV_229E/Seattle/USA/SC3112/2015": {
      "aa_muts": {}
    },
    "HCoV_229E/Seattle/USA/SC379/2016": {
      "aa_muts": {}
    },
    "HCoV_229E/Seattle/USA/SC399/2016": {
      "aa_muts": {}
    },
    "HCoV_229E/Seattle/USA/SC579/2016": {
      "aa_muts": {}
    },
    "HCoV_229E/Seattle/USA/SC677/2016": {
      "aa_muts": {}
    },
    "HCoV_229E/Seattle/USA/SC9724/2018": {
      "aa_muts": {}
    },
    "HCoV_229E/Seattle/USA/SC9731/2016": {
      "aa_muts": {}
    },
    "HCoV_229E/Seattle/USA/SC9773/2016": {
      "aa_muts": {}
    },
    "J0304": {
      "aa_muts": {}
    },
    "N08_434B": {
      "aa_muts": {}
    },
    "NODE_0000000": {
      "aa_muts": {},
      "aa_sequences": {}
    },
    "NODE_0000001": {
      "aa_muts": {}
    },
    "NODE_0000005": {
      "aa_muts": {}
    },
    "NODE_0000006": {
      "aa_muts": {}
    },
    "NODE_0000007": {
      "aa_muts": {}
    },
    "NODE_0000008": {
      "aa_muts": {}
    },
    "NODE_0000009": {
      "aa_muts": {}
    },
    "NODE_0000010": {
      "aa_muts": {}
    },
    "NODE_0000011": {
      "aa_muts": {}
    },
    "NODE_0000012": {
      "aa_muts": {}
    },
    "NODE_0000013": {
      "aa_muts": {}
    },
    "NODE_0000014": {
      "aa_muts": {}
    },
    "NODE_0000015": {
      "aa_muts": {}
    },
    "NODE_0000016": {
      "aa_muts": {}
    },
    "NODE_0000017": {
      "aa_muts": {}
    },
    "NODE_0000018": {
      "aa_muts": {}
    },
    "NODE_0000019": {
      "aa_muts": {}
    },
    "NODE_0000020": {
      "aa_muts": {}
    },
    "NODE_0000021": {
      "aa_muts": {}
    },
    "NODE_0000022": {
      "aa_muts": {}
    },
    "NODE_0000023": {
      "aa_muts": {}
    },
    "NODE_0000024": {
      "aa_muts": {}
    },
    "NODE_0000025": {
      "aa_muts": {}
    },
    "NODE_0000028": {
      "aa_muts": {}
    },
    "NODE_0000029": {
      "aa_muts": {}
    },
    "NODE_0000034": {
      "aa_muts": {}
    },
    "NODE_0000036": {
      "aa_muts": {}
    },
    "NODE_0000038": {
      "aa_muts": {}
    },
    "NODE_0000039": {
      "aa_muts": {}
    },
    "NODE_0000044": {
      "aa_muts": {}
    },
    "NODE_0000045": {
      "aa_muts": {}
    },
    "NODE_0000046": {
      "aa_muts": {}
    },
    "NODE_0000047": {
      "aa_muts": {}
    },
    "NODE_0000048": {
      "aa_muts": {}
    },
    "NODE_0000049": {
      "aa_muts": {}
    },
    "NODE_0000050": {
      "aa_muts": {}
    },
    "NODE_0000051": {
      "aa_muts": {}
    },
    "NODE_0000052": {
      "aa_muts": {}
    },
    "V349": {
      "aa_muts": {}
    }
  },
  "reference": {}
}