{
  "annotations": {
    "nuc": {
      "end": 12258,
      "seqid": "config/229e_replicase1a_reference.gb",
      "start": 1,
      "strand": "+",
      "type": "source"
    }
  },
  "generated_by": {
    "program": "augur",
    "version": "6.4.1"
  },
  "nodes": {
    "229E": {
      "aa_muts": {}
    },
    "229E/Haiti_1/2016": {
      "aa_muts": {}
    },
    "229E/human/USA/892_11/1989": {
      "aa_muts": {}
    },
    "229E/human/USA/932_72/1993": {
      "aa_muts": {}
    },
    "229E/human/USA/933_40/1993": {
      "aa_muts": {}
    },
    "229E/human/USA/933_50/1993": {
      "aa_muts": {}
    },
    "229E/human/USA/953_49/1995": {
      "aa_muts": {}
    },
    "HCoV_229E/BN1/GER/2015": {
      "aa_muts": {}
    },
    "HCoV_229E/Seattle/USA/SC0865/2019": {
      "aa_muts": {}
    },
    "HCoV_229E/Seattle/USA/SC1073/2016": {
      "aa_muts": {}
    },
    "HCoV_229E/Seattle/USA/SC1143/2016": {
      "aa_muts": {}
    },
    "HCoV_229E/Seattle/USA/SC1212/2016": {
      "aa_muts": {}
    },
    "HCoV_229E/Seattle/USA/SC2282/2017": {
      "aa_muts": {}
    },
    "HCoV_229E/Seattle/USA/SC2872/2015": {
      "aa_muts": {}
    },
    "HCoV_229E/Seattle/USA/SC3112/2015": {
      "aa_muts": {}
    },
    "HCoV_229E/Seattle/USA/SC379/2016": {
      "aa_muts": {}
    },
    "HCoV_229E/Seattle/USA/SC399/2016": {
      "aa_muts": {}
    },
    "HCoV_229E/Seattle/USA/SC579/2016": {
      "aa_muts": {}
    },
    "HCoV_229E/Seattle/USA/SC677/2016": {
      "aa_muts": {}
    },
    "HCoV_229E/Seattle/USA/SC9724/2018": {
      "aa_muts": {}
    },
    "HCoV_229E/Seattle/USA/SC9731/2016": {
      "aa_muts": {}
    },
    "HCoV_229E/Seattle/USA/SC9773/2016": {
      "aa_muts": {}
    },
    "J0304": {
      "aa_muts": {}
    },
    "NODE_0000000": {
      "aa_muts": {}
    },
    "NODE_0000001": {
      "aa_muts": {}
    },
    "NODE_0000002": {
      "aa_muts": {},
      "aa_sequences": {}
    },
    "NODE_0000003": {
      "aa_muts": {}
    },
    "NODE_0000004": {
      "aa_muts": {}
    },
    "NODE_0000005": {
      "aa_muts": {}
    },
    "NODE_0000007": {
      "aa_muts": {}
    },
    "NODE_0000008": {
      "aa_muts": {}
    },
    "NODE_0000009": {
      "aa_muts": {}
    },
    "NODE_0000010": {
      "aa_muts": {}
    },
    "NODE_0000012": {
      "aa_muts": {}
    },
    "NODE_0000013": {
      "aa_muts": {}
    },
    "NODE_0000014": {
      "aa_muts": {}
    },
    "NODE_0000015": {
      "aa_muts": {}
    },
    "NODE_0000016": {
      "aa_muts": {}
    },
    "NODE_0000017": {
      "aa_muts": {}
    },
    "NODE_0000018": {
      "aa_muts": {}
    },
    "NODE_0000019": {
      "aa_muts": {}
    },
    "NODE_0000020": {
      "aa_muts": {}
    },
    "NODE_0000021": {
      "aa_muts": {}
    },
    "NODE_0000022": {
      "aa_muts": {}
    },
    "NODE_0000023": {
      "aa_muts": {}
    },
    "V349": {
      "aa_muts": {}
    }
  },
  "reference": {}
}