{
  "alignment": "results/aligned_229e_envelope.fasta",
  "clock": {
    "intercept": -0.6011333523015411,
    "rate": 0.0003028563387412264,
    "rtt_Tmrca": 1984.879546520489
  },
  "generated_by": {
    "program": "augur",
    "version": "6.4.1"
  },
  "input_tree": "results/tree_raw_229e_envelope.nwk",
  "nodes": {
    "229E": {
      "branch_length": 0.005675444813671247,
      "clock_length": 0.005675444813671247,
      "date": "2011-12-13",
      "mutation_length": 0.004309701214531693,
      "num_date_confidence": [
        2011.9493150684932,
        2011.9493150684932
      ],
      "numdate": 2011.9493150684932,
      "raw_date": "2011-12-13"
    },
    "229E/Haiti_1/2016": {
      "branch_length": 0.0003886871538827659,
      "clock_length": 0.0003886871538827659,
      "date": "2016-03-01",
      "mutation_length": 4.157603298982534e-19,
      "num_date_confidence": [
        2016.1653005464482,
        2016.2390710382515
      ],
      "numdate": 2016.1653005464482,
      "raw_date": "2016-03-XX"
    },
    "229E/human/USA/892_11/1989": {
      "branch_length": 0.0,
      "clock_length": 0.0,
      "date": "1989-02-07",
      "mutation_length": 4.0112473437753926e-19,
      "num_date_confidence": [
        1989.1027397260275,
        1989.1027397260275
      ],
      "numdate": 1989.1027397260275,
      "raw_date": "1989-02-07"
    },
    "229E/human/USA/932_72/1993": {
      "branch_length": 0.0003311803036203549,
      "clock_length": 0.0003311803036203549,
      "date": "1993-02-22",
      "mutation_length": 4.0682505822877716e-19,
      "num_date_confidence": [
        1993.1438356164383,
        1993.1438356164383
      ],
      "numdate": 1993.1438356164383,
      "raw_date": "1993-02-22"
    },
    "229E/human/USA/933_40/1993": {
      "branch_length": 0.0,
      "clock_length": 0.0,
      "date": "1993-03-11",
      "mutation_length": 4.0682505822877716e-19,
      "num_date_confidence": [
        1993.190410958904,
        1993.190410958904
      ],
      "numdate": 1993.190410958904,
      "raw_date": "1993-03-11"
    },
    "229E/human/USA/933_50/1993": {
      "branch_length": 0.0,
      "clock_length": 0.0,
      "date": "1993-03-18",
      "mutation_length": 4.0112473437753926e-19,
      "num_date_confidence": [
        1993.2095890410958,
        1993.2095890410958
      ],
      "numdate": 1993.2095890410958,
      "raw_date": "1993-03-18"
    },
    "229E/human/USA/953_49/1995": {
      "branch_length": 0.0006156695982081845,
      "clock_length": 0.0006156695982081845,
      "date": "1995-03-23",
      "mutation_length": 4.0682505822877716e-19,
      "num_date_confidence": [
        1995.2232876712328,
        1995.2232876712328
      ],
      "numdate": 1995.2232876712328,
      "raw_date": "1995-03-23"
    },
    "HCoV_229E/BN1/GER/2015": {
      "branch_length": 0.003214545591464544,
      "clock_length": 0.003214545591464544,
      "date": "2015-01-01",
      "mutation_length": 0.0043467176631601994,
      "num_date_confidence": [
        2015.0013698630137,
        2015.9986301369863
      ],
      "numdate": 2015.0013698630137,
      "raw_date": "2015-XX-XX"
    },
    "HCoV_229E/Seattle/USA/SC0865/2019": {
      "branch_length": 0.0013785497656465398,
      "clock_length": 0.0013785497656465398,
      "date": "2019-01-31",
      "mutation_length": 4.157603298982534e-19,
      "num_date_confidence": [
        2019.0013698630137,
        2019.9986301369863
      ],
      "numdate": 2019.0829427421406,
      "raw_date": "2019-XX-XX"
    },
    "HCoV_229E/Seattle/USA/SC1073/2016": {
      "branch_length": 0.00033903857376122067,
      "clock_length": 0.00033903857376122067,
      "date": "2016-01-01",
      "mutation_length": 4.157603298982534e-19,
      "num_date_confidence": [
        2016.0013661202186,
        2016.8918571930985
      ],
      "numdate": 2016.0013661202186,
      "raw_date": "2016-XX-XX"
    },
    "HCoV_229E/Seattle/USA/SC1143/2016": {
      "branch_length": 0.00033903857376122067,
      "clock_length": 0.00033903857376122067,
      "date": "2016-01-01",
      "mutation_length": 4.157603298982534e-19,
      "num_date_confidence": [
        2016.0013661202186,
        2016.8918571930985
      ],
      "numdate": 2016.0013661202186,
      "raw_date": "2016-XX-XX"
    },
    "HCoV_229E/Seattle/USA/SC1212/2016": {
      "branch_length": 0.00033903857376122067,
      "clock_length": 0.00033903857376122067,
      "date": "2016-01-01",
      "mutation_length": 4.157603298982534e-19,
      "num_date_confidence": [
        2016.0013661202186,
        2016.8918571930985
      ],
      "numdate": 2016.0013661202186,
      "raw_date": "2016-XX-XX"
    },
    "HCoV_229E/Seattle/USA/SC2282/2017": {
      "branch_length": 0.00033903857376122067,
      "clock_length": 0.00033903857376122067,
      "date": "2016-01-01",
      "mutation_length": 4.157603298982534e-19,
      "num_date_confidence": [
        2016.0013661202186,
        2016.89615445009
      ],
      "numdate": 2016.0013661202186,
      "raw_date": "2016-XX-XX"
    },
    "HCoV_229E/Seattle/USA/SC2872/2015": {
      "branch_length": 0.00033820996389664665,
      "clock_length": 0.00033820996389664665,
      "date": "2015-12-31",
      "mutation_length": 4.0682505822877716e-19,
      "num_date_confidence": [
        2015.0013698630137,
        2015.9986301369863
      ],
      "numdate": 2015.9986301369863,
      "raw_date": "2015-XX-XX"
    },
    "HCoV_229E/Seattle/USA/SC3112/2015": {
      "branch_length": 0.00033820996389664665,
      "clock_length": 0.00033820996389664665,
      "date": "2015-12-31",
      "mutation_length": 4.0682505822877716e-19,
      "num_date_confidence": [
        2015.0013698630137,
        2015.9986301369863
      ],
      "numdate": 2015.9986301369863,
      "raw_date": "2015-XX-XX"
    },
    "HCoV_229E/Seattle/USA/SC379/2016": {
      "branch_length": 0.00033903857376122067,
      "clock_length": 0.00033903857376122067,
      "date": "2016-01-01",
      "mutation_length": 4.157603298982534e-19,
      "num_date_confidence": [
        2016.0013661202186,
        2016.8918571930985
      ],
      "numdate": 2016.0013661202186,
      "raw_date": "2016-XX-XX"
    },
    "HCoV_229E/Seattle/USA/SC399/2016": {
      "branch_length": 0.00033903857376122067,
      "clock_length": 0.00033903857376122067,
      "date": "2016-01-01",
      "mutation_length": 4.157603298982534e-19,
      "num_date_confidence": [
        2016.0013661202186,
        2016.8918571930985
      ],
      "numdate": 2016.0013661202186,
      "raw_date": "2016-XX-XX"
    },
    "HCoV_229E/Seattle/USA/SC579/2016": {
      "branch_length": 0.0004397949654732793,
      "clock_length": 0.0004397949654732793,
      "date": "2016-05-02",
      "mutation_length": 4.0682505822877716e-19,
      "num_date_confidence": [
        2016.0013661202186,
        2016.9986338797814
      ],
      "numdate": 2016.3340532025852,
      "raw_date": "2016-XX-XX"
    },
    "HCoV_229E/Seattle/USA/SC677/2016": {
      "branch_length": 0.00033903857376122067,
      "clock_length": 0.00033903857376122067,
      "date": "2016-01-01",
      "mutation_length": 4.157603298982534e-19,
      "num_date_confidence": [
        2016.0013661202186,
        2016.8918571930985
      ],
      "numdate": 2016.0013661202186,
      "raw_date": "2016-XX-XX"
    },
    "HCoV_229E/Seattle/USA/SC9724/2018": {
      "branch_length": 0.0011516826388169405,
      "clock_length": 0.0011516826388169405,
      "date": "2018-05-02",
      "mutation_length": 4.157603298982534e-19,
      "num_date_confidence": [
        2018.0013698630137,
        2018.9986301369863
      ],
      "numdate": 2018.3338511835075,
      "raw_date": "2018-XX-XX"
    },
    "HCoV_229E/Seattle/USA/SC9731/2016": {
      "branch_length": 0.002519258167326696,
      "clock_length": 0.002519258167326696,
      "date": "2016-12-31",
      "mutation_length": 0.0043268178587751475,
      "num_date_confidence": [
        2016.102037108994,
        2016.9986338797814
      ],
      "numdate": 2016.9986338797814,
      "raw_date": "2016-XX-XX"
    },
    "HCoV_229E/Seattle/USA/SC9773/2016": {
      "branch_length": 0.00033903857376122067,
      "clock_length": 0.00033903857376122067,
      "date": "2016-01-01",
      "mutation_length": 4.157603298982534e-19,
      "num_date_confidence": [
        2016.0013661202186,
        2016.8918571930985
      ],
      "numdate": 2016.0013661202186,
      "raw_date": "2016-XX-XX"
    },
    "J0304": {
      "branch_length": 0.00507713547202069,
      "clock_length": 0.00507713547202069,
      "date": "2009-01-01",
      "mutation_length": 4.0682505822877716e-19,
      "num_date_confidence": [
        2009.0013698630137,
        2009.8917483315665
      ],
      "numdate": 2009.0013698630137,
      "raw_date": "2009-XX-XX"
    },
    "N08_434B": {
      "branch_length": 0.00033903857376122067,
      "clock_length": 0.00033903857376122067,
      "date": "2016-01-01",
      "mutation_length": 4.157603298982534e-19,
      "num_date_confidence": [
        2016.0013661202186,
        2016.8918571930985
      ],
      "numdate": 2016.0013661202186,
      "raw_date": "2016-XX-XX"
    },
    "NODE_0000000": {
      "branch_length": 0.001,
      "clock_length": 0.001,
      "date": "1971-07-26",
      "mutation_length": 0.001,
      "num_date_confidence": [
        1802.2651609136615,
        1989.076324561553
      ],
      "numdate": 1971.566014267211
    },
    "NODE_0000002": {
      "branch_length": 0.0012437853473235005,
      "clock_length": 0.0012437853473235005,
      "date": "1993-03-18",
      "mutation_length": 4.0112473437753926e-19,
      "num_date_confidence": [
        1988.6194519553007,
        1993.2095890410958
      ],
      "numdate": 1993.2095890410958
    },
    "NODE_0000004": {
      "branch_length": 5.65995949810931e-05,
      "clock_length": 5.65995949810931e-05,
      "date": "1992-03-27",
      "mutation_length": 4.0682505822877716e-19,
      "num_date_confidence": [
        1989.9414222063663,
        1993.1639978273063
      ],
      "numdate": 1992.2371987939089
    },
    "NODE_0000005": {
      "branch_length": 0.0002886863463340602,
      "clock_length": 0.0002886863463340602,
      "date": "1993-03-11",
      "mutation_length": 4.0682505822877716e-19,
      "num_date_confidence": [
        1991.8665604014811,
        1993.190410958904
      ],
      "numdate": 1993.190410958904
    },
    "NODE_0000006": {
      "branch_length": 0.0009062326111064275,
      "clock_length": 0.0009062326111064275,
      "date": "1992-01-19",
      "mutation_length": 4.0682505822877716e-19,
      "num_date_confidence": [
        1984.8613122099573,
        1993.1384090630568
      ],
      "numdate": 1992.0503128425817
    },
    "NODE_0000008": {
      "branch_length": 0.00032173979933209935,
      "clock_length": 0.00032173979933209935,
      "date": "2007-12-28",
      "mutation_length": 4.157603298982534e-19,
      "num_date_confidence": [
        2003.810558021314,
        2015.5140102749826
      ],
      "numdate": 2007.9910743983721
    },
    "NODE_0000009": {
      "branch_length": 0.0002906277498672702,
      "clock_length": 0.0002906277498672702,
      "date": "2008-12-13",
      "mutation_length": 4.157603298982534e-19,
      "num_date_confidence": [
        2004.561400360393,
        2016.1892513902662
      ],
      "numdate": 2008.9506968750725
    },
    "NODE_0000010": {
      "branch_length": 0.0016900651208796007,
      "clock_length": 0.0016900651208796007,
      "date": "2014-07-13",
      "mutation_length": 4.157603298982534e-19,
      "num_date_confidence": [
        2004.092180971761,
        2017.4750722239003
      ],
      "numdate": 2014.5311153926577
    },
    "NODE_0000011": {
      "branch_length": 0.001796301299499068,
      "clock_length": 0.001796301299499068,
      "date": "2014-11-18",
      "mutation_length": 4.157603298982534e-19,
      "num_date_confidence": [
        2003.9440634297193,
        2015.9671826083709
      ],
      "numdate": 2014.88189615908
    },
    "NODE_0000012": {
      "branch_length": 0.00028098948411268585,
      "clock_length": 0.00028098948411268585,
      "date": "2008-12-02",
      "mutation_length": 4.157603298982534e-19,
      "num_date_confidence": [
        2004.1709729527422,
        2015.4753229169344
      ],
      "numdate": 2008.918872328178
    },
    "NODE_0000013": {
      "branch_length": 0.00025799136646480767,
      "clock_length": 0.00025799136646480767,
      "date": "2009-10-09",
      "mutation_length": 4.157603298982534e-19,
      "num_date_confidence": [
        2004.5471765172829,
        2016.242299489853
      ],
      "numdate": 2009.7707328754498
    },
    "NODE_0000014": {
      "branch_length": 0.0018781907311595978,
      "clock_length": 0.0018781907311595978,
      "date": "2014-11-18",
      "mutation_length": 0.0043268178587751475,
      "num_date_confidence": [
        2009.732798881625,
        2015.4503139637825
      ],
      "numdate": 2014.88189615908
    },
    "NODE_0000015": {
      "branch_length": 0.0015479481987888447,
      "clock_length": 0.0015479481987888447,
      "date": "2014-11-18",
      "mutation_length": 4.157603298982534e-19,
      "num_date_confidence": [
        2004.2897435827083,
        2015.789048568233
      ],
      "numdate": 2014.88189615908
    },
    "NODE_0000016": {
      "branch_length": 0.003376124582211204,
      "clock_length": 0.003376124582211204,
      "date": "2000-03-16",
      "mutation_length": 0.004326817707402194,
      "num_date_confidence": [
        1977.4372875607985,
        2010.93415638257
      ],
      "numdate": 2000.2056381739599
    },
    "NODE_0000017": {
      "branch_length": 0.0015479481987888447,
      "clock_length": 0.0015479481987888447,
      "date": "2014-11-18",
      "mutation_length": 4.157603298982534e-19,
      "num_date_confidence": [
        2004.2897435827083,
        2015.789048568233
      ],
      "numdate": 2014.88189615908
    },
    "NODE_0000018": {
      "branch_length": 0.00025799136646480767,
      "clock_length": 0.00025799136646480767,
      "date": "2009-10-09",
      "mutation_length": 4.157603298982534e-19,
      "num_date_confidence": [
        2004.5471765172829,
        2016.242299489853
      ],
      "numdate": 2009.7707328754498
    },
    "NODE_0000019": {
      "branch_length": 0.0015479481987888447,
      "clock_length": 0.0015479481987888447,
      "date": "2014-11-18",
      "mutation_length": 4.157603298982534e-19,
      "num_date_confidence": [
        2004.2897435827083,
        2015.789048568233
      ],
      "numdate": 2014.88189615908
    },
    "NODE_0000020": {
      "branch_length": 0.0015479481987888447,
      "clock_length": 0.0015479481987888447,
      "date": "2014-11-18",
      "mutation_length": 4.157603298982534e-19,
      "num_date_confidence": [
        2004.2897435827083,
        2015.789048568233
      ],
      "numdate": 2014.88189615908
    },
    "NODE_0000021": {
      "branch_length": 0.005311108465967277,
      "clock_length": 0.005311108465967277,
      "date": "1989-02-07",
      "mutation_length": 4.0112473437753926e-19,
      "num_date_confidence": [
        1970.9181564948256,
        1989.1027397260275
      ],
      "numdate": 1989.1027397260275
    },
    "NODE_0000022": {
      "branch_length": 0.002566607028635548,
      "clock_length": 0.002566607028635548,
      "date": "2008-09-05",
      "mutation_length": 4.157603298982534e-19,
      "num_date_confidence": [
        2002.8190006390278,
        2012.7948706291058
      ],
      "numdate": 2008.6803065243178
    },
    "NODE_0000024": {
      "branch_length": 0.005297567057112531,
      "clock_length": 0.005297567057112531,
      "date": "1989-01-22",
      "mutation_length": 0.004320058718509116,
      "num_date_confidence": [
        1912.867804056431,
        1993.1119939040088
      ],
      "numdate": 1989.0580274082631
    },
    "NODE_0000025": {
      "branch_length": 0.0012664355368798216,
      "clock_length": 0.0012664355368798216,
      "date": "2004-05-21",
      "mutation_length": 4.157603298982534e-19,
      "num_date_confidence": [
        1997.659162661618,
        2010.9598159718157
      ],
      "numdate": 2004.3872760493418
    },
    "NODE_0000026": {
      "branch_length": 0.0007696933742168868,
      "clock_length": 0.0007696933742168868,
      "date": "2006-12-05",
      "mutation_length": 4.157603298982534e-19,
      "num_date_confidence": [
        2003.2285024169769,
        2010.9854215574887
      ],
      "numdate": 2006.9287231837027
    },
    "V349": {
      "branch_length": 0.0009305705235415252,
      "clock_length": 0.0009305705235415252,
      "date": "2010-01-01",
      "mutation_length": 4.157603298982534e-19,
      "num_date_confidence": [
        2010.0013698630137,
        2010.8904705916666
      ],
      "numdate": 2010.0013698630137,
      "raw_date": "2010-XX-XX"
    }
  }
}