{
  "alignment": "results/aligned_229e_replicase1a.fasta",
  "clock": {
    "intercept": -0.42415967175640606,
    "rate": 0.00021456980211877403,
    "rtt_Tmrca": 1976.7910841508565
  },
  "generated_by": {
    "program": "augur",
    "version": "6.4.1"
  },
  "input_tree": "results/tree_raw_229e_replicase1a.nwk",
  "nodes": {
    "229E": {
      "branch_length": 0.007228907025174957,
      "clock_length": 0.007228907025174957,
      "date": "2011-12-13",
      "mutation_length": 0.007216028924773815,
      "num_date_confidence": [
        2011.9493150684932,
        2011.9493150684932
      ],
      "numdate": 2011.9493150684932,
      "raw_date": "2011-12-13"
    },
    "229E/Haiti_1/2016": {
      "branch_length": 0.0002895302480775329,
      "clock_length": 0.0002895302480775329,
      "date": "2016-03-31",
      "mutation_length": 0.0007355179097833399,
      "num_date_confidence": [
        2016.1744405125328,
        2016.2472677595629
      ],
      "numdate": 2016.2472677595629,
      "raw_date": "2016-03-XX"
    },
    "229E/human/USA/892_11/1989": {
      "branch_length": 0.0009927009196766387,
      "clock_length": 0.0009927009196766387,
      "date": "1989-02-07",
      "mutation_length": 0.000902138259752091,
      "num_date_confidence": [
        1989.1027397260275,
        1989.1027397260275
      ],
      "numdate": 1989.1027397260275,
      "raw_date": "1989-02-07"
    },
    "229E/human/USA/932_72/1993": {
      "branch_length": 0.0007151967087548165,
      "clock_length": 0.0007151967087548165,
      "date": "1993-02-22",
      "mutation_length": 0.0005708101703678114,
      "num_date_confidence": [
        1993.1438356164383,
        1993.1438356164383
      ],
      "numdate": 1993.1438356164383,
      "raw_date": "1993-02-22"
    },
    "229E/human/USA/933_40/1993": {
      "branch_length": 0.0003694939664910281,
      "clock_length": 0.0003694939664910281,
      "date": "1993-03-11",
      "mutation_length": 0.0006524363000750191,
      "num_date_confidence": [
        1993.190410958904,
        1993.190410958904
      ],
      "numdate": 1993.190410958904,
      "raw_date": "1993-03-11"
    },
    "229E/human/USA/933_50/1993": {
      "branch_length": 0.001016014112414092,
      "clock_length": 0.001016014112414092,
      "date": "1993-03-18",
      "mutation_length": 0.001305813505695107,
      "num_date_confidence": [
        1993.2095890410958,
        1993.2095890410958
      ],
      "numdate": 1993.2095890410958,
      "raw_date": "1993-03-18"
    },
    "229E/human/USA/953_49/1995": {
      "branch_length": 0.0005558591447957888,
      "clock_length": 0.0005558591447957888,
      "date": "1995-03-23",
      "mutation_length": 0.00033114174622192623,
      "num_date_confidence": [
        1995.2232876712328,
        1995.2232876712328
      ],
      "numdate": 1995.2232876712328,
      "raw_date": "1995-03-23"
    },
    "HCoV_229E/BN1/GER/2015": {
      "branch_length": 0.0007131956827412271,
      "clock_length": 0.0007131956827412271,
      "date": "2015-01-01",
      "mutation_length": 0.000489651947405164,
      "num_date_confidence": [
        2015.0013698630137,
        2015.8375978499507
      ],
      "numdate": 2015.0013698630137,
      "raw_date": "2015-XX-XX"
    },
    "HCoV_229E/Seattle/USA/SC0865/2019": {
      "branch_length": 0.0007175848023784408,
      "clock_length": 0.0007175848023784408,
      "date": "2019-03-25",
      "mutation_length": 0.000734827442134027,
      "num_date_confidence": [
        2019.0013698630137,
        2019.9986301369863
      ],
      "numdate": 2019.2282335734546,
      "raw_date": "2019-XX-XX"
    },
    "HCoV_229E/Seattle/USA/SC1073/2016": {
      "branch_length": 0.0004922992103144105,
      "clock_length": 0.0004922992103144105,
      "date": "2016-12-31",
      "mutation_length": 0.0006529217149674656,
      "num_date_confidence": [
        2016.1976590253112,
        2016.9986338797814
      ],
      "numdate": 2016.9986338797814,
      "raw_date": "2016-XX-XX"
    },
    "HCoV_229E/Seattle/USA/SC1143/2016": {
      "branch_length": 2.523498983646481e-05,
      "clock_length": 2.523498983646481e-05,
      "date": "2016-01-01",
      "mutation_length": 3.763730334709876e-17,
      "num_date_confidence": [
        2016.0013661202186,
        2016.7907060587406
      ],
      "numdate": 2016.0013661202186,
      "raw_date": "2016-XX-XX"
    },
    "HCoV_229E/Seattle/USA/SC1212/2016": {
      "branch_length": 2.523498983646481e-05,
      "clock_length": 2.523498983646481e-05,
      "date": "2016-01-01",
      "mutation_length": 3.763730334709876e-17,
      "num_date_confidence": [
        2016.0013661202186,
        2016.7907060587406
      ],
      "numdate": 2016.0013661202186,
      "raw_date": "2016-XX-XX"
    },
    "HCoV_229E/Seattle/USA/SC2282/2017": {
      "branch_length": 0.0004082365270660876,
      "clock_length": 0.0004082365270660876,
      "date": "2016-01-01",
      "mutation_length": 0.0004080848150482809,
      "num_date_confidence": [
        2016.0013661202186,
        2016.869182885542
      ],
      "numdate": 2016.0013661202186,
      "raw_date": "2016-XX-XX"
    },
    "HCoV_229E/Seattle/USA/SC2872/2015": {
      "branch_length": 0.0003687171473933928,
      "clock_length": 0.0003687171473933928,
      "date": "2015-12-31",
      "mutation_length": 0.0005715189540553396,
      "num_date_confidence": [
        2015.3587403384015,
        2015.9986301369863
      ],
      "numdate": 2015.9986301369863,
      "raw_date": "2015-XX-XX"
    },
    "HCoV_229E/Seattle/USA/SC3112/2015": {
      "branch_length": 0.00011961766518842824,
      "clock_length": 0.00011961766518842824,
      "date": "2015-06-16",
      "mutation_length": 8.161306354494873e-05,
      "num_date_confidence": [
        2015.0013698630137,
        2015.9986301369863
      ],
      "numdate": 2015.4553921964068,
      "raw_date": "2015-XX-XX"
    },
    "HCoV_229E/Seattle/USA/SC379/2016": {
      "branch_length": 6.333065881126293e-05,
      "clock_length": 6.333065881126293e-05,
      "date": "2016-03-06",
      "mutation_length": 2.2545197112310667e-22,
      "num_date_confidence": [
        2016.0013661202186,
        2016.9986338797814
      ],
      "numdate": 2016.1789105304692,
      "raw_date": "2016-XX-XX"
    },
    "HCoV_229E/Seattle/USA/SC399/2016": {
      "branch_length": 6.333065881126293e-05,
      "clock_length": 6.333065881126293e-05,
      "date": "2016-03-06",
      "mutation_length": 2.2545197112310667e-22,
      "num_date_confidence": [
        2016.0013661202186,
        2016.9986338797814
      ],
      "numdate": 2016.1789105304692,
      "raw_date": "2016-XX-XX"
    },
    "HCoV_229E/Seattle/USA/SC579/2016": {
      "branch_length": 0.0003693042067741351,
      "clock_length": 0.0003693042067741351,
      "date": "2016-01-01",
      "mutation_length": 0.0003265132546679827,
      "num_date_confidence": [
        2016.0013661202186,
        2016.8530217678112
      ],
      "numdate": 2016.0013661202186,
      "raw_date": "2016-XX-XX"
    },
    "HCoV_229E/Seattle/USA/SC677/2016": {
      "branch_length": 2.7747113737799944e-05,
      "clock_length": 2.7747113737799944e-05,
      "date": "2016-01-01",
      "mutation_length": 2.2545197112310667e-22,
      "num_date_confidence": [
        2016.0013661202186,
        2016.735764797282
      ],
      "numdate": 2016.0013661202186,
      "raw_date": "2016-XX-XX"
    },
    "HCoV_229E/Seattle/USA/SC9724/2018": {
      "branch_length": 0.00064867149877875,
      "clock_length": 0.00064867149877875,
      "date": "2018-11-28",
      "mutation_length": 0.0006531548141413819,
      "num_date_confidence": [
        2018.0013698630137,
        2018.9986301369863
      ],
      "numdate": 2018.9070639451136,
      "raw_date": "2018-XX-XX"
    },
    "HCoV_229E/Seattle/USA/SC9731/2016": {
      "branch_length": 0.0004466328521930355,
      "clock_length": 0.0004466328521930355,
      "date": "2016-12-31",
      "mutation_length": 0.00040819371300239345,
      "num_date_confidence": [
        2016.1296296195205,
        2016.9986338797814
      ],
      "numdate": 2016.9986338797814,
      "raw_date": "2016-XX-XX"
    },
    "HCoV_229E/Seattle/USA/SC9773/2016": {
      "branch_length": 0.00037787280749513544,
      "clock_length": 0.00037787280749513544,
      "date": "2016-09-05",
      "mutation_length": 0.0003265159357172202,
      "num_date_confidence": [
        2016.0013661202186,
        2016.9986338797814
      ],
      "numdate": 2016.6781785127218,
      "raw_date": "2016-XX-XX"
    },
    "J0304": {
      "branch_length": 0.0025294207949290025,
      "clock_length": 0.0025294207949290025,
      "date": "2009-12-31",
      "mutation_length": 0.0026963763088122352,
      "num_date_confidence": [
        2009.1148335420676,
        2009.9986301369863
      ],
      "numdate": 2009.9986301369863,
      "raw_date": "2009-XX-XX"
    },
    "NODE_0000000": {
      "branch_length": 0.0006494490172836223,
      "clock_length": 0.0006494490172836223,
      "date": "2014-09-15",
      "mutation_length": 0.0008160882641955481,
      "num_date_confidence": [
        2013.8908115778693,
        2015.1845617034921
      ],
      "numdate": 2014.7042792900247
    },
    "NODE_0000001": {
      "branch_length": 0.00025056855074777156,
      "clock_length": 0.00025056855074777156,
      "date": "2015-11-15",
      "mutation_length": 0.0004079044547288809,
      "num_date_confidence": [
        2015.4978232514763,
        2016.3543623057087
      ],
      "numdate": 2015.8720510280489
    },
    "NODE_0000002": {
      "branch_length": 0.001,
      "clock_length": 0.001,
      "date": "1978-04-05",
      "mutation_length": 0.001,
      "num_date_confidence": [
        1975.9090018770578,
        1982.6864076263894
      ],
      "numdate": 1978.2590802181417
    },
    "NODE_0000003": {
      "branch_length": 0.00019735911816324463,
      "clock_length": 0.00019735911816324463,
      "date": "2011-09-05",
      "mutation_length": 0.00024469286786471176,
      "num_date_confidence": [
        2011.047934183121,
        2013.2556914947104
      ],
      "numdate": 2011.6775299018507
    },
    "NODE_0000004": {
      "branch_length": 0.00021276496003344624,
      "clock_length": 0.00021276496003344624,
      "date": "2010-10-04",
      "mutation_length": 0.00016309929146273014,
      "num_date_confidence": [
        2009.7474762291522,
        2012.1020466048492
      ],
      "numdate": 2010.7577400888647
    },
    "NODE_0000005": {
      "branch_length": 0.0006703648643612834,
      "clock_length": 0.0006703648643612834,
      "date": "2013-11-18",
      "mutation_length": 0.0008166750371442513,
      "num_date_confidence": [
        2013.244996534353,
        2014.3295157117284
      ],
      "numdate": 2013.8819675325299
    },
    "NODE_0000007": {
      "branch_length": 0.00017558722070189106,
      "clock_length": 0.00017558722070189106,
      "date": "2014-12-01",
      "mutation_length": 0.00024484870655625365,
      "num_date_confidence": [
        2014.578394447577,
        2015.7457528726454
      ],
      "numdate": 2014.9171068066205
    },
    "NODE_0000008": {
      "branch_length": 5.2525933077256616e-05,
      "clock_length": 5.2525933077256616e-05,
      "date": "2014-02-16",
      "mutation_length": 8.160222150227606e-05,
      "num_date_confidence": [
        2013.7061540491115,
        2014.5195221476142
      ],
      "numdate": 2014.1267640162782
    },
    "NODE_0000009": {
      "branch_length": 0.0003770365110198322,
      "clock_length": 0.0003770365110198322,
      "date": "2015-11-19",
      "mutation_length": 0.0004897961986532102,
      "num_date_confidence": [
        2015.0669487619357,
        2016.3472848965803
      ],
      "numdate": 2015.883938172645
    },
    "NODE_0000010": {
      "branch_length": 3.2928795719763294e-05,
      "clock_length": 3.2928795719763294e-05,
      "date": "2014-04-13",
      "mutation_length": 8.160698140503254e-05,
      "num_date_confidence": [
        2014.013525046083,
        2014.7584242465634
      ],
      "numdate": 2014.280228275436
    },
    "NODE_0000012": {
      "branch_length": 0.00013253702479139318,
      "clock_length": 0.00013253702479139318,
      "date": "2014-11-24",
      "mutation_length": 0.00032650247425049093,
      "num_date_confidence": [
        2014.6009952939937,
        2015.3548478909847
      ],
      "numdate": 2014.8979154964832
    },
    "NODE_0000013": {
      "branch_length": 0.0003732479128616003,
      "clock_length": 0.0003732479128616003,
      "date": "2009-10-07",
      "mutation_length": 0.0005709564434576657,
      "num_date_confidence": [
        2008.986612732021,
        2011.66868816599
      ],
      "numdate": 2009.7661515338468
    },
    "NODE_0000014": {
      "branch_length": 0.0013126537701294199,
      "clock_length": 0.0013126537701294199,
      "date": "2015-11-19",
      "mutation_length": 0.0014701455016354825,
      "num_date_confidence": [
        2015.5946666023697,
        2016.5639289447765
      ],
      "numdate": 2015.883758751487
    },
    "NODE_0000015": {
      "branch_length": 0.0021062899941949043,
      "clock_length": 0.0021062899941949043,
      "date": "2008-01-10",
      "mutation_length": 0.0018777373139349986,
      "num_date_confidence": [
        2006.8699914753818,
        2009.5789862152221
      ],
      "numdate": 2008.0266340939463
    },
    "NODE_0000016": {
      "branch_length": 4.652240850506746e-05,
      "clock_length": 4.652240850506746e-05,
      "date": "2014-02-06",
      "mutation_length": 3.753936081267498e-17,
      "num_date_confidence": [
        2013.7163673946193,
        2014.7879427897576
      ],
      "numdate": 2014.0987846617145
    },
    "NODE_0000017": {
      "branch_length": 0.0011967806589806354,
      "clock_length": 0.0011967806589806354,
      "date": "1998-03-18",
      "mutation_length": 0.001223919182539371,
      "num_date_confidence": [
        1996.9412389088773,
        2000.4308136714278
      ],
      "numdate": 1998.2102947330657
    },
    "NODE_0000018": {
      "branch_length": 0.0002498287755914822,
      "clock_length": 0.0002498287755914822,
      "date": "1992-08-19",
      "mutation_length": 8.152572967223897e-05,
      "num_date_confidence": [
        1991.2091031957016,
        1993.2119335920884
      ],
      "numdate": 1992.6327127659715
    },
    "NODE_0000019": {
      "branch_length": 0.0003556964042802802,
      "clock_length": 0.0003556964042802802,
      "date": "1991-06-20",
      "mutation_length": 0.0004076849923953201,
      "num_date_confidence": [
        1990.6630995380324,
        1992.584382301079
      ],
      "numdate": 1991.4683887412273
    },
    "NODE_0000020": {
      "branch_length": 0.00028670870434188613,
      "clock_length": 0.00028670870434188613,
      "date": "1989-10-23",
      "mutation_length": 0.0001630238425737123,
      "num_date_confidence": [
        1988.7157201468606,
        1991.1122139932645
      ],
      "numdate": 1989.8106698974389
    },
    "NODE_0000021": {
      "branch_length": 0.0008578926521283755,
      "clock_length": 0.0008578926521283755,
      "date": "1988-06-22",
      "mutation_length": 0.0010606571174877105,
      "num_date_confidence": [
        1987.7007379526617,
        1990.4288840498116
      ],
      "numdate": 1988.474467405239
    },
    "NODE_0000022": {
      "branch_length": 0.001334020955173789,
      "clock_length": 0.001334020955173789,
      "date": "1984-06-23",
      "mutation_length": 0.0016321540345393425,
      "num_date_confidence": [
        1983.158099605229,
        1986.6872448041815
      ],
      "numdate": 1984.476268946476
    },
    "NODE_0000023": {
      "branch_length": 2.512123901335134e-06,
      "clock_length": 2.512123901335134e-06,
      "date": "2015-11-19",
      "mutation_length": 2.2545197112310667e-22,
      "num_date_confidence": [
        2015.7570409913544,
        2016.5679675171298
      ],
      "numdate": 2015.883758751487
    },
    "V349": {
      "branch_length": 0.00042371866320564796,
      "clock_length": 0.00042371866320564796,
      "date": "2010-01-01",
      "mutation_length": 0.00024469602053313994,
      "num_date_confidence": [
        2010.0013698630137,
        2010.813871800259
      ],
      "numdate": 2010.0013698630137,
      "raw_date": "2010-XX-XX"
    }
  }
}