{
  "alignment": "results/aligned_229e_protein4a.fasta",
  "clock": {
    "intercept": -0.4276228507126995,
    "rate": 0.00021697848168851833,
    "rtt_Tmrca": 1970.8076459239398
  },
  "generated_by": {
    "program": "augur",
    "version": "6.4.1"
  },
  "input_tree": "results/tree_raw_229e_protein4a.nwk",
  "nodes": {
    "229E": {
      "branch_length": 0.009099185560912328,
      "clock_length": 0.009099185560912328,
      "date": "2011-12-13",
      "mutation_length": 0.012550343325451178,
      "num_date_confidence": [
        2011.9493150684932,
        2011.9493150684932
      ],
      "numdate": 2011.9493150684932,
      "raw_date": "2011-12-13"
    },
    "229E/Haiti_1/2016": {
      "branch_length": 3.377792796324783e-05,
      "clock_length": 3.377792796324783e-05,
      "date": "2016-03-31",
      "mutation_length": 1.6432820856331619e-18,
      "num_date_confidence": [
        2016.1653005464482,
        2016.2472677595629
      ],
      "numdate": 2016.2472677595629,
      "raw_date": "2016-03-XX"
    },
    "229E/human/USA/892_11/1989": {
      "branch_length": 0.0004012197079120523,
      "clock_length": 0.0004012197079120523,
      "date": "1989-02-07",
      "mutation_length": 1.6068955452520423e-18,
      "num_date_confidence": [
        1989.1027397260275,
        1989.1027397260275
      ],
      "numdate": 1989.1027397260275,
      "raw_date": "1989-02-07"
    },
    "229E/human/USA/932_72/1993": {
      "branch_length": 0.0007547772720661794,
      "clock_length": 0.0007547772720661794,
      "date": "1993-02-22",
      "mutation_length": 1.6415132337629022e-18,
      "num_date_confidence": [
        1993.1438356164383,
        1993.1438356164383
      ],
      "numdate": 1993.1438356164383,
      "raw_date": "1993-02-22"
    },
    "229E/human/USA/933_40/1993": {
      "branch_length": 0.00014783046718818554,
      "clock_length": 0.00014783046718818554,
      "date": "1993-03-11",
      "mutation_length": 1.6415132337629022e-18,
      "num_date_confidence": [
        1993.190410958904,
        1993.190410958904
      ],
      "numdate": 1993.190410958904,
      "raw_date": "1993-03-11"
    },
    "229E/human/USA/933_50/1993": {
      "branch_length": 0.0,
      "clock_length": 0.0,
      "date": "1993-03-18",
      "mutation_length": 1.6415132337629022e-18,
      "num_date_confidence": [
        1993.2095890410958,
        1993.2095890410958
      ],
      "numdate": 1993.2095890410958,
      "raw_date": "1993-03-18"
    },
    "229E/human/USA/953_49/1995": {
      "branch_length": 0.0004369292713453784,
      "clock_length": 0.0004369292713453784,
      "date": "1995-03-23",
      "mutation_length": 1.6415132337629022e-18,
      "num_date_confidence": [
        1995.2232876712328,
        1995.2232876712328
      ],
      "numdate": 1995.2232876712328,
      "raw_date": "1995-03-23"
    },
    "HCoV_229E/BN1/GER/2015": {
      "branch_length": -1.8515760368380003e-06,
      "clock_length": -1.8515760368380003e-06,
      "date": "2015-02-01",
      "mutation_length": 1.6068955452520423e-18,
      "num_date_confidence": [
        2015.0013698630137,
        2015.9986301369863
      ],
      "numdate": 2015.0867324349006,
      "raw_date": "2015-XX-XX"
    },
    "HCoV_229E/Seattle/USA/SC0865/2019": {
      "branch_length": 0.0006637522495495311,
      "clock_length": 0.0006637522495495311,
      "date": "2019-01-04",
      "mutation_length": 1.6068955452520423e-18,
      "num_date_confidence": [
        2019.0013698630137,
        2019.9986301369863
      ],
      "numdate": 2019.0100187729977,
      "raw_date": "2019-XX-XX"
    },
    "HCoV_229E/Seattle/USA/SC1073/2016": {
      "branch_length": 0.00027969481369983693,
      "clock_length": 0.00027969481369983693,
      "date": "2016-05-20",
      "mutation_length": 1.6068955452520423e-18,
      "num_date_confidence": [
        2016.0013661202186,
        2016.9986338797814
      ],
      "numdate": 2016.3843099068492,
      "raw_date": "2016-XX-XX"
    },
    "HCoV_229E/Seattle/USA/SC1143/2016": {
      "branch_length": 0.00019601060289657103,
      "clock_length": 0.00019601060289657103,
      "date": "2016-12-31",
      "mutation_length": 1.6043559301135461e-18,
      "num_date_confidence": [
        2016.0013661202186,
        2016.9986338797814
      ],
      "numdate": 2016.9986338797814,
      "raw_date": "2016-XX-XX"
    },
    "HCoV_229E/Seattle/USA/SC1212/2016": {
      "branch_length": 0.00019601060289657103,
      "clock_length": 0.00019601060289657103,
      "date": "2016-12-31",
      "mutation_length": 1.6043559301135461e-18,
      "num_date_confidence": [
        2016.0013661202186,
        2016.9986338797814
      ],
      "numdate": 2016.9986338797814,
      "raw_date": "2016-XX-XX"
    },
    "HCoV_229E/Seattle/USA/SC2282/2017": {
      "branch_length": 5.700896157604274e-05,
      "clock_length": 5.700896157604274e-05,
      "date": "2016-05-09",
      "mutation_length": 1.6432820856331619e-18,
      "num_date_confidence": [
        2016.0013661202186,
        2016.9986338797814
      ],
      "numdate": 2016.3543338309632,
      "raw_date": "2016-XX-XX"
    },
    "HCoV_229E/Seattle/USA/SC2872/2015": {
      "branch_length": 0.0009386656606981561,
      "clock_length": 0.0009386656606981561,
      "date": "2015-01-01",
      "mutation_length": 1.6068955452520423e-18,
      "num_date_confidence": [
        2015.0013698630137,
        2015.8831163085574
      ],
      "numdate": 2015.0013698630137,
      "raw_date": "2015-XX-XX"
    },
    "HCoV_229E/Seattle/USA/SC3112/2015": {
      "branch_length": 5.756798193819407e-06,
      "clock_length": 5.756798193819407e-06,
      "date": "2015-02-14",
      "mutation_length": 1.6068955452520423e-18,
      "num_date_confidence": [
        2015.0013698630137,
        2015.9986301369863
      ],
      "numdate": 2015.1217975444517,
      "raw_date": "2015-XX-XX"
    },
    "HCoV_229E/Seattle/USA/SC379/2016": {
      "branch_length": 0.00019601060289657103,
      "clock_length": 0.00019601060289657103,
      "date": "2016-12-31",
      "mutation_length": 1.6415132337629022e-18,
      "num_date_confidence": [
        2016.0013661202186,
        2016.9986338797814
      ],
      "numdate": 2016.9986338797814,
      "raw_date": "2016-XX-XX"
    },
    "HCoV_229E/Seattle/USA/SC399/2016": {
      "branch_length": 0.00019601060289657103,
      "clock_length": 0.00019601060289657103,
      "date": "2016-12-31",
      "mutation_length": 1.6415132337629022e-18,
      "num_date_confidence": [
        2016.0013661202186,
        2016.9986338797814
      ],
      "numdate": 2016.9986338797814,
      "raw_date": "2016-XX-XX"
    },
    "HCoV_229E/Seattle/USA/SC579/2016": {
      "branch_length": 0.00027969481369983693,
      "clock_length": 0.00027969481369983693,
      "date": "2016-05-20",
      "mutation_length": 1.6068955452520423e-18,
      "num_date_confidence": [
        2016.0013661202186,
        2016.9986338797814
      ],
      "numdate": 2016.3843099068492,
      "raw_date": "2016-XX-XX"
    },
    "HCoV_229E/Seattle/USA/SC9724/2018": {
      "branch_length": 0.000661281160599303,
      "clock_length": 0.000661281160599303,
      "date": "2018-12-31",
      "mutation_length": 0.00249600916208655,
      "num_date_confidence": [
        2018.1092815214777,
        2018.9986301369863
      ],
      "numdate": 2018.9986301369863,
      "raw_date": "2018-XX-XX"
    },
    "HCoV_229E/Seattle/USA/SC9731/2016": {
      "branch_length": 0.00019601060289657103,
      "clock_length": 0.00019601060289657103,
      "date": "2016-12-31",
      "mutation_length": 1.641064141826786e-18,
      "num_date_confidence": [
        2016.0013661202186,
        2016.9986338797814
      ],
      "numdate": 2016.9986338797814,
      "raw_date": "2016-XX-XX"
    },
    "HCoV_229E/Seattle/USA/SC9773/2016": {
      "branch_length": 0.00019601060289657103,
      "clock_length": 0.00019601060289657103,
      "date": "2016-12-31",
      "mutation_length": 1.641064141826786e-18,
      "num_date_confidence": [
        2016.0013661202186,
        2016.9986338797814
      ],
      "numdate": 2016.9986338797814,
      "raw_date": "2016-XX-XX"
    },
    "J0304": {
      "branch_length": 0.004195520976211786,
      "clock_length": 0.004195520976211786,
      "date": "2009-01-01",
      "mutation_length": 0.007515926202013025,
      "num_date_confidence": [
        2009.0013698630137,
        2009.8928036941725
      ],
      "numdate": 2009.0013698630137,
      "raw_date": "2009-XX-XX"
    },
    "N08_434B": {
      "branch_length": 0.005310657910569801,
      "clock_length": 0.005310657910569801,
      "date": "2016-01-01",
      "mutation_length": 1.6415132337629022e-18,
      "num_date_confidence": [
        2016.0013661202186,
        2016.8939370187522
      ],
      "numdate": 2016.0013661202186,
      "raw_date": "2016-XX-XX"
    },
    "NODE_0000000": {
      "branch_length": 0.001,
      "clock_length": 0.001,
      "date": "1970-01-05",
      "mutation_length": 0.001,
      "num_date_confidence": [
        1364.7691947422586,
        1989.065823696497
      ],
      "numdate": 1970.0134258959688
    },
    "NODE_0000003": {
      "branch_length": 2.6971208276688197e-05,
      "clock_length": 2.6971208276688197e-05,
      "date": "1989-10-16",
      "mutation_length": 1.6415132337629022e-18,
      "num_date_confidence": [
        1986.2340137083613,
        1993.1001364177848
      ],
      "numdate": 1989.7895580027057
    },
    "NODE_0000004": {
      "branch_length": 0.000376740417078923,
      "clock_length": 0.000376740417078923,
      "date": "1991-07-11",
      "mutation_length": 1.6415132337629022e-18,
      "num_date_confidence": [
        1989.116803105881,
        1993.135851041328
      ],
      "numdate": 1991.5258611335375
    },
    "NODE_0000005": {
      "branch_length": 0.0005706045131004217,
      "clock_length": 0.0005706045131004217,
      "date": "2012-02-16",
      "mutation_length": 0.0024964803664079705,
      "num_date_confidence": [
        2008.7016150140812,
        2016.5197716142022
      ],
      "numdate": 2012.126566843065
    },
    "NODE_0000006": {
      "branch_length": 0.00021334102661472575,
      "clock_length": 0.00021334102661472575,
      "date": "1992-07-05",
      "mutation_length": 1.6415132337629022e-18,
      "num_date_confidence": [
        1990.7447063916488,
        1993.1727210392162
      ],
      "numdate": 1992.5090970053832
    },
    "NODE_0000007": {
      "branch_length": 0.0008298086989831905,
      "clock_length": 0.0008298086989831905,
      "date": "2015-12-14",
      "mutation_length": 0.0024964803990885783,
      "num_date_confidence": [
        2013.7064859306793,
        2016.123318819728
      ],
      "numdate": 2015.950949300374
    },
    "NODE_0000008": {
      "branch_length": 0.00015199169834384432,
      "clock_length": 0.00015199169834384432,
      "date": "1993-03-18",
      "mutation_length": 1.6415132337629022e-18,
      "num_date_confidence": [
        1991.8807723080968,
        1993.2095890410958
      ],
      "numdate": 1993.2095890410958
    },
    "NODE_0000009": {
      "branch_length": 0.0,
      "clock_length": 0.0,
      "date": "1989-08-31",
      "mutation_length": 1.6415132337629022e-18,
      "num_date_confidence": [
        1984.9350934727643,
        1993.0481821204123
      ],
      "numdate": 1989.66525439404
    },
    "NODE_0000011": {
      "branch_length": 0.0014317276185153089,
      "clock_length": 0.0014317276185153089,
      "date": "2016-02-04",
      "mutation_length": 0.0025001555923094905,
      "num_date_confidence": [
        2013.1188227601058,
        2016.1104511787723
      ],
      "numdate": 2016.0952696319941
    },
    "NODE_0000012": {
      "branch_length": 0.0014317276185153089,
      "clock_length": 0.0014317276185153089,
      "date": "2016-02-04",
      "mutation_length": 0.0024966915257678365,
      "num_date_confidence": [
        2013.1166459473727,
        2016.1104486485453
      ],
      "numdate": 2016.0952696319941
    },
    "NODE_0000013": {
      "branch_length": 0.004276045750543707,
      "clock_length": 0.004276045750543707,
      "date": "2009-07-01",
      "mutation_length": 0.0024966915457143137,
      "num_date_confidence": [
        2008.7950555860652,
        2010.7359631956865
      ],
      "numdate": 2009.496792182186
    },
    "NODE_0000014": {
      "branch_length": 0.0014309300134914154,
      "clock_length": 0.0014309300134914154,
      "date": "2016-02-03",
      "mutation_length": 0.00249742185428379,
      "num_date_confidence": [
        2013.3315676784996,
        2016.131017261391
      ],
      "numdate": 2016.091593668287
    },
    "NODE_0000015": {
      "branch_length": 0.0008611231054148872,
      "clock_length": 0.0008611231054148872,
      "date": "2016-02-04",
      "mutation_length": 1.641064141826786e-18,
      "num_date_confidence": [
        2013.5030194077428,
        2016.1103753475788
      ],
      "numdate": 2016.0952696319941
    },
    "NODE_0000016": {
      "branch_length": 0.0002557092468243442,
      "clock_length": 0.0002557092468243442,
      "date": "2010-09-04",
      "mutation_length": 1.6068955452520423e-18,
      "num_date_confidence": [
        2006.117746522338,
        2015.9087172319125
      ],
      "numdate": 2010.6752926714255
    },
    "NODE_0000017": {
      "branch_length": 0.0009590390779760313,
      "clock_length": 0.0009590390779760313,
      "date": "2015-02-04",
      "mutation_length": 1.6068955452520423e-18,
      "num_date_confidence": [
        2011.6335345558857,
        2015.4193954324635
      ],
      "numdate": 2015.0952658895658
    },
    "NODE_0000018": {
      "branch_length": 0.0,
      "clock_length": 0.0,
      "date": "2015-02-04",
      "mutation_length": 1.6068955452520423e-18,
      "num_date_confidence": [
        2013.6349723700969,
        2015.8107435697038
      ],
      "numdate": 2015.0952658895658
    },
    "NODE_0000019": {
      "branch_length": 0.0,
      "clock_length": 0.0,
      "date": "2015-02-04",
      "mutation_length": 1.6068955452520423e-18,
      "num_date_confidence": [
        2013.9772187784981,
        2016.4850729528291
      ],
      "numdate": 2015.0952658895658
    },
    "NODE_0000020": {
      "branch_length": 0.0005232732865049225,
      "clock_length": 0.0005232732865049225,
      "date": "1989-08-31",
      "mutation_length": 0.0024966915257678365,
      "num_date_confidence": [
        1798.954906248703,
        1993.0113122004877
      ],
      "numdate": 1989.66525439404
    },
    "NODE_0000021": {
      "branch_length": 0.003740750623409725,
      "clock_length": 0.003740750623409725,
      "date": "1987-04-03",
      "mutation_length": 0.0024960093677170916,
      "num_date_confidence": [
        1683.571318432456,
        1989.1027397260275
      ],
      "numdate": 1987.2536176159003
    },
    "V349": {
      "branch_length": 0.00032586651917476846,
      "clock_length": 0.00032586651917476846,
      "date": "2010-12-31",
      "mutation_length": 0.0025043566031994727,
      "num_date_confidence": [
        2010.249622967092,
        2010.9986301369863
      ],
      "numdate": 2010.9986301369863,
      "raw_date": "2010-XX-XX"
    }
  }
}