{
  "alignment": "results/aligned_229e_protein4b.fasta",
  "clock": {
    "intercept": -0.6037596360988154,
    "rate": 0.00030687150474028826,
    "rtt_Tmrca": 1967.4672518381587
  },
  "generated_by": {
    "program": "augur",
    "version": "6.4.1"
  },
  "input_tree": "results/tree_raw_229e_protein4b.nwk",
  "nodes": {
    "229E": {
      "branch_length": 0.007371718531197615,
      "clock_length": 0.007371718531197615,
      "date": "2011-12-13",
      "mutation_length": 0.011425587332715469,
      "num_date_confidence": [
        2011.9493150684932,
        2011.9493150684932
      ],
      "numdate": 2011.9493150684932,
      "raw_date": "2011-12-13"
    },
    "229E/Haiti_1/2016": {
      "branch_length": 0.00036846597060181735,
      "clock_length": 0.00036846597060181735,
      "date": "2016-03-02",
      "mutation_length": 1.2542411915612382e-18,
      "num_date_confidence": [
        2016.1653005464482,
        2016.2472677595629
      ],
      "numdate": 2016.1686053949295,
      "raw_date": "2016-03-XX"
    },
    "229E/human/USA/892_11/1989": {
      "branch_length": 0.0,
      "clock_length": 0.0,
      "date": "1989-02-07",
      "mutation_length": 1.2542411915612382e-18,
      "num_date_confidence": [
        1989.1027397260275,
        1989.1027397260275
      ],
      "numdate": 1989.1027397260275,
      "raw_date": "1989-02-07"
    },
    "229E/human/USA/932_72/1993": {
      "branch_length": 0.0006040836051709551,
      "clock_length": 0.0006040836051709551,
      "date": "1993-02-22",
      "mutation_length": 1.2542411915612382e-18,
      "num_date_confidence": [
        1993.1438356164383,
        1993.1438356164383
      ],
      "numdate": 1993.1438356164383,
      "raw_date": "1993-02-22"
    },
    "229E/human/USA/933_40/1993": {
      "branch_length": 0.0,
      "clock_length": 0.0,
      "date": "1993-03-11",
      "mutation_length": 1.2542411915612382e-18,
      "num_date_confidence": [
        1993.190410958904,
        1993.190410958904
      ],
      "numdate": 1993.190410958904,
      "raw_date": "1993-03-11"
    },
    "229E/human/USA/953_49/1995": {
      "branch_length": 0.0006238319356638112,
      "clock_length": 0.0006238319356638112,
      "date": "1995-03-23",
      "mutation_length": 1.2542411915612382e-18,
      "num_date_confidence": [
        1995.2232876712328,
        1995.2232876712328
      ],
      "numdate": 1995.2232876712328,
      "raw_date": "1995-03-23"
    },
    "HCoV_229E/BN1/GER/2015": {
      "branch_length": 1.1305907744532618e-05,
      "clock_length": 1.1305907744532618e-05,
      "date": "2015-01-01",
      "mutation_length": 1.2542411915612382e-18,
      "num_date_confidence": [
        2015.0013698630137,
        2015.9986301369863
      ],
      "numdate": 2015.0013698630137,
      "raw_date": "2015-XX-XX"
    },
    "HCoV_229E/Seattle/USA/SC0865/2019": {
      "branch_length": 0.0012440721378694914,
      "clock_length": 0.0012440721378694914,
      "date": "2019-01-01",
      "mutation_length": 1.2542411915612382e-18,
      "num_date_confidence": [
        2019.0013698630137,
        2019.8954957611518
      ],
      "numdate": 2019.0013698630137,
      "raw_date": "2019-XX-XX"
    },
    "HCoV_229E/Seattle/USA/SC1073/2016": {
      "branch_length": 0.0004004554185040221,
      "clock_length": 0.0004004554185040221,
      "date": "2016-04-02",
      "mutation_length": 1.2542411915612382e-18,
      "num_date_confidence": [
        2016.0013661202186,
        2016.9986338797814
      ],
      "numdate": 2016.252282032003,
      "raw_date": "2016-XX-XX"
    },
    "HCoV_229E/Seattle/USA/SC1143/2016": {
      "branch_length": 0.0004095978064846942,
      "clock_length": 0.0004095978064846942,
      "date": "2016-04-17",
      "mutation_length": 1.2542411915612382e-18,
      "num_date_confidence": [
        2016.0013661202186,
        2016.9986338797814
      ],
      "numdate": 2016.2948348580724,
      "raw_date": "2016-XX-XX"
    },
    "HCoV_229E/Seattle/USA/SC1212/2016": {
      "branch_length": 0.0004095978064846942,
      "clock_length": 0.0004095978064846942,
      "date": "2016-04-17",
      "mutation_length": 1.2542411915612382e-18,
      "num_date_confidence": [
        2016.0013661202186,
        2016.9986338797814
      ],
      "numdate": 2016.2948348580724,
      "raw_date": "2016-XX-XX"
    },
    "HCoV_229E/Seattle/USA/SC2282/2017": {
      "branch_length": 0.00010267575831830701,
      "clock_length": 0.00010267575831830701,
      "date": "2016-04-20",
      "mutation_length": 1.2542411915612382e-18,
      "num_date_confidence": [
        2016.0013661202186,
        2016.9986338797814
      ],
      "numdate": 2016.3012039619734,
      "raw_date": "2016-XX-XX"
    },
    "HCoV_229E/Seattle/USA/SC2872/2015": {
      "branch_length": 4.8337186839609615e-05,
      "clock_length": 4.8337186839609615e-05,
      "date": "2015-01-04",
      "mutation_length": 1.2542411915612382e-18,
      "num_date_confidence": [
        2015.0013698630137,
        2015.9986301369863
      ],
      "numdate": 2015.0091518758702,
      "raw_date": "2015-XX-XX"
    },
    "HCoV_229E/Seattle/USA/SC3112/2015": {
      "branch_length": 1.1305907744532618e-05,
      "clock_length": 1.1305907744532618e-05,
      "date": "2015-01-01",
      "mutation_length": 1.2542411915612382e-18,
      "num_date_confidence": [
        2015.0013698630137,
        2015.9986301369863
      ],
      "numdate": 2015.0013698630137,
      "raw_date": "2015-XX-XX"
    },
    "HCoV_229E/Seattle/USA/SC379/2016": {
      "branch_length": 0.00010267575831830701,
      "clock_length": 0.00010267575831830701,
      "date": "2016-04-20",
      "mutation_length": 1.2542411915612382e-18,
      "num_date_confidence": [
        2016.0013661202186,
        2016.9986338797814
      ],
      "numdate": 2016.3012039619734,
      "raw_date": "2016-XX-XX"
    },
    "HCoV_229E/Seattle/USA/SC399/2016": {
      "branch_length": 0.00010267575831830701,
      "clock_length": 0.00010267575831830701,
      "date": "2016-04-20",
      "mutation_length": 1.2542411915612382e-18,
      "num_date_confidence": [
        2016.0013661202186,
        2016.9986338797814
      ],
      "numdate": 2016.3012039619734,
      "raw_date": "2016-XX-XX"
    },
    "HCoV_229E/Seattle/USA/SC579/2016": {
      "branch_length": 0.0004095978064846942,
      "clock_length": 0.0004095978064846942,
      "date": "2016-04-17",
      "mutation_length": 1.2542411915612382e-18,
      "num_date_confidence": [
        2016.0013661202186,
        2016.9986338797814
      ],
      "numdate": 2016.2948348580724,
      "raw_date": "2016-XX-XX"
    },
    "HCoV_229E/Seattle/USA/SC9724/2018": {
      "branch_length": 0.0009308891607573455,
      "clock_length": 0.0009308891607573455,
      "date": "2018-01-01",
      "mutation_length": 1.2542411915612382e-18,
      "num_date_confidence": [
        2018.0013698630137,
        2018.8935390481972
      ],
      "numdate": 2018.0013698630137,
      "raw_date": "2018-XX-XX"
    },
    "HCoV_229E/Seattle/USA/SC9731/2016": {
      "branch_length": 0.00010267575831830701,
      "clock_length": 0.00010267575831830701,
      "date": "2016-04-20",
      "mutation_length": 1.2542411915612382e-18,
      "num_date_confidence": [
        2016.0013661202186,
        2016.9986338797814
      ],
      "numdate": 2016.3012039619734,
      "raw_date": "2016-XX-XX"
    },
    "HCoV_229E/Seattle/USA/SC9773/2016": {
      "branch_length": 0.0004095978064846942,
      "clock_length": 0.0004095978064846942,
      "date": "2016-04-17",
      "mutation_length": 1.2542411915612382e-18,
      "num_date_confidence": [
        2016.0013661202186,
        2016.9986338797814
      ],
      "numdate": 2016.2948348580724,
      "raw_date": "2016-XX-XX"
    },
    "NODE_0000000": {
      "branch_length": 0.001,
      "clock_length": 0.001,
      "date": "1987-12-05",
      "mutation_length": 0.001,
      "num_date_confidence": [
        1523.1003027264862,
        1989.0397397655938
      ],
      "numdate": 1987.9271480789696
    },
    "NODE_0000002": {
      "branch_length": 0.0006360135715192065,
      "clock_length": 0.0006360135715192065,
      "date": "1991-03-05",
      "mutation_length": 1.2542411915612382e-18,
      "num_date_confidence": [
        1988.5180446737158,
        1993.1362808006772
      ],
      "numdate": 1991.1753126488784
    },
    "NODE_0000003": {
      "branch_length": 0.0006183762505972169,
      "clock_length": 0.0006183762505972169,
      "date": "1993-03-11",
      "mutation_length": 1.2542411915612382e-18,
      "num_date_confidence": [
        1990.812866351349,
        1993.190410958904
      ],
      "numdate": 1993.190410958904
    },
    "NODE_0000004": {
      "branch_length": 0.0003226666666666673,
      "clock_length": 0.0003226666666666673,
      "date": "1989-02-07",
      "mutation_length": 1.2542411915612382e-18,
      "num_date_confidence": [
        1986.7252251275788,
        1989.1027397260275
      ],
      "numdate": 1989.1027397260275
    },
    "NODE_0000005": {
      "branch_length": 0.00205963048971372,
      "clock_length": 0.00205963048971372,
      "date": "2014-10-29",
      "mutation_length": 1.2542411915612382e-18,
      "num_date_confidence": [
        2005.0720159324662,
        2015.8782353575668
      ],
      "numdate": 2014.8248037574724
    },
    "NODE_0000006": {
      "branch_length": 4.2161815826679844e-06,
      "clock_length": 4.2161815826679844e-06,
      "date": "2014-11-03",
      "mutation_length": 1.2542411915612382e-18,
      "num_date_confidence": [
        2009.5086392404992,
        2015.9603240267177
      ],
      "numdate": 2014.8385429985474
    },
    "NODE_0000007": {
      "branch_length": 4.0178160664553365e-06,
      "clock_length": 4.0178160664553365e-06,
      "date": "2014-11-07",
      "mutation_length": 1.2542411915612382e-18,
      "num_date_confidence": [
        2014.2509219885737,
        2015.985594368044
      ],
      "numdate": 2014.8516358273191
    },
    "NODE_0000008": {
      "branch_length": 2.9362989936093393e-05,
      "clock_length": 2.9362989936093393e-05,
      "date": "2014-12-12",
      "mutation_length": 1.2542411915612382e-18,
      "num_date_confidence": [
        2014.430544063506,
        2016.3472492259823
      ],
      "numdate": 2014.9473207947485
    },
    "NODE_0000009": {
      "branch_length": 3.729666778873471e-05,
      "clock_length": 3.729666778873471e-05,
      "date": "2014-12-17",
      "mutation_length": 1.2542411915612382e-18,
      "num_date_confidence": [
        2014.427427977662,
        2016.2505626098882
      ],
      "numdate": 2014.9600813858287
    },
    "NODE_0000010": {
      "branch_length": 0.0,
      "clock_length": 0.0,
      "date": "2014-12-17",
      "mutation_length": 1.2542411915612382e-18,
      "num_date_confidence": [
        2014.4334358539995,
        2016.5891599338427
      ],
      "numdate": 2014.9600813858287
    },
    "NODE_0000011": {
      "branch_length": 0.0,
      "clock_length": 0.0,
      "date": "2014-12-17",
      "mutation_length": 1.2542411915612382e-18,
      "num_date_confidence": [
        2014.4334358539995,
        2016.5891599338427
      ],
      "numdate": 2014.9600813858287
    },
    "NODE_0000012": {
      "branch_length": 4.260609741982236e-06,
      "clock_length": 4.260609741982236e-06,
      "date": "2014-11-03",
      "mutation_length": 1.2542411915612382e-18,
      "num_date_confidence": [
        2009.134108511809,
        2015.9235745928627
      ],
      "numdate": 2014.8386877762757
    },
    "NODE_0000013": {
      "branch_length": 1.72949421295076e-05,
      "clock_length": 1.72949421295076e-05,
      "date": "2014-11-23",
      "mutation_length": 1.2542411915612382e-18,
      "num_date_confidence": [
        2014.0552822373636,
        2016.39560459248
      ],
      "numdate": 2014.8950466817535
    },
    "NODE_0000014": {
      "branch_length": 0.006156404671308521,
      "clock_length": 0.006156404671308521,
      "date": "2008-02-11",
      "mutation_length": 0.007583164608832273,
      "num_date_confidence": [
        1999.0154350767032,
        2010.985594368044
      ],
      "numdate": 2008.113100461799
    },
    "NODE_0000015": {
      "branch_length": 0.000328833842164261,
      "clock_length": 0.000328833842164261,
      "date": "2015-12-19",
      "mutation_length": 1.2542411915612382e-18,
      "num_date_confidence": [
        2014.74625042119,
        2016.2007073808134
      ],
      "numdate": 2015.9666151952347
    },
    "NODE_0000016": {
      "branch_length": 0.000328833842164261,
      "clock_length": 0.000328833842164261,
      "date": "2015-12-19",
      "mutation_length": 1.2542411915612382e-18,
      "num_date_confidence": [
        2014.74625042119,
        2016.2007073808134
      ],
      "numdate": 2015.9666151952347
    },
    "NODE_0000017": {
      "branch_length": 3.861658900704019e-05,
      "clock_length": 3.861658900704019e-05,
      "date": "2014-12-19",
      "mutation_length": 1.2542411915612382e-18,
      "num_date_confidence": [
        2013.8318725826405,
        2015.9603240267177
      ],
      "numdate": 2014.9645273814867
    },
    "NODE_0000018": {
      "branch_length": 3.808891102612816e-05,
      "clock_length": 3.808891102612816e-05,
      "date": "1988-01-19",
      "mutation_length": 0.007598589124155903,
      "num_date_confidence": [
        1624.5781231765825,
        1989.0766701826635
      ],
      "numdate": 1988.0512681436799
    },
    "NODE_0000019": {
      "branch_length": 1.0312612080517949e-06,
      "clock_length": 1.0312612080517949e-06,
      "date": "2014-12-20",
      "mutation_length": 1.2542411915612382e-18,
      "num_date_confidence": [
        2014.5309021398687,
        2016.2342329059136
      ],
      "numdate": 2014.9678879450846
    },
    "NODE_0000020": {
      "branch_length": 0.0,
      "clock_length": 0.0,
      "date": "2014-12-19",
      "mutation_length": 1.2542411915612382e-18,
      "num_date_confidence": [
        2014.539776280655,
        2015.985594368044
      ],
      "numdate": 2014.9645273814867
    },
    "V349": {
      "branch_length": 0.0005794560725058333,
      "clock_length": 0.0005794560725058333,
      "date": "2010-01-01",
      "mutation_length": 1.2542411915612382e-18,
      "num_date_confidence": [
        2010.0013698630137,
        2010.9986301369863
      ],
      "numdate": 2010.0013698630137,
      "raw_date": "2010-XX-XX"
    }
  }
}