{
  "alignment": "results/aligned_229e_membrane.fasta",
  "clock": {
    "intercept": -0.6304651403873681,
    "rate": 0.0003181110489530422,
    "rtt_Tmrca": 1981.902679779079
  },
  "generated_by": {
    "program": "augur",
    "version": "6.4.1"
  },
  "input_tree": "results/tree_raw_229e_membrane.nwk",
  "nodes": {
    "229E": {
      "branch_length": 0.006577076992691699,
      "clock_length": 0.006577076992691699,
      "date": "2011-12-13",
      "mutation_length": 0.008927030837313485,
      "num_date_confidence": [
        2011.9493150684932,
        2011.9493150684932
      ],
      "numdate": 2011.9493150684932,
      "raw_date": "2011-12-13"
    },
    "229E/Haiti_1/2016": {
      "branch_length": 0.0003405048141414651,
      "clock_length": 0.0003405048141414651,
      "date": "2016-03-31",
      "mutation_length": 0.0029567469561456354,
      "num_date_confidence": [
        2016.1734972677596,
        2016.2472677595629
      ],
      "numdate": 2016.2472677595629,
      "raw_date": "2016-03-XX"
    },
    "229E/human/USA/892_11/1989": {
      "branch_length": 0.0005118026005011597,
      "clock_length": 0.0005118026005011597,
      "date": "1989-02-07",
      "mutation_length": 0.001478750997369639,
      "num_date_confidence": [
        1989.1027397260275,
        1989.1027397260275
      ],
      "numdate": 1989.1027397260275,
      "raw_date": "1989-02-07"
    },
    "229E/human/USA/932_72/1993": {
      "branch_length": 0.0005947283280997237,
      "clock_length": 0.0005947283280997237,
      "date": "1993-02-22",
      "mutation_length": 3.2550229774672503e-22,
      "num_date_confidence": [
        1993.1438356164383,
        1993.1438356164383
      ],
      "numdate": 1993.1438356164383,
      "raw_date": "1993-02-22"
    },
    "229E/human/USA/933_40/1993": {
      "branch_length": 6.699345036856146e-05,
      "clock_length": 6.699345036856146e-05,
      "date": "1993-03-11",
      "mutation_length": 3.2085977865951587e-22,
      "num_date_confidence": [
        1993.190410958904,
        1993.190410958904
      ],
      "numdate": 1993.190410958904,
      "raw_date": "1993-03-11"
    },
    "229E/human/USA/933_50/1993": {
      "branch_length": 0.0006156452189897722,
      "clock_length": 0.0006156452189897722,
      "date": "1993-03-18",
      "mutation_length": 0.0014775948258588427,
      "num_date_confidence": [
        1993.2095890410958,
        1993.2095890410958
      ],
      "numdate": 1993.2095890410958,
      "raw_date": "1993-03-18"
    },
    "229E/human/USA/953_49/1995": {
      "branch_length": 0.0007136739937196688,
      "clock_length": 0.0007136739937196688,
      "date": "1995-03-23",
      "mutation_length": 3.2085977865951587e-22,
      "num_date_confidence": [
        1995.2232876712328,
        1995.2232876712328
      ],
      "numdate": 1995.2232876712328,
      "raw_date": "1995-03-23"
    },
    "HCoV_229E/BN1/GER/2015": {
      "branch_length": 0.0001889940071142795,
      "clock_length": 0.0001889940071142795,
      "date": "2015-10-09",
      "mutation_length": 3.2085977865951587e-22,
      "num_date_confidence": [
        2015.0013698630137,
        2015.9986301369863
      ],
      "numdate": 2015.7709850038214,
      "raw_date": "2015-XX-XX"
    },
    "HCoV_229E/Seattle/USA/SC0865/2019": {
      "branch_length": 0.0010059034550839144,
      "clock_length": 0.0010059034550839144,
      "date": "2019-02-16",
      "mutation_length": 3.0876873723376305e-22,
      "num_date_confidence": [
        2019.0013698630137,
        2019.9986301369863
      ],
      "numdate": 2019.1261562450964,
      "raw_date": "2019-XX-XX"
    },
    "HCoV_229E/Seattle/USA/SC1073/2016": {
      "branch_length": 0.00011816900288179073,
      "clock_length": 0.00011816900288179073,
      "date": "2016-05-08",
      "mutation_length": 3.320993831571006e-22,
      "num_date_confidence": [
        2016.0013661202186,
        2016.9986338797814
      ],
      "numdate": 2016.3515117682136,
      "raw_date": "2016-XX-XX"
    },
    "HCoV_229E/Seattle/USA/SC1143/2016": {
      "branch_length": 0.00011894566561994487,
      "clock_length": 0.00011894566561994487,
      "date": "2016-05-09",
      "mutation_length": 3.2085977865951587e-22,
      "num_date_confidence": [
        2016.0013661202186,
        2016.9986338797814
      ],
      "numdate": 2016.3539532512766,
      "raw_date": "2016-XX-XX"
    },
    "HCoV_229E/Seattle/USA/SC1212/2016": {
      "branch_length": 0.00011894566561994487,
      "clock_length": 0.00011894566561994487,
      "date": "2016-05-09",
      "mutation_length": 3.2085977865951587e-22,
      "num_date_confidence": [
        2016.0013661202186,
        2016.9986338797814
      ],
      "numdate": 2016.3539532512766,
      "raw_date": "2016-XX-XX"
    },
    "HCoV_229E/Seattle/USA/SC2282/2017": {
      "branch_length": 0.00026228078571037387,
      "clock_length": 0.00026228078571037387,
      "date": "2016-01-01",
      "mutation_length": 3.1328836678686304e-22,
      "num_date_confidence": [
        2016.0013661202186,
        2016.8852506102196
      ],
      "numdate": 2016.0013661202186,
      "raw_date": "2016-XX-XX"
    },
    "HCoV_229E/Seattle/USA/SC2872/2015": {
      "branch_length": 0.00011612670039052209,
      "clock_length": 0.00011612670039052209,
      "date": "2015-06-12",
      "mutation_length": 3.320993831571006e-22,
      "num_date_confidence": [
        2015.0013698630137,
        2015.9986301369863
      ],
      "numdate": 2015.4454027090487,
      "raw_date": "2015-XX-XX"
    },
    "HCoV_229E/Seattle/USA/SC3112/2015": {
      "branch_length": 0.00033390492672626614,
      "clock_length": 0.00033390492672626614,
      "date": "2015-01-01",
      "mutation_length": 0.0014797299520775218,
      "num_date_confidence": [
        2015.0013698630137,
        2015.9247113700053
      ],
      "numdate": 2015.0013698630137,
      "raw_date": "2015-XX-XX"
    },
    "HCoV_229E/Seattle/USA/SC379/2016": {
      "branch_length": 0.00014617075741198918,
      "clock_length": 0.00014617075741198918,
      "date": "2016-06-18",
      "mutation_length": 3.181396862419602e-22,
      "num_date_confidence": [
        2016.0013661202186,
        2016.9986338797814
      ],
      "numdate": 2016.463290058963,
      "raw_date": "2016-XX-XX"
    },
    "HCoV_229E/Seattle/USA/SC399/2016": {
      "branch_length": 0.00014617075741198918,
      "clock_length": 0.00014617075741198918,
      "date": "2016-06-18",
      "mutation_length": 3.181396862419602e-22,
      "num_date_confidence": [
        2016.0013661202186,
        2016.9986338797814
      ],
      "numdate": 2016.463290058963,
      "raw_date": "2016-XX-XX"
    },
    "HCoV_229E/Seattle/USA/SC579/2016": {
      "branch_length": 0.00011816900288179073,
      "clock_length": 0.00011816900288179073,
      "date": "2016-05-08",
      "mutation_length": 3.320993831571006e-22,
      "num_date_confidence": [
        2016.0013661202186,
        2016.9986338797814
      ],
      "numdate": 2016.3515117682136,
      "raw_date": "2016-XX-XX"
    },
    "HCoV_229E/Seattle/USA/SC677/2016": {
      "branch_length": 0.00014617075741198918,
      "clock_length": 0.00014617075741198918,
      "date": "2016-06-18",
      "mutation_length": 3.181396862419602e-22,
      "num_date_confidence": [
        2016.0013661202186,
        2016.9986338797814
      ],
      "numdate": 2016.463290058963,
      "raw_date": "2016-XX-XX"
    },
    "HCoV_229E/Seattle/USA/SC9724/2018": {
      "branch_length": 0.0009653359910641469,
      "clock_length": 0.0009653359910641469,
      "date": "2018-12-31",
      "mutation_length": 0.001477671948173169,
      "num_date_confidence": [
        2018.100648088013,
        2018.9986301369863
      ],
      "numdate": 2018.9986301369863,
      "raw_date": "2018-XX-XX"
    },
    "HCoV_229E/Seattle/USA/SC9731/2016": {
      "branch_length": 0.00011350217626954965,
      "clock_length": 0.00011350217626954965,
      "date": "2016-05-03",
      "mutation_length": 3.0876873723376305e-22,
      "num_date_confidence": [
        2016.0013661202186,
        2016.9986338797814
      ],
      "numdate": 2016.336841335899,
      "raw_date": "2016-XX-XX"
    },
    "HCoV_229E/Seattle/USA/SC9773/2016": {
      "branch_length": 0.00011350217626954965,
      "clock_length": 0.00011350217626954965,
      "date": "2016-05-03",
      "mutation_length": 3.0876873723376305e-22,
      "num_date_confidence": [
        2016.0013661202186,
        2016.9986338797814
      ],
      "numdate": 2016.336841335899,
      "raw_date": "2016-XX-XX"
    },
    "J0304": {
      "branch_length": 0.0002966732061726661,
      "clock_length": 0.0002966732061726661,
      "date": "2009-12-31",
      "mutation_length": 3.2085977865951587e-22,
      "num_date_confidence": [
        2009.1470893324542,
        2009.9986301369863
      ],
      "numdate": 2009.9986301369863,
      "raw_date": "2009-XX-XX"
    },
    "N08_434B": {
      "branch_length": 0.00026228078571037387,
      "clock_length": 0.00026228078571037387,
      "date": "2016-01-01",
      "mutation_length": 3.2085977865951587e-22,
      "num_date_confidence": [
        2016.0013661202186,
        2016.8838973929114
      ],
      "numdate": 2016.0013661202186,
      "raw_date": "2016-XX-XX"
    },
    "NODE_0000000": {
      "branch_length": 0.001,
      "clock_length": 0.001,
      "date": "1987-06-30",
      "mutation_length": 0.001,
      "num_date_confidence": [
        1765.1482234844855,
        1989.1027397260275
      ],
      "numdate": 1987.4938594240525
    },
    "NODE_0000004": {
      "branch_length": 0.0006452309815430843,
      "clock_length": 0.0006452309815430843,
      "date": "2015-12-24",
      "mutation_length": 0.00296273634770343,
      "num_date_confidence": [
        2014.7958834680344,
        2016.193741960322
      ],
      "numdate": 2015.9800408517815
    },
    "NODE_0000005": {
      "branch_length": 0.0033260733129943224,
      "clock_length": 0.0033260733129943224,
      "date": "2013-12-14",
      "mutation_length": 0.002963375507916818,
      "num_date_confidence": [
        2010.1026389237413,
        2015.3460142703693
      ],
      "numdate": 2013.9517209186429
    },
    "NODE_0000006": {
      "branch_length": 0.0006527871363333267,
      "clock_length": 0.0006527871363333267,
      "date": "2016-01-02",
      "mutation_length": 0.004453180610733497,
      "num_date_confidence": [
        2015.0677966806722,
        2016.0734802758936
      ],
      "numdate": 2016.0037940499653
    },
    "NODE_0000007": {
      "branch_length": 0.00023930508047005682,
      "clock_length": 0.00023930508047005682,
      "date": "2009-10-26",
      "mutation_length": 3.2085977865951587e-22,
      "num_date_confidence": [
        2009.154313662434,
        2010.7541784030682
      ],
      "numdate": 2009.8182902025785
    },
    "NODE_0000008": {
      "branch_length": 0.0017046239802064151,
      "clock_length": 0.0017046239802064151,
      "date": "2015-03-06",
      "mutation_length": 3.2085977865951587e-22,
      "num_date_confidence": [
        2013.7629621131614,
        2015.986054914426
      ],
      "numdate": 2015.1768716973634
    },
    "NODE_0000009": {
      "branch_length": 0.0015136817392015418,
      "clock_length": 0.0015136817392015418,
      "date": "2013-10-28",
      "mutation_length": 0.001478426216171659,
      "num_date_confidence": [
        2009.8179562210191,
        2015.9309297693517
      ],
      "numdate": 2013.8243650086113
    },
    "NODE_0000010": {
      "branch_length": 0.00043024732147493015,
      "clock_length": 0.00043024732147493015,
      "date": "2015-03-06",
      "mutation_length": 0.0014765175163134938,
      "num_date_confidence": [
        2013.7803481168444,
        2016.1426661243104
      ],
      "numdate": 2015.1768716973634
    },
    "NODE_0000011": {
      "branch_length": 0.0004150681043728604,
      "clock_length": 0.0004150681043728604,
      "date": "2015-02-17",
      "mutation_length": 3.0876873723376305e-22,
      "num_date_confidence": [
        2013.8293113087525,
        2015.8421795405982
      ],
      "numdate": 2015.129154973433
    },
    "NODE_0000012": {
      "branch_length": 0.0002706761993006997,
      "clock_length": 0.0002706761993006997,
      "date": "2015-12-24",
      "mutation_length": 3.0876873723376305e-22,
      "num_date_confidence": [
        2014.691199590395,
        2016.1308401626927
      ],
      "numdate": 2015.9800408517815
    },
    "NODE_0000013": {
      "branch_length": 0.0002655868121114969,
      "clock_length": 0.0002655868121114969,
      "date": "2015-12-18",
      "mutation_length": 3.0876873723376305e-22,
      "num_date_confidence": [
        2014.1222352475409,
        2016.3682975832176
      ],
      "numdate": 2015.9640420764922
    },
    "NODE_0000014": {
      "branch_length": 0.0034054980912279634,
      "clock_length": 0.0034054980912279634,
      "date": "2003-07-01",
      "mutation_length": 0.0029595225603866395,
      "num_date_confidence": [
        1995.7760894068742,
        2009.9262265331704
      ],
      "numdate": 2003.496022118048
    },
    "NODE_0000015": {
      "branch_length": 6.0175864921987315e-05,
      "clock_length": 6.0175864921987315e-05,
      "date": "1992-12-24",
      "mutation_length": 3.2085977865951587e-22,
      "num_date_confidence": [
        1992.5551467886364,
        1993.190410958904
      ],
      "numdate": 1992.9798132742621
    },
    "NODE_0000017": {
      "branch_length": 0.0003590299807575345,
      "clock_length": 0.0003590299807575345,
      "date": "2015-01-30",
      "mutation_length": 3.320993831571006e-22,
      "num_date_confidence": [
        2013.8957335157297,
        2015.8413299879494
      ],
      "numdate": 2015.0803518855305
    },
    "NODE_0000018": {
      "branch_length": 0.0004823751438563055,
      "clock_length": 0.0004823751438563055,
      "date": "1992-10-16",
      "mutation_length": 0.0014775948258588427,
      "num_date_confidence": [
        1991.912411437484,
        1993.1652645411805
      ],
      "numdate": 1992.790647053472
    },
    "NODE_0000019": {
      "branch_length": 0.00028620100078554983,
      "clock_length": 0.00028620100078554983,
      "date": "2015-12-24",
      "mutation_length": 3.320993831571006e-22,
      "num_date_confidence": [
        2014.770536376892,
        2016.143698241513
      ],
      "numdate": 2015.9800408517815
    },
    "NODE_0000020": {
      "branch_length": 1.1787003391036666e-07,
      "clock_length": 1.1787003391036666e-07,
      "date": "1991-04-11",
      "mutation_length": 0.001477595394780364,
      "num_date_confidence": [
        1990.3061685759756,
        1993.1290716556034
      ],
      "numdate": 1991.2742736189628
    },
    "NODE_0000022": {
      "branch_length": 0.0017718782516623049,
      "clock_length": 0.0017718782516623049,
      "date": "2009-01-25",
      "mutation_length": 3.2085977865951587e-22,
      "num_date_confidence": [
        2003.0745925066042,
        2009.961678344877
      ],
      "numdate": 2009.0660212032537
    },
    "NODE_0000023": {
      "branch_length": 0.0,
      "clock_length": 0.0,
      "date": "2009-01-25",
      "mutation_length": 3.2085977865951587e-22,
      "num_date_confidence": [
        2007.1533039182095,
        2009.986054914426
      ],
      "numdate": 2009.0660212032537
    },
    "NODE_0000024": {
      "branch_length": 0.0012024736549859378,
      "clock_length": 0.0012024736549859378,
      "date": "1991-04-10",
      "mutation_length": 0.001478750997369639,
      "num_date_confidence": [
        1839.6561424434876,
        1992.635923600159
      ],
      "numdate": 1991.273903087872
    },
    "V349": {
      "branch_length": 0.00037547917465565166,
      "clock_length": 0.00037547917465565166,
      "date": "2010-12-31",
      "mutation_length": 3.2085977865951587e-22,
      "num_date_confidence": [
        2010.0013698630137,
        2010.9986301369863
      ],
      "numdate": 2010.9986301369863,
      "raw_date": "2010-XX-XX"
    }
  }
}