{
  "alignment": "results/aligned_229e_replicase1ab.fasta",
  "clock": {
    "intercept": -0.38086764408049933,
    "rate": 0.00019267929561767204,
    "rtt_Tmrca": 1976.6921134912388
  },
  "generated_by": {
    "program": "augur",
    "version": "6.4.1"
  },
  "input_tree": "results/tree_raw_229e_replicase1ab.nwk",
  "nodes": {
    "229E": {
      "branch_length": 0.006750285341291069,
      "clock_length": 0.006750285341291069,
      "date": "2011-12-13",
      "mutation_length": 0.006844705349163476,
      "num_date_confidence": [
        2011.9493150684932,
        2011.9493150684932
      ],
      "numdate": 2011.9493150684932,
      "raw_date": "2011-12-13"
    },
    "229E/human/USA/892_11/1989": {
      "branch_length": 0.0008064149909570353,
      "clock_length": 0.0008064149909570353,
      "date": "1989-02-07",
      "mutation_length": 0.0007415665206776676,
      "num_date_confidence": [
        1989.1027397260275,
        1989.1027397260275
      ],
      "numdate": 1989.1027397260275,
      "raw_date": "1989-02-07"
    },
    "229E/human/USA/932_72/1993": {
      "branch_length": 0.0007268617587729001,
      "clock_length": 0.0007268617587729001,
      "date": "1993-02-22",
      "mutation_length": 0.0006898038133562484,
      "num_date_confidence": [
        1993.1438356164383,
        1993.1438356164383
      ],
      "numdate": 1993.1438356164383,
      "raw_date": "1993-02-22"
    },
    "229E/human/USA/933_40/1993": {
      "branch_length": 0.0003609926361257858,
      "clock_length": 0.0003609926361257858,
      "date": "1993-03-11",
      "mutation_length": 0.0004927210179409201,
      "num_date_confidence": [
        1993.190410958904,
        1993.190410958904
      ],
      "numdate": 1993.190410958904,
      "raw_date": "1993-03-11"
    },
    "229E/human/USA/933_50/1993": {
      "branch_length": 0.0008937794454909522,
      "clock_length": 0.0008937794454909522,
      "date": "1993-03-18",
      "mutation_length": 0.0012327739469704948,
      "num_date_confidence": [
        1993.2095890410958,
        1993.2095890410958
      ],
      "numdate": 1993.2095890410958,
      "raw_date": "1993-03-18"
    },
    "229E/human/USA/953_49/1995": {
      "branch_length": 0.0005227625163520405,
      "clock_length": 0.0005227625163520405,
      "date": "1995-03-23",
      "mutation_length": 0.0003980589292295662,
      "num_date_confidence": [
        1995.2232876712328,
        1995.2232876712328
      ],
      "numdate": 1995.2232876712328,
      "raw_date": "1995-03-23"
    },
    "HCoV_229E/BN1/GER/2015": {
      "branch_length": 0.0006501270497840136,
      "clock_length": 0.0006501270497840136,
      "date": "2015-01-01",
      "mutation_length": 0.0006410957135825538,
      "num_date_confidence": [
        2015.0013698630137,
        2015.8488561232514
      ],
      "numdate": 2015.0013698630137,
      "raw_date": "2015-XX-XX"
    },
    "HCoV_229E/Seattle/USA/SC0865/2019": {
      "branch_length": 0.0008341622813032693,
      "clock_length": 0.0008341622813032693,
      "date": "2019-09-02",
      "mutation_length": 0.000838609019858317,
      "num_date_confidence": [
        2019.0013698630137,
        2019.9986301369863
      ],
      "numdate": 2019.6688015642571,
      "raw_date": "2019-XX-XX"
    },
    "HCoV_229E/Seattle/USA/SC1073/2016": {
      "branch_length": 0.0005016904990825085,
      "clock_length": 0.0005016904990825085,
      "date": "2016-12-31",
      "mutation_length": 0.0005423464006515511,
      "num_date_confidence": [
        2016.1763442851775,
        2016.9986338797814
      ],
      "numdate": 2016.9986338797814,
      "raw_date": "2016-XX-XX"
    },
    "HCoV_229E/Seattle/USA/SC1143/2016": {
      "branch_length": 2.0928261454082912e-05,
      "clock_length": 2.0928261454082912e-05,
      "date": "2016-01-12",
      "mutation_length": 6.2334901490150805e-21,
      "num_date_confidence": [
        2016.0013661202186,
        2016.9986338797814
      ],
      "numdate": 2016.0313605863703,
      "raw_date": "2016-XX-XX"
    },
    "HCoV_229E/Seattle/USA/SC1212/2016": {
      "branch_length": 2.0928261454082912e-05,
      "clock_length": 2.0928261454082912e-05,
      "date": "2016-01-12",
      "mutation_length": 6.2334901490150805e-21,
      "num_date_confidence": [
        2016.0013661202186,
        2016.9986338797814
      ],
      "numdate": 2016.0313605863703,
      "raw_date": "2016-XX-XX"
    },
    "HCoV_229E/Seattle/USA/SC2282/2017": {
      "branch_length": 0.0005419290097505535,
      "clock_length": 0.0005419290097505535,
      "date": "2016-01-01",
      "mutation_length": 0.0005424205563328244,
      "num_date_confidence": [
        2016.0013661202186,
        2016.8731491017484
      ],
      "numdate": 2016.0013661202186,
      "raw_date": "2016-XX-XX"
    },
    "HCoV_229E/Seattle/USA/SC2872/2015": {
      "branch_length": 0.0003008562434662467,
      "clock_length": 0.0003008562434662467,
      "date": "2015-12-31",
      "mutation_length": 0.0004932260617703471,
      "num_date_confidence": [
        2015.4606500341938,
        2015.9986301369863
      ],
      "numdate": 2015.9986301369863,
      "raw_date": "2015-XX-XX"
    },
    "HCoV_229E/Seattle/USA/SC3112/2015": {
      "branch_length": 0.0003008562434662467,
      "clock_length": 0.0003008562434662467,
      "date": "2015-12-31",
      "mutation_length": 0.0004932160952931952,
      "num_date_confidence": [
        2015.4606430129136,
        2015.9986301369863
      ],
      "numdate": 2015.9986301369863,
      "raw_date": "2015-XX-XX"
    },
    "HCoV_229E/Seattle/USA/SC379/2016": {
      "branch_length": 1.994897599521628e-05,
      "clock_length": 1.994897599521628e-05,
      "date": "2016-01-10",
      "mutation_length": 5.4777698074564014e-21,
      "num_date_confidence": [
        2016.0013661202186,
        2016.9986338797814
      ],
      "numdate": 2016.0262781230172,
      "raw_date": "2016-XX-XX"
    },
    "HCoV_229E/Seattle/USA/SC399/2016": {
      "branch_length": 1.994897599521628e-05,
      "clock_length": 1.994897599521628e-05,
      "date": "2016-01-10",
      "mutation_length": 5.462435583178643e-21,
      "num_date_confidence": [
        2016.0013661202186,
        2016.9986338797814
      ],
      "numdate": 2016.0262781230172,
      "raw_date": "2016-XX-XX"
    },
    "HCoV_229E/Seattle/USA/SC579/2016": {
      "branch_length": 0.0003805473328262612,
      "clock_length": 0.0003805473328262612,
      "date": "2016-05-30",
      "mutation_length": 0.00039455551301267167,
      "num_date_confidence": [
        2016.0013661202186,
        2016.9986338797814
      ],
      "numdate": 2016.4122245976914,
      "raw_date": "2016-XX-XX"
    },
    "HCoV_229E/Seattle/USA/SC677/2016": {
      "branch_length": 2.2700735484622162e-05,
      "clock_length": 2.2700735484622162e-05,
      "date": "2016-01-01",
      "mutation_length": 5.4777698074564014e-21,
      "num_date_confidence": [
        2016.0013661202186,
        2016.6532162147766
      ],
      "numdate": 2016.0013661202186,
      "raw_date": "2016-XX-XX"
    },
    "HCoV_229E/Seattle/USA/SC9724/2018": {
      "branch_length": 0.0006716908605363096,
      "clock_length": 0.0006716908605363096,
      "date": "2018-10-29",
      "mutation_length": 0.000641147160317268,
      "num_date_confidence": [
        2018.0013698630137,
        2018.9986301369863
      ],
      "numdate": 2018.825579565515,
      "raw_date": "2018-XX-XX"
    },
    "HCoV_229E/Seattle/USA/SC9731/2016": {
      "branch_length": 0.0003643283606948449,
      "clock_length": 0.0003643283606948449,
      "date": "2016-06-20",
      "mutation_length": 0.0003451339673342173,
      "num_date_confidence": [
        2016.0013661202186,
        2016.9986338797814
      ],
      "numdate": 2016.467379289163,
      "raw_date": "2016-XX-XX"
    },
    "HCoV_229E/Seattle/USA/SC9773/2016": {
      "branch_length": 0.0003642856952955427,
      "clock_length": 0.0003642856952955427,
      "date": "2016-06-19",
      "mutation_length": 0.0003451133261510861,
      "num_date_confidence": [
        2016.0013661202186,
        2016.9986338797814
      ],
      "numdate": 2016.4671578569685,
      "raw_date": "2016-XX-XX"
    },
    "J0304": {
      "branch_length": 0.0023655999144126284,
      "clock_length": 0.0023655999144126284,
      "date": "2009-12-31",
      "mutation_length": 0.0024192574650316735,
      "num_date_confidence": [
        2009.1148992580172,
        2009.9986301369863
      ],
      "numdate": 2009.9986301369863,
      "raw_date": "2009-XX-XX"
    },
    "NODE_0000000": {
      "branch_length": 0.0005332679746148392,
      "clock_length": 0.0005332679746148392,
      "date": "2014-05-25",
      "mutation_length": 0.0006409370074523493,
      "num_date_confidence": [
        2013.5698585452535,
        2014.9428029780483
      ],
      "numdate": 2014.3948746254503
    },
    "NODE_0000001": {
      "branch_length": 0.00028683691414309786,
      "clock_length": 0.00028683691414309786,
      "date": "2015-11-19",
      "mutation_length": 0.00039429993213438495,
      "num_date_confidence": [
        2015.546914129785,
        2016.3737877378294
      ],
      "numdate": 2015.8835499562563
    },
    "NODE_0000002": {
      "branch_length": 0.001,
      "clock_length": 0.001,
      "date": "1976-12-01",
      "mutation_length": 0.001,
      "num_date_confidence": [
        1972.3066627383794,
        1979.9151505970483
      ],
      "numdate": 1976.9155283834648
    },
    "NODE_0000003": {
      "branch_length": 0.0002175934419482758,
      "clock_length": 0.0002175934419482758,
      "date": "2011-08-17",
      "mutation_length": 0.00019713068430467033,
      "num_date_confidence": [
        2010.7987707978414,
        2012.4525808551823
      ],
      "numdate": 2011.6272291817334
    },
    "NODE_0000004": {
      "branch_length": 0.0001879246351696401,
      "clock_length": 0.0001879246351696401,
      "date": "2010-07-01",
      "mutation_length": 0.0002463976804477295,
      "num_date_confidence": [
        2009.6085263239197,
        2011.4347340891893
      ],
      "numdate": 2010.4979254791704
    },
    "NODE_0000005": {
      "branch_length": 0.0005184700564402815,
      "clock_length": 0.0005184700564402815,
      "date": "2013-03-10",
      "mutation_length": 0.0005919627224457095,
      "num_date_confidence": [
        2012.9811254229485,
        2013.7429243231763
      ],
      "numdate": 2013.1887701533644
    },
    "NODE_0000007": {
      "branch_length": 0.00026739173819650486,
      "clock_length": 0.00026739173819650486,
      "date": "2014-07-30",
      "mutation_length": 0.00019718205278578465,
      "num_date_confidence": [
        2014.0891543906473,
        2015.2969518584064
      ],
      "numdate": 2014.5765255805334
    },
    "NODE_0000008": {
      "branch_length": 5.868516503788261e-05,
      "clock_length": 5.868516503788261e-05,
      "date": "2013-06-30",
      "mutation_length": 4.92894255127023e-05,
      "num_date_confidence": [
        2013.1360760732643,
        2013.9430670351267
      ],
      "numdate": 2013.493344471273
    },
    "NODE_0000009": {
      "branch_length": 0.0003557204414900545,
      "clock_length": 0.0003557204414900545,
      "date": "2015-05-04",
      "mutation_length": 0.0003451348226098051,
      "num_date_confidence": [
        2014.6689751084602,
        2015.943298512939
      ],
      "numdate": 2015.3395233269189
    },
    "NODE_0000010": {
      "branch_length": 0.00018186043392441403,
      "clock_length": 0.00018186043392441403,
      "date": "2014-06-09",
      "mutation_length": 0.00029583121362944094,
      "num_date_confidence": [
        2013.9895690919057,
        2014.7652879656998
      ],
      "numdate": 2014.437194890393
    },
    "NODE_0000013": {
      "branch_length": 0.0006701549230578347,
      "clock_length": 0.0006701549230578347,
      "date": "2009-07-10",
      "mutation_length": 0.0007888120860856781,
      "num_date_confidence": [
        2008.3318360917756,
        2010.260298886387
      ],
      "numdate": 2009.5226020300825
    },
    "NODE_0000014": {
      "branch_length": 0.0012331747525169173,
      "clock_length": 0.0012331747525169173,
      "date": "2015-12-03",
      "mutation_length": 0.0014807998737286431,
      "num_date_confidence": [
        2015.6509647317005,
        2016.6150045134948
      ],
      "numdate": 2015.9227435116243
    },
    "NODE_0000015": {
      "branch_length": 0.001603724231022361,
      "clock_length": 0.001603724231022361,
      "date": "2006-01-17",
      "mutation_length": 0.0014800001537579063,
      "num_date_confidence": [
        2005.0302181668367,
        2007.4356064188398
      ],
      "numdate": 2006.0445172628038
    },
    "NODE_0000016": {
      "branch_length": 7.551786641064526e-06,
      "clock_length": 7.551786641064526e-06,
      "date": "2015-12-03",
      "mutation_length": 5.4777698074564014e-21,
      "num_date_confidence": [
        2015.743110991753,
        2016.555111225946
      ],
      "numdate": 2015.9227435116243
    },
    "NODE_0000017": {
      "branch_length": 0.0010040651807506759,
      "clock_length": 0.0010040651807506759,
      "date": "1997-09-21",
      "mutation_length": 0.000985927534227463,
      "num_date_confidence": [
        1996.6054296322295,
        1999.4168445964392
      ],
      "numdate": 1997.721234650205
    },
    "NODE_0000018": {
      "branch_length": 0.0002299233727828167,
      "clock_length": 0.0002299233727828167,
      "date": "1992-07-05",
      "mutation_length": 9.851012756314015e-05,
      "num_date_confidence": [
        1991.2659318811384,
        1992.8792239901436
      ],
      "numdate": 1992.5101652536102
    },
    "NODE_0000019": {
      "branch_length": 0.0003748432268265685,
      "clock_length": 0.0003748432268265685,
      "date": "1991-04-26",
      "mutation_length": 0.0003940902238195923,
      "num_date_confidence": [
        1990.6195856271772,
        1992.1148439562808
      ],
      "numdate": 1991.316869564804
    },
    "NODE_0000020": {
      "branch_length": 0.00015424836317059782,
      "clock_length": 0.00015424836317059782,
      "date": "1989-05-16",
      "mutation_length": 9.848955170394347e-05,
      "num_date_confidence": [
        1987.9721595881247,
        1990.0661512392096
      ],
      "numdate": 1989.3714440035108
    },
    "NODE_0000021": {
      "branch_length": 0.0007039403787013621,
      "clock_length": 0.0007039403787013621,
      "date": "1988-07-27",
      "mutation_length": 0.0007884973493366926,
      "num_date_confidence": [
        1987.4947413810748,
        1989.3508422341188
      ],
      "numdate": 1988.570899437079
    },
    "NODE_0000022": {
      "branch_length": 0.0015418083060716667,
      "clock_length": 0.0015418083060716667,
      "date": "1984-12-01",
      "mutation_length": 0.001529096531504394,
      "num_date_confidence": [
        1983.7594978853424,
        1986.3120478323378
      ],
      "numdate": 1984.917469127171
    },
    "V349": {
      "branch_length": 0.000762403571871404,
      "clock_length": 0.000762403571871404,
      "date": "2010-01-01",
      "mutation_length": 0.0005423168564920927,
      "num_date_confidence": [
        2010.0013698630137,
        2010.8101535870799
      ],
      "numdate": 2010.0013698630137,
      "raw_date": "2010-XX-XX"
    }
  }
}