{
  "alignment": "results/aligned_229e_nucleocapsid.fasta",
  "clock": {
    "intercept": -0.7792009111944861,
    "rate": 0.00039277183398927275,
    "rtt_Tmrca": 1983.8512942243392
  },
  "generated_by": {
    "program": "augur",
    "version": "6.4.1"
  },
  "input_tree": "results/tree_raw_229e_nucleocapsid.nwk",
  "nodes": {
    "1060_Yamagata_2010": {
      "branch_length": 0.0002308197211087354,
      "clock_length": 0.0002308197211087354,
      "date": "2010-03-05",
      "mutation_length": 0.0008597998485572253,
      "num_date_confidence": [
        2010.0013698630137,
        2010.9986301369863
      ],
      "numdate": 2010.1747729548322,
      "raw_date": "2010-XX-XX"
    },
    "12MYKL0011": {
      "branch_length": 0.0008413793931240079,
      "clock_length": 0.0008413793931240079,
      "date": "2012-04-15",
      "mutation_length": 7.471977261440357e-18,
      "num_date_confidence": [
        2012.0013661202186,
        2012.9986338797814
      ],
      "numdate": 2012.2878773984871,
      "raw_date": "2012-XX-XX"
    },
    "12MYKL0051": {
      "branch_length": 0.0008413793931240079,
      "clock_length": 0.0008413793931240079,
      "date": "2012-04-15",
      "mutation_length": 7.471977261440357e-18,
      "num_date_confidence": [
        2012.0013661202186,
        2012.9986338797814
      ],
      "numdate": 2012.2878773984871,
      "raw_date": "2012-XX-XX"
    },
    "12MYKL0106": {
      "branch_length": 0.0008413793931240079,
      "clock_length": 0.0008413793931240079,
      "date": "2012-04-15",
      "mutation_length": 7.471977261440357e-18,
      "num_date_confidence": [
        2012.0013661202186,
        2012.9986338797814
      ],
      "numdate": 2012.2878773984871,
      "raw_date": "2012-XX-XX"
    },
    "12MYKL0126": {
      "branch_length": 0.0008413793931240079,
      "clock_length": 0.0008413793931240079,
      "date": "2012-04-15",
      "mutation_length": 7.471977261440357e-18,
      "num_date_confidence": [
        2012.0013661202186,
        2012.9986338797814
      ],
      "numdate": 2012.2878773984871,
      "raw_date": "2012-XX-XX"
    },
    "12MYKL0335": {
      "branch_length": 0.0008413793931240079,
      "clock_length": 0.0008413793931240079,
      "date": "2012-04-15",
      "mutation_length": 7.471977261440357e-18,
      "num_date_confidence": [
        2012.0013661202186,
        2012.9986338797814
      ],
      "numdate": 2012.2878773984871,
      "raw_date": "2012-XX-XX"
    },
    "12MYKL0367": {
      "branch_length": 0.0008413793931240079,
      "clock_length": 0.0008413793931240079,
      "date": "2012-04-15",
      "mutation_length": 7.471977261440357e-18,
      "num_date_confidence": [
        2012.0013661202186,
        2012.9986338797814
      ],
      "numdate": 2012.2878773984871,
      "raw_date": "2012-XX-XX"
    },
    "12MYKL0415": {
      "branch_length": 0.0010542174830323143,
      "clock_length": 0.0010542174830323143,
      "date": "2012-10-30",
      "mutation_length": 0.0017133663545222957,
      "num_date_confidence": [
        2012.0013661202186,
        2012.9986338797814
      ],
      "numdate": 2012.8297647526454,
      "raw_date": "2012-XX-XX"
    },
    "12MYKL0543": {
      "branch_length": 0.0008413793931240079,
      "clock_length": 0.0008413793931240079,
      "date": "2012-04-15",
      "mutation_length": 7.471977261440357e-18,
      "num_date_confidence": [
        2012.0013661202186,
        2012.9986338797814
      ],
      "numdate": 2012.2878773984871,
      "raw_date": "2012-XX-XX"
    },
    "12MYKL0667": {
      "branch_length": 0.0008413793931240079,
      "clock_length": 0.0008413793931240079,
      "date": "2012-04-15",
      "mutation_length": 7.471977261440357e-18,
      "num_date_confidence": [
        2012.0013661202186,
        2012.9986338797814
      ],
      "numdate": 2012.2878773984871,
      "raw_date": "2012-XX-XX"
    },
    "12MYKL1076": {
      "branch_length": 0.0008413793931240079,
      "clock_length": 0.0008413793931240079,
      "date": "2012-04-15",
      "mutation_length": 7.471977261440357e-18,
      "num_date_confidence": [
        2012.0013661202186,
        2012.9986338797814
      ],
      "numdate": 2012.2878773984871,
      "raw_date": "2012-XX-XX"
    },
    "12MYKL1102": {
      "branch_length": 0.0008413793931240079,
      "clock_length": 0.0008413793931240079,
      "date": "2012-04-15",
      "mutation_length": 7.471977261440357e-18,
      "num_date_confidence": [
        2012.0013661202186,
        2012.9986338797814
      ],
      "numdate": 2012.2878773984871,
      "raw_date": "2012-XX-XX"
    },
    "12MYKL1271": {
      "branch_length": 0.0008413793931240079,
      "clock_length": 0.0008413793931240079,
      "date": "2012-04-15",
      "mutation_length": 7.471977261440357e-18,
      "num_date_confidence": [
        2012.0013661202186,
        2012.9986338797814
      ],
      "numdate": 2012.2878773984871,
      "raw_date": "2012-XX-XX"
    },
    "12MYKL1586": {
      "branch_length": 0.0008413793931240079,
      "clock_length": 0.0008413793931240079,
      "date": "2012-04-15",
      "mutation_length": 7.471977261440357e-18,
      "num_date_confidence": [
        2012.0013661202186,
        2012.9986338797814
      ],
      "numdate": 2012.2878773984871,
      "raw_date": "2012-XX-XX"
    },
    "12MYKL1616": {
      "branch_length": 0.0008413793931240079,
      "clock_length": 0.0008413793931240079,
      "date": "2012-04-15",
      "mutation_length": 7.471977261440357e-18,
      "num_date_confidence": [
        2012.0013661202186,
        2012.9986338797814
      ],
      "numdate": 2012.2878773984871,
      "raw_date": "2012-XX-XX"
    },
    "13MYKL1719": {
      "branch_length": 0.0011755710990746099,
      "clock_length": 0.0011755710990746099,
      "date": "2013-02-20",
      "mutation_length": 0.0008556292690564284,
      "num_date_confidence": [
        2013.0013698630137,
        2013.9986301369863
      ],
      "numdate": 2013.1387319583885,
      "raw_date": "2013-XX-XX"
    },
    "13MYKL1847": {
      "branch_length": 0.0011773398246140033,
      "clock_length": 0.0011773398246140033,
      "date": "2013-02-22",
      "mutation_length": 0.0008569183546720495,
      "num_date_confidence": [
        2013.0013698630137,
        2013.9986301369863
      ],
      "numdate": 2013.143235146719,
      "raw_date": "2013-XX-XX"
    },
    "13MYKL1883": {
      "branch_length": 0.001121619136953638,
      "clock_length": 0.001121619136953638,
      "date": "2013-01-01",
      "mutation_length": 7.454309471694119e-18,
      "num_date_confidence": [
        2013.0013698630137,
        2013.855841918276
      ],
      "numdate": 2013.0013698630137,
      "raw_date": "2013-XX-XX"
    },
    "229E": {
      "branch_length": 0.0118303905629881,
      "clock_length": 0.0118303905629881,
      "date": "2011-12-13",
      "mutation_length": 0.013858621543814299,
      "num_date_confidence": [
        2011.9493150684932,
        2011.9493150684932
      ],
      "numdate": 2011.9493150684932,
      "raw_date": "2011-12-13"
    },
    "229E/Haiti_1/2016": {
      "branch_length": 0.00012944488207431055,
      "clock_length": 0.00012944488207431055,
      "date": "2016-03-31",
      "mutation_length": 0.0008544416621329051,
      "num_date_confidence": [
        2016.173633771787,
        2016.2472677595629
      ],
      "numdate": 2016.2472677595629,
      "raw_date": "2016-03-XX"
    },
    "229E/human/USA/892_11/1989": {
      "branch_length": 0.0010345398902056654,
      "clock_length": 0.0010345398902056654,
      "date": "1989-02-07",
      "mutation_length": 0.002571165367382391,
      "num_date_confidence": [
        1989.1027397260275,
        1989.1027397260275
      ],
      "numdate": 1989.1027397260275,
      "raw_date": "1989-02-07"
    },
    "229E/human/USA/932_72/1993": {
      "branch_length": 0.0,
      "clock_length": 0.0,
      "date": "1993-02-22",
      "mutation_length": 7.424765953215983e-18,
      "num_date_confidence": [
        1993.1438356164383,
        1993.1438356164383
      ],
      "numdate": 1993.1438356164383,
      "raw_date": "1993-02-22"
    },
    "229E/human/USA/933_40/1993": {
      "branch_length": 0.0007827673832230368,
      "clock_length": 0.0007827673832230368,
      "date": "1993-03-11",
      "mutation_length": 0.0008561040801547989,
      "num_date_confidence": [
        1993.190410958904,
        1993.190410958904
      ],
      "numdate": 1993.190410958904,
      "raw_date": "1993-03-11"
    },
    "229E/human/USA/933_50/1993": {
      "branch_length": 0.0015629314691683518,
      "clock_length": 0.0015629314691683518,
      "date": "1993-03-18",
      "mutation_length": 0.0008564217422123705,
      "num_date_confidence": [
        1993.2095890410958,
        1993.2095890410958
      ],
      "numdate": 1993.2095890410958,
      "raw_date": "1993-03-18"
    },
    "229E/human/USA/953_49/1995": {
      "branch_length": 0.0011047501972543967,
      "clock_length": 0.0011047501972543967,
      "date": "1995-03-23",
      "mutation_length": 0.0008559467154506833,
      "num_date_confidence": [
        1995.2232876712328,
        1995.2232876712328
      ],
      "numdate": 1995.2232876712328,
      "raw_date": "1995-03-23"
    },
    "432A_2007": {
      "branch_length": 0.0005166927453917483,
      "clock_length": 0.0005166927453917483,
      "date": "2007-12-31",
      "mutation_length": 0.0008560974666750662,
      "num_date_confidence": [
        2007.1486077963766,
        2007.9986301369863
      ],
      "numdate": 2007.9986301369863,
      "raw_date": "2007-XX-XX"
    },
    "452_Yamagata_2008": {
      "branch_length": 0.000454895630527849,
      "clock_length": 0.000454895630527849,
      "date": "2008-12-31",
      "mutation_length": 0.0008587089908779947,
      "num_date_confidence": [
        2008.1351039544625,
        2008.9986338797814
      ],
      "numdate": 2008.9986338797814,
      "raw_date": "2008-XX-XX"
    },
    "756_Yamagata_2010": {
      "branch_length": 0.00025330616013243164,
      "clock_length": 0.00025330616013243164,
      "date": "2010-03-26",
      "mutation_length": 7.402213057432693e-18,
      "num_date_confidence": [
        2010.0013698630137,
        2010.9986301369863
      ],
      "numdate": 2010.2320235952238,
      "raw_date": "2010-XX-XX"
    },
    "775_Yamagata_2010": {
      "branch_length": 9.064124221638175e-05,
      "clock_length": 9.064124221638175e-05,
      "date": "2010-06-10",
      "mutation_length": 7.415463369076472e-18,
      "num_date_confidence": [
        2010.0013698630137,
        2010.9986301369863
      ],
      "numdate": 2010.4390453237343,
      "raw_date": "2010-XX-XX"
    },
    "777_Yamagata_2010": {
      "branch_length": 0.00023082587903862275,
      "clock_length": 0.00023082587903862275,
      "date": "2010-03-05",
      "mutation_length": 0.0008598219872090795,
      "num_date_confidence": [
        2010.0013698630137,
        2010.9986301369863
      ],
      "numdate": 2010.1747886329672,
      "raw_date": "2010-XX-XX"
    },
    "882_Yamagata_2010": {
      "branch_length": 9.064124221638175e-05,
      "clock_length": 9.064124221638175e-05,
      "date": "2010-06-10",
      "mutation_length": 7.415463369076472e-18,
      "num_date_confidence": [
        2010.0013698630137,
        2010.9986301369863
      ],
      "numdate": 2010.4390453237343,
      "raw_date": "2010-XX-XX"
    },
    "HCoV_229E/BN1/GER/2015": {
      "branch_length": 0.0019071628049321838,
      "clock_length": 0.0019071628049321838,
      "date": "2015-01-01",
      "mutation_length": 0.002571478508411792,
      "num_date_confidence": [
        2015.0013698630137,
        2015.8760574197886
      ],
      "numdate": 2015.0013698630137,
      "raw_date": "2015-XX-XX"
    },
    "HCoV_229E/Seattle/USA/SC0865/2019": {
      "branch_length": 0.0015399121385210094,
      "clock_length": 0.0015399121385210094,
      "date": "2019-12-31",
      "mutation_length": 0.0017120319476546407,
      "num_date_confidence": [
        2019.1051059027452,
        2019.9986301369863
      ],
      "numdate": 2019.9986301369863,
      "raw_date": "2019-XX-XX"
    },
    "HCoV_229E/Seattle/USA/SC1073/2016": {
      "branch_length": 0.000524496571408664,
      "clock_length": 0.000524496571408664,
      "date": "2016-01-01",
      "mutation_length": 0.0008553122130652683,
      "num_date_confidence": [
        2016.0013661202186,
        2016.9986338797814
      ],
      "numdate": 2016.0013661202186,
      "raw_date": "2016-XX-XX"
    },
    "HCoV_229E/Seattle/USA/SC1143/2016": {
      "branch_length": 7.854832605798607e-05,
      "clock_length": 7.854832605798607e-05,
      "date": "2016-04-12",
      "mutation_length": 7.369102375186258e-18,
      "num_date_confidence": [
        2016.0013661202186,
        2016.9986338797814
      ],
      "numdate": 2016.2794535676437,
      "raw_date": "2016-XX-XX"
    },
    "HCoV_229E/Seattle/USA/SC1212/2016": {
      "branch_length": 7.854832605798607e-05,
      "clock_length": 7.854832605798607e-05,
      "date": "2016-04-12",
      "mutation_length": 7.369102375186258e-18,
      "num_date_confidence": [
        2016.0013661202186,
        2016.9986338797814
      ],
      "numdate": 2016.2794535676437,
      "raw_date": "2016-XX-XX"
    },
    "HCoV_229E/Seattle/USA/SC2282/2017": {
      "branch_length": 3.286164420807677e-05,
      "clock_length": 3.286164420807677e-05,
      "date": "2016-01-01",
      "mutation_length": 7.570298475407004e-18,
      "num_date_confidence": [
        2016.0013661202186,
        2016.86257715626
      ],
      "numdate": 2016.0013661202186,
      "raw_date": "2016-XX-XX"
    },
    "HCoV_229E/Seattle/USA/SC2872/2015": {
      "branch_length": 0.0010037983793815017,
      "clock_length": 0.0010037983793815017,
      "date": "2015-11-02",
      "mutation_length": 0.0025684562583869895,
      "num_date_confidence": [
        2015.0013698630137,
        2015.9986301369863
      ],
      "numdate": 2015.8377300983072,
      "raw_date": "2015-XX-XX"
    },
    "HCoV_229E/Seattle/USA/SC3112/2015": {
      "branch_length": 0.00034804426784337513,
      "clock_length": 0.00034804426784337513,
      "date": "2015-12-31",
      "mutation_length": 7.519040406595156e-18,
      "num_date_confidence": [
        2015.1494085218715,
        2015.9986301369863
      ],
      "numdate": 2015.9986301369863,
      "raw_date": "2015-XX-XX"
    },
    "HCoV_229E/Seattle/USA/SC379/2016": {
      "branch_length": 7.080677891171472e-05,
      "clock_length": 7.080677891171472e-05,
      "date": "2016-04-05",
      "mutation_length": 7.519040406595156e-18,
      "num_date_confidence": [
        2016.0013661202186,
        2016.9986338797814
      ],
      "numdate": 2016.2597435312402,
      "raw_date": "2016-XX-XX"
    },
    "HCoV_229E/Seattle/USA/SC399/2016": {
      "branch_length": 4.2187833155386866e-05,
      "clock_length": 4.2187833155386866e-05,
      "date": "2016-01-01",
      "mutation_length": 7.519040406595156e-18,
      "num_date_confidence": [
        2016.0013661202186,
        2016.8734911081822
      ],
      "numdate": 2016.0013661202186,
      "raw_date": "2016-XX-XX"
    },
    "HCoV_229E/Seattle/USA/SC579/2016": {
      "branch_length": 0.0005463744439184357,
      "clock_length": 0.0005463744439184357,
      "date": "2016-07-03",
      "mutation_length": 0.0008552902624946599,
      "num_date_confidence": [
        2016.0013661202186,
        2016.9986338797814
      ],
      "numdate": 2016.5035802350133,
      "raw_date": "2016-XX-XX"
    },
    "HCoV_229E/Seattle/USA/SC677/2016": {
      "branch_length": 7.080677891171472e-05,
      "clock_length": 7.080677891171472e-05,
      "date": "2016-04-05",
      "mutation_length": 7.519040406595156e-18,
      "num_date_confidence": [
        2016.0013661202186,
        2016.9986338797814
      ],
      "numdate": 2016.2597435312402,
      "raw_date": "2016-XX-XX"
    },
    "HCoV_229E/Seattle/USA/SC9724/2018": {
      "branch_length": 0.0008442225033252231,
      "clock_length": 0.0008442225033252231,
      "date": "2018-03-25",
      "mutation_length": 0.0008572786677552198,
      "num_date_confidence": [
        2018.0013698630137,
        2018.9986301369863
      ],
      "numdate": 2018.227399170321,
      "raw_date": "2018-XX-XX"
    },
    "HCoV_229E/Seattle/USA/SC9731/2016": {
      "branch_length": 0.0004338865200572701,
      "clock_length": 0.0004338865200572701,
      "date": "2016-12-31",
      "mutation_length": 0.0017126168205183854,
      "num_date_confidence": [
        2016.1787657338534,
        2016.9986338797814
      ],
      "numdate": 2016.9986338797814,
      "raw_date": "2016-XX-XX"
    },
    "HCoV_229E/Seattle/USA/SC9773/2016": {
      "branch_length": 4.2187833155386866e-05,
      "clock_length": 4.2187833155386866e-05,
      "date": "2016-01-01",
      "mutation_length": 7.56102098592721e-18,
      "num_date_confidence": [
        2016.0013661202186,
        2016.8655257180176
      ],
      "numdate": 2016.0013661202186,
      "raw_date": "2016-XX-XX"
    },
    "J0304": {
      "branch_length": 0.0004559702476797404,
      "clock_length": 0.0004559702476797404,
      "date": "2009-01-01",
      "mutation_length": 0.0008547051135125498,
      "num_date_confidence": [
        2009.0013698630137,
        2009.960142415695
      ],
      "numdate": 2009.0013698630137,
      "raw_date": "2009-XX-XX"
    },
    "N08_434B": {
      "branch_length": 0.005063197284373128,
      "clock_length": 0.005063197284373128,
      "date": "2016-01-01",
      "mutation_length": 0.0017167429896398879,
      "num_date_confidence": [
        2016.0013661202186,
        2016.8791140989633
      ],
      "numdate": 2016.0013661202186,
      "raw_date": "2016-XX-XX"
    },
    "NODE_0000000": {
      "branch_length": 0.001,
      "clock_length": 0.001,
      "date": "1981-10-30",
      "mutation_length": 0.001,
      "num_date_confidence": [
        1951.1253957179304,
        1989.0167351806808
      ],
      "numdate": 1981.8290530251838
    },
    "NODE_0000003": {
      "branch_length": 0.0010258821666589604,
      "clock_length": 0.0010258821666589604,
      "date": "2015-11-23",
      "mutation_length": 0.001711910547978129,
      "num_date_confidence": [
        2014.6620816891002,
        2016.196958258974
      ],
      "numdate": 2015.893955584369
    },
    "NODE_0000004": {
      "branch_length": 0.0004764739005440836,
      "clock_length": 0.0004764739005440836,
      "date": "1992-05-30",
      "mutation_length": 7.424765953215983e-18,
      "num_date_confidence": [
        1991.003656803401,
        1993.1234675571538
      ],
      "numdate": 1992.410585482194
    },
    "NODE_0000005": {
      "branch_length": 0.0012318631690426073,
      "clock_length": 0.0012318631690426073,
      "date": "2013-04-13",
      "mutation_length": 0.001712037142574856,
      "num_date_confidence": [
        2012.057585116571,
        2015.632358241169
      ],
      "numdate": 2013.2820519856834
    },
    "NODE_0000006": {
      "branch_length": 0.00028800000000000006,
      "clock_length": 0.00028800000000000006,
      "date": "1993-02-22",
      "mutation_length": 7.424765953215983e-18,
      "num_date_confidence": [
        1992.0631259386435,
        1993.1438356164383
      ],
      "numdate": 1993.1438356164383
    },
    "NODE_0000007": {
      "branch_length": 0.0012315525083522886,
      "clock_length": 0.0012315525083522886,
      "date": "2013-04-13",
      "mutation_length": 0.0008556292690564284,
      "num_date_confidence": [
        2010.3371155015423,
        2015.9992907412375
      ],
      "numdate": 2013.2812610412636
    },
    "NODE_0000008": {
      "branch_length": 0.0010355190162965892,
      "clock_length": 0.0010355190162965892,
      "date": "2015-12-01",
      "mutation_length": 0.0017136897602598625,
      "num_date_confidence": [
        2014.561263380856,
        2016.0947393223946
      ],
      "numdate": 2015.9177001305413
    },
    "NODE_0000010": {
      "branch_length": 0.0010261928273492791,
      "clock_length": 0.0010261928273492791,
      "date": "2015-11-23",
      "mutation_length": 0.001712440705862589,
      "num_date_confidence": [
        2014.3569739925774,
        2016.2293611301498
      ],
      "numdate": 2015.893955584369
    },
    "NODE_0000011": {
      "branch_length": 0.0010984812407888562,
      "clock_length": 0.0010984812407888562,
      "date": "2016-01-29",
      "mutation_length": 0.0017122086979494977,
      "num_date_confidence": [
        2014.5876484858884,
        2016.9722225821495
      ],
      "numdate": 2016.0780024206845
    },
    "NODE_0000013": {
      "branch_length": 0.002330609759533585,
      "clock_length": 0.002330609759533585,
      "date": "2016-01-30",
      "mutation_length": 0.005148381032377429,
      "num_date_confidence": [
        2015.0740156160894,
        2016.4485396113018
      ],
      "numdate": 2016.0794689474124
    },
    "NODE_0000019": {
      "branch_length": 7.286442383201718e-05,
      "clock_length": 7.286442383201718e-05,
      "date": "2016-01-30",
      "mutation_length": 7.519040406595156e-18,
      "num_date_confidence": [
        2015.4722161078307,
        2016.4917736576115
      ],
      "numdate": 2016.0794689474124
    },
    "NODE_0000020": {
      "branch_length": 0.0005435734284056832,
      "clock_length": 0.0005435734284056832,
      "date": "2014-09-01",
      "mutation_length": 7.519040406595156e-18,
      "num_date_confidence": [
        2013.061789328103,
        2015.956856463571
      ],
      "numdate": 2014.6659939625933
    },
    "NODE_0000021": {
      "branch_length": 0.00017537768641339747,
      "clock_length": 0.00017537768641339747,
      "date": "2015-02-11",
      "mutation_length": 7.519040406595156e-18,
      "num_date_confidence": [
        2014.126029266291,
        2015.9884451100838
      ],
      "numdate": 2015.1125068518506
    },
    "NODE_0000032": {
      "branch_length": 0.0002194082357299832,
      "clock_length": 0.0002194082357299832,
      "date": "2010-02-23",
      "mutation_length": 0.0017125233872158064,
      "num_date_confidence": [
        2009.7327837508487,
        2010.3525306644922
      ],
      "numdate": 2010.1457192284922
    },
    "NODE_0000034": {
      "branch_length": 0.001140600629870884,
      "clock_length": 0.001140600629870884,
      "date": "2009-08-03",
      "mutation_length": 0.0008559186901200765,
      "num_date_confidence": [
        2008.0748788154785,
        2010.1066356068952
      ],
      "numdate": 2009.5871042343836
    },
    "NODE_0000038": {
      "branch_length": 0.00024397722189873228,
      "clock_length": 0.00024397722189873228,
      "date": "2010-03-18",
      "mutation_length": 0.0008560756353580212,
      "num_date_confidence": [
        2009.629468715387,
        2010.5915940294253
      ],
      "numdate": 2010.2082720493481
    },
    "NODE_0000039": {
      "branch_length": 0.0014032552499153063,
      "clock_length": 0.0014032552499153063,
      "date": "2006-09-07",
      "mutation_length": 0.002570278316142927,
      "num_date_confidence": [
        2005.1514051280892,
        2007.988436391562
      ],
      "numdate": 2006.683126578231
    },
    "NODE_0000041": {
      "branch_length": 0.003914596892062387,
      "clock_length": 0.003914596892062387,
      "date": "2003-02-10",
      "mutation_length": 0.0017127165323338872,
      "num_date_confidence": [
        1997.7211138330106,
        2006.7760755334766
      ],
      "numdate": 2003.1104283130248
    },
    "NODE_0000042": {
      "branch_length": 0.00185782566883298,
      "clock_length": 0.00185782566883298,
      "date": "2007-11-03",
      "mutation_length": 0.0025696631811300903,
      "num_date_confidence": [
        2005.831362424841,
        2008.560235604474
      ],
      "numdate": 2007.8404662334215
    },
    "NODE_0000044": {
      "branch_length": 0.0007726314754304721,
      "clock_length": 0.0007726314754304721,
      "date": "1991-03-14",
      "mutation_length": 0.0008565254822311311,
      "num_date_confidence": [
        1989.3750432766094,
        1993.1030928807027
      ],
      "numdate": 1991.1974794004655
    },
    "NODE_0000046": {
      "branch_length": 0.0010846631584342792,
      "clock_length": 0.0010846631584342792,
      "date": "1989-03-26",
      "mutation_length": 0.0008564685126268467,
      "num_date_confidence": [
        1985.4252376156232,
        1992.152320838764
      ],
      "numdate": 1989.2303539383795
    },
    "NODE_0000047": {
      "branch_length": 0.00182235937514808,
      "clock_length": 0.00182235937514808,
      "date": "1986-06-21",
      "mutation_length": 0.0017136674658312023,
      "num_date_confidence": [
        1975.7376159910061,
        1988.2765508885147
      ],
      "numdate": 1986.4687934990332
    },
    "V349": {
      "branch_length": 0.00039766362248350564,
      "clock_length": 0.00039766362248350564,
      "date": "2010-08-07",
      "mutation_length": 0.0008559187572276224,
      "num_date_confidence": [
        2010.0013698630137,
        2010.9986301369863
      ],
      "numdate": 2010.5995587641407,
      "raw_date": "2010-XX-XX"
    }
  }
}