{
  "title": "Genomic epidemiology of the 2013-2016 West African Ebola epidemic",
  "maintainers": [
    {"name": "Trevor Bedford", "url": "http://bedford.io/team/trevor-bedford/"}
  ],
  "build_url": "https://github.com/nextstrain/ebola",
  "colorings": [
    {
      "key": "gt",
      "title": "Genotype",
      "type": "categorical"
    },
    {
      "key": "num_date",
      "title": "Date",
      "type": "continuous"
    },
    {
      "key": "author",
      "title": "Author",
      "type":"categorical"
    },
    {
      "key": "country",
      "title": "Country",
      "type": "categorical"
    },
    {
      "key": "division",
      "title": "Division",
      "type": "categorical"
    }
  ],
  "geo_resolutions": [
    "country",
    "division"
  ],
  "display_defaults": {
    "color_by": "division",
    "geo_resolution": "division"
  },
  "filters": [
    "country",
    "division",
    "author"
  ]
}
